order_id,customer_id,delivery_pincode,_true_risk_affinity,_true_pincode_base_rate,is_returned
ORD504133,CUST101875,560024,0.20866604375382167,0.08499988471741125,0
ORD503820,CUST100297,560059,0.46818673352621776,0.06343485879816538,0
ORD503580,CUST101215,560060,0.04373699234051615,0.148778104232636,0
ORD504992,CUST100835,560062,0.33694071508209505,0.36167936673581547,1
ORD502203,CUST100898,560038,0.3575549854513887,0.4922123466288645,0
ORD501555,CUST101237,560030,0.39578552080530405,0.07698134180032012,0
ORD505516,CUST100360,560065,0.5777434668907969,0.12481245587380058,1
ORD500405,CUST100047,560046,0.5115239173587337,0.30307755392063607,1
ORD500494,CUST100103,560116,0.22105476487542694,0.21263077921125112,0
ORD501858,CUST101916,560065,0.24230976527158388,0.12481245587380058,0
ORD507267,CUST101509,560015,0.06243964797763099,0.2930958901877522,0
ORD504603,CUST101969,560052,0.3615433730343218,0.10086571587923499,0
ORD504411,CUST101892,560092,0.22566982488398443,0.4652541447815074,0
ORD502225,CUST101521,560076,0.3852828551120699,0.1112464586243946,0
ORD502584,CUST101543,560102,0.4487444125680534,0.3116574064541478,0
ORD506807,CUST100274,560104,0.11488476521704623,0.1241972485306535,0
ORD506962,CUST101541,560067,0.14437126701762237,0.2626412720928802,1
ORD502304,CUST100222,560027,0.3666490656306323,0.3964081708913591,1
ORD502961,CUST100119,560099,0.3007027884503935,0.15847855826528787,0
ORD503598,CUST100872,560082,0.3932300760602047,0.4036521734896382,1
ORD505453,CUST100102,560014,0.14594410347412967,0.32405610103166854,0
ORD502107,CUST101062,560078,0.41201621260086296,0.14596790446960203,1
ORD504306,CUST101160,560067,0.15017886247881426,0.2626412720928802,0
ORD505513,CUST101390,560020,0.08909689827440144,0.2587614293950907,0
ORD502111,CUST101209,560009,0.01997628607250876,0.26522522319557623,0
ORD505128,CUST100962,560026,0.26922230243613665,0.06415183632714254,0
ORD507129,CUST100390,560014,0.35614412579298554,0.32405610103166854,1
ORD501599,CUST101028,560034,0.39237675038966574,0.2969408870047299,0
ORD500861,CUST100182,560101,0.18723773115835693,0.2210289590416924,0
ORD501657,CUST100742,560119,0.1631917746791551,0.23009324809977014,0
ORD507720,CUST101639,560056,0.16882341312566285,0.1311151942786954,0
ORD500696,CUST101026,560044,0.17601086434245247,0.24271947144386585,0
ORD501374,CUST101458,560047,0.0894720664531702,0.2140654816693931,0
ORD504588,CUST100541,560040,0.16757657415686808,0.13792726590918689,0
ORD505488,CUST101974,560077,0.34912978504838177,0.48289222403515625,1
ORD507959,CUST101312,560055,0.2806836874022699,0.24304583988795897,0
ORD505765,CUST101441,560093,0.1714778898070714,0.1005035939480502,0
ORD505697,CUST101405,560058,0.10805585097920675,0.20486674986456038,0
ORD505584,CUST100398,560004,0.11565315745837781,0.19762853761721605,0
ORD501693,CUST101693,560035,0.21089802743849947,0.44644714587366313,0
ORD507151,CUST100742,560094,0.1631917746791551,0.3010387326878104,0
ORD503667,CUST101752,560009,0.16591709371485674,0.26522522319557623,1
ORD506569,CUST101921,560110,0.25497745155204904,0.4429461963712056,0
ORD500974,CUST100194,560057,0.36187966998918064,0.06751530873316719,0
ORD500530,CUST100089,560101,0.2779937156072131,0.2210289590416924,1
ORD507186,CUST101929,560074,0.32197007802918726,0.07273808090514074,0
ORD504515,CUST100474,560079,0.40080141861945334,0.17876544501708239,0
ORD504707,CUST100684,560117,0.44186887226166205,0.07519208933625972,1
ORD503251,CUST100440,560022,0.3049431715733594,0.12028576980936151,0
ORD501242,CUST101035,560027,0.15300387400549803,0.3964081708913591,0
ORD505532,CUST101968,560065,0.11744459089058115,0.12481245587380058,1
ORD506460,CUST100772,560014,0.11715758970115171,0.32405610103166854,0
ORD503516,CUST101804,560100,0.23198383898700856,0.3742111996543805,0
ORD506725,CUST100455,560100,0.28099909876364537,0.3742111996543805,1
ORD504197,CUST100047,560095,0.5115239173587337,0.1770255930012656,1
ORD504633,CUST100101,560006,0.28803227133965226,0.0359397910518748,0
ORD505657,CUST100541,560072,0.16757657415686808,0.0983469859236676,1
ORD501825,CUST101884,560049,0.47645555276211093,0.10008282781565703,0
ORD505433,CUST100151,560111,0.14720873128711998,0.1318273625407665,1
ORD500201,CUST101833,560006,0.15774023097194656,0.0359397910518748,0
ORD506087,CUST101106,560053,0.1941016350133047,0.2746954160023574,0
ORD507132,CUST101819,560074,0.1665935345577435,0.07273808090514074,0
ORD500496,CUST101467,560003,0.16625647957893838,0.21762362723276713,0
ORD504012,CUST100380,560108,0.1720539793002365,0.3345971676330574,0
ORD504377,CUST101061,560052,0.2549543426849578,0.10086571587923499,0
ORD500087,CUST101265,560114,0.12254366674898377,0.11153289416689233,0
ORD506256,CUST100532,560034,0.11716756530475335,0.2969408870047299,0
ORD500772,CUST100534,560092,0.6645072620284929,0.4652541447815074,1
ORD501529,CUST100343,560069,0.32801543383093573,0.11654125384957931,0
ORD501367,CUST101258,560097,0.08993275694608767,0.2209193286304174,0
ORD500872,CUST100152,560111,0.2072500016580332,0.1318273625407665,0
ORD503999,CUST101007,560053,0.3070825401363213,0.2746954160023574,0
ORD507461,CUST100207,560015,0.30789316130355804,0.2930958901877522,0
ORD502661,CUST100414,560053,0.22490754943212576,0.2746954160023574,1
ORD500517,CUST100089,560056,0.2779937156072131,0.1311151942786954,0
ORD501856,CUST101239,560058,0.37912574798973386,0.20486674986456038,0
ORD506145,CUST100551,560095,0.5069207836417344,0.1770255930012656,0
ORD507495,CUST101480,560027,0.31237461897038005,0.3964081708913591,0
ORD500511,CUST101058,560097,0.0942455998445827,0.2209193286304174,0
ORD506678,CUST100231,560079,0.45454338905514596,0.17876544501708239,1
ORD501291,CUST101019,560088,0.6232471313126572,0.14077625183446615,1
ORD507748,CUST101731,560092,0.10231308702415857,0.4652541447815074,0
ORD503319,CUST100742,560116,0.1631917746791551,0.21263077921125112,0
ORD502921,CUST100243,560064,0.14258967185168278,0.4107390138477389,0
ORD504631,CUST100569,560073,0.24797209991031588,0.40608187581223554,1
ORD501544,CUST101916,560010,0.24230976527158388,0.26331848167006455,0
ORD504365,CUST100046,560071,0.3900564499123696,0.2846659660343278,1
ORD500001,CUST100747,560038,0.06106742004116383,0.4922123466288645,0
ORD505151,CUST100204,560004,0.23310699843617838,0.19762853761721605,0
ORD502412,CUST101463,560014,0.31218816463367893,0.32405610103166854,1
ORD504381,CUST100837,560055,0.004945139284766755,0.24304583988795897,0
ORD505499,CUST100988,560069,0.13672265930414002,0.11654125384957931,0
ORD500547,CUST100550,560080,0.24986565117884016,0.35705055052060225,1
ORD501777,CUST101477,560084,0.1869156754887675,0.3632584085729479,0
ORD507595,CUST101959,560052,0.23676533290086588,0.10086571587923499,0
ORD503724,CUST101273,560021,0.2185557515336479,0.07930465192162388,0
ORD500071,CUST101875,560065,0.20866604375382167,0.12481245587380058,0
ORD506781,CUST101637,560073,0.24806500572124585,0.40608187581223554,1
ORD501065,CUST101467,560005,0.16625647957893838,0.3717167319646953,0
ORD506515,CUST100403,560045,0.20115272590154482,0.2009380398079108,0
ORD507731,CUST100835,560075,0.33694071508209505,0.04994448821558866,0
ORD504155,CUST101669,560119,0.460372672724603,0.23009324809977014,1
ORD506982,CUST101390,560042,0.08909689827440144,0.20272897456368089,1
ORD501231,CUST100663,560023,0.24008664330811114,0.028472335602004763,0
ORD501082,CUST101561,560017,0.09845495808053623,0.14572183941573405,0
ORD500188,CUST101117,560067,0.1403338536758354,0.2626412720928802,1
ORD502042,CUST100203,560042,0.18766250228601905,0.20272897456368089,0
ORD504096,CUST101777,560085,0.26223243156670895,0.24590610537959195,0
ORD502149,CUST100465,560075,0.06840185073953457,0.04994448821558866,0
ORD505837,CUST100632,560014,0.04287065580036544,0.32405610103166854,0
ORD506003,CUST101261,560113,0.1063774454507707,0.05073967111486112,0
ORD504902,CUST100059,560066,0.04047509547806022,0.44863880467564937,1
ORD507150,CUST101684,560079,0.10106250269992674,0.17876544501708239,0
ORD500062,CUST100206,560002,0.17068626302318904,0.06816617099651445,0
ORD502233,CUST100774,560022,0.22369831123924852,0.12028576980936151,0
ORD504955,CUST101563,560087,0.137710686372486,0.2319307941510612,0
ORD506972,CUST101904,560019,0.3984682555788554,0.048751952975078075,1
ORD506514,CUST101990,560067,0.25756979532098145,0.2626412720928802,1
ORD503490,CUST101541,560105,0.14437126701762237,0.2610606417315302,0
ORD500212,CUST100759,560008,0.14931459557255047,0.3291430834854005,0
ORD502075,CUST100524,560019,0.15250618963621082,0.048751952975078075,0
ORD502744,CUST100523,560106,0.32711616961778794,0.19267676572383044,1
ORD505625,CUST100918,560013,0.3490767652545195,0.18703349260237212,0
ORD503970,CUST101061,560040,0.2549543426849578,0.13792726590918689,0
ORD501213,CUST100891,560077,0.2817392455595164,0.48289222403515625,0
ORD501685,CUST100014,560025,0.23564858214539242,0.12731929297945457,0
ORD500461,CUST100194,560063,0.36187966998918064,0.19220896367361404,0
ORD502852,CUST100068,560050,0.14171274321107463,0.39804978962446785,0
ORD501632,CUST101786,560021,0.24032215738837232,0.07930465192162388,0
ORD504687,CUST100773,560086,0.11196771943925697,0.007482278722774853,0
ORD506060,CUST100872,560053,0.3932300760602047,0.2746954160023574,1
ORD506813,CUST100271,560109,0.13977477266415714,0.5252484997618413,0
ORD501887,CUST101161,560106,0.16621613591190618,0.19267676572383044,0
ORD505405,CUST101993,560004,0.2462361788239545,0.19762853761721605,0
ORD502787,CUST100204,560081,0.23310699843617838,0.1954421444622332,0
ORD503514,CUST101405,560016,0.10805585097920675,0.21649401012539535,0
ORD505322,CUST101013,560078,0.12990699426254682,0.14596790446960203,0
ORD506496,CUST101034,560108,0.027652087411864836,0.3345971676330574,0
ORD503002,CUST101087,560005,0.14969822486595233,0.3717167319646953,0
ORD507886,CUST100774,560102,0.22369831123924852,0.3116574064541478,0
ORD502747,CUST101730,560044,0.20257060460374818,0.24271947144386585,0
ORD502645,CUST100045,560098,0.14992661347758604,0.20695366556821226,0
ORD503264,CUST101330,560080,0.39167286645505683,0.35705055052060225,1
ORD503434,CUST101207,560011,0.5611873074821642,0.26287102465088363,1
ORD504362,CUST101239,560073,0.37912574798973386,0.40608187581223554,0
ORD501655,CUST100103,560070,0.22105476487542694,0.20224062701049086,0
ORD506235,CUST100177,560099,0.07820534188507672,0.15847855826528787,0
ORD502896,CUST101488,560110,0.04641629345391304,0.4429461963712056,0
ORD507039,CUST100572,560031,0.19283338499564623,0.1918817018934806,1
ORD501329,CUST101932,560092,0.14067576683333718,0.4652541447815074,0
ORD500837,CUST100131,560080,0.46001324343588723,0.35705055052060225,0
ORD502934,CUST100410,560115,0.34134778732339127,0.23129979364443987,1
ORD504386,CUST100980,560050,0.22141041762290936,0.39804978962446785,1
ORD504511,CUST100240,560097,0.16482652189748134,0.2209193286304174,0
ORD506810,CUST101084,560004,0.1018175796945336,0.19762853761721605,0
ORD505626,CUST100617,560118,0.4600954461872477,0.21889163644714124,0
ORD505068,CUST101633,560106,0.5594111463404374,0.19267676572383044,0
ORD504907,CUST100296,560082,0.2216976101384966,0.4036521734896382,0
ORD506583,CUST101417,560064,0.3312490089029119,0.4107390138477389,0
ORD500798,CUST100989,560051,0.05355460713855942,0.06321104945248114,0
ORD502409,CUST100306,560014,0.3016559281489719,0.32405610103166854,0
ORD501597,CUST100975,560093,0.24375656389178965,0.1005035939480502,0
ORD503327,CUST101183,560072,0.5778690550660062,0.0983469859236676,1
ORD506987,CUST101372,560048,0.6044293074191073,0.48509059761807705,0
ORD501379,CUST101429,560076,0.06293286811999019,0.1112464586243946,0
ORD501976,CUST100307,560095,0.2923331864352393,0.1770255930012656,0
ORD503652,CUST101335,560063,0.2437877142910798,0.19220896367361404,0
ORD507222,CUST101011,560043,0.28896455871257465,0.10924789759182774,0
ORD504258,CUST101154,560080,0.08618414001595866,0.35705055052060225,0
ORD504879,CUST100404,560097,0.06133481491675551,0.2209193286304174,0
ORD504776,CUST100324,560043,0.372235180820969,0.10924789759182774,0
ORD507686,CUST101298,560048,0.23476857957985725,0.48509059761807705,1
ORD504494,CUST100515,560029,0.1354858514772503,0.13120234612701753,0
ORD501029,CUST101495,560068,0.14408399009348308,0.12357375658063682,0
ORD502985,CUST101479,560013,0.29635193170568336,0.18703349260237212,0
ORD502639,CUST101467,560117,0.16625647957893838,0.07519208933625972,0
ORD500737,CUST100045,560079,0.14992661347758604,0.17876544501708239,0
ORD501559,CUST100064,560018,0.1683531119228636,0.15888837338663903,0
ORD501528,CUST101013,560079,0.12990699426254682,0.17876544501708239,0
ORD500483,CUST101265,560084,0.12254366674898377,0.3632584085729479,0
ORD502127,CUST101754,560072,0.29613475476055007,0.0983469859236676,0
ORD501074,CUST101869,560070,0.15014274497728494,0.20224062701049086,0
ORD506595,CUST101659,560058,0.35999575520451765,0.20486674986456038,0
ORD505866,CUST101228,560004,0.6024628659946172,0.19762853761721605,0
ORD500946,CUST101666,560010,0.22460217308535657,0.26331848167006455,0
ORD507733,CUST101511,560030,0.28057291959922925,0.07698134180032012,1
ORD504049,CUST101765,560030,0.16722270690239616,0.07698134180032012,0
ORD505493,CUST101696,560071,0.050494979618445665,0.2846659660343278,0
ORD507472,CUST100318,560116,0.2709409123393363,0.21263077921125112,0
ORD502576,CUST100355,560037,0.08621449582989908,0.20052614877754213,0
ORD505012,CUST100094,560101,0.3378139318232394,0.2210289590416924,1
ORD503426,CUST100206,560079,0.17068626302318904,0.17876544501708239,0
ORD501410,CUST100395,560110,0.26234867347983615,0.4429461963712056,0
ORD506192,CUST101780,560095,0.37962305713471345,0.1770255930012656,0
ORD500950,CUST101182,560041,0.2858027617189823,0.1311386209542706,0
ORD501811,CUST100766,560018,0.4266016702389298,0.15888837338663903,0
ORD501802,CUST100633,560093,0.22490603406589493,0.1005035939480502,0
ORD507261,CUST100610,560071,0.34213038061806744,0.2846659660343278,0
ORD505108,CUST100604,560028,0.37339241588022004,0.033656118245986556,0
ORD507756,CUST100651,560005,0.22367316697863052,0.3717167319646953,0
ORD507808,CUST100255,560032,0.10073875282927403,0.2652671681157216,0
ORD501311,CUST101392,560054,0.4306838512451184,0.10632638057233394,0
ORD503131,CUST101811,560114,0.1925519667542777,0.11153289416689233,0
ORD505042,CUST100037,560111,0.36643236650295463,0.1318273625407665,0
ORD502506,CUST100570,560053,0.20370978877684995,0.2746954160023574,0
ORD500877,CUST100297,560083,0.46818673352621776,0.09761538384380626,0
ORD502155,CUST100236,560023,0.3408921063238981,0.028472335602004763,0
ORD506184,CUST101620,560035,0.2229674740875284,0.44644714587366313,0
ORD500124,CUST100571,560003,0.20459557629689876,0.21762362723276713,0
ORD504944,CUST100048,560100,0.07638737713356161,0.3742111996543805,0
ORD503921,CUST100504,560112,0.13254072284680365,0.10046769389686781,0
ORD501016,CUST101300,560069,0.25477385091470894,0.11654125384957931,0
ORD507087,CUST101783,560108,0.13443385430935925,0.3345971676330574,1
ORD504389,CUST100374,560097,0.32003705418313455,0.2209193286304174,0
ORD502933,CUST101850,560074,0.233641088810736,0.07273808090514074,0
ORD504443,CUST101592,560105,0.06097123207784671,0.2610606417315302,0
ORD501836,CUST101196,560102,0.43711783292830275,0.3116574064541478,1
ORD504317,CUST101726,560058,0.10254350426850807,0.20486674986456038,0
ORD504248,CUST101705,560045,0.4885772979702219,0.2009380398079108,0
ORD507397,CUST100356,560039,0.24733755276936278,0.08257987664945507,1
ORD505101,CUST101377,560031,0.15168052257429876,0.1918817018934806,0
ORD500272,CUST101125,560032,0.3282776363453346,0.2652671681157216,1
ORD500251,CUST101783,560102,0.13443385430935925,0.3116574064541478,1
ORD502421,CUST100057,560040,0.21714365268202862,0.13792726590918689,0
ORD503701,CUST101405,560005,0.10805585097920675,0.3717167319646953,1
ORD505810,CUST100433,560104,0.360977463801103,0.1241972485306535,1
ORD503783,CUST100573,560113,0.158432901455159,0.05073967111486112,0
ORD500183,CUST101268,560051,0.3633623231742147,0.06321104945248114,0
ORD507123,CUST101620,560040,0.2229674740875284,0.13792726590918689,0
ORD500091,CUST100876,560006,0.13027054687992426,0.0359397910518748,0
ORD506156,CUST100146,560010,0.443593609971502,0.26331848167006455,0
ORD502245,CUST101199,560006,0.3902154867000258,0.0359397910518748,0
ORD505937,CUST101834,560083,0.31670530758886617,0.09761538384380626,0
ORD505781,CUST101292,560063,0.37264010089287714,0.19220896367361404,0
ORD506092,CUST100541,560021,0.16757657415686808,0.07930465192162388,0
ORD500465,CUST100361,560053,0.3522819979765525,0.2746954160023574,1
ORD504983,CUST100037,560038,0.36643236650295463,0.4922123466288645,1
ORD502906,CUST100454,560090,0.3858310964520147,0.0937263908731933,0
ORD504858,CUST100057,560019,0.21714365268202862,0.048751952975078075,0
ORD502060,CUST101118,560048,0.20566279538085244,0.48509059761807705,1
ORD507431,CUST101579,560057,0.48168131853356183,0.06751530873316719,0
ORD500560,CUST101459,560000,0.15080042837673704,0.0499470929340503,0
ORD505267,CUST101921,560065,0.25497745155204904,0.12481245587380058,0
ORD500422,CUST100376,560048,0.11496764830095485,0.48509059761807705,0
ORD505037,CUST101671,560006,0.46523118529069846,0.0359397910518748,0
ORD501520,CUST100602,560079,0.02235684262044825,0.17876544501708239,0
ORD505939,CUST100759,560102,0.14931459557255047,0.3116574064541478,1
ORD505887,CUST101386,560098,0.31808045930326007,0.20695366556821226,1
ORD500656,CUST101730,560030,0.20257060460374818,0.07698134180032012,0
ORD505727,CUST101505,560047,0.327820315683397,0.2140654816693931,1
ORD506202,CUST101701,560106,0.3061840886816502,0.19267676572383044,0
ORD504400,CUST101496,560092,0.014481848169528367,0.4652541447815074,0
ORD506669,CUST100640,560082,0.2426758876131097,0.4036521734896382,0
ORD500407,CUST101335,560014,0.2437877142910798,0.32405610103166854,0
ORD501709,CUST101192,560036,0.05875192265508402,0.033224141114804616,0
ORD503043,CUST101974,560111,0.34912978504838177,0.1318273625407665,0
ORD507434,CUST101858,560028,0.43879665490804126,0.033656118245986556,0
ORD505736,CUST101022,560042,0.14866291869075507,0.20272897456368089,0
ORD504587,CUST100610,560097,0.34213038061806744,0.2209193286304174,1
ORD500162,CUST100322,560085,0.31722889959077977,0.24590610537959195,0
ORD506239,CUST101480,560019,0.31237461897038005,0.048751952975078075,0
ORD501853,CUST101730,560025,0.20257060460374818,0.12731929297945457,0
ORD500527,CUST100274,560117,0.11488476521704623,0.07519208933625972,0
ORD501264,CUST100146,560034,0.443593609971502,0.2969408870047299,0
ORD502022,CUST101620,560105,0.2229674740875284,0.2610606417315302,0
ORD507546,CUST101543,560024,0.4487444125680534,0.08499988471741125,0
ORD504457,CUST101487,560072,0.2604012890461884,0.0983469859236676,0
ORD502425,CUST100308,560099,0.12605441282590366,0.15847855826528787,0
ORD501542,CUST100064,560112,0.1683531119228636,0.10046769389686781,0
ORD502086,CUST101273,560051,0.2185557515336479,0.06321104945248114,0
ORD507622,CUST101185,560081,0.19832760375253347,0.1954421444622332,0
ORD506635,CUST100988,560014,0.13672265930414002,0.32405610103166854,1
ORD501805,CUST101089,560031,0.30217144256017153,0.1918817018934806,1
ORD505209,CUST100545,560105,0.43544254381347786,0.2610606417315302,1
ORD506380,CUST101930,560116,0.10390544432784944,0.21263077921125112,0
ORD502597,CUST100753,560048,0.5243767189229487,0.48509059761807705,1
ORD504540,CUST101714,560017,0.13940452811239296,0.14572183941573405,0
ORD503451,CUST101657,560049,0.1638237871995477,0.10008282781565703,0
ORD504889,CUST101227,560092,0.11503655846878144,0.4652541447815074,0
ORD502472,CUST101435,560059,0.03298639032249153,0.06343485879816538,0
ORD500995,CUST100236,560004,0.3408921063238981,0.19762853761721605,1
ORD501872,CUST101339,560103,0.22935615168350634,0.2331908497366693,0
ORD502087,CUST101657,560084,0.1638237871995477,0.3632584085729479,1
ORD504136,CUST100836,560108,0.36457848331947124,0.3345971676330574,0
ORD506841,CUST100820,560014,0.49413920814343104,0.32405610103166854,0
ORD500080,CUST100524,560035,0.15250618963621082,0.44644714587366313,1
ORD503022,CUST100906,560073,0.32608688428099614,0.40608187581223554,0
ORD505362,CUST101373,560043,0.20763196458988345,0.10924789759182774,0
ORD506388,CUST100656,560111,0.15600093316577332,0.1318273625407665,0
ORD502394,CUST100684,560118,0.44186887226166205,0.21889163644714124,0
ORD505775,CUST101516,560048,0.14480130003921363,0.48509059761807705,0
ORD507531,CUST101335,560087,0.2437877142910798,0.2319307941510612,0
ORD505381,CUST101592,560115,0.06097123207784671,0.23129979364443987,0
ORD507888,CUST100876,560061,0.13027054687992426,0.14659676401055344,0
ORD500748,CUST101908,560018,0.43661560704241464,0.15888837338663903,1
ORD502774,CUST101482,560104,0.17602747534132004,0.1241972485306535,0
ORD504873,CUST100806,560005,0.358708526272273,0.3717167319646953,1
ORD505801,CUST100224,560106,0.14508620262612762,0.19267676572383044,0
ORD504710,CUST101843,560094,0.0432952187308296,0.3010387326878104,0
ORD505491,CUST101811,560030,0.1925519667542777,0.07698134180032012,0
ORD507691,CUST101015,560098,0.27131363461829233,0.20695366556821226,0
ORD504182,CUST100948,560093,0.5927907795530653,0.1005035939480502,0
ORD504023,CUST101062,560091,0.41201621260086296,0.363756533272939,0
ORD505100,CUST101893,560032,0.5724355175123372,0.2652671681157216,0
ORD502378,CUST101087,560052,0.14969822486595233,0.10086571587923499,0
ORD505360,CUST100798,560011,0.29584822305361935,0.26287102465088363,0
ORD503746,CUST100997,560049,0.17268896478830423,0.10008282781565703,0
ORD500438,CUST100861,560019,0.3626697249106457,0.048751952975078075,1
ORD500973,CUST100103,560036,0.22105476487542694,0.033224141114804616,1
ORD503520,CUST100834,560087,0.3606103729463374,0.2319307941510612,0
ORD507669,CUST100906,560016,0.32608688428099614,0.21649401012539535,1
ORD505074,CUST100640,560025,0.2426758876131097,0.12731929297945457,0
ORD506872,CUST100057,560096,0.21714365268202862,0.13143597660081374,0
ORD506099,CUST100794,560054,0.09880204662638824,0.10632638057233394,0
ORD507967,CUST100872,560085,0.3932300760602047,0.24590610537959195,1
ORD501096,CUST100530,560054,0.48914444803003615,0.10632638057233394,1
ORD501235,CUST100626,560001,0.2434169799043869,0.4276493248809966,1
ORD505515,CUST100139,560028,0.25703386186733934,0.033656118245986556,0
ORD505131,CUST101826,560115,0.11251270016100487,0.23129979364443987,0
ORD501762,CUST101462,560116,0.3125179502823467,0.21263077921125112,0
ORD503309,CUST101876,560016,0.25977387407984437,0.21649401012539535,0
ORD503301,CUST100596,560046,0.2135570560405219,0.30307755392063607,0
ORD505961,CUST101875,560054,0.20866604375382167,0.10632638057233394,0
ORD501169,CUST101608,560069,0.17874359530435505,0.11654125384957931,0
ORD500534,CUST101918,560074,0.5175305503664878,0.07273808090514074,0
ORD502219,CUST100807,560076,0.2451703788287927,0.1112464586243946,0
ORD501668,CUST101055,560102,0.07203533156178242,0.3116574064541478,0
ORD507127,CUST101183,560010,0.5778690550660062,0.26331848167006455,1
ORD507573,CUST100635,560091,0.30707185083804733,0.363756533272939,0
ORD504962,CUST101811,560011,0.1925519667542777,0.26287102465088363,0
ORD504017,CUST101592,560019,0.06097123207784671,0.048751952975078075,1
ORD506806,CUST101227,560104,0.11503655846878144,0.1241972485306535,0
ORD500115,CUST101431,560119,0.218617277433771,0.23009324809977014,0
ORD501224,CUST101494,560047,0.2134341407978907,0.2140654816693931,0
ORD501606,CUST101587,560048,0.22811637086575837,0.48509059761807705,0
ORD506375,CUST101556,560002,0.22829920586186425,0.06816617099651445,0
ORD501168,CUST101209,560057,0.01997628607250876,0.06751530873316719,0
ORD502698,CUST100658,560119,0.2971102685881172,0.23009324809977014,0
ORD503948,CUST100447,560001,0.5866676553486984,0.4276493248809966,1
ORD504503,CUST101589,560013,0.37009554759082086,0.18703349260237212,1
ORD501350,CUST100141,560000,0.10315842761541319,0.0499470929340503,0
ORD506532,CUST100011,560035,0.2916477929418046,0.44644714587366313,0
ORD501295,CUST100308,560107,0.12605441282590366,0.4249338442310718,0
ORD500284,CUST101933,560010,0.2704109598082824,0.26331848167006455,0
ORD503625,CUST101139,560011,0.23322461400002217,0.26287102465088363,0
ORD503851,CUST100901,560029,0.18779275691082997,0.13120234612701753,0
ORD506824,CUST101747,560090,0.1511299192506436,0.0937263908731933,0
ORD503606,CUST100678,560004,0.3927228897844673,0.19762853761721605,0
ORD500764,CUST100935,560100,0.48051431524057286,0.3742111996543805,1
ORD506047,CUST101122,560112,0.031070089624300228,0.10046769389686781,0
ORD502791,CUST101183,560030,0.5778690550660062,0.07698134180032012,0
ORD502632,CUST100047,560033,0.5115239173587337,0.2000167013897961,1
ORD503100,CUST101008,560117,0.21766848354063473,0.07519208933625972,0
ORD502955,CUST100433,560048,0.360977463801103,0.48509059761807705,1
ORD501097,CUST101705,560082,0.4885772979702219,0.4036521734896382,0
ORD502656,CUST100124,560053,0.2301005659589465,0.2746954160023574,0
ORD507505,CUST100924,560083,0.16110498237076418,0.09761538384380626,0
ORD500661,CUST101967,560106,0.26408118652298557,0.19267676572383044,0
ORD505427,CUST100143,560011,0.37075169622686466,0.26287102465088363,1
ORD504303,CUST101628,560080,0.5060698046512045,0.35705055052060225,1
ORD502986,CUST101677,560087,0.3461736398572702,0.2319307941510612,0
ORD503855,CUST101826,560101,0.11251270016100487,0.2210289590416924,0
ORD504728,CUST101749,560048,0.08901478934350472,0.48509059761807705,0
ORD505039,CUST101981,560118,0.2900814919469702,0.21889163644714124,0
ORD500498,CUST100886,560097,0.2931625922073719,0.2209193286304174,0
ORD506041,CUST100062,560056,0.03745152246394023,0.1311151942786954,0
ORD502191,CUST101183,560036,0.5778690550660062,0.033224141114804616,0
ORD500403,CUST100557,560119,0.29966387224425906,0.23009324809977014,0
ORD504641,CUST101717,560086,0.4059438794550481,0.007482278722774853,0
ORD503935,CUST100918,560100,0.3490767652545195,0.3742111996543805,0
ORD505144,CUST100557,560097,0.29966387224425906,0.2209193286304174,0
ORD506289,CUST100524,560088,0.15250618963621082,0.14077625183446615,0
ORD504841,CUST100918,560119,0.3490767652545195,0.23009324809977014,0
ORD501263,CUST100696,560075,0.1273977253721659,0.04994448821558866,0
ORD502392,CUST101268,560049,0.3633623231742147,0.10008282781565703,0
ORD507802,CUST101429,560032,0.06293286811999019,0.2652671681157216,0
ORD506896,CUST101998,560045,0.055224922653398546,0.2009380398079108,0
ORD500020,CUST101858,560037,0.43879665490804126,0.20052614877754213,1
ORD505573,CUST101505,560094,0.327820315683397,0.3010387326878104,0
ORD503447,CUST100314,560068,0.4117868133302571,0.12357375658063682,0
ORD506147,CUST100515,560006,0.1354858514772503,0.0359397910518748,0
ORD506794,CUST100374,560068,0.32003705418313455,0.12357375658063682,0
ORD505589,CUST101246,560077,0.32724707914173723,0.48289222403515625,1
ORD503457,CUST101543,560086,0.4487444125680534,0.007482278722774853,1
ORD501429,CUST101989,560087,0.2402731156078704,0.2319307941510612,0
ORD503655,CUST101774,560016,0.05265299103232271,0.21649401012539535,1
ORD502194,CUST100949,560050,0.21962670394386594,0.39804978962446785,0
ORD501357,CUST100764,560057,0.19812356172535447,0.06751530873316719,0
ORD507106,CUST101481,560102,0.7211015611648152,0.3116574064541478,1
ORD504071,CUST100007,560108,0.130383422505818,0.3345971676330574,0
ORD501673,CUST101551,560104,0.2522211494965068,0.1241972485306535,0
ORD507000,CUST100928,560005,0.25199964349216575,0.3717167319646953,0
ORD506374,CUST100126,560095,0.10300308681977859,0.1770255930012656,0
ORD504152,CUST101995,560009,0.07807759993705618,0.26522522319557623,0
ORD505487,CUST100879,560093,0.10017523767782194,0.1005035939480502,0
ORD507363,CUST101265,560012,0.12254366674898377,0.08031914452505755,0
ORD500830,CUST100890,560085,0.23933857329957384,0.24590610537959195,0
ORD505119,CUST100182,560029,0.18723773115835693,0.13120234612701753,0
ORD501136,CUST101019,560018,0.6232471313126572,0.15888837338663903,0
ORD503207,CUST101576,560095,0.14138921843773977,0.1770255930012656,0
ORD507620,CUST100234,560103,0.15808045554802053,0.2331908497366693,1
ORD500426,CUST101638,560020,0.1155768135052856,0.2587614293950907,0
ORD502183,CUST101844,560104,0.1514705727177085,0.1241972485306535,0
ORD506294,CUST101122,560110,0.031070089624300228,0.4429461963712056,0
ORD506025,CUST100060,560113,0.6281196686103381,0.05073967111486112,0
ORD502171,CUST100040,560099,0.4395738617127692,0.15847855826528787,0
ORD503210,CUST101893,560086,0.5724355175123372,0.007482278722774853,1
ORD500189,CUST101834,560096,0.31670530758886617,0.13143597660081374,0
ORD502764,CUST101125,560119,0.3282776363453346,0.23009324809977014,0
ORD502690,CUST100360,560004,0.5777434668907969,0.19762853761721605,1
ORD504343,CUST101092,560082,0.08813887185973417,0.4036521734896382,0
ORD505652,CUST101666,560025,0.22460217308535657,0.12731929297945457,0
ORD505045,CUST100424,560060,0.14393935494351567,0.148778104232636,0
ORD503494,CUST101580,560003,0.19821631109298093,0.21762362723276713,0
ORD507403,CUST100988,560049,0.13672265930414002,0.10008282781565703,0
ORD507174,CUST100508,560015,0.34116143905998736,0.2930958901877522,1
ORD505994,CUST101268,560100,0.3633623231742147,0.3742111996543805,1
ORD500598,CUST100485,560051,0.06329685196438278,0.06321104945248114,0
ORD507223,CUST101858,560084,0.43879665490804126,0.3632584085729479,0
ORD501098,CUST101048,560044,0.1441161872280649,0.24271947144386585,0
ORD500447,CUST100777,560018,0.31685202048831695,0.15888837338663903,0
ORD500120,CUST101323,560026,0.26603876877990845,0.06415183632714254,1
ORD502743,CUST100324,560001,0.372235180820969,0.4276493248809966,1
ORD500385,CUST100151,560104,0.14720873128711998,0.1241972485306535,0
ORD507226,CUST100872,560069,0.3932300760602047,0.11654125384957931,0
ORD507378,CUST100541,560109,0.16757657415686808,0.5252484997618413,0
ORD507234,CUST100520,560092,0.3820936747712913,0.4652541447815074,0
ORD502965,CUST101047,560004,0.015279960627097446,0.19762853761721605,0
ORD503322,CUST100307,560008,0.2923331864352393,0.3291430834854005,0
ORD500760,CUST101062,560031,0.41201621260086296,0.1918817018934806,1
ORD502144,CUST100620,560086,0.27762091119656535,0.007482278722774853,0
ORD504332,CUST100037,560077,0.36643236650295463,0.48289222403515625,1
ORD501207,CUST101239,560062,0.37912574798973386,0.36167936673581547,0
ORD502296,CUST100006,560105,0.2677657562695904,0.2610606417315302,1
ORD502598,CUST100231,560104,0.45454338905514596,0.1241972485306535,0
ORD503780,CUST100182,560086,0.18723773115835693,0.007482278722774853,0
ORD504649,CUST100424,560058,0.14393935494351567,0.20486674986456038,0
ORD504100,CUST101055,560019,0.07203533156178242,0.048751952975078075,0
ORD504367,CUST101267,560000,0.08855690793325809,0.0499470929340503,0
ORD506617,CUST101998,560040,0.055224922653398546,0.13792726590918689,0
ORD501228,CUST101430,560107,0.3599162346721973,0.4249338442310718,0
ORD504069,CUST100007,560096,0.130383422505818,0.13143597660081374,0
ORD506981,CUST100713,560002,0.13711908445634313,0.06816617099651445,0
ORD506742,CUST100794,560107,0.09880204662638824,0.4249338442310718,1
ORD503226,CUST101660,560103,0.20221086330061178,0.2331908497366693,0
ORD501870,CUST100607,560118,0.32492766544731544,0.21889163644714124,1
ORD501498,CUST101335,560112,0.2437877142910798,0.10046769389686781,0
ORD500497,CUST101169,560008,0.3732382241958619,0.3291430834854005,1
ORD505215,CUST100447,560059,0.5866676553486984,0.06343485879816538,0
ORD501684,CUST100967,560005,0.1762552470657897,0.3717167319646953,0
ORD501380,CUST100139,560072,0.25703386186733934,0.0983469859236676,0
ORD503007,CUST101740,560019,0.12380485100140662,0.048751952975078075,0
ORD507762,CUST100713,560000,0.13711908445634313,0.0499470929340503,0
ORD502974,CUST101969,560080,0.3615433730343218,0.35705055052060225,0
ORD503699,CUST101384,560071,0.36405865595752274,0.2846659660343278,1
ORD505631,CUST100541,560015,0.16757657415686808,0.2930958901877522,0
ORD505986,CUST101608,560009,0.17874359530435505,0.26522522319557623,0
ORD504562,CUST100247,560025,0.23069756686430742,0.12731929297945457,0
ORD506441,CUST100053,560019,0.3259641018177863,0.048751952975078075,0
ORD500200,CUST100744,560040,0.04650688333355527,0.13792726590918689,0
ORD502554,CUST101268,560000,0.3633623231742147,0.0499470929340503,0
ORD501515,CUST100046,560059,0.3900564499123696,0.06343485879816538,0
ORD504554,CUST101433,560056,0.01486719440751373,0.1311151942786954,0
ORD502827,CUST101465,560047,0.2855087147460683,0.2140654816693931,0
ORD504063,CUST101328,560096,0.29860864297316236,0.13143597660081374,0
ORD500743,CUST101224,560024,0.28728184136073764,0.08499988471741125,0
ORD500934,CUST100954,560017,0.32671402849596715,0.14572183941573405,0
ORD501199,CUST101998,560112,0.055224922653398546,0.10046769389686781,0
ORD501426,CUST100139,560049,0.25703386186733934,0.10008282781565703,0
ORD505098,CUST100264,560062,0.08097222048102413,0.36167936673581547,0
ORD505860,CUST101667,560086,0.0449428616784368,0.007482278722774853,0
ORD501152,CUST100972,560006,0.09178487213330938,0.0359397910518748,0
ORD507330,CUST101851,560114,0.3468280679934545,0.11153289416689233,0
ORD501262,CUST101036,560099,0.37305617832980714,0.15847855826528787,1
ORD500076,CUST100205,560114,0.1840815893241802,0.11153289416689233,0
ORD502200,CUST101511,560046,0.28057291959922925,0.30307755392063607,0
ORD506037,CUST101781,560107,0.1500612593724846,0.4249338442310718,0
ORD507660,CUST101795,560116,0.2546212184095209,0.21263077921125112,0
ORD505096,CUST100048,560016,0.07638737713356161,0.21649401012539535,0
ORD505314,CUST101972,560062,0.4004308402028242,0.36167936673581547,0
ORD501272,CUST101909,560054,0.2835465556445335,0.10632638057233394,0
ORD506234,CUST101769,560019,0.2978102167498798,0.048751952975078075,0
ORD503178,CUST100129,560063,0.05662677973259444,0.19220896367361404,0
ORD505869,CUST100542,560026,0.24680180551951414,0.06415183632714254,0
ORD500709,CUST100514,560006,0.06067469417646223,0.0359397910518748,0
ORD501396,CUST101728,560068,0.05948302988318497,0.12357375658063682,1
ORD505021,CUST100534,560030,0.6645072620284929,0.07698134180032012,1
ORD507925,CUST101294,560037,0.06184401095130109,0.20052614877754213,0
ORD500938,CUST100566,560038,0.3692350826198513,0.4922123466288645,0
ORD506018,CUST100508,560119,0.34116143905998736,0.23009324809977014,1
ORD502071,CUST100558,560075,0.5633005631276558,0.04994448821558866,0
ORD506686,CUST101766,560038,0.21411012904289228,0.4922123466288645,0
ORD506358,CUST100606,560047,0.07629969923959505,0.2140654816693931,0
ORD503335,CUST101126,560109,0.09581471830810866,0.5252484997618413,0
ORD503066,CUST101177,560065,0.10924306466090244,0.12481245587380058,0
ORD501286,CUST101270,560113,0.19279182743191678,0.05073967111486112,0
ORD501055,CUST100359,560110,0.21989011196511407,0.4429461963712056,0
ORD500856,CUST100835,560012,0.33694071508209505,0.08031914452505755,0
ORD501979,CUST101454,560038,0.3118522388053618,0.4922123466288645,1
ORD506519,CUST100642,560056,0.06852796151158619,0.1311151942786954,0
ORD507796,CUST100653,560076,0.13085373507915285,0.1112464586243946,0
ORD505171,CUST100872,560022,0.3932300760602047,0.12028576980936151,1
ORD501898,CUST100009,560093,0.46015210405281526,0.1005035939480502,1
ORD501276,CUST100767,560007,0.032184328914809754,0.4115118018852822,0
ORD505188,CUST101628,560079,0.5060698046512045,0.17876544501708239,0
ORD503159,CUST100684,560071,0.44186887226166205,0.2846659660343278,0
ORD506177,CUST100872,560007,0.3932300760602047,0.4115118018852822,1
ORD504329,CUST101608,560011,0.17874359530435505,0.26287102465088363,0
ORD503196,CUST101509,560113,0.06243964797763099,0.05073967111486112,0
ORD504417,CUST101586,560062,0.41790976805842955,0.36167936673581547,1
ORD505587,CUST100988,560029,0.13672265930414002,0.13120234612701753,0
ORD504045,CUST101616,560012,0.19246692675026103,0.08031914452505755,0
ORD506796,CUST100297,560072,0.46818673352621776,0.0983469859236676,1
ORD502615,CUST101462,560072,0.3125179502823467,0.0983469859236676,0
ORD501641,CUST100511,560096,0.1562196164642481,0.13143597660081374,0
ORD503922,CUST101261,560073,0.1063774454507707,0.40608187581223554,0
ORD502325,CUST101923,560038,0.2187608136465921,0.4922123466288645,0
ORD506058,CUST101116,560088,0.30721251020367246,0.14077625183446615,0
ORD500299,CUST100906,560019,0.32608688428099614,0.048751952975078075,0
ORD500344,CUST100384,560010,0.06565876288364696,0.26331848167006455,0
ORD504839,CUST100087,560110,0.5259008100699633,0.4429461963712056,1
ORD502849,CUST101553,560049,0.10497605305635782,0.10008282781565703,0
ORD501344,CUST100637,560076,0.23081817084314912,0.1112464586243946,0
ORD502039,CUST100034,560030,0.46365026623247513,0.07698134180032012,1
ORD505163,CUST100620,560113,0.27762091119656535,0.05073967111486112,0
ORD502931,CUST101408,560103,0.5599391908775743,0.2331908497366693,0
ORD501983,CUST100194,560088,0.36187966998918064,0.14077625183446615,0
ORD502619,CUST100169,560017,0.06816197410621759,0.14572183941573405,0
ORD501120,CUST101209,560021,0.01997628607250876,0.07930465192162388,0
ORD506705,CUST101390,560078,0.08909689827440144,0.14596790446960203,0
ORD503393,CUST101917,560046,0.19465661264685125,0.30307755392063607,0
ORD506836,CUST101164,560031,0.3221577863292197,0.1918817018934806,0
ORD504646,CUST100216,560111,0.23983923810393037,0.1318273625407665,0
ORD507224,CUST100774,560081,0.22369831123924852,0.1954421444622332,0
ORD506126,CUST101730,560090,0.20257060460374818,0.0937263908731933,0
ORD500601,CUST100430,560070,0.1367751862386983,0.20224062701049086,0
ORD501018,CUST101921,560011,0.25497745155204904,0.26287102465088363,0
ORD501661,CUST101170,560114,0.5238048460002951,0.11153289416689233,0
ORD504219,CUST100624,560072,0.3571737769623766,0.0983469859236676,0
ORD501835,CUST100500,560081,0.511775030466044,0.1954421444622332,1
ORD507872,CUST101161,560101,0.16621613591190618,0.2210289590416924,0
ORD503749,CUST101619,560034,0.2644198166418348,0.2969408870047299,0
ORD502893,CUST101698,560013,0.31772193192196085,0.18703349260237212,0
ORD500355,CUST100742,560016,0.1631917746791551,0.21649401012539535,0
ORD506316,CUST100964,560009,0.2696262010069623,0.26522522319557623,1
ORD502103,CUST100828,560057,0.3675495468595292,0.06751530873316719,0
ORD502691,CUST101942,560027,0.08744629728384447,0.3964081708913591,1
ORD501724,CUST100256,560098,0.16298051973655406,0.20695366556821226,0
ORD503530,CUST101239,560001,0.37912574798973386,0.4276493248809966,0
ORD506008,CUST100208,560111,0.19975800750299405,0.1318273625407665,0
ORD507614,CUST101127,560119,0.3745044727737293,0.23009324809977014,1
ORD500399,CUST101801,560104,0.3368818273770813,0.1241972485306535,0
ORD500290,CUST100987,560108,0.32179003910110554,0.3345971676330574,0
ORD501955,CUST100557,560031,0.29966387224425906,0.1918817018934806,0
ORD503918,CUST101989,560019,0.2402731156078704,0.048751952975078075,0
ORD501990,CUST100879,560056,0.10017523767782194,0.1311151942786954,0
ORD505425,CUST100289,560015,0.42258989063174557,0.2930958901877522,0
ORD502126,CUST101203,560050,0.2125095205336983,0.39804978962446785,1
ORD506170,CUST100901,560010,0.18779275691082997,0.26331848167006455,1
ORD501118,CUST100444,560015,0.4375803082647143,0.2930958901877522,0
ORD502001,CUST101417,560040,0.3312490089029119,0.13792726590918689,0
ORD502600,CUST101390,560116,0.08909689827440144,0.21263077921125112,0
ORD503877,CUST100076,560109,0.3870026797871902,0.5252484997618413,1
ORD506422,CUST101580,560019,0.19821631109298093,0.048751952975078075,0
ORD504836,CUST101013,560031,0.12990699426254682,0.1918817018934806,0
ORD504884,CUST100575,560022,0.3734683492632352,0.12028576980936151,0
ORD503768,CUST101534,560000,0.445110893697529,0.0499470929340503,0
ORD501103,CUST101701,560016,0.3061840886816502,0.21649401012539535,0
ORD506683,CUST101246,560097,0.32724707914173723,0.2209193286304174,0
ORD503368,CUST101523,560034,0.2860307141102213,0.2969408870047299,1
ORD503911,CUST101267,560103,0.08855690793325809,0.2331908497366693,0
ORD503627,CUST101543,560061,0.4487444125680534,0.14659676401055344,0
ORD500928,CUST101390,560067,0.08909689827440144,0.2626412720928802,0
ORD505182,CUST100001,560010,0.24614417619698423,0.26331848167006455,0
ORD502637,CUST101802,560107,0.2956765991988735,0.4249338442310718,0
ORD500693,CUST100057,560100,0.21714365268202862,0.3742111996543805,1
ORD500984,CUST101172,560119,0.14049942968960175,0.23009324809977014,0
ORD505748,CUST101211,560036,0.16597882724428165,0.033224141114804616,0
ORD502073,CUST101287,560001,0.4523914179936507,0.4276493248809966,0
ORD507208,CUST100677,560099,0.3529689970289334,0.15847855826528787,0
ORD503403,CUST100359,560002,0.21989011196511407,0.06816617099651445,1
ORD504014,CUST100717,560043,0.13778741012241738,0.10924789759182774,0
ORD503452,CUST100114,560052,0.11388016972116154,0.10086571587923499,0
ORD502673,CUST100461,560018,0.049577018851452645,0.15888837338663903,0
ORD501387,CUST101620,560108,0.2229674740875284,0.3345971676330574,1
ORD505565,CUST100834,560106,0.3606103729463374,0.19267676572383044,1
ORD505686,CUST101408,560016,0.5599391908775743,0.21649401012539535,1
ORD501551,CUST100674,560102,0.5430110256129925,0.3116574064541478,1
ORD506111,CUST100809,560119,0.237137494601605,0.23009324809977014,0
ORD505034,CUST101324,560018,0.10814779048836926,0.15888837338663903,0
ORD502386,CUST101869,560029,0.15014274497728494,0.13120234612701753,0
ORD505613,CUST100983,560023,0.4188419817280566,0.028472335602004763,0
ORD506723,CUST100503,560013,0.12149518069965874,0.18703349260237212,0
ORD505289,CUST101998,560030,0.055224922653398546,0.07698134180032012,0
ORD500915,CUST101123,560057,0.3100531060522249,0.06751530873316719,0
ORD500178,CUST100868,560101,0.11697910832251292,0.2210289590416924,0
ORD507772,CUST101139,560111,0.23322461400002217,0.1318273625407665,0
ORD507664,CUST100206,560031,0.17068626302318904,0.1918817018934806,0
ORD501221,CUST100410,560097,0.34134778732339127,0.2209193286304174,1
ORD501640,CUST101550,560040,0.0804044795592246,0.13792726590918689,0
ORD504553,CUST100187,560106,0.03758950939721761,0.19267676572383044,0
ORD500502,CUST101579,560105,0.48168131853356183,0.2610606417315302,1
ORD507171,CUST101850,560008,0.233641088810736,0.3291430834854005,0
ORD505975,CUST101089,560001,0.30217144256017153,0.4276493248809966,1
ORD503127,CUST100251,560084,0.24989906497225137,0.3632584085729479,1
ORD507858,CUST100367,560025,0.2881986119409372,0.12731929297945457,0
ORD507908,CUST100667,560020,0.26144358598698514,0.2587614293950907,0
ORD507838,CUST101263,560055,0.2529589627356025,0.24304583988795897,0
ORD505643,CUST100654,560074,0.12936071938754626,0.07273808090514074,0
ORD504692,CUST101575,560036,0.2417184040765511,0.033224141114804616,0
ORD506967,CUST100798,560075,0.29584822305361935,0.04994448821558866,0
ORD504310,CUST101280,560117,0.21980135274451498,0.07519208933625972,0
ORD500293,CUST100520,560041,0.3820936747712913,0.1311386209542706,0
ORD502930,CUST101227,560001,0.11503655846878144,0.4276493248809966,0
ORD502753,CUST101543,560082,0.4487444125680534,0.4036521734896382,0
ORD502797,CUST100906,560000,0.32608688428099614,0.0499470929340503,0
ORD506573,CUST100395,560076,0.26234867347983615,0.1112464586243946,0
ORD503460,CUST101875,560110,0.20866604375382167,0.4429461963712056,1
ORD504372,CUST100408,560012,0.15960867264431888,0.08031914452505755,0
ORD505401,CUST101886,560030,0.30734925482671877,0.07698134180032012,0
ORD501766,CUST101143,560079,0.14091475548575,0.17876544501708239,0
ORD504592,CUST101663,560107,0.12207735692990353,0.4249338442310718,1
ORD503707,CUST100671,560043,0.1303770637866477,0.10924789759182774,0
ORD506342,CUST101586,560107,0.41790976805842955,0.4249338442310718,1
ORD502141,CUST100607,560014,0.32492766544731544,0.32405610103166854,0
ORD504027,CUST101593,560117,0.5083785936171782,0.07519208933625972,0
ORD502778,CUST100674,560017,0.5430110256129925,0.14572183941573405,0
ORD502259,CUST100699,560025,0.44921160864002563,0.12731929297945457,0
ORD503795,CUST100545,560083,0.43544254381347786,0.09761538384380626,0
ORD504593,CUST101335,560077,0.2437877142910798,0.48289222403515625,0
ORD500179,CUST101209,560048,0.01997628607250876,0.48509059761807705,0
ORD503356,CUST100054,560015,0.3169418867271463,0.2930958901877522,0
ORD506071,CUST100713,560025,0.13711908445634313,0.12731929297945457,0
ORD503636,CUST100339,560047,0.2765406569294239,0.2140654816693931,0
ORD507857,CUST100139,560063,0.25703386186733934,0.19220896367361404,0
ORD501164,CUST100906,560082,0.32608688428099614,0.4036521734896382,0
ORD505091,CUST100227,560013,0.2560233812776348,0.18703349260237212,0
ORD505132,CUST100458,560072,0.27780100478810504,0.0983469859236676,0
ORD502184,CUST100364,560088,0.3358319706571889,0.14077625183446615,0
ORD500691,CUST101762,560027,0.3039523629091911,0.3964081708913591,1
ORD501650,CUST101484,560028,0.09201587903452282,0.033656118245986556,0
ORD504852,CUST101062,560113,0.41201621260086296,0.05073967111486112,0
ORD507308,CUST100194,560031,0.36187966998918064,0.1918817018934806,0
ORD504432,CUST100789,560110,0.3320938373777742,0.4429461963712056,0
ORD507910,CUST100292,560053,0.08969748337101224,0.2746954160023574,0
ORD506224,CUST100602,560103,0.02235684262044825,0.2331908497366693,1
ORD507284,CUST100397,560071,0.2810349509629501,0.2846659660343278,0
ORD504336,CUST101137,560021,0.44122894567024307,0.07930465192162388,0
ORD503185,CUST101995,560010,0.07807759993705618,0.26331848167006455,1
ORD505462,CUST100493,560000,0.22121655786542901,0.0499470929340503,1
ORD503228,CUST100852,560037,0.34967740116682094,0.20052614877754213,0
ORD504060,CUST101628,560024,0.5060698046512045,0.08499988471741125,1
ORD502019,CUST100569,560044,0.24797209991031588,0.24271947144386585,0
ORD506776,CUST101201,560008,0.08802933448471553,0.3291430834854005,1
ORD505575,CUST101930,560078,0.10390544432784944,0.14596790446960203,0
ORD505538,CUST100302,560086,0.2676344641423701,0.007482278722774853,0
ORD507184,CUST101852,560013,0.10508599985494056,0.18703349260237212,0
ORD505991,CUST101619,560012,0.2644198166418348,0.08031914452505755,0
ORD501470,CUST100661,560050,0.1561219227039281,0.39804978962446785,1
ORD505291,CUST100988,560022,0.13672265930414002,0.12028576980936151,0
ORD507781,CUST100606,560052,0.07629969923959505,0.10086571587923499,0
ORD503568,CUST100530,560070,0.48914444803003615,0.20224062701049086,1
ORD502767,CUST101292,560040,0.37264010089287714,0.13792726590918689,0
ORD506631,CUST100541,560029,0.16757657415686808,0.13120234612701753,0
ORD501070,CUST100395,560090,0.26234867347983615,0.0937263908731933,0
ORD504371,CUST101684,560045,0.10106250269992674,0.2009380398079108,0
ORD505700,CUST100969,560043,0.2242568503464618,0.10924789759182774,0
ORD501113,CUST100504,560019,0.13254072284680365,0.048751952975078075,0
ORD504415,CUST100423,560065,0.24706696213115537,0.12481245587380058,0
ORD507844,CUST100455,560081,0.28099909876364537,0.1954421444622332,0
ORD502628,CUST100797,560027,0.23022453315656305,0.3964081708913591,0
ORD503328,CUST101922,560052,0.334261153302771,0.10086571587923499,0
ORD505273,CUST100888,560048,0.46669449990302514,0.48509059761807705,1
ORD506502,CUST100455,560009,0.28099909876364537,0.26522522319557623,1
ORD505872,CUST100725,560014,0.17751620465362142,0.32405610103166854,0
ORD501698,CUST100194,560018,0.36187966998918064,0.15888837338663903,0
ORD501779,CUST100650,560112,0.05655306904883348,0.10046769389686781,0
ORD504327,CUST101260,560060,0.025626651592133984,0.148778104232636,0
ORD503503,CUST100130,560069,0.2819624566275652,0.11654125384957931,0
ORD500741,CUST101667,560100,0.0449428616784368,0.3742111996543805,0
ORD503287,CUST100727,560087,0.3958008976746133,0.2319307941510612,0
ORD505048,CUST101998,560051,0.055224922653398546,0.06321104945248114,0
ORD503586,CUST100913,560031,0.2579616654090884,0.1918817018934806,0
ORD507278,CUST101833,560009,0.15774023097194656,0.26522522319557623,0
ORD503107,CUST100236,560075,0.3408921063238981,0.04994448821558866,0
ORD507884,CUST100034,560094,0.46365026623247513,0.3010387326878104,1
ORD502757,CUST100872,560044,0.3932300760602047,0.24271947144386585,0
ORD505197,CUST100001,560061,0.24614417619698423,0.14659676401055344,0
ORD503399,CUST101958,560091,0.09417089237022389,0.363756533272939,0
ORD503344,CUST100674,560111,0.5430110256129925,0.1318273625407665,0
ORD501397,CUST101045,560077,0.14850656263461232,0.48289222403515625,1
ORD504851,CUST101586,560010,0.41790976805842955,0.26331848167006455,0
ORD504277,CUST101775,560107,0.18638994183018504,0.4249338442310718,0
ORD501478,CUST100872,560031,0.3932300760602047,0.1918817018934806,0
ORD500067,CUST101161,560051,0.16621613591190618,0.06321104945248114,0
ORD504363,CUST100766,560049,0.4266016702389298,0.10008282781565703,0
ORD504925,CUST101250,560013,0.12834587113286433,0.18703349260237212,0
ORD500444,CUST101211,560061,0.16597882724428165,0.14659676401055344,0
ORD503930,CUST100231,560115,0.45454338905514596,0.23129979364443987,0
ORD502981,CUST100181,560035,0.3429201594793872,0.44644714587366313,1
ORD504359,CUST101196,560004,0.43711783292830275,0.19762853761721605,0
ORD504216,CUST101435,560074,0.03298639032249153,0.07273808090514074,0
ORD502330,CUST100114,560041,0.11388016972116154,0.1311386209542706,0
ORD507093,CUST100302,560043,0.2676344641423701,0.10924789759182774,0
ORD507657,CUST101657,560051,0.1638237871995477,0.06321104945248114,0
ORD507116,CUST101480,560090,0.31237461897038005,0.0937263908731933,0
ORD505243,CUST100410,560008,0.34134778732339127,0.3291430834854005,0
ORD503943,CUST101563,560079,0.137710686372486,0.17876544501708239,0
ORD503675,CUST101530,560003,0.08598107681522144,0.21762362723276713,1
ORD505156,CUST101542,560029,0.32804805966922695,0.13120234612701753,0
ORD506089,CUST100028,560063,0.22018251677280468,0.19220896367361404,0
ORD506355,CUST100194,560006,0.36187966998918064,0.0359397910518748,0
ORD504033,CUST101405,560072,0.10805585097920675,0.0983469859236676,0
ORD500658,CUST101657,560100,0.1638237871995477,0.3742111996543805,0
ORD507177,CUST100835,560103,0.33694071508209505,0.2331908497366693,0
ORD503784,CUST100384,560063,0.06565876288364696,0.19220896367361404,0
ORD501792,CUST100364,560047,0.3358319706571889,0.2140654816693931,0
ORD503140,CUST101551,560078,0.2522211494965068,0.14596790446960203,0
ORD501702,CUST101663,560069,0.12207735692990353,0.11654125384957931,0
ORD503339,CUST100703,560084,0.36984356858905076,0.3632584085729479,1
ORD505227,CUST101588,560070,0.15386671998751833,0.20224062701049086,0
ORD507411,CUST101717,560101,0.4059438794550481,0.2210289590416924,0
ORD504123,CUST101355,560038,0.1414551301413531,0.4922123466288645,1
ORD507916,CUST101753,560093,0.5263984268346009,0.1005035939480502,0
ORD503234,CUST100044,560106,0.13931901060737575,0.19267676572383044,0
ORD507988,CUST101396,560030,0.5002076338129287,0.07698134180032012,0
ORD503909,CUST101657,560035,0.1638237871995477,0.44644714587366313,0
ORD504958,CUST101962,560048,0.48873587026245635,0.48509059761807705,1
ORD500739,CUST101701,560063,0.3061840886816502,0.19220896367361404,0
ORD505084,CUST101034,560082,0.027652087411864836,0.4036521734896382,0
ORD500522,CUST101121,560048,0.19032803455723113,0.48509059761807705,0
ORD503453,CUST101579,560008,0.48168131853356183,0.3291430834854005,1
ORD504193,CUST100398,560009,0.11565315745837781,0.26522522319557623,0
ORD500646,CUST100667,560002,0.26144358598698514,0.06816617099651445,0
ORD506128,CUST100772,560012,0.11715758970115171,0.08031914452505755,0
ORD505656,CUST100140,560008,0.2773816073359342,0.3291430834854005,0
ORD503133,CUST100861,560085,0.3626697249106457,0.24590610537959195,0
ORD500377,CUST100988,560111,0.13672265930414002,0.1318273625407665,0
ORD501012,CUST101701,560026,0.3061840886816502,0.06415183632714254,0
ORD504524,CUST100973,560044,0.1877613483299769,0.24271947144386585,0
ORD507400,CUST100963,560025,0.07666895142110197,0.12731929297945457,0
ORD507958,CUST100542,560016,0.24680180551951414,0.21649401012539535,1
ORD501596,CUST100177,560041,0.07820534188507672,0.1311386209542706,0
ORD507820,CUST100611,560032,0.5885383197450833,0.2652671681157216,1
ORD505927,CUST100231,560091,0.45454338905514596,0.363756533272939,1
ORD504970,CUST100592,560032,0.32765833124561905,0.2652671681157216,1
ORD501867,CUST101495,560037,0.14408399009348308,0.20052614877754213,0
ORD500918,CUST100667,560119,0.26144358598698514,0.23009324809977014,0
ORD504999,CUST101929,560059,0.32197007802918726,0.06343485879816538,0
ORD505910,CUST101657,560031,0.1638237871995477,0.1918817018934806,0
ORD502170,CUST100606,560055,0.07629969923959505,0.24304583988795897,0
ORD503896,CUST100323,560006,0.17228835136124024,0.0359397910518748,0
ORD506480,CUST100162,560104,0.03093946774227127,0.1241972485306535,0
ORD501998,CUST100607,560094,0.32492766544731544,0.3010387326878104,1
ORD506340,CUST101633,560027,0.5594111463404374,0.3964081708913591,1
ORD505517,CUST100289,560072,0.42258989063174557,0.0983469859236676,0
ORD500050,CUST100053,560000,0.3259641018177863,0.0499470929340503,0
ORD507147,CUST100962,560112,0.26922230243613665,0.10046769389686781,0
ORD500533,CUST100622,560067,0.12950940053657903,0.2626412720928802,0
ORD500546,CUST101710,560017,0.204135335883595,0.14572183941573405,0
ORD507596,CUST100515,560001,0.1354858514772503,0.4276493248809966,1
ORD501679,CUST100001,560075,0.24614417619698423,0.04994448821558866,0
ORD505406,CUST101429,560011,0.06293286811999019,0.26287102465088363,0
ORD503507,CUST101201,560069,0.08802933448471553,0.11654125384957931,0
ORD500481,CUST101523,560014,0.2860307141102213,0.32405610103166854,0
ORD504777,CUST100532,560090,0.11716756530475335,0.0937263908731933,0
ORD507716,CUST101800,560086,0.09640968683203537,0.007482278722774853,0
ORD500842,CUST100988,560016,0.13672265930414002,0.21649401012539535,0
ORD501651,CUST101492,560056,0.21251377534990817,0.1311151942786954,0
ORD502248,CUST101815,560079,0.23825396659276094,0.17876544501708239,0
ORD500996,CUST101657,560078,0.1638237871995477,0.14596790446960203,0
ORD502646,CUST101278,560017,0.3820645343334161,0.14572183941573405,0
ORD500361,CUST100872,560002,0.3932300760602047,0.06816617099651445,0
ORD506321,CUST100901,560112,0.18779275691082997,0.10046769389686781,0
ORD500769,CUST100003,560118,0.2625171002989132,0.21889163644714124,1
ORD503727,CUST101293,560111,0.3267749279104371,0.1318273625407665,1
ORD505020,CUST101405,560102,0.10805585097920675,0.3116574064541478,0
ORD506007,CUST101160,560085,0.15017886247881426,0.24590610537959195,0
ORD504932,CUST101628,560050,0.5060698046512045,0.39804978962446785,1
ORD503760,CUST100948,560107,0.5927907795530653,0.4249338442310718,1
ORD503148,CUST101983,560076,0.15642283784240985,0.1112464586243946,0
ORD504760,CUST100693,560111,0.09951530110540431,0.1318273625407665,0
ORD502102,CUST101125,560070,0.3282776363453346,0.20224062701049086,0
ORD501485,CUST101431,560094,0.218617277433771,0.3010387326878104,0
ORD502300,CUST100194,560090,0.36187966998918064,0.0937263908731933,0
ORD501084,CUST101553,560077,0.10497605305635782,0.48289222403515625,0
ORD504229,CUST100693,560081,0.09951530110540431,0.1954421444622332,0
ORD506364,CUST101702,560099,0.21626868713213782,0.15847855826528787,0
ORD506279,CUST100969,560018,0.2242568503464618,0.15888837338663903,0
ORD506385,CUST101975,560047,0.15868901601441882,0.2140654816693931,0
ORD500307,CUST101596,560073,0.04440262156441277,0.40608187581223554,0
ORD507372,CUST101431,560009,0.218617277433771,0.26522522319557623,0
ORD507860,CUST100301,560116,0.12241533806316059,0.21263077921125112,0
ORD500332,CUST101930,560002,0.10390544432784944,0.06816617099651445,0
ORD500595,CUST100834,560078,0.3606103729463374,0.14596790446960203,0
ORD503829,CUST100296,560112,0.2216976101384966,0.10046769389686781,0
ORD501365,CUST101183,560103,0.5778690550660062,0.2331908497366693,0
ORD502895,CUST100199,560099,0.3325622338548419,0.15847855826528787,0
ORD507465,CUST100204,560010,0.23310699843617838,0.26331848167006455,0
ORD506884,CUST101616,560033,0.19246692675026103,0.2000167013897961,0
ORD506443,CUST100608,560086,0.3808935371788415,0.007482278722774853,0
ORD503639,CUST101207,560088,0.5611873074821642,0.14077625183446615,1
ORD500594,CUST100834,560100,0.3606103729463374,0.3742111996543805,1
ORD501513,CUST100256,560115,0.16298051973655406,0.23129979364443987,1
ORD503492,CUST101836,560060,0.3244384271345049,0.148778104232636,0
ORD507229,CUST101102,560040,0.19744240505221355,0.13792726590918689,0
ORD505508,CUST101062,560005,0.41201621260086296,0.3717167319646953,0
ORD501383,CUST101419,560117,0.3310386899254012,0.07519208933625972,1
ORD503265,CUST100476,560078,0.08675067656491325,0.14596790446960203,0
ORD505776,CUST100242,560085,0.10839420542924075,0.24590610537959195,0
ORD507689,CUST101878,560113,0.24266907923144335,0.05073967111486112,0
ORD502938,CUST100975,560021,0.24375656389178965,0.07930465192162388,1
ORD507658,CUST100962,560105,0.26922230243613665,0.2610606417315302,0
ORD500110,CUST101587,560035,0.22811637086575837,0.44644714587366313,0
ORD506381,CUST101551,560061,0.2522211494965068,0.14659676401055344,0
ORD507225,CUST101789,560018,0.23223035599885355,0.15888837338663903,0
ORD505394,CUST100672,560032,0.32582118715095015,0.2652671681157216,0
ORD502156,CUST101226,560071,0.3902096983087,0.2846659660343278,1
ORD500319,CUST100515,560107,0.1354858514772503,0.4249338442310718,0
ORD504617,CUST100790,560053,0.06917536330250933,0.2746954160023574,1
ORD504007,CUST101620,560118,0.2229674740875284,0.21889163644714124,0
ORD500586,CUST100304,560047,0.21199326223067969,0.2140654816693931,0
ORD506161,CUST100877,560022,0.2886910483536643,0.12028576980936151,0
ORD506819,CUST101763,560001,0.054387999196184734,0.4276493248809966,0
ORD505196,CUST100609,560116,0.39012206789628884,0.21263077921125112,0
ORD501477,CUST100138,560083,0.20531948812490197,0.09761538384380626,0
ORD503436,CUST100451,560102,0.3269451502115473,0.3116574064541478,0
ORD502846,CUST101048,560047,0.1441161872280649,0.2140654816693931,0
ORD500368,CUST101587,560052,0.22811637086575837,0.10086571587923499,0
ORD502002,CUST101754,560035,0.29613475476055007,0.44644714587366313,0
ORD504794,CUST100194,560098,0.36187966998918064,0.20695366556821226,1
ORD507161,CUST100872,560034,0.3932300760602047,0.2969408870047299,1
ORD505476,CUST101403,560066,0.4299773449893234,0.44863880467564937,1
ORD501148,CUST101967,560016,0.26408118652298557,0.21649401012539535,0
ORD504423,CUST100500,560006,0.511775030466044,0.0359397910518748,1
ORD502213,CUST100262,560114,0.40428580651687857,0.11153289416689233,0
ORD502871,CUST100570,560050,0.20370978877684995,0.39804978962446785,0
ORD506886,CUST101950,560019,0.3717602270173535,0.048751952975078075,0
ORD503307,CUST100541,560098,0.16757657415686808,0.20695366556821226,0
ORD503346,CUST101403,560026,0.4299773449893234,0.06415183632714254,1
ORD501131,CUST100427,560110,0.27701546047133413,0.4429461963712056,1
ORD503278,CUST100746,560003,0.2616303277944666,0.21762362723276713,0
ORD507600,CUST101607,560057,0.5042512680296299,0.06751530873316719,0
ORD501265,CUST101983,560072,0.15642283784240985,0.0983469859236676,0
ORD506560,CUST100541,560105,0.16757657415686808,0.2610606417315302,0
ORD503773,CUST101940,560064,0.2622218360153778,0.4107390138477389,0
ORD500109,CUST100104,560075,0.31538639948094277,0.04994448821558866,0
ORD501682,CUST100566,560092,0.3692350826198513,0.4652541447815074,0
ORD504383,CUST101132,560014,0.25419168914367346,0.32405610103166854,1
ORD507917,CUST101201,560062,0.08802933448471553,0.36167936673581547,0
ORD503011,CUST101142,560075,0.1976098307923854,0.04994448821558866,0
ORD505398,CUST101730,560020,0.20257060460374818,0.2587614293950907,0
ORD504035,CUST100571,560038,0.20459557629689876,0.4922123466288645,1
ORD505865,CUST100229,560042,0.10949310651314134,0.20272897456368089,0
ORD502003,CUST100343,560033,0.32801543383093573,0.2000167013897961,0
ORD506372,CUST101052,560021,0.2133109451459792,0.07930465192162388,0
ORD505481,CUST101138,560119,0.28394012327509494,0.23009324809977014,1
ORD507083,CUST100393,560117,0.342931829566947,0.07519208933625972,0
ORD502415,CUST101275,560078,0.3718968858648399,0.14596790446960203,0
ORD504066,CUST101193,560012,0.42038115564156164,0.08031914452505755,0
ORD506473,CUST101578,560097,0.30010531142324876,0.2209193286304174,0
ORD504178,CUST101543,560119,0.4487444125680534,0.23009324809977014,1
ORD505552,CUST100674,560072,0.5430110256129925,0.0983469859236676,1
ORD503989,CUST100228,560099,0.19264547693073103,0.15847855826528787,0
ORD501486,CUST100130,560112,0.2819624566275652,0.10046769389686781,1
ORD507142,CUST100874,560031,0.2642329019386283,0.1918817018934806,1
ORD506931,CUST101294,560062,0.06184401095130109,0.36167936673581547,0
ORD506529,CUST100545,560038,0.43544254381347786,0.4922123466288645,0
ORD500237,CUST100542,560066,0.24680180551951414,0.44863880467564937,1
ORD504120,CUST100477,560038,0.2476863298562034,0.4922123466288645,0
ORD501033,CUST101012,560024,0.13562365472849028,0.08499988471741125,0
ORD505272,CUST100693,560109,0.09951530110540431,0.5252484997618413,0
ORD501932,CUST100541,560097,0.16757657415686808,0.2209193286304174,0
ORD505715,CUST100956,560041,0.37426495889157607,0.1311386209542706,0
ORD502365,CUST101427,560008,0.35523850783832206,0.3291430834854005,1
ORD504729,CUST100071,560023,0.22452854262691951,0.028472335602004763,0
ORD507516,CUST101723,560001,0.1413329596051048,0.4276493248809966,1
ORD500720,CUST101785,560106,0.14011262016786832,0.19267676572383044,0
ORD503122,CUST100903,560010,0.10280718986234678,0.26331848167006455,1
ORD505047,CUST100024,560044,0.3173771501855524,0.24271947144386585,0
ORD507980,CUST100364,560073,0.3358319706571889,0.40608187581223554,0
ORD507365,CUST100755,560072,0.22260359167547175,0.0983469859236676,0
ORD506849,CUST100136,560015,0.03542903995029727,0.2930958901877522,0
ORD504164,CUST100183,560048,0.03002375015151436,0.48509059761807705,0
ORD507809,CUST101608,560053,0.17874359530435505,0.2746954160023574,0
ORD504380,CUST100888,560101,0.46669449990302514,0.2210289590416924,1
ORD507861,CUST100721,560047,0.22616900845020121,0.2140654816693931,0
ORD506817,CUST100116,560096,0.24874291058771908,0.13143597660081374,0
ORD506225,CUST101762,560108,0.3039523629091911,0.3345971676330574,1
ORD500746,CUST100543,560002,0.7296899354667504,0.06816617099651445,1
ORD505238,CUST100935,560030,0.48051431524057286,0.07698134180032012,0
ORD501198,CUST101780,560112,0.37962305713471345,0.10046769389686781,0
ORD506301,CUST101459,560055,0.15080042837673704,0.24304583988795897,0
ORD501179,CUST101298,560000,0.23476857957985725,0.0499470929340503,0
ORD501706,CUST100963,560052,0.07666895142110197,0.10086571587923499,0
ORD505535,CUST101274,560012,0.15821299473968672,0.08031914452505755,0
ORD502475,CUST100763,560043,0.2415737336452884,0.10924789759182774,0
ORD501318,CUST100708,560002,0.3167306496511369,0.06816617099651445,0
ORD503608,CUST100015,560034,0.20019100806330278,0.2969408870047299,0
ORD503400,CUST100503,560009,0.12149518069965874,0.26522522319557623,0
ORD506778,CUST101133,560032,0.30072878223267924,0.2652671681157216,0
ORD505121,CUST101975,560085,0.15868901601441882,0.24590610537959195,0
ORD501503,CUST100444,560108,0.4375803082647143,0.3345971676330574,0
ORD506420,CUST101942,560018,0.08744629728384447,0.15888837338663903,0
ORD505691,CUST100038,560056,0.21082490652703922,0.1311151942786954,0
ORD500944,CUST101718,560086,0.3834867592456452,0.007482278722774853,0
ORD507966,CUST100208,560074,0.19975800750299405,0.07273808090514074,0
ORD505820,CUST100515,560098,0.1354858514772503,0.20695366556821226,0
ORD500799,CUST100324,560100,0.372235180820969,0.3742111996543805,1
ORD504953,CUST100321,560075,0.42296540799688903,0.04994448821558866,1
ORD503303,CUST101639,560063,0.16882341312566285,0.19220896367361404,0
ORD504559,CUST100393,560102,0.342931829566947,0.3116574064541478,0
ORD506005,CUST101203,560051,0.2125095205336983,0.06321104945248114,0
ORD504613,CUST101151,560092,0.17064912335076665,0.4652541447815074,0
ORD505947,CUST101580,560097,0.19821631109298093,0.2209193286304174,0
ORD503733,CUST100037,560059,0.36643236650295463,0.06343485879816538,0
ORD504679,CUST101639,560013,0.16882341312566285,0.18703349260237212,1
ORD500531,CUST100374,560033,0.32003705418313455,0.2000167013897961,0
ORD502427,CUST101237,560068,0.39578552080530405,0.12357375658063682,0
ORD502287,CUST100131,560036,0.46001324343588723,0.033224141114804616,1
ORD503602,CUST101183,560035,0.5778690550660062,0.44644714587366313,1
ORD506411,CUST100242,560063,0.10839420542924075,0.19220896367361404,0
ORD502026,CUST100906,560118,0.32608688428099614,0.21889163644714124,0
ORD501502,CUST101317,560054,0.26026096398636983,0.10632638057233394,0
ORD507755,CUST101826,560084,0.11251270016100487,0.3632584085729479,1
ORD501553,CUST101422,560028,0.3855996470092261,0.033656118245986556,0
ORD506014,CUST100679,560015,0.1894589634974572,0.2930958901877522,0
ORD502751,CUST101987,560048,0.14215871192130625,0.48509059761807705,0
ORD506516,CUST101375,560101,0.3785933734822147,0.2210289590416924,0
ORD505397,CUST101408,560059,0.5599391908775743,0.06343485879816538,0
ORD501145,CUST101893,560010,0.5724355175123372,0.26331848167006455,1
ORD503255,CUST100713,560099,0.13711908445634313,0.15847855826528787,0
ORD502018,CUST100460,560058,0.3753463445849248,0.20486674986456038,0
ORD505269,CUST100485,560097,0.06329685196438278,0.2209193286304174,0
ORD500114,CUST101193,560086,0.42038115564156164,0.007482278722774853,0
ORD506130,CUST100114,560045,0.11388016972116154,0.2009380398079108,0
ORD502631,CUST101246,560009,0.32724707914173723,0.26522522319557623,0
ORD502826,CUST101299,560028,0.09876501878229688,0.033656118245986556,0
ORD506586,CUST100535,560088,0.12972182350309738,0.14077625183446615,0
ORD506899,CUST100296,560054,0.2216976101384966,0.10632638057233394,0
ORD500277,CUST101138,560006,0.28394012327509494,0.0359397910518748,0
ORD500321,CUST100161,560118,0.16676799610424997,0.21889163644714124,1
ORD502056,CUST100384,560051,0.06565876288364696,0.06321104945248114,0
ORD504865,CUST100047,560051,0.5115239173587337,0.06321104945248114,1
ORD505178,CUST101619,560104,0.2644198166418348,0.1241972485306535,0
ORD503243,CUST100531,560098,0.27177374067259585,0.20695366556821226,0
ORD500965,CUST101005,560027,0.06596266257230533,0.3964081708913591,0
ORD500796,CUST100215,560057,0.13269837554654837,0.06751530873316719,0
ORD505326,CUST100684,560111,0.44186887226166205,0.1318273625407665,0
ORD501377,CUST100583,560096,0.35941268307576457,0.13143597660081374,0
ORD507334,CUST100710,560020,0.25021990793546545,0.2587614293950907,1
ORD502323,CUST101884,560034,0.47645555276211093,0.2969408870047299,1
ORD505442,CUST101841,560072,0.2681187828107988,0.0983469859236676,0
ORD506912,CUST100098,560023,0.2961471020437191,0.028472335602004763,0
ORD504028,CUST100148,560060,0.08260669207550075,0.148778104232636,0
ORD506753,CUST101431,560080,0.218617277433771,0.35705055052060225,0
ORD507662,CUST101472,560011,0.305233244840429,0.26287102465088363,0
ORD501933,CUST101843,560047,0.0432952187308296,0.2140654816693931,0
ORD507946,CUST101796,560015,0.22868809183843242,0.2930958901877522,1
ORD500815,CUST100228,560105,0.19264547693073103,0.2610606417315302,1
ORD503197,CUST100834,560060,0.3606103729463374,0.148778104232636,0
ORD506354,CUST101429,560083,0.06293286811999019,0.09761538384380626,0
ORD501444,CUST101858,560001,0.43879665490804126,0.4276493248809966,1
ORD502878,CUST100161,560080,0.16676799610424997,0.35705055052060225,1
ORD506327,CUST100557,560022,0.29966387224425906,0.12028576980936151,0
ORD506108,CUST100512,560092,0.6014601912708131,0.4652541447815074,0
ORD507950,CUST101003,560053,0.15480933362544444,0.2746954160023574,1
ORD507052,CUST101732,560032,0.06789469556531488,0.2652671681157216,0
ORD503600,CUST100678,560108,0.3927228897844673,0.3345971676330574,1
ORD505050,CUST100963,560031,0.07666895142110197,0.1918817018934806,0
ORD504945,CUST101592,560083,0.06097123207784671,0.09761538384380626,0
ORD506394,CUST101888,560016,0.170079789831775,0.21649401012539535,0
ORD503637,CUST100877,560005,0.2886910483536643,0.3717167319646953,0
ORD500432,CUST100140,560102,0.2773816073359342,0.3116574064541478,0
ORD502562,CUST101270,560001,0.19279182743191678,0.4276493248809966,0
ORD500908,CUST101160,560104,0.15017886247881426,0.1241972485306535,0
ORD500759,CUST101977,560035,0.10308490365182771,0.44644714587366313,1
ORD507580,CUST100689,560089,0.07765630758757154,0.19467065107163697,0
ORD504956,CUST101759,560027,0.05262839186400578,0.3964081708913591,0
ORD506267,CUST100380,560112,0.1720539793002365,0.10046769389686781,0
ORD504143,CUST101514,560020,0.17199749498052777,0.2587614293950907,0
ORD507814,CUST100321,560061,0.42296540799688903,0.14659676401055344,0
ORD501048,CUST101239,560104,0.37912574798973386,0.1241972485306535,0
ORD507775,CUST100453,560000,0.26335659719559446,0.0499470929340503,0
ORD504466,CUST100430,560013,0.1367751862386983,0.18703349260237212,0
ORD506009,CUST101893,560000,0.5724355175123372,0.0499470929340503,0
ORD505654,CUST100964,560100,0.2696262010069623,0.3742111996543805,1
ORD503565,CUST100542,560111,0.24680180551951414,0.1318273625407665,0
ORD504044,CUST101144,560063,0.17187442297671035,0.19220896367361404,0
ORD506379,CUST100070,560026,0.1838032082155034,0.06415183632714254,0
ORD503775,CUST101241,560003,0.19529973523322586,0.21762362723276713,0
ORD505484,CUST101026,560110,0.17601086434245247,0.4429461963712056,1
ORD504171,CUST101250,560072,0.12834587113286433,0.0983469859236676,0
ORD507109,CUST100151,560023,0.14720873128711998,0.028472335602004763,0
ORD506387,CUST101893,560064,0.5724355175123372,0.4107390138477389,0
ORD505274,CUST101429,560057,0.06293286811999019,0.06751530873316719,0
ORD503281,CUST101626,560066,0.2982984597689781,0.44863880467564937,0
ORD507503,CUST100078,560092,0.22077260281268474,0.4652541447815074,0
ORD501078,CUST101253,560073,0.26061698207324124,0.40608187581223554,0
ORD506697,CUST101657,560039,0.1638237871995477,0.08257987664945507,0
ORD501680,CUST101246,560016,0.32724707914173723,0.21649401012539535,0
ORD503822,CUST101033,560007,0.01988411474478299,0.4115118018852822,0
ORD500589,CUST100072,560085,0.08737050463352446,0.24590610537959195,0
ORD500803,CUST100089,560083,0.2779937156072131,0.09761538384380626,0
ORD503542,CUST100901,560036,0.18779275691082997,0.033224141114804616,0
ORD502328,CUST101551,560083,0.2522211494965068,0.09761538384380626,0
ORD505092,CUST101587,560063,0.22811637086575837,0.19220896367361404,0
ORD504905,CUST100003,560109,0.2625171002989132,0.5252484997618413,0
ORD503271,CUST101243,560055,0.16073899591578056,0.24304583988795897,0
ORD500471,CUST100262,560013,0.40428580651687857,0.18703349260237212,0
ORD503277,CUST100834,560106,0.3606103729463374,0.19267676572383044,0
ORD501161,CUST101900,560072,0.25692733289880665,0.0983469859236676,0
ORD506809,CUST101551,560112,0.2522211494965068,0.10046769389686781,0
ORD506860,CUST100291,560029,0.08058041829298626,0.13120234612701753,0
ORD505858,CUST100654,560058,0.12936071938754626,0.20486674986456038,0
ORD504286,CUST101619,560105,0.2644198166418348,0.2610606417315302,1
ORD502998,CUST101018,560042,0.14875128750341032,0.20272897456368089,0
ORD500641,CUST100556,560040,0.1171182105953482,0.13792726590918689,0
ORD506895,CUST101786,560006,0.24032215738837232,0.0359397910518748,0
ORD503092,CUST100455,560041,0.28099909876364537,0.1311386209542706,0
ORD500474,CUST100602,560000,0.02235684262044825,0.0499470929340503,0
ORD502835,CUST101335,560099,0.2437877142910798,0.15847855826528787,0
ORD507088,CUST100459,560063,0.26371837835861184,0.19220896367361404,0
ORD503116,CUST100374,560063,0.32003705418313455,0.19220896367361404,0
ORD507396,CUST101937,560076,0.47338558630702754,0.1112464586243946,0
ORD501735,CUST100056,560068,0.11300670394722269,0.12357375658063682,0
ORD507701,CUST100328,560043,0.4390524811910615,0.10924789759182774,0
ORD502289,CUST100948,560003,0.5927907795530653,0.21762362723276713,1
ORD500886,CUST101628,560097,0.5060698046512045,0.2209193286304174,1
ORD501988,CUST101730,560071,0.20257060460374818,0.2846659660343278,0
ORD503126,CUST100315,560060,0.1494736716851247,0.148778104232636,1
ORD503360,CUST101847,560047,0.27933272773235657,0.2140654816693931,0
ORD507027,CUST100654,560100,0.12936071938754626,0.3742111996543805,0
ORD505764,CUST100264,560027,0.08097222048102413,0.3964081708913591,0
ORD504827,CUST101627,560117,0.1845768942906682,0.07519208933625972,1
ORD506245,CUST100116,560078,0.24874291058771908,0.14596790446960203,0
ORD505809,CUST100965,560070,0.26157446440547233,0.20224062701049086,0
ORD507706,CUST101638,560020,0.1155768135052856,0.2587614293950907,0
ORD503666,CUST101858,560100,0.43879665490804126,0.3742111996543805,0
ORD500702,CUST100625,560103,0.13948659265221522,0.2331908497366693,0
ORD503687,CUST100890,560057,0.23933857329957384,0.06751530873316719,0
ORD501185,CUST101487,560087,0.2604012890461884,0.2319307941510612,0
ORD505621,CUST101841,560047,0.2681187828107988,0.2140654816693931,0
ORD500713,CUST101923,560021,0.2187608136465921,0.07930465192162388,0
ORD503030,CUST100669,560032,0.2662137094395429,0.2652671681157216,0
ORD500566,CUST101542,560028,0.32804805966922695,0.033656118245986556,0
ORD502145,CUST101717,560046,0.4059438794550481,0.30307755392063607,0
ORD500168,CUST101333,560005,0.19341859642293874,0.3717167319646953,0
ORD507023,CUST101013,560083,0.12990699426254682,0.09761538384380626,0
ORD506337,CUST101095,560018,0.35523940842035023,0.15888837338663903,0
ORD500897,CUST101019,560119,0.6232471313126572,0.23009324809977014,0
ORD501395,CUST101588,560091,0.15386671998751833,0.363756533272939,0
ORD500228,CUST101022,560019,0.14866291869075507,0.048751952975078075,1
ORD504605,CUST100330,560065,0.4468118022423648,0.12481245587380058,0
ORD505566,CUST101739,560099,0.3451011613890368,0.15847855826528787,0
ORD502903,CUST101465,560058,0.2855087147460683,0.20486674986456038,1
ORD507877,CUST100642,560042,0.06852796151158619,0.20272897456368089,0
ORD504954,CUST100884,560054,0.11446434852532913,0.10632638057233394,0
ORD505752,CUST100918,560055,0.3490767652545195,0.24304583988795897,0
ORD506548,CUST101122,560060,0.031070089624300228,0.148778104232636,0
ORD506947,CUST100901,560101,0.18779275691082997,0.2210289590416924,0
ORD505933,CUST101811,560022,0.1925519667542777,0.12028576980936151,0
ORD501217,CUST101280,560094,0.21980135274451498,0.3010387326878104,0
ORD505688,CUST100643,560015,0.33315409272597374,0.2930958901877522,1
ORD501692,CUST100515,560059,0.1354858514772503,0.06343485879816538,0
ORD506306,CUST101384,560097,0.36405865595752274,0.2209193286304174,0
ORD505309,CUST100661,560019,0.1561219227039281,0.048751952975078075,0
ORD505912,CUST100565,560032,0.2365731909103324,0.2652671681157216,0
ORD502572,CUST101139,560031,0.23322461400002217,0.1918817018934806,1
ORD501413,CUST101785,560015,0.14011262016786832,0.2930958901877522,0
ORD501227,CUST100225,560004,0.23555814035267542,0.19762853761721605,0
ORD505181,CUST101786,560061,0.24032215738837232,0.14659676401055344,0
ORD504775,CUST100742,560101,0.1631917746791551,0.2210289590416924,0
ORD502722,CUST100104,560003,0.31538639948094277,0.21762362723276713,0
ORD506175,CUST101522,560023,0.20531291041990626,0.028472335602004763,0
ORD504501,CUST100549,560060,0.4286541617216226,0.148778104232636,0
ORD505594,CUST101867,560053,0.5160281983540809,0.2746954160023574,0
ORD505133,CUST101898,560071,0.06489025014638872,0.2846659660343278,1
ORD504923,CUST101161,560075,0.16621613591190618,0.04994448821558866,0
ORD504479,CUST101538,560072,0.22699526113290724,0.0983469859236676,0
ORD504835,CUST101489,560020,0.20603727462583565,0.2587614293950907,0
ORD503863,CUST101725,560045,0.18547844834681915,0.2009380398079108,0
ORD500325,CUST100545,560084,0.43544254381347786,0.3632584085729479,0
ORD505796,CUST100557,560044,0.29966387224425906,0.24271947144386585,0
ORD501473,CUST100107,560027,0.20995383460968203,0.3964081708913591,0
ORD501617,CUST100872,560071,0.3932300760602047,0.2846659660343278,1
ORD504056,CUST100834,560060,0.3606103729463374,0.148778104232636,0
ORD501162,CUST100205,560078,0.1840815893241802,0.14596790446960203,0
ORD502450,CUST100148,560088,0.08260669207550075,0.14077625183446615,0
ORD502537,CUST101893,560076,0.5724355175123372,0.1112464586243946,0
ORD502479,CUST101155,560038,0.16905533450981877,0.4922123466288645,0
ORD504669,CUST100343,560102,0.32801543383093573,0.3116574064541478,0
ORD503329,CUST101498,560004,0.3531752731850431,0.19762853761721605,0
ORD500514,CUST100474,560092,0.40080141861945334,0.4652541447815074,0
ORD506579,CUST100416,560036,0.3747717369370184,0.033224141114804616,0
ORD505868,CUST101923,560024,0.2187608136465921,0.08499988471741125,0
ORD500046,CUST101981,560065,0.2900814919469702,0.12481245587380058,0
ORD500349,CUST101167,560118,0.13447679373695556,0.21889163644714124,0
ORD504218,CUST100343,560094,0.32801543383093573,0.3010387326878104,0
ORD506992,CUST100792,560033,0.22353861829749067,0.2000167013897961,0
ORD503103,CUST101183,560047,0.5778690550660062,0.2140654816693931,0
ORD503391,CUST100557,560106,0.29966387224425906,0.19267676572383044,1
ORD501911,CUST100869,560060,0.28777911789869554,0.148778104232636,0
ORD507238,CUST101183,560113,0.5778690550660062,0.05073967111486112,0
ORD504406,CUST100713,560096,0.13711908445634313,0.13143597660081374,0
ORD500850,CUST100231,560092,0.45454338905514596,0.4652541447815074,0
ORD500801,CUST101605,560006,0.49601195214072946,0.0359397910518748,1
ORD504187,CUST101310,560012,0.10455647633282088,0.08031914452505755,0
ORD504964,CUST100576,560052,0.09342709211833844,0.10086571587923499,0
ORD504935,CUST101062,560064,0.41201621260086296,0.4107390138477389,0
ORD507699,CUST101823,560065,0.19005319499583676,0.12481245587380058,0
ORD502703,CUST100213,560040,0.4606189281415165,0.13792726590918689,0
ORD501307,CUST101390,560015,0.08909689827440144,0.2930958901877522,0
ORD503235,CUST100872,560010,0.3932300760602047,0.26331848167006455,1
ORD505282,CUST100364,560107,0.3358319706571889,0.4249338442310718,0
ORD500562,CUST100994,560115,0.2929753795571785,0.23129979364443987,0
ORD506452,CUST101255,560058,0.499030903679795,0.20486674986456038,0
ORD502101,CUST101995,560089,0.07807759993705618,0.19467065107163697,0
ORD505500,CUST100228,560052,0.19264547693073103,0.10086571587923499,0
ORD502582,CUST100393,560081,0.342931829566947,0.1954421444622332,0
ORD505792,CUST101139,560031,0.23322461400002217,0.1918817018934806,0
ORD504099,CUST100651,560039,0.22367316697863052,0.08257987664945507,1
ORD502481,CUST101033,560085,0.01988411474478299,0.24590610537959195,0
ORD507676,CUST100034,560041,0.46365026623247513,0.1311386209542706,0
ORD505974,CUST100918,560022,0.3490767652545195,0.12028576980936151,0
ORD501629,CUST100418,560069,0.26428705277408854,0.11654125384957931,0
ORD502316,CUST100545,560016,0.43544254381347786,0.21649401012539535,0
ORD502515,CUST100494,560097,0.1701013638867513,0.2209193286304174,0
ORD503246,CUST101966,560093,0.2834169609687111,0.1005035939480502,0
ORD501868,CUST101239,560056,0.37912574798973386,0.1311151942786954,0
ORD500753,CUST100047,560011,0.5115239173587337,0.26287102465088363,0
ORD507198,CUST100231,560028,0.45454338905514596,0.033656118245986556,1
ORD503617,CUST101543,560072,0.4487444125680534,0.0983469859236676,0
ORD505312,CUST101429,560042,0.06293286811999019,0.20272897456368089,0
ORD503682,CUST101840,560092,0.20562139849958486,0.4652541447815074,1
ORD504067,CUST101450,560031,0.1557828750079239,0.1918817018934806,0
ORD503774,CUST101260,560070,0.025626651592133984,0.20224062701049086,0
ORD505845,CUST101608,560055,0.17874359530435505,0.24304583988795897,0
ORD502875,CUST101377,560109,0.15168052257429876,0.5252484997618413,0
ORD501230,CUST101037,560060,0.13503647604062696,0.148778104232636,0
ORD504583,CUST101199,560089,0.3902154867000258,0.19467065107163697,0
ORD507100,CUST100983,560019,0.4188419817280566,0.048751952975078075,0
ORD500733,CUST100677,560007,0.3529689970289334,0.4115118018852822,0
ORD505157,CUST101639,560040,0.16882341312566285,0.13792726590918689,0
ORD503465,CUST101437,560088,0.057332321813472586,0.14077625183446615,0
ORD503069,CUST100593,560000,0.5074769095568444,0.0499470929340503,1
ORD505982,CUST100438,560117,0.18263332309352803,0.07519208933625972,0
ORD500929,CUST101767,560036,0.49167863541992063,0.033224141114804616,0
ORD503162,CUST100667,560025,0.26144358598698514,0.12731929297945457,1
ORD500818,CUST100405,560071,0.16177634634701885,0.2846659660343278,1
ORD507522,CUST101367,560085,0.3082416536394819,0.24590610537959195,0
ORD504236,CUST100181,560098,0.3429201594793872,0.20695366556821226,1
ORD505641,CUST100689,560080,0.07765630758757154,0.35705055052060225,0
ORD504024,CUST101121,560115,0.19032803455723113,0.23129979364443987,0
ORD505373,CUST101062,560038,0.41201621260086296,0.4922123466288645,1
ORD503539,CUST100354,560058,0.41400072201775984,0.20486674986456038,0
ORD505479,CUST100883,560015,0.2641982590775291,0.2930958901877522,0
ORD505876,CUST100708,560118,0.3167306496511369,0.21889163644714124,0
ORD503387,CUST101884,560105,0.47645555276211093,0.2610606417315302,0
ORD502976,CUST101263,560048,0.2529589627356025,0.48509059761807705,0
ORD500888,CUST100410,560005,0.34134778732339127,0.3717167319646953,0
ORD502012,CUST101815,560066,0.23825396659276094,0.44863880467564937,0
ORD505270,CUST101060,560067,0.16318059278927063,0.2626412720928802,0
ORD505713,CUST101441,560057,0.1714778898070714,0.06751530873316719,0
ORD501822,CUST100532,560115,0.11716756530475335,0.23129979364443987,0
ORD507095,CUST100281,560051,0.10820090543681238,0.06321104945248114,0
ORD503631,CUST101800,560067,0.09640968683203537,0.2626412720928802,0
ORD502638,CUST100407,560066,0.47099044798312795,0.44863880467564937,1
ORD504643,CUST100541,560011,0.16757657415686808,0.26287102465088363,0
ORD502011,CUST100674,560024,0.5430110256129925,0.08499988471741125,0
ORD505439,CUST101335,560117,0.2437877142910798,0.07519208933625972,0
ORD507063,CUST101638,560048,0.1155768135052856,0.48509059761807705,0
ORD504765,CUST101995,560001,0.07807759993705618,0.4276493248809966,0
ORD506302,CUST100906,560104,0.32608688428099614,0.1241972485306535,0
ORD505489,CUST101777,560030,0.26223243156670895,0.07698134180032012,0
ORD500602,CUST101203,560043,0.2125095205336983,0.10924789759182774,0
ORD502077,CUST100727,560036,0.3958008976746133,0.033224141114804616,0
ORD505828,CUST100318,560117,0.2709409123393363,0.07519208933625972,0
ORD502306,CUST101924,560074,0.2637622447361595,0.07273808090514074,0
ORD505332,CUST100064,560110,0.1683531119228636,0.4429461963712056,0
ORD504308,CUST100192,560092,0.22287364608691065,0.4652541447815074,0
ORD505035,CUST100236,560014,0.3408921063238981,0.32405610103166854,1
ORD506296,CUST100689,560070,0.07765630758757154,0.20224062701049086,0
ORD505669,CUST100760,560091,0.5339292911487254,0.363756533272939,1
ORD504055,CUST101665,560118,0.15993845447034097,0.21889163644714124,0
ORD501812,CUST101062,560042,0.41201621260086296,0.20272897456368089,0
ORD505703,CUST101796,560064,0.22868809183843242,0.4107390138477389,0
ORD500725,CUST100557,560006,0.29966387224425906,0.0359397910518748,0
ORD505364,CUST100588,560035,0.46219689800581915,0.44644714587366313,0
ORD504075,CUST100021,560106,0.1410237131485087,0.19267676572383044,0
ORD502752,CUST100376,560037,0.11496764830095485,0.20052614877754213,0
ORD502106,CUST100364,560045,0.3358319706571889,0.2009380398079108,0
ORD504697,CUST100758,560064,0.24914756669541444,0.4107390138477389,0
ORD502796,CUST101139,560027,0.23322461400002217,0.3964081708913591,0
ORD502766,CUST100260,560057,0.11390723161822383,0.06751530873316719,0
ORD502303,CUST100935,560017,0.48051431524057286,0.14572183941573405,1
ORD504834,CUST100541,560072,0.16757657415686808,0.0983469859236676,0
ORD506250,CUST101127,560105,0.3745044727737293,0.2610606417315302,1
ORD507192,CUST100831,560007,0.253703703091924,0.4115118018852822,0
ORD507074,CUST100955,560104,0.11811596545419961,0.1241972485306535,0
ORD507881,CUST101608,560069,0.17874359530435505,0.11654125384957931,1
ORD503892,CUST100415,560083,0.5646604890779957,0.09761538384380626,0
ORD504547,CUST100328,560110,0.4390524811910615,0.4429461963712056,0
ORD501181,CUST100888,560026,0.46669449990302514,0.06415183632714254,0
ORD503915,CUST101203,560065,0.2125095205336983,0.12481245587380058,0
ORD507817,CUST101657,560091,0.1638237871995477,0.363756533272939,0
ORD503257,CUST100485,560014,0.06329685196438278,0.32405610103166854,0
ORD502470,CUST101065,560026,0.07052430012811775,0.06415183632714254,0
ORD500084,CUST100370,560055,0.3389478327833424,0.24304583988795897,0
ORD506162,CUST100270,560002,0.07319325355511432,0.06816617099651445,0
ORD500199,CUST101209,560062,0.01997628607250876,0.36167936673581547,0
ORD505013,CUST101556,560065,0.22829920586186425,0.12481245587380058,1
ORD505592,CUST100515,560115,0.1354858514772503,0.23129979364443987,0
ORD503448,CUST100647,560064,0.19519031892731586,0.4107390138477389,1
ORD504333,CUST101764,560028,0.28926297392974754,0.033656118245986556,0
ORD503177,CUST101235,560013,0.20303792515211894,0.18703349260237212,0
ORD506570,CUST101714,560012,0.13940452811239296,0.08031914452505755,0
ORD504537,CUST101752,560034,0.16591709371485674,0.2969408870047299,0
ORD502950,CUST100772,560082,0.11715758970115171,0.4036521734896382,0
ORD501133,CUST101200,560117,0.28561236380859273,0.07519208933625972,0
ORD507751,CUST100306,560103,0.3016559281489719,0.2331908497366693,0
ORD503213,CUST101564,560103,0.3713254962644568,0.2331908497366693,0
ORD502855,CUST100250,560091,0.16575944830463707,0.363756533272939,1
ORD503967,CUST100047,560055,0.5115239173587337,0.24304583988795897,1
ORD506874,CUST100505,560044,0.21438054858203234,0.24271947144386585,0
ORD503778,CUST101203,560117,0.2125095205336983,0.07519208933625972,1
ORD500279,CUST100797,560008,0.23022453315656305,0.3291430834854005,0
ORD503221,CUST100315,560029,0.1494736716851247,0.13120234612701753,0
ORD505148,CUST101865,560084,0.16618064762524468,0.3632584085729479,0
ORD504181,CUST100929,560043,0.36354469517161425,0.10924789759182774,0
ORD504082,CUST100073,560083,0.20565504312437694,0.09761538384380626,0
ORD502779,CUST100208,560068,0.19975800750299405,0.12357375658063682,0
ORD501509,CUST101382,560035,0.3114812131057777,0.44644714587366313,0
ORD504259,CUST100231,560001,0.45454338905514596,0.4276493248809966,1
ORD507667,CUST101430,560045,0.3599162346721973,0.2009380398079108,0
ORD502923,CUST101114,560086,0.3322750053957769,0.007482278722774853,0
ORD501099,CUST101841,560057,0.2681187828107988,0.06751530873316719,0
ORD502076,CUST100408,560102,0.15960867264431888,0.3116574064541478,0
ORD501767,CUST100085,560085,0.07704457522442643,0.24590610537959195,0
ORD505073,CUST101224,560047,0.28728184136073764,0.2140654816693931,1
ORD501538,CUST101885,560026,0.23972119792201732,0.06415183632714254,1
ORD505785,CUST100120,560013,0.23228588338828865,0.18703349260237212,0
ORD502121,CUST101127,560072,0.3745044727737293,0.0983469859236676,0
ORD506750,CUST101123,560115,0.3100531060522249,0.23129979364443987,0
ORD505117,CUST101789,560048,0.23223035599885355,0.48509059761807705,0
ORD500008,CUST100988,560094,0.13672265930414002,0.3010387326878104,1
ORD506843,CUST101969,560080,0.3615433730343218,0.35705055052060225,0
ORD501427,CUST100160,560006,0.19434600150643108,0.0359397910518748,0
ORD506308,CUST100193,560011,0.3017312798128869,0.26287102465088363,0
ORD506310,CUST100759,560060,0.14931459557255047,0.148778104232636,0
ORD503171,CUST100720,560053,0.15907916050519422,0.2746954160023574,0
ORD506952,CUST100007,560092,0.130383422505818,0.4652541447815074,0
ORD505469,CUST100633,560110,0.22490603406589493,0.4429461963712056,0
ORD504558,CUST100225,560033,0.23555814035267542,0.2000167013897961,1
ORD503862,CUST101430,560054,0.3599162346721973,0.10632638057233394,0
ORD507032,CUST101804,560091,0.23198383898700856,0.363756533272939,0
ORD503614,CUST101139,560102,0.23322461400002217,0.3116574064541478,0
ORD500329,CUST100872,560034,0.3932300760602047,0.2969408870047299,0
ORD506044,CUST100001,560020,0.24614417619698423,0.2587614293950907,0
ORD505848,CUST101432,560025,0.03170648536110114,0.12731929297945457,0
ORD503816,CUST101203,560034,0.2125095205336983,0.2969408870047299,0
ORD502500,CUST100463,560055,0.39222478041522824,0.24304583988795897,0
ORD505687,CUST100257,560097,0.5318032893846185,0.2209193286304174,0
ORD503564,CUST101230,560086,0.39659824148256273,0.007482278722774853,1
ORD500078,CUST101469,560114,0.378227111516899,0.11153289416689233,0
ORD504963,CUST101875,560049,0.20866604375382167,0.10008282781565703,0
ORD507118,CUST101437,560086,0.057332321813472586,0.007482278722774853,0
ORD506975,CUST101019,560033,0.6232471313126572,0.2000167013897961,0
ORD505449,CUST101586,560043,0.41790976805842955,0.10924789759182774,0
ORD505217,CUST101764,560073,0.28926297392974754,0.40608187581223554,0
ORD504437,CUST101774,560010,0.05265299103232271,0.26331848167006455,0
ORD504820,CUST100108,560084,0.49679037091398126,0.3632584085729479,0
ORD500592,CUST101198,560004,0.2881500103318511,0.19762853761721605,0
ORD501784,CUST101878,560111,0.24266907923144335,0.1318273625407665,0
ORD500324,CUST100455,560041,0.28099909876364537,0.1311386209542706,0
ORD507986,CUST100194,560045,0.36187966998918064,0.2009380398079108,0
ORD505780,CUST100969,560101,0.2242568503464618,0.2210289590416924,0
ORD505475,CUST100001,560017,0.24614417619698423,0.14572183941573405,0
ORD501939,CUST101270,560097,0.19279182743191678,0.2209193286304174,1
ORD504521,CUST100343,560099,0.32801543383093573,0.15847855826528787,0
ORD501968,CUST100464,560053,0.5362129046914219,0.2746954160023574,0
ORD503881,CUST100296,560071,0.2216976101384966,0.2846659660343278,0
ORD500451,CUST100696,560022,0.1273977253721659,0.12028576980936151,0
ORD501364,CUST100835,560042,0.33694071508209505,0.20272897456368089,0
ORD501441,CUST100754,560085,0.3587819541053284,0.24590610537959195,0
ORD507456,CUST100566,560005,0.3692350826198513,0.3717167319646953,1
ORD506802,CUST101892,560012,0.22566982488398443,0.08031914452505755,0
ORD507956,CUST100973,560093,0.1877613483299769,0.1005035939480502,0
ORD500140,CUST100669,560092,0.2662137094395429,0.4652541447815074,1
ORD500884,CUST100988,560078,0.13672265930414002,0.14596790446960203,0
ORD500553,CUST100713,560022,0.13711908445634313,0.12028576980936151,0
ORD507133,CUST101800,560094,0.09640968683203537,0.3010387326878104,0
ORD507263,CUST101587,560106,0.22811637086575837,0.19267676572383044,0
ORD507876,CUST101106,560094,0.1941016350133047,0.3010387326878104,0
ORD503409,CUST101823,560053,0.19005319499583676,0.2746954160023574,0
ORD503743,CUST101323,560113,0.26603876877990845,0.05073967111486112,0
ORD506421,CUST101161,560044,0.16621613591190618,0.24271947144386585,0
ORD506605,CUST101160,560047,0.15017886247881426,0.2140654816693931,0
ORD507864,CUST100337,560047,0.07564649186667005,0.2140654816693931,0
ORD504636,CUST101465,560031,0.2855087147460683,0.1918817018934806,0
ORD503875,CUST100557,560080,0.29966387224425906,0.35705055052060225,0
ORD500673,CUST100147,560018,0.14849469586761202,0.15888837338663903,1
ORD500557,CUST101684,560074,0.10106250269992674,0.07273808090514074,0
ORD505040,CUST101157,560119,0.19581630906596817,0.23009324809977014,0
ORD501879,CUST100960,560070,0.45832686197594585,0.20224062701049086,0
ORD501354,CUST100557,560070,0.29966387224425906,0.20224062701049086,0
ORD503968,CUST100666,560001,0.2651400660439152,0.4276493248809966,0
ORD503308,CUST101987,560041,0.14215871192130625,0.1311386209542706,0
ORD502176,CUST100307,560018,0.2923331864352393,0.15888837338663903,0
ORD500591,CUST101929,560098,0.32197007802918726,0.20695366556821226,1
ORD507006,CUST100906,560016,0.32608688428099614,0.21649401012539535,0
ORD503745,CUST100540,560074,0.18576378008237582,0.07273808090514074,0
ORD501966,CUST100758,560089,0.24914756669541444,0.19467065107163697,0
ORD504068,CUST101035,560087,0.15300387400549803,0.2319307941510612,0
ORD505520,CUST101628,560090,0.5060698046512045,0.0937263908731933,1
ORD505563,CUST101391,560106,0.365393155319265,0.19267676572383044,0
ORD500081,CUST100701,560001,0.19232962782264554,0.4276493248809966,1
ORD507971,CUST101586,560059,0.41790976805842955,0.06343485879816538,0
ORD501783,CUST101106,560093,0.1941016350133047,0.1005035939480502,0
ORD506887,CUST101405,560068,0.10805585097920675,0.12357375658063682,0
ORD504651,CUST100248,560068,0.07981520295766234,0.12357375658063682,0
ORD504513,CUST100309,560044,0.09221080951028436,0.24271947144386585,0
ORD502772,CUST100725,560108,0.17751620465362142,0.3345971676330574,0
ORD507500,CUST100689,560069,0.07765630758757154,0.11654125384957931,0
ORD507359,CUST101071,560019,0.25835687511761124,0.048751952975078075,0
ORD505816,CUST101663,560076,0.12207735692990353,0.1112464586243946,0
ORD504322,CUST100557,560056,0.29966387224425906,0.1311151942786954,1
ORD501178,CUST101579,560018,0.48168131853356183,0.15888837338663903,0
ORD506567,CUST101814,560007,0.43976406813205154,0.4115118018852822,0
ORD506214,CUST101972,560027,0.4004308402028242,0.3964081708913591,1
ORD500763,CUST101045,560035,0.14850656263461232,0.44644714587366313,1
ORD507258,CUST101246,560042,0.32724707914173723,0.20272897456368089,0
ORD500614,CUST100064,560028,0.1683531119228636,0.033656118245986556,0
ORD503188,CUST100779,560078,0.2710023330573775,0.14596790446960203,0
ORD504620,CUST101301,560083,0.2771388724478905,0.09761538384380626,0
ORD507555,CUST100674,560028,0.5430110256129925,0.033656118245986556,0
ORD503878,CUST100708,560108,0.3167306496511369,0.3345971676330574,0
ORD504752,CUST101404,560076,0.3466570984479526,0.1112464586243946,1
ORD502185,CUST100405,560077,0.16177634634701885,0.48289222403515625,0
ORD501170,CUST100804,560010,0.1551290607295607,0.26331848167006455,0
ORD500940,CUST101013,560090,0.12990699426254682,0.0937263908731933,0
ORD501748,CUST100364,560001,0.3358319706571889,0.4276493248809966,0
ORD504208,CUST100024,560078,0.3173771501855524,0.14596790446960203,0
ORD500985,CUST100589,560085,0.18270874579895838,0.24590610537959195,0
ORD501472,CUST101582,560079,0.15209305585769578,0.17876544501708239,0
ORD506785,CUST100877,560109,0.2886910483536643,0.5252484997618413,0
ORD502396,CUST100232,560021,0.2568909066288726,0.07930465192162388,0
ORD507749,CUST100432,560052,0.15705197005739738,0.10086571587923499,0
ORD500359,CUST101312,560081,0.2806836874022699,0.1954421444622332,0
ORD500864,CUST100520,560038,0.3820936747712913,0.4922123466288645,0
ORD504903,CUST100824,560090,0.31890171190990224,0.0937263908731933,0
ORD504295,CUST100423,560038,0.24706696213115537,0.4922123466288645,0
ORD507072,CUST101705,560103,0.4885772979702219,0.2331908497366693,0
ORD503431,CUST101543,560043,0.4487444125680534,0.10924789759182774,0
ORD501093,CUST100414,560028,0.22490754943212576,0.033656118245986556,0
ORD505118,CUST101505,560105,0.327820315683397,0.2610606417315302,0
ORD505204,CUST100503,560116,0.12149518069965874,0.21263077921125112,0
ORD502531,CUST101551,560029,0.2522211494965068,0.13120234612701753,0
ORD505292,CUST101832,560057,0.37680305773960615,0.06751530873316719,0
ORD501340,CUST100256,560003,0.16298051973655406,0.21762362723276713,0
ORD504663,CUST100759,560076,0.14931459557255047,0.1112464586243946,0
ORD504098,CUST101174,560057,0.24288612464795906,0.06751530873316719,0
ORD507633,CUST100447,560003,0.5866676553486984,0.21762362723276713,1
ORD504112,CUST101183,560017,0.5778690550660062,0.14572183941573405,1
ORD502430,CUST100929,560011,0.36354469517161425,0.26287102465088363,0
ORD500770,CUST101701,560046,0.3061840886816502,0.30307755392063607,1
ORD505666,CUST100975,560016,0.24375656389178965,0.21649401012539535,0
ORD506672,CUST101462,560118,0.3125179502823467,0.21889163644714124,0
ORD506456,CUST100315,560118,0.1494736716851247,0.21889163644714124,0
ORD500952,CUST100403,560066,0.20115272590154482,0.44863880467564937,1
ORD505300,CUST101040,560105,0.16203598004927997,0.2610606417315302,0
ORD501095,CUST100888,560102,0.46669449990302514,0.3116574064541478,1
ORD500100,CUST100246,560004,0.05848742659984804,0.19762853761721605,0
ORD505278,CUST100002,560005,0.34580639956730186,0.3717167319646953,0
ORD500969,CUST100156,560041,0.3901665947912998,0.1311386209542706,0
ORD503104,CUST101429,560043,0.06293286811999019,0.10924789759182774,0
ORD503444,CUST101138,560008,0.28394012327509494,0.3291430834854005,0
ORD502877,CUST100262,560080,0.40428580651687857,0.35705055052060225,0
ORD507528,CUST100745,560032,0.3262085168617317,0.2652671681157216,0
ORD502596,CUST100972,560039,0.09178487213330938,0.08257987664945507,0
ORD501484,CUST101405,560076,0.10805585097920675,0.1112464586243946,0
ORD502422,CUST100041,560068,0.3750474517068999,0.12357375658063682,0
ORD504909,CUST101553,560038,0.10497605305635782,0.4922123466288645,0
ORD507707,CUST100116,560059,0.24874291058771908,0.06343485879816538,0
ORD501355,CUST100771,560081,0.20039473636740185,0.1954421444622332,0
ORD504132,CUST101106,560007,0.1941016350133047,0.4115118018852822,0
ORD501957,CUST101604,560099,0.03414947489079951,0.15847855826528787,0
ORD502910,CUST100194,560001,0.36187966998918064,0.4276493248809966,1
ORD501821,CUST100515,560051,0.1354858514772503,0.06321104945248114,0
ORD507816,CUST101680,560118,0.21070586416647988,0.21889163644714124,0
ORD500363,CUST100192,560052,0.22287364608691065,0.10086571587923499,0
ORD506911,CUST101586,560008,0.41790976805842955,0.3291430834854005,1
ORD504676,CUST100480,560082,0.1339182046543242,0.4036521734896382,0
ORD505106,CUST101858,560022,0.43879665490804126,0.12028576980936151,0
ORD505778,CUST101161,560115,0.16621613591190618,0.23129979364443987,0
ORD504190,CUST100906,560092,0.32608688428099614,0.4652541447815074,1
ORD506739,CUST101211,560007,0.16597882724428165,0.4115118018852822,0
ORD505495,CUST100861,560075,0.3626697249106457,0.04994448821558866,1
ORD504482,CUST100371,560058,0.4117635856604261,0.20486674986456038,1
ORD501663,CUST101578,560103,0.30010531142324876,0.2331908497366693,0
ORD500983,CUST101095,560012,0.35523940842035023,0.08031914452505755,0
ORD507927,CUST100996,560047,0.13249406485160603,0.2140654816693931,0
ORD505249,CUST101151,560086,0.17064912335076665,0.007482278722774853,0
ORD504077,CUST100901,560067,0.18779275691082997,0.2626412720928802,0
ORD507300,CUST101724,560112,0.1584756573347015,0.10046769389686781,0
ORD500874,CUST100455,560037,0.28099909876364537,0.20052614877754213,0
ORD501736,CUST101183,560078,0.5778690550660062,0.14596790446960203,0
ORD501208,CUST100292,560027,0.08969748337101224,0.3964081708913591,0
ORD506518,CUST100986,560073,0.09444812964273698,0.40608187581223554,0
ORD503796,CUST101820,560016,0.19540646933647957,0.21649401012539535,0
ORD507777,CUST101505,560050,0.327820315683397,0.39804978962446785,1
ORD507646,CUST101184,560055,0.09769555583740164,0.24304583988795897,0
ORD504305,CUST101019,560071,0.6232471313126572,0.2846659660343278,1
ORD500244,CUST100306,560032,0.3016559281489719,0.2652671681157216,0
ORD504551,CUST100805,560031,0.14603763063941222,0.1918817018934806,0
ORD500584,CUST101020,560045,0.2598405478252003,0.2009380398079108,0
ORD501142,CUST101169,560039,0.3732382241958619,0.08257987664945507,0
ORD503696,CUST100075,560035,0.46113145613975703,0.44644714587366313,1
ORD506400,CUST101170,560077,0.5238048460002951,0.48289222403515625,1
ORD505286,CUST101929,560081,0.32197007802918726,0.1954421444622332,0
ORD503038,CUST100877,560056,0.2886910483536643,0.1311151942786954,1
ORD501080,CUST100088,560026,0.20401397040683977,0.06415183632714254,0
ORD507498,CUST101267,560095,0.08855690793325809,0.1770255930012656,0
ORD506594,CUST100435,560099,0.15409376748987197,0.15847855826528787,0
ORD504038,CUST101516,560033,0.14480130003921363,0.2000167013897961,0
ORD504224,CUST100106,560051,0.20764438235860783,0.06321104945248114,0
ORD507534,CUST100296,560068,0.2216976101384966,0.12357375658063682,0
ORD504352,CUST100624,560098,0.3571737769623766,0.20695366556821226,0
ORD505004,CUST101499,560009,0.24244302477569035,0.26522522319557623,0
ORD501229,CUST100566,560085,0.3692350826198513,0.24590610537959195,0
ORD505142,CUST100054,560042,0.3169418867271463,0.20272897456368089,0
ORD507470,CUST100120,560033,0.23228588338828865,0.2000167013897961,0
ORD502178,CUST101007,560039,0.3070825401363213,0.08257987664945507,0
ORD505675,CUST101893,560033,0.5724355175123372,0.2000167013897961,0
ORD500157,CUST101929,560086,0.32197007802918726,0.007482278722774853,0
ORD507449,CUST101114,560062,0.3322750053957769,0.36167936673581547,0
ORD506938,CUST101683,560026,0.5433640343510006,0.06415183632714254,0
ORD500156,CUST101337,560104,0.35218332075171865,0.1241972485306535,0
ORD505472,CUST101463,560112,0.31218816463367893,0.10046769389686781,0
ORD502065,CUST100301,560020,0.12241533806316059,0.2587614293950907,0
ORD500268,CUST101605,560084,0.49601195214072946,0.3632584085729479,1
ORD506840,CUST101209,560090,0.01997628607250876,0.0937263908731933,0
ORD501128,CUST100693,560052,0.09951530110540431,0.10086571587923499,0
ORD506346,CUST101768,560003,0.16350440472646338,0.21762362723276713,0
ORD506927,CUST100444,560111,0.4375803082647143,0.1318273625407665,1
ORD503377,CUST100120,560095,0.23228588338828865,0.1770255930012656,0
ORD507831,CUST100973,560064,0.1877613483299769,0.4107390138477389,1
ORD502765,CUST100457,560102,0.19332560170204371,0.3116574064541478,0
ORD506341,CUST100416,560077,0.3747717369370184,0.48289222403515625,1
ORD504897,CUST101838,560091,0.14345088018268304,0.363756533272939,0
ORD506762,CUST100906,560059,0.32608688428099614,0.06343485879816538,0
ORD500164,CUST100795,560012,0.10366830092965595,0.08031914452505755,0
ORD502067,CUST100424,560008,0.14393935494351567,0.3291430834854005,0
ORD507163,CUST100989,560074,0.05355460713855942,0.07273808090514074,0
ORD505558,CUST100319,560048,0.3958288561774479,0.48509059761807705,1
ORD502524,CUST100447,560108,0.5866676553486984,0.3345971676330574,1
ORD504364,CUST101467,560063,0.16625647957893838,0.19220896367361404,0
ORD504148,CUST101123,560019,0.3100531060522249,0.048751952975078075,0
ORD503550,CUST100674,560106,0.5430110256129925,0.19267676572383044,1
ORD507440,CUST101657,560036,0.1638237871995477,0.033224141114804616,0
ORD504726,CUST101620,560119,0.2229674740875284,0.23009324809977014,0
ORD505668,CUST100577,560014,0.2042925306906814,0.32405610103166854,0
ORD506736,CUST100935,560113,0.48051431524057286,0.05073967111486112,1
ORD503091,CUST100008,560006,0.2798243783472397,0.0359397910518748,1
ORD501720,CUST101581,560099,0.2208754307182698,0.15847855826528787,0
ORD507494,CUST101552,560093,0.33298947052367206,0.1005035939480502,0
ORD503410,CUST101263,560002,0.2529589627356025,0.06816617099651445,0
ORD500166,CUST100486,560040,0.4811050574869748,0.13792726590918689,0
ORD507930,CUST101183,560016,0.5778690550660062,0.21649401012539535,1
ORD500085,CUST100872,560069,0.3932300760602047,0.11654125384957931,0
ORD506805,CUST100687,560064,0.21032372896200763,0.4107390138477389,0
ORD502307,CUST101548,560090,0.06313776344111326,0.0937263908731933,0
ORD503464,CUST101735,560065,0.14806668407680584,0.12481245587380058,0
ORD503704,CUST100256,560013,0.16298051973655406,0.18703349260237212,0
ORD500240,CUST101062,560097,0.41201621260086296,0.2209193286304174,1
ORD502701,CUST100235,560048,0.38559486575544727,0.48509059761807705,1
ORD502611,CUST101431,560012,0.218617277433771,0.08031914452505755,0
ORD504376,CUST100057,560078,0.21714365268202862,0.14596790446960203,0
ORD503817,CUST101317,560097,0.26026096398636983,0.2209193286304174,0
ORD505611,CUST100727,560009,0.3958008976746133,0.26522522319557623,1
ORD507862,CUST101840,560097,0.20562139849958486,0.2209193286304174,0
ORD504445,CUST101183,560062,0.5778690550660062,0.36167936673581547,1
ORD505812,CUST100453,560055,0.26335659719559446,0.24304583988795897,0
ORD500876,CUST101701,560009,0.3061840886816502,0.26522522319557623,0
ORD500184,CUST101424,560098,0.29835639825248184,0.20695366556821226,0
ORD507785,CUST100262,560062,0.40428580651687857,0.36167936673581547,1
ORD501094,CUST101154,560093,0.08618414001595866,0.1005035939480502,0
ORD502529,CUST100876,560004,0.13027054687992426,0.19762853761721605,0
ORD504223,CUST100270,560034,0.07319325355511432,0.2969408870047299,0
ORD500499,CUST101499,560041,0.24244302477569035,0.1311386209542706,0
ORD502546,CUST101955,560062,0.46590838362476883,0.36167936673581547,1
ORD507693,CUST101154,560002,0.08618414001595866,0.06816617099651445,0
ORD503121,CUST101706,560119,0.19013727606296876,0.23009324809977014,0
ORD503132,CUST100708,560053,0.3167306496511369,0.2746954160023574,1
ORD504168,CUST101267,560028,0.08855690793325809,0.033656118245986556,0
ORD503977,CUST100079,560049,0.3923137330147234,0.10008282781565703,0
ORD506971,CUST101430,560004,0.3599162346721973,0.19762853761721605,1
ORD504078,CUST101503,560071,0.08414181684745654,0.2846659660343278,0
ORD505044,CUST100988,560023,0.13672265930414002,0.028472335602004763,0
ORD506523,CUST100619,560050,0.399926813908544,0.39804978962446785,1
ORD504659,CUST100524,560019,0.15250618963621082,0.048751952975078075,0
ORD504350,CUST100370,560109,0.3389478327833424,0.5252484997618413,0
ORD507103,CUST100807,560104,0.2451703788287927,0.1241972485306535,0
ORD506155,CUST100407,560104,0.47099044798312795,0.1241972485306535,1
ORD502712,CUST100834,560000,0.3606103729463374,0.0499470929340503,0
ORD501075,CUST101997,560001,0.22853820821676843,0.4276493248809966,0
ORD507392,CUST101123,560063,0.3100531060522249,0.19220896367361404,0
ORD502282,CUST101767,560065,0.49167863541992063,0.12481245587380058,0
ORD507219,CUST101878,560110,0.24266907923144335,0.4429461963712056,1
ORD506692,CUST100368,560023,0.15860848909227618,0.028472335602004763,0
ORD501881,CUST101974,560074,0.34912978504838177,0.07273808090514074,0
ORD506979,CUST101123,560086,0.3100531060522249,0.007482278722774853,0
ORD503275,CUST101909,560035,0.2835465556445335,0.44644714587366313,0
ORD502551,CUST101998,560060,0.055224922653398546,0.148778104232636,0
ORD504582,CUST101432,560083,0.03170648536110114,0.09761538384380626,0
ORD505988,CUST101826,560114,0.11251270016100487,0.11153289416689233,0
ORD506216,CUST101239,560090,0.37912574798973386,0.0937263908731933,0
ORD506312,CUST101016,560079,0.12135892854671987,0.17876544501708239,0
ORD502027,CUST100262,560088,0.40428580651687857,0.14077625183446615,0
ORD503540,CUST101246,560044,0.32724707914173723,0.24271947144386585,0
ORD506825,CUST101209,560100,0.01997628607250876,0.3742111996543805,0
ORD501430,CUST100541,560100,0.16757657415686808,0.3742111996543805,0
ORD505452,CUST100541,560045,0.16757657415686808,0.2009380398079108,0
ORD507509,CUST101118,560092,0.20566279538085244,0.4652541447815074,1
ORD503558,CUST100274,560069,0.11488476521704623,0.11654125384957931,0
ORD504240,CUST101772,560086,0.10334794649716562,0.007482278722774853,0
ORD505852,CUST101762,560075,0.3039523629091911,0.04994448821558866,0
ORD502618,CUST100416,560107,0.3747717369370184,0.4249338442310718,0
ORD503519,CUST100906,560088,0.32608688428099614,0.14077625183446615,0
ORD505553,CUST100551,560067,0.5069207836417344,0.2626412720928802,1
ORD506451,CUST100274,560002,0.11488476521704623,0.06816617099651445,0
ORD503191,CUST101164,560030,0.3221577863292197,0.07698134180032012,0
ORD504177,CUST100444,560094,0.4375803082647143,0.3010387326878104,0
ORD503072,CUST100183,560038,0.03002375015151436,0.4922123466288645,0
ORD507021,CUST100054,560112,0.3169418867271463,0.10046769389686781,0
ORD503454,CUST101430,560086,0.3599162346721973,0.007482278722774853,0
ORD505152,CUST100684,560040,0.44186887226166205,0.13792726590918689,0
ORD505674,CUST101290,560112,0.5570337202790928,0.10046769389686781,1
ORD507714,CUST101246,560079,0.32724707914173723,0.17876544501708239,0
ORD502926,CUST101552,560020,0.33298947052367206,0.2587614293950907,0
ORD504921,CUST101535,560073,0.12309958652800959,0.40608187581223554,1
ORD500766,CUST101762,560076,0.3039523629091911,0.1112464586243946,0
ORD501004,CUST101987,560107,0.14215871192130625,0.4249338442310718,1
ORD507172,CUST101494,560043,0.2134341407978907,0.10924789759182774,0
ORD507272,CUST101511,560100,0.28057291959922925,0.3742111996543805,0
ORD501697,CUST101007,560016,0.3070825401363213,0.21649401012539535,0
ORD507405,CUST100165,560005,0.3355449419523954,0.3717167319646953,0
ORD502445,CUST100370,560083,0.3389478327833424,0.09761538384380626,0
ORD502081,CUST101061,560011,0.2549543426849578,0.26287102465088363,0
ORD500154,CUST101728,560066,0.05948302988318497,0.44863880467564937,0
ORD507945,CUST101017,560074,0.17266454748931198,0.07273808090514074,0
ORD506655,CUST100048,560057,0.07638737713356161,0.06751530873316719,0
ORD503093,CUST100070,560076,0.1838032082155034,0.1112464586243946,0
ORD502762,CUST101640,560043,0.20197096566295353,0.10924789759182774,0
ORD500297,CUST101813,560069,0.2030309934759946,0.11654125384957931,0
ORD500617,CUST100315,560069,0.1494736716851247,0.11654125384957931,0
ORD504711,CUST100524,560087,0.15250618963621082,0.2319307941510612,0
ORD502327,CUST100001,560047,0.24614417619698423,0.2140654816693931,0
ORD504121,CUST100954,560060,0.32671402849596715,0.148778104232636,0
ORD503086,CUST100194,560008,0.36187966998918064,0.3291430834854005,1
ORD501434,CUST100557,560053,0.29966387224425906,0.2746954160023574,0
ORD506276,CUST101645,560082,0.2610257906047728,0.4036521734896382,0
ORD503836,CUST100969,560117,0.2242568503464618,0.07519208933625972,0
ORD506021,CUST101688,560075,0.09533373145424004,0.04994448821558866,0
ORD500439,CUST101390,560001,0.08909689827440144,0.4276493248809966,0
ORD506888,CUST100830,560110,0.2567955028288095,0.4429461963712056,1
ORD503016,CUST100556,560010,0.1171182105953482,0.26331848167006455,0
ORD503996,CUST101317,560030,0.26026096398636983,0.07698134180032012,0
ORD506563,CUST100772,560055,0.11715758970115171,0.24304583988795897,0
ORD505009,CUST101374,560023,0.3995571765478618,0.028472335602004763,0
ORD506775,CUST100684,560022,0.44186887226166205,0.12028576980936151,1
ORD503843,CUST100635,560081,0.30707185083804733,0.1954421444622332,0
ORD507559,CUST100674,560056,0.5430110256129925,0.1311151942786954,0
ORD507728,CUST100532,560094,0.11716756530475335,0.3010387326878104,0
ORD506876,CUST100687,560052,0.21032372896200763,0.10086571587923499,0
ORD503761,CUST101811,560105,0.1925519667542777,0.2610606417315302,1
ORD500653,CUST100906,560045,0.32608688428099614,0.2009380398079108,0
ORD500246,CUST101408,560029,0.5599391908775743,0.13120234612701753,1
ORD506535,CUST101267,560074,0.08855690793325809,0.07273808090514074,0
ORD502092,CUST100741,560049,0.214617447293301,0.10008282781565703,0
ORD506022,CUST101776,560035,0.2301728320733622,0.44644714587366313,1
ORD506699,CUST100872,560013,0.3932300760602047,0.18703349260237212,1
ORD506768,CUST101264,560005,0.3336905802824536,0.3717167319646953,1
ORD507636,CUST100037,560056,0.36643236650295463,0.1311151942786954,0
ORD503661,CUST101414,560078,0.32629214961265296,0.14596790446960203,1
ORD505598,CUST100228,560020,0.19264547693073103,0.2587614293950907,1
ORD504039,CUST100495,560066,0.24671647255501258,0.44863880467564937,0
ORD507435,CUST101823,560103,0.19005319499583676,0.2331908497366693,0
ORD505410,CUST100495,560004,0.24671647255501258,0.19762853761721605,0
ORD502861,CUST101216,560067,0.17029144689173453,0.2626412720928802,0
ORD500409,CUST100088,560037,0.20401397040683977,0.20052614877754213,0
ORD502374,CUST100096,560026,0.1084978665663723,0.06415183632714254,0
ORD502112,CUST101408,560011,0.5599391908775743,0.26287102465088363,1
ORD506448,CUST100645,560072,0.1725244850189034,0.0983469859236676,0
ORD506218,CUST100326,560076,0.2595265118239566,0.1112464586243946,0
ORD506292,CUST101473,560117,0.2833169040198567,0.07519208933625972,0
ORD507964,CUST101892,560038,0.22566982488398443,0.4922123466288645,0
ORD506339,CUST101573,560057,0.15145870832118505,0.06751530873316719,0
ORD501514,CUST101505,560079,0.327820315683397,0.17876544501708239,0
ORD501928,CUST100131,560079,0.46001324343588723,0.17876544501708239,1
ORD501479,CUST100681,560060,0.19294509639750945,0.148778104232636,0
ORD507430,CUST101608,560018,0.17874359530435505,0.15888837338663903,0
ORD501975,CUST101022,560068,0.14866291869075507,0.12357375658063682,0
ORD506820,CUST100001,560043,0.24614417619698423,0.10924789759182774,0
ORD507128,CUST100557,560061,0.29966387224425906,0.14659676401055344,0
ORD502460,CUST100009,560112,0.46015210405281526,0.10046769389686781,1
ORD502268,CUST101161,560021,0.16621613591190618,0.07930465192162388,0
ORD506070,CUST101278,560106,0.3820645343334161,0.19267676572383044,0
ORD503446,CUST101836,560056,0.3244384271345049,0.1311151942786954,0
ORD507221,CUST101200,560104,0.28561236380859273,0.1241972485306535,0
ORD506539,CUST100731,560112,0.7213996648786654,0.10046769389686781,1
ORD503334,CUST100988,560001,0.13672265930414002,0.4276493248809966,0
ORD501475,CUST101714,560103,0.13940452811239296,0.2331908497366693,0
ORD500577,CUST100444,560011,0.4375803082647143,0.26287102465088363,1
ORD506816,CUST100228,560025,0.19264547693073103,0.12731929297945457,1
ORD503000,CUST101892,560074,0.22566982488398443,0.07273808090514074,0
ORD507608,CUST101270,560055,0.19279182743191678,0.24304583988795897,0
ORD504632,CUST101740,560047,0.12380485100140662,0.2140654816693931,0
ORD504817,CUST101141,560009,0.12217237295002849,0.26522522319557623,1
ORD502659,CUST100767,560081,0.032184328914809754,0.1954421444622332,0
ORD506799,CUST100377,560015,0.23491334035445868,0.2930958901877522,0
ORD505120,CUST101390,560060,0.08909689827440144,0.148778104232636,0
ORD506985,CUST100577,560090,0.2042925306906814,0.0937263908731933,0
ORD505562,CUST100380,560014,0.1720539793002365,0.32405610103166854,0
ORD501570,CUST101269,560052,0.45385437384610405,0.10086571587923499,0
ORD501791,CUST100324,560019,0.372235180820969,0.048751952975078075,0
ORD501625,CUST101216,560088,0.17029144689173453,0.14077625183446615,0
ORD501950,CUST100297,560031,0.46818673352621776,0.1918817018934806,0
ORD502089,CUST100321,560035,0.42296540799688903,0.44644714587366313,0
ORD502595,CUST100620,560055,0.27762091119656535,0.24304583988795897,0
ORD505742,CUST101608,560109,0.17874359530435505,0.5252484997618413,0
ORD507737,CUST100474,560024,0.40080141861945334,0.08499988471741125,0
ORD504763,CUST101916,560092,0.24230976527158388,0.4652541447815074,1
ORD501883,CUST101543,560034,0.4487444125680534,0.2969408870047299,0
ORD506288,CUST101819,560001,0.1665935345577435,0.4276493248809966,0
ORD503041,CUST101177,560023,0.10924306466090244,0.028472335602004763,0
ORD501715,CUST101402,560102,0.18377901292066523,0.3116574064541478,0
ORD506134,CUST100924,560080,0.16110498237076418,0.35705055052060225,0
ORD500133,CUST100301,560050,0.12241533806316059,0.39804978962446785,0
ORD505407,CUST100431,560075,0.4862266497306529,0.04994448821558866,0
ORD501464,CUST101236,560052,0.4265528616071661,0.10086571587923499,1
ORD500683,CUST100215,560044,0.13269837554654837,0.24271947144386585,0
ORD505211,CUST101514,560064,0.17199749498052777,0.4107390138477389,0
ORD504601,CUST101139,560023,0.23322461400002217,0.028472335602004763,0
ORD501765,CUST101762,560076,0.3039523629091911,0.1112464586243946,0
ORD504718,CUST101543,560032,0.4487444125680534,0.2652671681157216,1
ORD501616,CUST100424,560054,0.14393935494351567,0.10632638057233394,0
ORD501260,CUST101620,560099,0.2229674740875284,0.15847855826528787,0
ORD506469,CUST100162,560040,0.03093946774227127,0.13792726590918689,0
ORD503085,CUST101669,560007,0.460372672724603,0.4115118018852822,1
ORD502271,CUST100785,560028,0.34624496400516935,0.033656118245986556,0
ORD506743,CUST100139,560094,0.25703386186733934,0.3010387326878104,1
ORD505225,CUST101959,560010,0.23676533290086588,0.26331848167006455,0
ORD506936,CUST101405,560065,0.10805585097920675,0.12481245587380058,0
ORD504986,CUST101892,560105,0.22566982488398443,0.2610606417315302,0
ORD503954,CUST101434,560055,0.15704974541258893,0.24304583988795897,0
ORD504561,CUST101970,560038,0.19779315867429847,0.4922123466288645,0
ORD504696,CUST100432,560112,0.15705197005739738,0.10046769389686781,0
ORD502417,CUST101614,560080,0.27618691334981427,0.35705055052060225,1
ORD501546,CUST101236,560103,0.4265528616071661,0.2331908497366693,1
ORD502783,CUST101657,560012,0.1638237871995477,0.08031914452505755,0
ORD501937,CUST100367,560085,0.2881986119409372,0.24590610537959195,0
ORD501497,CUST101794,560081,0.25410635275941446,0.1954421444622332,0
ORD502777,CUST101684,560028,0.10106250269992674,0.033656118245986556,0
ORD505046,CUST100975,560058,0.24375656389178965,0.20486674986456038,1
ORD505089,CUST101743,560115,0.1752426436464719,0.23129979364443987,0
ORD501149,CUST100222,560093,0.3666490656306323,0.1005035939480502,0
ORD503982,CUST101743,560016,0.1752426436464719,0.21649401012539535,0
ORD501987,CUST100251,560026,0.24989906497225137,0.06415183632714254,0
ORD501138,CUST101579,560068,0.48168131853356183,0.12357375658063682,0
ORD505583,CUST101268,560070,0.3633623231742147,0.20224062701049086,1
ORD506493,CUST101754,560009,0.29613475476055007,0.26522522319557623,1
ORD501882,CUST101430,560018,0.3599162346721973,0.15888837338663903,0
ORD502174,CUST100557,560020,0.29966387224425906,0.2587614293950907,0
ORD504382,CUST100538,560078,0.3745706193331196,0.14596790446960203,0
ORD507314,CUST101982,560090,0.4027719019933716,0.0937263908731933,1
ORD500023,CUST101349,560042,0.24252121289004466,0.20272897456368089,0
ORD502620,CUST100839,560086,0.22119532955938428,0.007482278722774853,0
ORD502416,CUST101809,560067,0.29567771626486417,0.2626412720928802,0
ORD502732,CUST101267,560034,0.08855690793325809,0.2969408870047299,0
ORD506173,CUST100737,560017,0.28605189907386597,0.14572183941573405,0
ORD501646,CUST101125,560084,0.3282776363453346,0.3632584085729479,0
ORD506639,CUST101579,560097,0.48168131853356183,0.2209193286304174,0
ORD506524,CUST100236,560035,0.3408921063238981,0.44644714587366313,1
ORD504191,CUST100834,560059,0.3606103729463374,0.06343485879816538,1
ORD505296,CUST100515,560024,0.1354858514772503,0.08499988471741125,0
ORD502737,CUST101173,560057,0.2741402637288957,0.06751530873316719,0
ORD504896,CUST101495,560052,0.14408399009348308,0.10086571587923499,0
ORD504010,CUST101916,560117,0.24230976527158388,0.07519208933625972,0
ORD502669,CUST101193,560041,0.42038115564156164,0.1311386209542706,0
ORD502146,CUST101833,560082,0.15774023097194656,0.4036521734896382,0
ORD505461,CUST100566,560104,0.3692350826198513,0.1241972485306535,0
ORD501053,CUST101228,560011,0.6024628659946172,0.26287102465088363,0
ORD501536,CUST101461,560099,0.14389940636283058,0.15847855826528787,0
ORD505283,CUST101466,560108,0.1239382463524116,0.3345971676330574,0
ORD500652,CUST100671,560027,0.1303770637866477,0.3964081708913591,0
ORD504013,CUST100541,560017,0.16757657415686808,0.14572183941573405,0
ORD503168,CUST100828,560071,0.3675495468595292,0.2846659660343278,0
ORD500852,CUST100855,560095,0.16212232763901274,0.1770255930012656,0
ORD501738,CUST101268,560058,0.3633623231742147,0.20486674986456038,0
ORD504000,CUST100687,560042,0.21032372896200763,0.20272897456368089,0
ORD504139,CUST100975,560115,0.24375656389178965,0.23129979364443987,0
ORD506688,CUST100964,560033,0.2696262010069623,0.2000167013897961,0
ORD500292,CUST100746,560091,0.2616303277944666,0.363756533272939,0
ORD504701,CUST101207,560118,0.5611873074821642,0.21889163644714124,1
ORD504102,CUST100125,560071,0.21055725528180214,0.2846659660343278,0
ORD506955,CUST101118,560079,0.20566279538085244,0.17876544501708239,1
ORD502873,CUST100973,560065,0.1877613483299769,0.12481245587380058,0
ORD501560,CUST100401,560081,0.4006136338939826,0.1954421444622332,0
ORD506608,CUST101270,560031,0.19279182743191678,0.1918817018934806,0
ORD504971,CUST100001,560115,0.24614417619698423,0.23129979364443987,0
ORD500121,CUST100983,560112,0.4188419817280566,0.10046769389686781,0
ORD507358,CUST100453,560114,0.26335659719559446,0.11153289416689233,0
ORD501361,CUST101200,560040,0.28561236380859273,0.13792726590918689,1
ORD507122,CUST101747,560052,0.1511299192506436,0.10086571587923499,0
ORD502651,CUST101991,560002,0.2777818209511354,0.06816617099651445,0
ORD502866,CUST100398,560105,0.11565315745837781,0.2610606417315302,0
ORD503304,CUST101431,560069,0.218617277433771,0.11654125384957931,1
ORD500492,CUST100120,560031,0.23228588338828865,0.1918817018934806,0
ORD505271,CUST101416,560021,0.138266238016098,0.07930465192162388,0
ORD504731,CUST100364,560020,0.3358319706571889,0.2587614293950907,0
ORD504796,CUST101542,560083,0.32804805966922695,0.09761538384380626,1
ORD500264,CUST101747,560099,0.1511299192506436,0.15847855826528787,0
ORD504138,CUST101841,560013,0.2681187828107988,0.18703349260237212,0
ORD502552,CUST101520,560026,0.602019510642507,0.06415183632714254,0
ORD501180,CUST101974,560025,0.34912978504838177,0.12731929297945457,0
ORD501036,CUST100448,560060,0.3724144400903301,0.148778104232636,1
ORD500919,CUST101268,560073,0.3633623231742147,0.40608187581223554,0
ORD503295,CUST100962,560112,0.26922230243613665,0.10046769389686781,0
ORD501734,CUST100426,560084,0.00915381002538853,0.3632584085729479,0
ORD505159,CUST100367,560058,0.2881986119409372,0.20486674986456038,0
ORD505494,CUST100370,560002,0.3389478327833424,0.06816617099651445,0
ORD505581,CUST100669,560091,0.2662137094395429,0.363756533272939,0
ORD505431,CUST101869,560059,0.15014274497728494,0.06343485879816538,0
ORD507252,CUST100001,560060,0.24614417619698423,0.148778104232636,0
ORD501433,CUST101662,560068,0.10650735560052575,0.12357375658063682,0
ORD505460,CUST100374,560110,0.32003705418313455,0.4429461963712056,0
ORD500477,CUST100185,560017,0.24645297721478737,0.14572183941573405,0
ORD505336,CUST101300,560101,0.25477385091470894,0.2210289590416924,1
ORD506208,CUST101815,560003,0.23825396659276094,0.21762362723276713,0
ORD500320,CUST101875,560107,0.20866604375382167,0.4249338442310718,1
ORD502498,CUST100227,560090,0.2560233812776348,0.0937263908731933,0
ORD502196,CUST101987,560103,0.14215871192130625,0.2331908497366693,0
ORD503014,CUST101767,560086,0.49167863541992063,0.007482278722774853,1
ORD502148,CUST100633,560106,0.22490603406589493,0.19267676572383044,1
ORD506272,CUST100114,560053,0.11388016972116154,0.2746954160023574,0
ORD503826,CUST101441,560043,0.1714778898070714,0.10924789759182774,0
ORD506069,CUST100089,560049,0.2779937156072131,0.10008282781565703,0
ORD506404,CUST101061,560109,0.2549543426849578,0.5252484997618413,1
ORD503412,CUST100538,560092,0.3745706193331196,0.4652541447815074,0
ORD507663,CUST100860,560043,0.28458392516216463,0.10924789759182774,0
ORD502679,CUST100774,560077,0.22369831123924852,0.48289222403515625,0
ORD501250,CUST101878,560092,0.24266907923144335,0.4652541447815074,1
ORD505207,CUST100410,560024,0.34134778732339127,0.08499988471741125,0
ORD501566,CUST101299,560065,0.09876501878229688,0.12481245587380058,0
ORD504650,CUST101206,560108,0.3796437757032056,0.3345971676330574,1
ORD505769,CUST100416,560010,0.3747717369370184,0.26331848167006455,0
ORD501747,CUST101268,560098,0.3633623231742147,0.20695366556821226,0
ORD502781,CUST101140,560004,0.0019976809791618253,0.19762853761721605,0
ORD500956,CUST100583,560045,0.35941268307576457,0.2009380398079108,1
ORD502822,CUST100040,560111,0.4395738617127692,0.1318273625407665,0
ORD504545,CUST101616,560071,0.19246692675026103,0.2846659660343278,0
ORD500825,CUST100377,560043,0.23491334035445868,0.10924789759182774,0
ORD505915,CUST100976,560087,0.3107796822198419,0.2319307941510612,0
ORD501970,CUST100684,560058,0.44186887226166205,0.20486674986456038,1
ORD506875,CUST101190,560008,0.22934603014251098,0.3291430834854005,0
ORD501865,CUST100315,560015,0.1494736716851247,0.2930958901877522,0
ORD500327,CUST100684,560030,0.44186887226166205,0.07698134180032012,0
ORD506424,CUST100870,560093,0.3550097873823574,0.1005035939480502,0
ORD507130,CUST101343,560039,0.10851890467822632,0.08257987664945507,0
ORD500367,CUST100353,560009,0.27580452681496,0.26522522319557623,0
ORD502329,CUST101638,560114,0.1155768135052856,0.11153289416689233,0
ORD500545,CUST100150,560011,0.2732031279049196,0.26287102465088363,1
ORD507062,CUST101153,560065,0.08192303219110879,0.12481245587380058,0
ORD504283,CUST101789,560025,0.23223035599885355,0.12731929297945457,0
ORD503942,CUST101714,560043,0.13940452811239296,0.10924789759182774,0
ORD503560,CUST100193,560067,0.3017312798128869,0.2626412720928802,1
ORD503109,CUST100410,560045,0.34134778732339127,0.2009380398079108,0
ORD501895,CUST100888,560008,0.46669449990302514,0.3291430834854005,1
ORD502696,CUST101639,560094,0.16882341312566285,0.3010387326878104,0
ORD507035,CUST100453,560103,0.26335659719559446,0.2331908497366693,0
ORD504534,CUST100130,560036,0.2819624566275652,0.033224141114804616,0
ORD505989,CUST100383,560106,0.38721590235978126,0.19267676572383044,0
ORD505893,CUST100316,560012,0.1593139112983569,0.08031914452505755,0
ORD504785,CUST100258,560098,0.024014279411654592,0.20695366556821226,0
ORD502839,CUST101974,560091,0.34912978504838177,0.363756533272939,1
ORD500605,CUST100393,560067,0.342931829566947,0.2626412720928802,0
ORD501482,CUST101430,560096,0.3599162346721973,0.13143597660081374,0
ORD505464,CUST100592,560087,0.32765833124561905,0.2319307941510612,1
ORD502941,CUST100120,560029,0.23228588338828865,0.13120234612701753,0
ORD507793,CUST101809,560065,0.29567771626486417,0.12481245587380058,0
ORD501569,CUST101654,560003,0.13260324584885425,0.21762362723276713,0
ORD500036,CUST100304,560038,0.21199326223067969,0.4922123466288645,0
ORD502559,CUST100452,560047,0.4369142138857339,0.2140654816693931,0
ORD506827,CUST100729,560100,0.3291714982648717,0.3742111996543805,1
ORD500033,CUST100575,560011,0.3734683492632352,0.26287102465088363,0
ORD502769,CUST101552,560115,0.33298947052367206,0.23129979364443987,0
ORD503722,CUST101294,560088,0.06184401095130109,0.14077625183446615,0
ORD505350,CUST101261,560020,0.1063774454507707,0.2587614293950907,0
ORD504764,CUST100835,560029,0.33694071508209505,0.13120234612701753,1
ORD503268,CUST101730,560018,0.20257060460374818,0.15888837338663903,1
ORD505454,CUST101980,560015,0.11972418445691337,0.2930958901877522,0
ORD506102,CUST100580,560019,0.30696088944893785,0.048751952975078075,0
ORD504265,CUST101604,560040,0.03414947489079951,0.13792726590918689,0
ORD503595,CUST100057,560053,0.21714365268202862,0.2746954160023574,0
ORD504301,CUST101587,560043,0.22811637086575837,0.10924789759182774,0
ORD502353,CUST101360,560026,0.27271275192114813,0.06415183632714254,0
ORD504117,CUST101203,560085,0.2125095205336983,0.24590610537959195,0
ORD505864,CUST100262,560018,0.40428580651687857,0.15888837338663903,0
ORD506055,CUST101167,560048,0.13447679373695556,0.48509059761807705,0
ORD507428,CUST101940,560044,0.2622218360153778,0.24271947144386585,0
ORD502798,CUST101479,560079,0.29635193170568336,0.17876544501708239,0
ORD500887,CUST100573,560067,0.158432901455159,0.2626412720928802,1
ORD506490,CUST101884,560059,0.47645555276211093,0.06343485879816538,1
ORD506458,CUST101134,560055,0.10966045330543371,0.24304583988795897,0
ORD507577,CUST101368,560086,0.16031144631830624,0.007482278722774853,0
ORD502842,CUST100727,560047,0.3958008976746133,0.2140654816693931,0
ORD507955,CUST100942,560068,0.11987616569058317,0.12357375658063682,0
ORD502499,CUST101300,560077,0.25477385091470894,0.48289222403515625,0
ORD507787,CUST100792,560097,0.22353861829749067,0.2209193286304174,0
ORD505636,CUST101261,560031,0.1063774454507707,0.1918817018934806,0
ORD500125,CUST100410,560025,0.34134778732339127,0.12731929297945457,0
ORD507310,CUST101227,560096,0.11503655846878144,0.13143597660081374,0
ORD503884,CUST101973,560104,0.49045757614031654,0.1241972485306535,0
ORD506654,CUST101125,560012,0.3282776363453346,0.08031914452505755,0
ORD503023,CUST101045,560050,0.14850656263461232,0.39804978962446785,0
ORD500208,CUST101923,560113,0.2187608136465921,0.05073967111486112,0
ORD505262,CUST101281,560068,0.2724860058300181,0.12357375658063682,0
ORD502335,CUST100482,560118,0.2754386295631827,0.21889163644714124,0
ORD504298,CUST101724,560055,0.1584756573347015,0.24304583988795897,0
ORD505955,CUST100305,560057,0.1965713354260339,0.06751530873316719,0
ORD505627,CUST100059,560084,0.04047509547806022,0.3632584085729479,0
ORD502348,CUST100707,560080,0.2531798586102482,0.35705055052060225,0
ORD507416,CUST100988,560119,0.13672265930414002,0.23009324809977014,0
ORD506140,CUST100587,560118,0.4872241996681976,0.21889163644714124,1
ORD503767,CUST101308,560073,0.5374368025875791,0.40608187581223554,0
ORD506733,CUST100566,560019,0.3692350826198513,0.048751952975078075,1
ORD506946,CUST101189,560084,0.34298483911634053,0.3632584085729479,1
ORD501408,CUST100816,560104,0.20999198662018054,0.1241972485306535,0
ORD507655,CUST101834,560006,0.31670530758886617,0.0359397910518748,0
ORD503673,CUST100001,560043,0.24614417619698423,0.10924789759182774,0
ORD507029,CUST101160,560079,0.15017886247881426,0.17876544501708239,0
ORD504243,CUST101431,560007,0.218617277433771,0.4115118018852822,0
ORD503769,CUST100131,560073,0.46001324343588723,0.40608187581223554,0
ORD504232,CUST101467,560114,0.16625647957893838,0.11153289416689233,0
ORD501676,CUST101239,560024,0.37912574798973386,0.08499988471741125,1
ORD503407,CUST101657,560094,0.1638237871995477,0.3010387326878104,1
ORD501590,CUST100445,560009,0.16468907167168612,0.26522522319557623,0
ORD505724,CUST100297,560107,0.46818673352621776,0.4249338442310718,0
ORD503174,CUST101732,560040,0.06789469556531488,0.13792726590918689,0
ORD507745,CUST101335,560076,0.2437877142910798,0.1112464586243946,0
ORD505771,CUST100231,560112,0.45454338905514596,0.10046769389686781,1
ORD507924,CUST101072,560049,0.5120294647033987,0.10008282781565703,0
ORD505284,CUST101893,560118,0.5724355175123372,0.21889163644714124,1
ORD500703,CUST100540,560052,0.18576378008237582,0.10086571587923499,0
ORD507994,CUST101769,560116,0.2978102167498798,0.21263077921125112,0
ORD502907,CUST101579,560082,0.48168131853356183,0.4036521734896382,1
ORD504887,CUST101096,560002,0.08936628196357682,0.06816617099651445,0
ORD505512,CUST100354,560011,0.41400072201775984,0.26287102465088363,0
ORD506110,CUST100321,560066,0.42296540799688903,0.44863880467564937,1
ORD505214,CUST101130,560082,0.1639493297542092,0.4036521734896382,1
ORD500058,CUST100370,560008,0.3389478327833424,0.3291430834854005,0
ORD502458,CUST101729,560054,0.11591316379338053,0.10632638057233394,0
ORD502705,CUST101657,560090,0.1638237871995477,0.0937263908731933,0
ORD500088,CUST101362,560066,0.034694872577426455,0.44863880467564937,0
ORD507773,CUST101013,560030,0.12990699426254682,0.07698134180032012,0
ORD504961,CUST100232,560091,0.2568909066288726,0.363756533272939,0
ORD503852,CUST101852,560019,0.10508599985494056,0.048751952975078075,0
ORD505387,CUST101579,560103,0.48168131853356183,0.2331908497366693,0
ORD507159,CUST100303,560082,0.10726439398882659,0.4036521734896382,0
ORD504058,CUST100967,560001,0.1762552470657897,0.4276493248809966,0
ORD504147,CUST101357,560108,0.09949881432562784,0.3345971676330574,0
ORD507012,CUST100921,560071,0.10667469787866646,0.2846659660343278,0
ORD505380,CUST101858,560044,0.43879665490804126,0.24271947144386585,0
ORD506968,CUST101087,560023,0.14969822486595233,0.028472335602004763,0
ORD503124,CUST100899,560041,0.43950154613140435,0.1311386209542706,0
ORD506685,CUST100042,560086,0.170527023331992,0.007482278722774853,0
ORD500958,CUST101450,560091,0.1557828750079239,0.363756533272939,1
ORD505763,CUST100349,560040,0.391147140695262,0.13792726590918689,0
ORD506027,CUST101987,560059,0.14215871192130625,0.06343485879816538,0
ORD500975,CUST100692,560069,0.24075359089905976,0.11654125384957931,0
ORD507429,CUST101421,560000,0.25277393284384025,0.0499470929340503,0
ORD507415,CUST100675,560026,0.16855368959133205,0.06415183632714254,0
ORD506997,CUST101982,560079,0.4027719019933716,0.17876544501708239,1
ORD502463,CUST100000,560026,0.21478291236143027,0.06415183632714254,0
ORD507914,CUST101650,560067,0.25885286008050734,0.2626412720928802,0
ORD500923,CUST100835,560044,0.33694071508209505,0.24271947144386585,0
ORD501517,CUST101796,560007,0.22868809183843242,0.4115118018852822,1
ORD507700,CUST100426,560011,0.00915381002538853,0.26287102465088363,0
ORD500358,CUST100095,560087,0.7642110094338409,0.2319307941510612,1
ORD502821,CUST101417,560005,0.3312490089029119,0.3717167319646953,0
ORD500113,CUST100844,560033,0.49837168382017244,0.2000167013897961,1
ORD506363,CUST101266,560115,0.035517363342968795,0.23129979364443987,0
ORD500205,CUST100906,560082,0.32608688428099614,0.4036521734896382,0
ORD503907,CUST101840,560019,0.20562139849958486,0.048751952975078075,0
ORD503416,CUST100798,560104,0.29584822305361935,0.1241972485306535,0
ORD505663,CUST100541,560104,0.16757657415686808,0.1241972485306535,0
ORD505396,CUST100817,560019,0.22965002197458967,0.048751952975078075,0
ORD501390,CUST100165,560031,0.3355449419523954,0.1918817018934806,0
ORD501701,CUST100834,560038,0.3606103729463374,0.4922123466288645,1
ORD503975,CUST100374,560077,0.32003705418313455,0.48289222403515625,1
ORD507824,CUST100593,560102,0.5074769095568444,0.3116574064541478,1
ORD501083,CUST100640,560069,0.2426758876131097,0.11654125384957931,0
ORD503067,CUST100040,560085,0.4395738617127692,0.24590610537959195,1
ORD504261,CUST101701,560033,0.3061840886816502,0.2000167013897961,0
ORD503647,CUST101250,560099,0.12834587113286433,0.15847855826528787,0
ORD503517,CUST101895,560107,0.393322589541439,0.4249338442310718,0
ORD500690,CUST100143,560038,0.37075169622686466,0.4922123466288645,1
ORD507603,CUST101471,560117,0.39340380421741983,0.07519208933625972,0
ORD502338,CUST100981,560117,0.4695422745546618,0.07519208933625972,0
ORD500291,CUST101875,560070,0.20866604375382167,0.20224062701049086,0
ORD502943,CUST100302,560076,0.2676344641423701,0.1112464586243946,0
ORD506714,CUST101893,560010,0.5724355175123372,0.26331848167006455,1
ORD506295,CUST101084,560024,0.1018175796945336,0.08499988471741125,0
ORD504518,CUST101408,560053,0.5599391908775743,0.2746954160023574,0
ORD504753,CUST100116,560066,0.24874291058771908,0.44863880467564937,1
ORD503899,CUST101116,560038,0.30721251020367246,0.4922123466288645,0
ORD504690,CUST100059,560042,0.04047509547806022,0.20272897456368089,0
ORD501223,CUST100360,560097,0.5777434668907969,0.2209193286304174,1
ORD507649,CUST100587,560051,0.4872241996681976,0.06321104945248114,0
ORD506935,CUST100524,560095,0.15250618963621082,0.1770255930012656,0
ORD502811,CUST100542,560098,0.24680180551951414,0.20695366556821226,0
ORD502635,CUST101332,560004,0.2689571120122972,0.19762853761721605,1
ORD502818,CUST101061,560094,0.2549543426849578,0.3010387326878104,1
ORD506423,CUST101246,560095,0.32724707914173723,0.1770255930012656,0
ORD505590,CUST100297,560108,0.46818673352621776,0.3345971676330574,0
ORD505302,CUST101923,560047,0.2187608136465921,0.2140654816693931,0
ORD506566,CUST101746,560045,0.17412407123331897,0.2009380398079108,0
ORD502186,CUST101893,560032,0.5724355175123372,0.2652671681157216,0
ORD504087,CUST101516,560068,0.14480130003921363,0.12357375658063682,0
ORD502411,CUST100495,560040,0.24671647255501258,0.13792726590918689,1
ORD505032,CUST101918,560034,0.5175305503664878,0.2969408870047299,0
ORD502446,CUST101182,560004,0.2858027617189823,0.19762853761721605,0
ORD507976,CUST101179,560060,0.32407502035644925,0.148778104232636,0
ORD500676,CUST101892,560072,0.22566982488398443,0.0983469859236676,0
ORD500814,CUST101142,560044,0.1976098307923854,0.24271947144386585,0
ORD503342,CUST100993,560035,0.061984715726437614,0.44644714587366313,0
ORD503929,CUST101638,560065,0.1155768135052856,0.12481245587380058,1
ORD500775,CUST100247,560100,0.23069756686430742,0.3742111996543805,0
ORD505670,CUST101511,560081,0.28057291959922925,0.1954421444622332,1
ORD503969,CUST100684,560026,0.44186887226166205,0.06415183632714254,0
ORD501160,CUST100759,560087,0.14931459557255047,0.2319307941510612,1
ORD505585,CUST101201,560119,0.08802933448471553,0.23009324809977014,0
ORD501954,CUST101869,560076,0.15014274497728494,0.1112464586243946,0
ORD500366,CUST101717,560095,0.4059438794550481,0.1770255930012656,0
ORD503904,CUST101267,560104,0.08855690793325809,0.1241972485306535,1
ORD501610,CUST101839,560068,0.11557458377752818,0.12357375658063682,0
ORD505618,CUST101508,560073,0.20799931281215192,0.40608187581223554,0
ORD503523,CUST101203,560031,0.2125095205336983,0.1918817018934806,0
ORD507818,CUST101230,560019,0.39659824148256273,0.048751952975078075,0
ORD507738,CUST101875,560081,0.20866604375382167,0.1954421444622332,0
ORD502603,CUST100194,560039,0.36187966998918064,0.08257987664945507,0
ORD506525,CUST101149,560058,0.15672595130491704,0.20486674986456038,0
ORD502053,CUST100301,560050,0.12241533806316059,0.39804978962446785,1
ORD504993,CUST101075,560056,0.26907765391546296,0.1311151942786954,0
ORD503267,CUST101650,560015,0.25885286008050734,0.2930958901877522,0
ORD507368,CUST100229,560013,0.10949310651314134,0.18703349260237212,0
ORD505647,CUST100692,560098,0.24075359089905976,0.20695366556821226,0
ORD501101,CUST100034,560033,0.46365026623247513,0.2000167013897961,0
ORD505605,CUST100008,560086,0.2798243783472397,0.007482278722774853,0
ORD504998,CUST100684,560017,0.44186887226166205,0.14572183941573405,0
ORD501534,CUST100542,560007,0.24680180551951414,0.4115118018852822,0
ORD500374,CUST100221,560042,0.2333357897188074,0.20272897456368089,0
ORD507121,CUST101408,560026,0.5599391908775743,0.06415183632714254,0
ORD504436,CUST100107,560041,0.20995383460968203,0.1311386209542706,0
ORD502189,CUST100116,560075,0.24874291058771908,0.04994448821558866,0
ORD500144,CUST101520,560056,0.602019510642507,0.1311151942786954,1
ORD502154,CUST100541,560096,0.16757657415686808,0.13143597660081374,0
ORD503137,CUST100541,560025,0.16757657415686808,0.12731929297945457,0
ORD504888,CUST100901,560048,0.18779275691082997,0.48509059761807705,0
ORD506691,CUST100611,560036,0.5885383197450833,0.033224141114804616,1
ORD502650,CUST100988,560104,0.13672265930414002,0.1241972485306535,0
ORD501465,CUST101803,560046,0.17107460150684825,0.30307755392063607,0
ORD502792,CUST101556,560090,0.22829920586186425,0.0937263908731933,0
ORD505993,CUST101062,560104,0.41201621260086296,0.1241972485306535,0
ORD506581,CUST101940,560094,0.2622218360153778,0.3010387326878104,1
ORD501266,CUST100355,560059,0.08621449582989908,0.06343485879816538,0
ORD504480,CUST100001,560041,0.24614417619698423,0.1311386209542706,0
ORD504025,CUST100447,560063,0.5866676553486984,0.19220896367361404,1
ORD500609,CUST100111,560086,0.1546812577925307,0.007482278722774853,0
ORD501378,CUST100758,560089,0.24914756669541444,0.19467065107163697,0
ORD501375,CUST100334,560011,0.09027573452996744,0.26287102465088363,0
ORD502567,CUST100407,560102,0.47099044798312795,0.3116574064541478,0
ORD504837,CUST100593,560031,0.5074769095568444,0.1918817018934806,0
ORD507469,CUST101834,560048,0.31670530758886617,0.48509059761807705,0
ORD502782,CUST101201,560066,0.08802933448471553,0.44863880467564937,1
ORD506661,CUST100217,560018,0.11140768335427466,0.15888837338663903,0
ORD500538,CUST100271,560101,0.13977477266415714,0.2210289590416924,0
ORD507332,CUST101417,560016,0.3312490089029119,0.21649401012539535,0
ORD507493,CUST100672,560074,0.32582118715095015,0.07273808090514074,0
ORD503292,CUST100767,560045,0.032184328914809754,0.2009380398079108,0
ORD500194,CUST101432,560069,0.03170648536110114,0.11654125384957931,0
ORD500402,CUST100647,560065,0.19519031892731586,0.12481245587380058,0
ORD505931,CUST101056,560062,0.2618715870997655,0.36167936673581547,0
ORD506891,CUST101578,560022,0.30010531142324876,0.12028576980936151,0
ORD504840,CUST101160,560055,0.15017886247881426,0.24304583988795897,0
ORD507287,CUST101858,560030,0.43879665490804126,0.07698134180032012,1
ORD504974,CUST100872,560065,0.3932300760602047,0.12481245587380058,0
ORD504203,CUST101828,560114,0.2245352895470603,0.11153289416689233,0
ORD503083,CUST101811,560100,0.1925519667542777,0.3742111996543805,0
ORD501842,CUST100321,560044,0.42296540799688903,0.24271947144386585,0
ORD501119,CUST101089,560065,0.30217144256017153,0.12481245587380058,0
ORD503577,CUST100168,560101,0.12077324934022764,0.2210289590416924,0
ORD505506,CUST100524,560101,0.15250618963621082,0.2210289590416924,0
ORD502736,CUST100898,560118,0.3575549854513887,0.21889163644714124,0
ORD503317,CUST100110,560001,0.4143300984213656,0.4276493248809966,0
ORD507028,CUST100772,560014,0.11715758970115171,0.32405610103166854,1
ORD507342,CUST101770,560036,0.2664413025280998,0.033224141114804616,0
ORD500302,CUST101933,560052,0.2704109598082824,0.10086571587923499,0
ORD500069,CUST100558,560028,0.5633005631276558,0.033656118245986556,1
ORD502738,CUST100906,560076,0.32608688428099614,0.1112464586243946,0
ORD505650,CUST101267,560091,0.08855690793325809,0.363756533272939,0
ORD501927,CUST100895,560082,0.09983616581850557,0.4036521734896382,0
ORD504141,CUST101516,560005,0.14480130003921363,0.3717167319646953,0
ORD503640,CUST101798,560078,0.15392637218821703,0.14596790446960203,0
ORD503163,CUST101359,560019,0.1421011840376648,0.048751952975078075,0
ORD500346,CUST100598,560094,0.10883559867342446,0.3010387326878104,0
ORD505914,CUST101608,560052,0.17874359530435505,0.10086571587923499,0
ORD502788,CUST101461,560074,0.14389940636283058,0.07273808090514074,0
ORD507907,CUST100770,560081,0.43527420177541787,0.1954421444622332,0
ORD501020,CUST100571,560107,0.20459557629689876,0.4249338442310718,0
ORD501167,CUST101417,560052,0.3312490089029119,0.10086571587923499,0
ORD501129,CUST101553,560103,0.10497605305635782,0.2331908497366693,0
ORD503003,CUST101183,560063,0.5778690550660062,0.19220896367361404,1
ORD501817,CUST100818,560105,0.1350269344441865,0.2610606417315302,1
ORD504254,CUST100366,560083,0.3456855814787548,0.09761538384380626,0
ORD501687,CUST100050,560048,0.46524312849146254,0.48509059761807705,0
ORD505348,CUST100602,560083,0.02235684262044825,0.09761538384380626,0
ORD501146,CUST100609,560076,0.39012206789628884,0.1112464586243946,0
ORD505244,CUST101405,560018,0.10805585097920675,0.15888837338663903,0
ORD503165,CUST101013,560032,0.12990699426254682,0.2652671681157216,0
ORD503032,CUST101899,560077,0.46001392254571255,0.48289222403515625,0
ORD506467,CUST101714,560016,0.13940452811239296,0.21649401012539535,0
ORD506576,CUST101013,560014,0.12990699426254682,0.32405610103166854,1
ORD501058,CUST100975,560103,0.24375656389178965,0.2331908497366693,0
ORD506266,CUST101013,560013,0.12990699426254682,0.18703349260237212,0
ORD503809,CUST100059,560074,0.04047509547806022,0.07273808090514074,0
ORD503643,CUST100857,560039,0.160511974349972,0.08257987664945507,0
ORD505667,CUST100571,560048,0.20459557629689876,0.48509059761807705,0
ORD501920,CUST101893,560068,0.5724355175123372,0.12357375658063682,0
ORD501764,CUST100479,560113,0.2771725532528444,0.05073967111486112,0
ORD502623,CUST100043,560075,0.04633846991413163,0.04994448821558866,0
ORD502014,CUST101140,560007,0.0019976809791618253,0.4115118018852822,0
ORD502286,CUST100223,560089,0.06291718247910795,0.19467065107163697,0
ORD502561,CUST101274,560085,0.15821299473968672,0.24590610537959195,0
ORD506958,CUST100693,560020,0.09951530110540431,0.2587614293950907,0
ORD501467,CUST101241,560093,0.19529973523322586,0.1005035939480502,0
ORD502388,CUST101212,560008,0.15194422756564285,0.3291430834854005,0
ORD502485,CUST100420,560021,0.07875622019451736,0.07930465192162388,0
ORD506461,CUST101801,560051,0.3368818273770813,0.06321104945248114,0
ORD507779,CUST101939,560057,0.3599787465654824,0.06751530873316719,0
ORD506191,CUST100308,560031,0.12605441282590366,0.1918817018934806,0
ORD506684,CUST100610,560004,0.34213038061806744,0.19762853761721605,0
ORD505831,CUST100102,560101,0.14594410347412967,0.2210289590416924,0
ORD504948,CUST101892,560114,0.22566982488398443,0.11153289416689233,0
ORD507502,CUST100889,560037,0.3552853943161781,0.20052614877754213,0
ORD502625,CUST101946,560035,0.26763709243899375,0.44644714587366313,0
ORD504167,CUST101251,560014,0.07393941178427549,0.32405610103166854,0
ORD502801,CUST101790,560070,0.3215180684075259,0.20224062701049086,0
ORD502132,CUST101790,560088,0.3215180684075259,0.14077625183446615,0
ORD506795,CUST100475,560012,0.3926881472493449,0.08031914452505755,0
ORD505873,CUST100679,560038,0.1894589634974572,0.4922123466288645,0
ORD503873,CUST100650,560063,0.05655306904883348,0.19220896367361404,0
ORD504409,CUST101924,560113,0.2637622447361595,0.05073967111486112,0
ORD505630,CUST100807,560036,0.2451703788287927,0.033224141114804616,0
ORD506051,CUST100480,560008,0.1339182046543242,0.3291430834854005,0
ORD505754,CUST101097,560005,0.10773503411881197,0.3717167319646953,1
ORD503739,CUST101657,560031,0.1638237871995477,0.1918817018934806,0
ORD504910,CUST101189,560064,0.34298483911634053,0.4107390138477389,1
ORD507111,CUST101056,560043,0.2618715870997655,0.10924789759182774,0
ORD505471,CUST100000,560028,0.21478291236143027,0.033656118245986556,1
ORD500841,CUST101114,560013,0.3322750053957769,0.18703349260237212,0
ORD505375,CUST101852,560069,0.10508599985494056,0.11654125384957931,0
ORD505977,CUST100309,560101,0.09221080951028436,0.2210289590416924,0
ORD502159,CUST101161,560045,0.16621613591190618,0.2009380398079108,0
ORD505680,CUST100879,560051,0.10017523767782194,0.06321104945248114,0
ORD502124,CUST100475,560030,0.3926881472493449,0.07698134180032012,1
ORD502649,CUST101673,560000,0.2113336930452866,0.0499470929340503,0
ORD504863,CUST100426,560064,0.00915381002538853,0.4107390138477389,0
ORD502344,CUST100545,560019,0.43544254381347786,0.048751952975078075,0
ORD507952,CUST100543,560078,0.7296899354667504,0.14596790446960203,1
ORD507823,CUST101450,560019,0.1557828750079239,0.048751952975078075,0
ORD504207,CUST100888,560010,0.46669449990302514,0.26331848167006455,0
ORD500977,CUST101726,560005,0.10254350426850807,0.3717167319646953,0
ORD503925,CUST101022,560111,0.14866291869075507,0.1318273625407665,0
ORD506402,CUST101735,560070,0.14806668407680584,0.20224062701049086,0
ORD506745,CUST101193,560057,0.42038115564156164,0.06751530873316719,0
ORD504410,CUST100601,560080,0.10784218495956682,0.35705055052060225,0
ORD503676,CUST100168,560098,0.12077324934022764,0.20695366556821226,0
ORD500529,CUST101339,560113,0.22935615168350634,0.05073967111486112,1
ORD504247,CUST101633,560094,0.5594111463404374,0.3010387326878104,1
ORD504151,CUST100906,560038,0.32608688428099614,0.4922123466288645,1
ORD504341,CUST100182,560028,0.18723773115835693,0.033656118245986556,0
ORD506112,CUST101543,560027,0.4487444125680534,0.3964081708913591,1
ORD500662,CUST101559,560103,0.2184322366437865,0.2331908497366693,0
ORD506268,CUST101586,560093,0.41790976805842955,0.1005035939480502,0
ORD503250,CUST101657,560108,0.1638237871995477,0.3345971676330574,0
ORD504786,CUST101246,560040,0.32724707914173723,0.13792726590918689,0
ORD501584,CUST100208,560051,0.19975800750299405,0.06321104945248114,0
ORD501823,CUST100674,560000,0.5430110256129925,0.0499470929340503,1
ORD506353,CUST101834,560016,0.31670530758886617,0.21649401012539535,0
ORD502361,CUST100758,560005,0.24914756669541444,0.3717167319646953,0
ORD505593,CUST101194,560054,0.47261769918697205,0.10632638057233394,0
ORD503646,CUST100088,560024,0.20401397040683977,0.08499988471741125,0
ORD502563,CUST101775,560073,0.18638994183018504,0.40608187581223554,0
ORD506706,CUST101589,560001,0.37009554759082086,0.4276493248809966,0
ORD502590,CUST100130,560050,0.2819624566275652,0.39804978962446785,0
ORD506359,CUST101047,560063,0.015279960627097446,0.19220896367361404,0
ORD505661,CUST101129,560077,0.3496004715922704,0.48289222403515625,0
ORD500659,CUST101422,560091,0.3855996470092261,0.363756533272939,0
ORD501981,CUST100459,560002,0.26371837835861184,0.06816617099651445,0
ORD506178,CUST100532,560024,0.11716756530475335,0.08499988471741125,0
ORD507107,CUST100717,560086,0.13778741012241738,0.007482278722774853,0
ORD506919,CUST100759,560016,0.14931459557255047,0.21649401012539535,0
ORD506269,CUST100935,560042,0.48051431524057286,0.20272897456368089,1
ORD505561,CUST100807,560034,0.2451703788287927,0.2969408870047299,0
ORD501564,CUST101744,560098,0.5032027940698182,0.20695366556821226,0
ORD505996,CUST100764,560094,0.19812356172535447,0.3010387326878104,1
ORD501718,CUST100452,560068,0.4369142138857339,0.12357375658063682,1
ORD505609,CUST101629,560002,0.07966664930718766,0.06816617099651445,0
ORD501614,CUST100918,560105,0.3490767652545195,0.2610606417315302,0
ORD500845,CUST100759,560063,0.14931459557255047,0.19220896367361404,1
ORD503605,CUST100759,560006,0.14931459557255047,0.0359397910518748,0
ORD507064,CUST100863,560100,0.36926212838838024,0.3742111996543805,1
ORD502100,CUST100998,560100,0.2485508271976326,0.3742111996543805,1
ORD507014,CUST101892,560112,0.22566982488398443,0.10046769389686781,0
ORD501816,CUST101875,560026,0.20866604375382167,0.06415183632714254,0
ORD502443,CUST101858,560104,0.43879665490804126,0.1241972485306535,0
ORD506415,CUST100725,560099,0.17751620465362142,0.15847855826528787,0
ORD503840,CUST100208,560110,0.19975800750299405,0.4429461963712056,0
ORD505445,CUST100088,560009,0.20401397040683977,0.26522522319557623,0
ORD505913,CUST101553,560058,0.10497605305635782,0.20486674986456038,0
ORD501013,CUST100231,560071,0.45454338905514596,0.2846659660343278,1
ORD504830,CUST100714,560014,0.04817716291662054,0.32405610103166854,0
ORD502634,CUST100059,560042,0.04047509547806022,0.20272897456368089,1
ORD501793,CUST101118,560091,0.20566279538085244,0.363756533272939,0
ORD503186,CUST101297,560053,0.08514238127043966,0.2746954160023574,0
ORD506993,CUST100152,560068,0.2072500016580332,0.12357375658063682,0
ORD501440,CUST100664,560104,0.2656286341548108,0.1241972485306535,0
ORD501398,CUST100963,560020,0.07666895142110197,0.2587614293950907,0
ORD504484,CUST101335,560118,0.2437877142910798,0.21889163644714124,1
ORD500507,CUST100924,560063,0.16110498237076418,0.19220896367361404,0
ORD505794,CUST101608,560021,0.17874359530435505,0.07930465192162388,0
ORD504278,CUST100753,560064,0.5243767189229487,0.4107390138477389,0
ORD504590,CUST101144,560000,0.17187442297671035,0.0499470929340503,0
ORD501458,CUST100297,560059,0.46818673352621776,0.06343485879816538,1
ORD507647,CUST100534,560058,0.6645072620284929,0.20486674986456038,1
ORD500138,CUST100459,560030,0.26371837835861184,0.07698134180032012,0
ORD502041,CUST101519,560084,0.12767387611839967,0.3632584085729479,0
ORD506893,CUST101633,560109,0.5594111463404374,0.5252484997618413,1
ORD503735,CUST100055,560072,0.18608348760507418,0.0983469859236676,0
ORD507388,CUST100573,560035,0.158432901455159,0.44644714587366313,0
ORD503408,CUST100722,560068,0.18463474910495414,0.12357375658063682,0
ORD504607,CUST101921,560049,0.25497745155204904,0.10008282781565703,0
ORD501722,CUST101606,560024,0.16218260861802136,0.08499988471741125,0
ORD504424,CUST101467,560105,0.16625647957893838,0.2610606417315302,0
ORD504703,CUST101884,560052,0.47645555276211093,0.10086571587923499,0
ORD501757,CUST101833,560105,0.15774023097194656,0.2610606417315302,0
ORD507371,CUST101652,560063,0.1293715260268498,0.19220896367361404,0
ORD506135,CUST101923,560089,0.2187608136465921,0.19467065107163697,0
ORD504665,CUST101353,560106,0.3913841232658955,0.19267676572383044,0
ORD502051,CUST100532,560102,0.11716756530475335,0.3116574064541478,0
ORD500034,CUST100855,560001,0.16212232763901274,0.4276493248809966,0
ORD504337,CUST101228,560096,0.6024628659946172,0.13143597660081374,1
ORD500781,CUST101135,560031,0.17862210645797233,0.1918817018934806,0
ORD506846,CUST100339,560039,0.2765406569294239,0.08257987664945507,0
ORD502082,CUST100381,560112,0.142405855423258,0.10046769389686781,0
ORD505486,CUST100876,560055,0.13027054687992426,0.24304583988795897,0
ORD505774,CUST100622,560084,0.12950940053657903,0.3632584085729479,0
ORD502480,CUST101203,560116,0.2125095205336983,0.21263077921125112,0
ORD506079,CUST100321,560054,0.42296540799688903,0.10632638057233394,0
ORD500003,CUST101570,560007,0.3147543503426539,0.4115118018852822,0
ORD507847,CUST100566,560065,0.3692350826198513,0.12481245587380058,0
ORD502845,CUST101246,560044,0.32724707914173723,0.24271947144386585,0
ORD500855,CUST101306,560059,0.3057637068881142,0.06343485879816538,1
ORD500882,CUST101559,560056,0.2184322366437865,0.1311151942786954,0
ORD500472,CUST101207,560024,0.5611873074821642,0.08499988471741125,0
ORD506063,CUST100887,560068,0.16424047167981815,0.12357375658063682,0
ORD501964,CUST101382,560117,0.3114812131057777,0.07519208933625972,0
ORD501797,CUST101904,560084,0.3984682555788554,0.3632584085729479,0
ORD503402,CUST101008,560053,0.21766848354063473,0.2746954160023574,0
ORD503009,CUST100890,560012,0.23933857329957384,0.08031914452505755,1
ORD501313,CUST100286,560049,0.4893639098666145,0.10008282781565703,0
ORD506607,CUST100541,560038,0.16757657415686808,0.4922123466288645,0
ORD500316,CUST100615,560036,0.3607060487773846,0.033224141114804616,0
ORD506870,CUST101390,560057,0.08909689827440144,0.06751530873316719,0
ORD505938,CUST101620,560084,0.2229674740875284,0.3632584085729479,1
ORD502642,CUST100515,560077,0.1354858514772503,0.48289222403515625,0
ORD506275,CUST101224,560108,0.28728184136073764,0.3345971676330574,0
ORD503963,CUST101272,560001,0.4077998154371647,0.4276493248809966,1
ORD500843,CUST101511,560059,0.28057291959922925,0.06343485879816538,0
ORD504179,CUST100495,560098,0.24671647255501258,0.20695366556821226,1
ORD504825,CUST101833,560061,0.15774023097194656,0.14659676401055344,0
ORD506466,CUST100414,560006,0.22490754943212576,0.0359397910518748,0
ORD501407,CUST100110,560018,0.4143300984213656,0.15888837338663903,0
ORD503489,CUST100643,560009,0.33315409272597374,0.26522522319557623,0
ORD502059,CUST100089,560039,0.2779937156072131,0.08257987664945507,0
ORD500044,CUST100515,560014,0.1354858514772503,0.32405610103166854,0
ORD504425,CUST100723,560118,0.08763097456402634,0.21889163644714124,0
ORD503474,CUST100174,560118,0.38529192793710215,0.21889163644714124,1
ORD504263,CUST100208,560119,0.19975800750299405,0.23009324809977014,0
ORD503524,CUST100403,560090,0.20115272590154482,0.0937263908731933,0
ORD502404,CUST100370,560046,0.3389478327833424,0.30307755392063607,1
ORD507575,CUST100410,560072,0.34134778732339127,0.0983469859236676,0
ORD503937,CUST100180,560079,0.3176453119835616,0.17876544501708239,0
ORD504761,CUST100314,560028,0.4117868133302571,0.033656118245986556,0
ORD507446,CUST101246,560081,0.32724707914173723,0.1954421444622332,0
ORD504502,CUST101187,560101,0.07469619116350239,0.2210289590416924,0
ORD506658,CUST100005,560090,0.44640490282899387,0.0937263908731933,0
ORD502706,CUST100798,560059,0.29584822305361935,0.06343485879816538,0
ORD501986,CUST100194,560002,0.36187966998918064,0.06816617099651445,0
ORD504463,CUST100727,560007,0.3958008976746133,0.4115118018852822,1
ORD501411,CUST101084,560064,0.1018175796945336,0.4107390138477389,0
ORD506664,CUST100978,560076,0.09443693428091177,0.1112464586243946,0
ORD506719,CUST101149,560117,0.15672595130491704,0.07519208933625972,0
ORD502066,CUST101246,560043,0.32724707914173723,0.10924789759182774,0
ORD507989,CUST100447,560021,0.5866676553486984,0.07930465192162388,0
ORD506395,CUST100208,560096,0.19975800750299405,0.13143597660081374,0
ORD500634,CUST100262,560101,0.40428580651687857,0.2210289590416924,0
ORD506465,CUST100307,560051,0.2923331864352393,0.06321104945248114,0
ORD506838,CUST101674,560115,0.21621103592139168,0.23129979364443987,1
ORD505965,CUST101268,560107,0.3633623231742147,0.4249338442310718,1
ORD501586,CUST100774,560040,0.22369831123924852,0.13792726590918689,1
ORD502206,CUST101024,560091,0.3690005830043022,0.363756533272939,0
ORD505502,CUST101098,560054,0.14511110899056348,0.10632638057233394,0
ORD507983,CUST101579,560090,0.48168131853356183,0.0937263908731933,0
ORD505956,CUST101719,560095,0.2625501661581704,0.1770255930012656,0
ORD504854,CUST101086,560004,0.07702572977124005,0.19762853761721605,0
ORD506759,CUST101553,560111,0.10497605305635782,0.1318273625407665,0
ORD505511,CUST101614,560109,0.27618691334981427,0.5252484997618413,0
ORD502750,CUST101048,560100,0.1441161872280649,0.3742111996543805,0
ORD501194,CUST100286,560069,0.4893639098666145,0.11654125384957931,0
ORD505177,CUST100116,560072,0.24874291058771908,0.0983469859236676,0
ORD505421,CUST101922,560093,0.334261153302771,0.1005035939480502,0
ORD507501,CUST100048,560087,0.07638737713356161,0.2319307941510612,0
ORD501076,CUST100971,560097,0.22252391801658059,0.2209193286304174,1
ORD505588,CUST101160,560018,0.15017886247881426,0.15888837338663903,0
ORD505140,CUST101250,560026,0.12834587113286433,0.06415183632714254,0
ORD505622,CUST100398,560069,0.11565315745837781,0.11654125384957931,0
ORD506464,CUST101268,560096,0.3633623231742147,0.13143597660081374,0
ORD503134,CUST101777,560074,0.26223243156670895,0.07273808090514074,0
ORD501116,CUST100474,560088,0.40080141861945334,0.14077625183446615,0
ORD502946,CUST100641,560047,0.2241974074982748,0.2140654816693931,0
ORD500563,CUST101976,560026,0.4315591773016445,0.06415183632714254,1
ORD505734,CUST100423,560031,0.24706696213115537,0.1918817018934806,0
ORD503834,CUST100475,560017,0.3926881472493449,0.14572183941573405,0
ORD506652,CUST101089,560114,0.30217144256017153,0.11153289416689233,0
ORD502098,CUST101869,560099,0.15014274497728494,0.15847855826528787,0
ORD501769,CUST101011,560098,0.28896455871257465,0.20695366556821226,0
ORD503382,CUST100955,560061,0.11811596545419961,0.14659676401055344,0
ORD507010,CUST101080,560080,0.34499302364627743,0.35705055052060225,0
ORD505704,CUST100448,560043,0.3724144400903301,0.10924789759182774,1
ORD501193,CUST101182,560094,0.2858027617189823,0.3010387326878104,0
ORD502357,CUST101062,560004,0.41201621260086296,0.19762853761721605,0
ORD504912,CUST101209,560003,0.01997628607250876,0.21762362723276713,0
ORD501268,CUST100463,560053,0.39222478041522824,0.2746954160023574,0
ORD502261,CUST101087,560110,0.14969822486595233,0.4429461963712056,0
ORD507878,CUST100009,560080,0.46015210405281526,0.35705055052060225,1
ORD504604,CUST101090,560064,0.09591296294451962,0.4107390138477389,0
ORD504755,CUST100834,560026,0.3606103729463374,0.06415183632714254,0
ORD504325,CUST100359,560063,0.21989011196511407,0.19220896367361404,0
ORD501961,CUST101078,560115,0.09382497807491072,0.23129979364443987,0
ORD500195,CUST101007,560086,0.3070825401363213,0.007482278722774853,1
ORD501776,CUST101015,560009,0.27131363461829233,0.26522522319557623,0
ORD507928,CUST100557,560027,0.29966387224425906,0.3964081708913591,1
ORD506241,CUST101893,560049,0.5724355175123372,0.10008282781565703,0
ORD501491,CUST101201,560103,0.08802933448471553,0.2331908497366693,0
ORD504072,CUST101852,560111,0.10508599985494056,0.1318273625407665,0
ORD501953,CUST101141,560014,0.12217237295002849,0.32405610103166854,0
ORD501739,CUST101132,560111,0.25419168914367346,0.1318273625407665,0
ORD502889,CUST100583,560105,0.35941268307576457,0.2610606417315302,0
ORD501092,CUST100257,560002,0.5318032893846185,0.06816617099651445,1
ORD500726,CUST101733,560001,0.5116861564869277,0.4276493248809966,0
ORD502847,CUST101937,560006,0.47338558630702754,0.0359397910518748,0
ORD506677,CUST100884,560101,0.11446434852532913,0.2210289590416924,0
ORD506013,CUST101031,560057,0.11231085257644866,0.06751530873316719,0
ORD507652,CUST100195,560076,0.44476856839523915,0.1112464586243946,1
ORD502198,CUST100636,560034,0.03297163095944513,0.2969408870047299,0
ORD507887,CUST100660,560050,0.7587990740316559,0.39804978962446785,1
ORD503135,CUST101783,560071,0.13443385430935925,0.2846659660343278,0
ORD500583,CUST100667,560099,0.26144358598698514,0.15847855826528787,0
ORD502217,CUST100572,560101,0.19283338499564623,0.2210289590416924,0
ORD507491,CUST101429,560100,0.06293286811999019,0.3742111996543805,0
ORD506628,CUST101794,560045,0.25410635275941446,0.2009380398079108,0
ORD505352,CUST100503,560018,0.12149518069965874,0.15888837338663903,0
ORD502541,CUST101124,560094,0.5673340470809881,0.3010387326878104,1
ORD504946,CUST100256,560026,0.16298051973655406,0.06415183632714254,0
ORD504581,CUST100194,560095,0.36187966998918064,0.1770255930012656,1
ORD503697,CUST101539,560018,0.6673096423708894,0.15888837338663903,0
ORD504637,CUST100655,560103,0.30768308227881586,0.2331908497366693,0
ORD502223,CUST101203,560086,0.2125095205336983,0.007482278722774853,0
ORD504872,CUST100302,560064,0.2676344641423701,0.4107390138477389,1
ORD503305,CUST101711,560064,0.4337508221702622,0.4107390138477389,0
ORD503588,CUST100608,560025,0.3808935371788415,0.12731929297945457,1
ORD506500,CUST100593,560018,0.5074769095568444,0.15888837338663903,0
ORD500568,CUST100515,560044,0.1354858514772503,0.24271947144386585,0
ORD504546,CUST100415,560039,0.5646604890779957,0.08257987664945507,1
ORD501449,CUST100354,560054,0.41400072201775984,0.10632638057233394,0
ORD506227,CUST101454,560086,0.3118522388053618,0.007482278722774853,0
ORD500350,CUST101717,560006,0.4059438794550481,0.0359397910518748,0
ORD500528,CUST101122,560076,0.031070089624300228,0.1112464586243946,0
ORD500783,CUST100105,560083,0.5006305541191121,0.09761538384380626,1
ORD504292,CUST101762,560009,0.3039523629091911,0.26522522319557623,0
ORD503751,CUST100191,560033,0.5811731376045629,0.2000167013897961,0
ORD505389,CUST100572,560013,0.19283338499564623,0.18703349260237212,0
ORD506120,CUST100043,560019,0.04633846991413163,0.048751952975078075,0
ORD502949,CUST100636,560003,0.03297163095944513,0.21762362723276713,0
ORD500234,CUST101819,560018,0.1665935345577435,0.15888837338663903,1
ORD503592,CUST100459,560086,0.26371837835861184,0.007482278722774853,0
ORD503619,CUST101930,560057,0.10390544432784944,0.06751530873316719,0
ORD502850,CUST101274,560002,0.15821299473968672,0.06816617099651445,0
ORD500719,CUST100098,560058,0.2961471020437191,0.20486674986456038,1
ORD506862,CUST101087,560087,0.14969822486595233,0.2319307941510612,0
ORD502140,CUST101265,560074,0.12254366674898377,0.07273808090514074,0
ORD507276,CUST100130,560022,0.2819624566275652,0.12028576980936151,0
ORD507441,CUST101674,560001,0.21621103592139168,0.4276493248809966,0
ORD504831,CUST100001,560027,0.24614417619698423,0.3964081708913591,0
ORD504083,CUST101161,560094,0.16621613591190618,0.3010387326878104,0
ORD503294,CUST100472,560089,0.38183286991587256,0.19467065107163697,0
ORD506966,CUST101628,560067,0.5060698046512045,0.2626412720928802,1
ORD503170,CUST100906,560093,0.32608688428099614,0.1005035939480502,0
ORD502775,CUST101017,560113,0.17266454748931198,0.05073967111486112,0
ORD502276,CUST100455,560102,0.28099909876364537,0.3116574064541478,1
ORD500895,CUST100291,560081,0.08058041829298626,0.1954421444622332,0
ORD507034,CUST101267,560113,0.08855690793325809,0.05073967111486112,0
ORD506189,CUST100532,560079,0.11716756530475335,0.17876544501708239,0
ORD501481,CUST101364,560029,0.2802844245164098,0.13120234612701753,0
ORD504003,CUST101013,560036,0.12990699426254682,0.033224141114804616,0
ORD503886,CUST101974,560007,0.34912978504838177,0.4115118018852822,1
ORD506852,CUST101419,560011,0.3310386899254012,0.26287102465088363,1
ORD503359,CUST100515,560108,0.1354858514772503,0.3345971676330574,0
ORD503429,CUST101495,560008,0.14408399009348308,0.3291430834854005,0
ORD506344,CUST100857,560004,0.160511974349972,0.19762853761721605,0
ORD506445,CUST100147,560029,0.14849469586761202,0.13120234612701753,0
ORD506634,CUST101480,560052,0.31237461897038005,0.10086571587923499,0
ORD501607,CUST100842,560085,0.18512997553852148,0.24590610537959195,0
ORD501645,CUST100635,560006,0.30707185083804733,0.0359397910518748,1
ORD501731,CUST100416,560067,0.3747717369370184,0.2626412720928802,0
ORD505518,CUST101211,560113,0.16597882724428165,0.05073967111486112,0
ORD505086,CUST100725,560024,0.17751620465362142,0.08499988471741125,1
ORD500141,CUST101550,560100,0.0804044795592246,0.3742111996543805,0
ORD506587,CUST101092,560043,0.08813887185973417,0.10924789759182774,0
ORD506510,CUST100708,560047,0.3167306496511369,0.2140654816693931,0
ORD501620,CUST101837,560085,0.3294886807091838,0.24590610537959195,1
ORD506000,CUST101669,560089,0.460372672724603,0.19467065107163697,0
ORD500968,CUST101045,560107,0.14850656263461232,0.4249338442310718,0
ORD500960,CUST101622,560084,0.09247216495160374,0.3632584085729479,0
ORD504891,CUST100639,560012,0.09634270484326586,0.08031914452505755,0
ORD503373,CUST100887,560097,0.16424047167981815,0.2209193286304174,0
ORD506808,CUST100384,560079,0.06565876288364696,0.17876544501708239,1
ORD504438,CUST100532,560094,0.11716756530475335,0.3010387326878104,0
ORD500800,CUST101570,560077,0.3147543503426539,0.48289222403515625,1
ORD500065,CUST100120,560057,0.23228588338828865,0.06751530873316719,0
ORD506990,CUST101983,560013,0.15642283784240985,0.18703349260237212,0
ORD505829,CUST101026,560020,0.17601086434245247,0.2587614293950907,0
ORD502321,CUST101106,560007,0.1941016350133047,0.4115118018852822,0
ORD503340,CUST100872,560113,0.3932300760602047,0.05073967111486112,0
ORD507611,CUST100638,560032,0.13908231984528782,0.2652671681157216,0
ORD505455,CUST101551,560023,0.2522211494965068,0.028472335602004763,0
ORD502123,CUST101747,560028,0.1511299192506436,0.033656118245986556,0
ORD500464,CUST101298,560102,0.23476857957985725,0.3116574064541478,0
ORD500909,CUST100689,560048,0.07765630758757154,0.48509059761807705,0
ORD503090,CUST100830,560082,0.2567955028288095,0.4036521734896382,0
ORD507970,CUST101767,560010,0.49167863541992063,0.26331848167006455,1
ORD505885,CUST101292,560033,0.37264010089287714,0.2000167013897961,0
ORD507921,CUST101048,560022,0.1441161872280649,0.12028576980936151,0
ORD506729,CUST100713,560111,0.13711908445634313,0.1318273625407665,0
ORD504544,CUST101892,560073,0.22566982488398443,0.40608187581223554,1
ORD506470,CUST101734,560044,0.26781121263594965,0.24271947144386585,1
ORD507795,CUST101720,560028,0.16803542098195265,0.033656118245986556,0
ORD507651,CUST101649,560015,0.07741109747149849,0.2930958901877522,0
ORD502370,CUST101587,560058,0.22811637086575837,0.20486674986456038,0
ORD500174,CUST101273,560082,0.2185557515336479,0.4036521734896382,0
ORD505856,CUST101022,560083,0.14866291869075507,0.09761538384380626,0
ORD506674,CUST100007,560113,0.130383422505818,0.05073967111486112,0
ORD500575,CUST100358,560061,0.2928560981860891,0.14659676401055344,0
ORD507347,CUST100321,560098,0.42296540799688903,0.20695366556821226,0
ORD506738,CUST101467,560027,0.16625647957893838,0.3964081708913591,0
ORD504823,CUST101794,560001,0.25410635275941446,0.4276493248809966,1
ORD500026,CUST101246,560019,0.32724707914173723,0.048751952975078075,0
ORD502734,CUST100095,560002,0.7642110094338409,0.06816617099651445,0
ORD507786,CUST101089,560100,0.30217144256017153,0.3742111996543805,0
ORD500274,CUST101304,560037,0.34101917464814796,0.20052614877754213,0
ORD500896,CUST100973,560043,0.1877613483299769,0.10924789759182774,0
ORD506050,CUST101467,560024,0.16625647957893838,0.08499988471741125,0
ORD503312,CUST100577,560012,0.2042925306906814,0.08031914452505755,0
ORD502990,CUST100037,560016,0.36643236650295463,0.21649401012539535,1
ORD500979,CUST101429,560042,0.06293286811999019,0.20272897456368089,1
ORD505390,CUST100767,560065,0.032184328914809754,0.12481245587380058,0
ORD507158,CUST101894,560009,0.23829186652576587,0.26522522319557623,1
ORD507002,CUST100364,560073,0.3358319706571889,0.40608187581223554,0
ORD506829,CUST100990,560035,0.12779272294625313,0.44644714587366313,1
ORD507099,CUST100906,560005,0.32608688428099614,0.3717167319646953,1
ORD501931,CUST101768,560007,0.16350440472646338,0.4115118018852822,0
ORD504610,CUST100918,560058,0.3490767652545195,0.20486674986456038,0
ORD501274,CUST101775,560090,0.18638994183018504,0.0937263908731933,0
ORD502918,CUST101906,560006,0.16743381205899463,0.0359397910518748,0
ORD503681,CUST100410,560010,0.34134778732339127,0.26331848167006455,0
ORD501122,CUST101900,560035,0.25692733289880665,0.44644714587366313,0
ORD506701,CUST101740,560023,0.12380485100140662,0.028472335602004763,0
ORD505067,CUST101605,560113,0.49601195214072946,0.05073967111486112,0
ORD506695,CUST100658,560055,0.2971102685881172,0.24304583988795897,0
ORD507634,CUST101931,560102,0.16151890919267575,0.3116574064541478,0
ORD507893,CUST101463,560062,0.31218816463367893,0.36167936673581547,1
ORD501634,CUST100310,560053,0.10515668766504281,0.2746954160023574,1
ORD501245,CUST100393,560101,0.342931829566947,0.2210289590416924,0
ORD507583,CUST101183,560024,0.5778690550660062,0.08499988471741125,0
ORD503372,CUST101942,560101,0.08744629728384447,0.2210289590416924,0
ORD500250,CUST100515,560119,0.1354858514772503,0.23009324809977014,0
ORD507666,CUST100410,560110,0.34134778732339127,0.4429461963712056,1
ORD500032,CUST100057,560110,0.21714365268202862,0.4429461963712056,1
ORD500341,CUST101491,560020,0.5825453081141901,0.2587614293950907,1
ORD505330,CUST100545,560023,0.43544254381347786,0.028472335602004763,0
ORD505659,CUST101160,560082,0.15017886247881426,0.4036521734896382,0
ORD501969,CUST100314,560038,0.4117868133302571,0.4922123466288645,0
ORD507239,CUST101964,560040,0.13242696735352705,0.13792726590918689,0
ORD504114,CUST101344,560055,0.13353911012011205,0.24304583988795897,0
ORD507266,CUST101714,560101,0.13940452811239296,0.2210289590416924,0
ORD506270,CUST101246,560008,0.32724707914173723,0.3291430834854005,1
ORD501507,CUST101122,560096,0.031070089624300228,0.13143597660081374,0
ORD501863,CUST101815,560005,0.23825396659276094,0.3717167319646953,1
ORD500853,CUST100467,560083,0.3098477304837669,0.09761538384380626,0
ORD504142,CUST100011,560092,0.2916477929418046,0.4652541447815074,0
ORD501639,CUST101717,560107,0.4059438794550481,0.4249338442310718,1
ORD506662,CUST101672,560086,0.10382806887576394,0.007482278722774853,0
ORD504125,CUST100306,560007,0.3016559281489719,0.4115118018852822,0
ORD501726,CUST101664,560085,0.8080454587596577,0.24590610537959195,1
ORD506215,CUST101677,560090,0.3461736398572702,0.0937263908731933,0
ORD502713,CUST101239,560021,0.37912574798973386,0.07930465192162388,0
ORD507901,CUST101989,560018,0.2402731156078704,0.15888837338663903,0
ORD500458,CUST100035,560097,0.03696830256968456,0.2209193286304174,0
ORD506217,CUST100294,560002,0.05688903923637369,0.06816617099651445,0
ORD502833,CUST100120,560087,0.23228588338828865,0.2319307941510612,0
ORD501999,CUST101889,560114,0.06004500528064793,0.11153289416689233,0
ORD502318,CUST100047,560113,0.5115239173587337,0.05073967111486112,0
ORD501417,CUST100210,560031,0.3974441051585353,0.1918817018934806,1
ORD503338,CUST100533,560029,0.27966983742156076,0.13120234612701753,0
ORD506356,CUST101723,560051,0.1413329596051048,0.06321104945248114,0
ORD507875,CUST101765,560036,0.16722270690239616,0.033224141114804616,0
ORD506433,CUST101428,560013,0.31554979772742214,0.18703349260237212,0
ORD502346,CUST100971,560118,0.22252391801658059,0.21889163644714124,0
ORD505501,CUST101902,560020,0.23730033189639171,0.2587614293950907,0
ORD504041,CUST100007,560029,0.130383422505818,0.13120234612701753,0
ORD501681,CUST100361,560007,0.3522819979765525,0.4115118018852822,1
ORD503858,CUST100395,560110,0.26234867347983615,0.4429461963712056,0
ORD500732,CUST100783,560088,0.5999950483916111,0.14077625183446615,0
ORD502164,CUST101556,560012,0.22829920586186425,0.08031914452505755,0
ORD500466,CUST100236,560087,0.3408921063238981,0.2319307941510612,1
ORD504556,CUST101786,560008,0.24032215738837232,0.3291430834854005,1
ORD507015,CUST100508,560030,0.34116143905998736,0.07698134180032012,0
ORD500834,CUST100633,560117,0.22490603406589493,0.07519208933625972,0
ORD500957,CUST101669,560110,0.460372672724603,0.4429461963712056,1
ORD500951,CUST101270,560059,0.19279182743191678,0.06343485879816538,0
ORD504969,CUST101962,560019,0.48873587026245635,0.048751952975078075,0
ORD507227,CUST101498,560065,0.3531752731850431,0.12481245587380058,0
ORD505768,CUST100545,560003,0.43544254381347786,0.21762362723276713,0
ORD501539,CUST101294,560072,0.06184401095130109,0.0983469859236676,0
ORD501460,CUST101067,560019,0.11183608210562623,0.048751952975078075,0
ORD503337,CUST100774,560070,0.22369831123924852,0.20224062701049086,0
ORD507918,CUST101628,560116,0.5060698046512045,0.21263077921125112,0
ORD503314,CUST101899,560072,0.46001392254571255,0.0983469859236676,0
ORD502535,CUST100440,560049,0.3049431715733594,0.10008282781565703,0
ORD500616,CUST100921,560051,0.10667469787866646,0.06321104945248114,0
ORD504214,CUST100906,560039,0.32608688428099614,0.08257987664945507,0
ORD506625,CUST100231,560098,0.45454338905514596,0.20695366556821226,0
ORD506409,CUST100730,560049,0.13941177666095245,0.10008282781565703,0
ORD502533,CUST101221,560071,0.2702196956443796,0.2846659660343278,0
ORD503725,CUST100505,560076,0.21438054858203234,0.1112464586243946,0
ORD503102,CUST100231,560070,0.45454338905514596,0.20224062701049086,1
ORD503087,CUST101334,560064,0.31159267331599777,0.4107390138477389,0
ORD501880,CUST100541,560025,0.16757657415686808,0.12731929297945457,0
ORD507960,CUST100725,560082,0.17751620465362142,0.4036521734896382,1
ORD500170,CUST101608,560009,0.17874359530435505,0.26522522319557623,0
ORD507617,CUST100003,560034,0.2625171002989132,0.2969408870047299,0
ORD505896,CUST101118,560112,0.20566279538085244,0.10046769389686781,0
ORD502521,CUST101785,560080,0.14011262016786832,0.35705055052060225,0
ORD504185,CUST100472,560044,0.38183286991587256,0.24271947144386585,0
ORD501163,CUST100858,560037,0.49735146312055917,0.20052614877754213,0
ORD501712,CUST100542,560110,0.24680180551951414,0.4429461963712056,1
ORD506894,CUST100363,560024,0.5069067023823574,0.08499988471741125,0
ORD507346,CUST101919,560001,0.051059705610584816,0.4276493248809966,1
ORD505958,CUST100359,560026,0.21989011196511407,0.06415183632714254,0
ORD504467,CUST101298,560049,0.23476857957985725,0.10008282781565703,0
ORD502399,CUST100410,560011,0.34134778732339127,0.26287102465088363,1
ORD505649,CUST100734,560012,0.2270220145584273,0.08031914452505755,0
ORD502308,CUST101225,560115,0.12139816424380817,0.23129979364443987,0
ORD500010,CUST100860,560031,0.28458392516216463,0.1918817018934806,0
ORD500990,CUST101389,560099,0.18808142018776278,0.15847855826528787,1
ORD506590,CUST100116,560016,0.24874291058771908,0.21649401012539535,0
ORD501578,CUST101665,560072,0.15993845447034097,0.0983469859236676,0
ORD507671,CUST101221,560042,0.2702196956443796,0.20272897456368089,1
ORD500666,CUST101203,560085,0.2125095205336983,0.24590610537959195,0
ORD506434,CUST100696,560101,0.1273977253721659,0.2210289590416924,0
ORD506211,CUST100370,560081,0.3389478327833424,0.1954421444622332,1
ORD503111,CUST100485,560009,0.06329685196438278,0.26522522319557623,0
ORD501210,CUST101048,560048,0.1441161872280649,0.48509059761807705,0
ORD505841,CUST100064,560075,0.1683531119228636,0.04994448821558866,0
ORD504326,CUST101005,560060,0.06596266257230533,0.148778104232636,0
ORD500963,CUST101551,560039,0.2522211494965068,0.08257987664945507,0
ORD503679,CUST101467,560081,0.16625647957893838,0.1954421444622332,0
ORD501289,CUST100960,560050,0.45832686197594585,0.39804978962446785,1
ORD502644,CUST100440,560062,0.3049431715733594,0.36167936673581547,1
ORD505941,CUST100747,560021,0.06106742004116383,0.07930465192162388,1
ORD506307,CUST101991,560097,0.2777818209511354,0.2209193286304174,1
ORD503483,CUST100616,560081,0.022786443806481167,0.1954421444622332,0
ORD507149,CUST101390,560077,0.08909689827440144,0.48289222403515625,0
ORD503993,CUST100430,560032,0.1367751862386983,0.2652671681157216,0
ORD506910,CUST100872,560077,0.3932300760602047,0.48289222403515625,0
ORD502977,CUST100307,560093,0.2923331864352393,0.1005035939480502,0
ORD504789,CUST101586,560038,0.41790976805842955,0.4922123466288645,1
ORD507275,CUST100116,560076,0.24874291058771908,0.1112464586243946,0
ORD500484,CUST100150,560041,0.2732031279049196,0.1311386209542706,0
ORD503952,CUST101828,560093,0.2245352895470603,0.1005035939480502,0
ORD507661,CUST100888,560114,0.46669449990302514,0.11153289416689233,0
ORD500994,CUST101931,560023,0.16151890919267575,0.028472335602004763,0
ORD503491,CUST100708,560045,0.3167306496511369,0.2009380398079108,1
ORD500165,CUST100960,560032,0.45832686197594585,0.2652671681157216,0
ORD505638,CUST100328,560012,0.4390524811910615,0.08031914452505755,1
ORD507587,CUST101269,560090,0.45385437384610405,0.0937263908731933,0
ORD503601,CUST100871,560061,0.11900029028742974,0.14659676401055344,0
ORD505477,CUST101287,560089,0.4523914179936507,0.19467065107163697,1
ORD504296,CUST101669,560101,0.460372672724603,0.2210289590416924,0
ORD504721,CUST100935,560107,0.48051431524057286,0.4249338442310718,1
ORD500917,CUST101183,560016,0.5778690550660062,0.21649401012539535,1
ORD501157,CUST100324,560060,0.372235180820969,0.148778104232636,0
ORD500446,CUST100129,560005,0.05662677973259444,0.3717167319646953,0
ORD506779,CUST100008,560035,0.2798243783472397,0.44644714587366313,0
ORD500794,CUST100116,560083,0.24874291058771908,0.09761538384380626,0
ORD502725,CUST100524,560009,0.15250618963621082,0.26522522319557623,0
ORD507017,CUST101543,560011,0.4487444125680534,0.26287102465088363,1
ORD501025,CUST100302,560051,0.2676344641423701,0.06321104945248114,1
ORD502229,CUST100399,560047,0.36385813299321307,0.2140654816693931,0
ORD502232,CUST100120,560075,0.23228588338828865,0.04994448821558866,0
ORD500488,CUST100559,560053,0.4716651692865587,0.2746954160023574,1
ORD504412,CUST100057,560074,0.21714365268202862,0.07273808090514074,0
ORD506059,CUST100879,560038,0.10017523767782194,0.4922123466288645,0
ORD503173,CUST100028,560109,0.22018251677280468,0.5252484997618413,1
ORD506150,CUST100174,560018,0.38529192793710215,0.15888837338663903,0
ORD506412,CUST101733,560116,0.5116861564869277,0.21263077921125112,0
ORD504848,CUST100204,560085,0.23310699843617838,0.24590610537959195,0
ORD500638,CUST101785,560010,0.14011262016786832,0.26331848167006455,0
ORD502435,CUST100935,560114,0.48051431524057286,0.11153289416689233,0
ORD500317,CUST101465,560088,0.2855087147460683,0.14077625183446615,1
ORD507345,CUST101353,560051,0.3913841232658955,0.06321104945248114,0
ORD507242,CUST101972,560075,0.4004308402028242,0.04994448821558866,1
ORD507827,CUST101183,560036,0.5778690550660062,0.033224141114804616,1
ORD504522,CUST100582,560056,0.6823689291324807,0.1311151942786954,1
ORD503037,CUST100725,560090,0.17751620465362142,0.0937263908731933,0
ORD507167,CUST100007,560032,0.130383422505818,0.2652671681157216,0
ORD504280,CUST100054,560032,0.3169418867271463,0.2652671681157216,0
ORD504290,CUST101281,560084,0.2724860058300181,0.3632584085729479,0
ORD506121,CUST101619,560017,0.2644198166418348,0.14572183941573405,0
ORD504353,CUST101246,560047,0.32724707914173723,0.2140654816693931,0
ORD505555,CUST101265,560064,0.12254366674898377,0.4107390138477389,0
ORD505033,CUST100001,560066,0.24614417619698423,0.44863880467564937,0
ORD505399,CUST100424,560016,0.14393935494351567,0.21649401012539535,0
ORD503841,CUST100541,560011,0.16757657415686808,0.26287102465088363,0
ORD506755,CUST100141,560027,0.10315842761541319,0.3964081708913591,0
ORD507594,CUST100687,560041,0.21032372896200763,0.1311386209542706,0
ORD505202,CUST100801,560033,0.08818720269213687,0.2000167013897961,0
ORD504625,CUST101758,560063,0.12078438861904368,0.19220896367361404,0
ORD506711,CUST100687,560048,0.21032372896200763,0.48509059761807705,1
ORD505886,CUST100007,560030,0.130383422505818,0.07698134180032012,0
ORD504313,CUST101669,560059,0.460372672724603,0.06343485879816538,1
ORD506431,CUST100304,560022,0.21199326223067969,0.12028576980936151,0
ORD504571,CUST100557,560084,0.29966387224425906,0.3632584085729479,0
ORD503495,CUST100400,560113,0.5527709467025828,0.05073967111486112,1
ORD501643,CUST100852,560003,0.34967740116682094,0.21762362723276713,0
ORD506298,CUST101930,560109,0.10390544432784944,0.5252484997618413,0
ORD502621,CUST100185,560016,0.24645297721478737,0.21649401012539535,0
ORD506462,CUST101762,560065,0.3039523629091911,0.12481245587380058,0
ORD503730,CUST100573,560119,0.158432901455159,0.23009324809977014,0
ORD504126,CUST100306,560072,0.3016559281489719,0.0983469859236676,1
ORD502817,CUST100236,560076,0.3408921063238981,0.1112464586243946,0
ORD506547,CUST100354,560057,0.41400072201775984,0.06751530873316719,0
ORD506417,CUST101013,560117,0.12990699426254682,0.07519208933625972,0
ORD501220,CUST101516,560060,0.14480130003921363,0.148778104232636,0
ORD505528,CUST101294,560022,0.06184401095130109,0.12028576980936151,0
ORD507849,CUST100067,560097,0.2445339867991523,0.2209193286304174,0
ORD501519,CUST100004,560100,0.37008993339073415,0.3742111996543805,0
ORD503097,CUST101566,560100,0.18156569175850115,0.3742111996543805,0
ORD507743,CUST100725,560028,0.17751620465362142,0.033656118245986556,0
ORD503805,CUST101747,560101,0.1511299192506436,0.2210289590416924,0
ORD505237,CUST101230,560107,0.39659824148256273,0.4249338442310718,0
ORD505149,CUST100182,560103,0.18723773115835693,0.2331908497366693,0
ORD502288,CUST100725,560033,0.17751620465362142,0.2000167013897961,0
ORD501435,CUST101112,560107,0.17850104022127003,0.4249338442310718,0
ORD501925,CUST101390,560023,0.08909689827440144,0.028472335602004763,0
ORD501281,CUST100431,560076,0.4862266497306529,0.1112464586243946,1
ORD504951,CUST101955,560003,0.46590838362476883,0.21762362723276713,1
ORD502851,CUST101037,560090,0.13503647604062696,0.0937263908731933,0
ORD507209,CUST101064,560008,0.08564040394082703,0.3291430834854005,0
ORD504747,CUST101634,560070,0.09936353096239679,0.20224062701049086,0
ORD507318,CUST100154,560115,0.0781064825203757,0.23129979364443987,0
ORD506760,CUST100222,560105,0.3666490656306323,0.2610606417315302,0
ORD506317,CUST100398,560025,0.11565315745837781,0.12731929297945457,0
ORD505365,CUST100723,560118,0.08763097456402634,0.21889163644714124,0
ORD506679,CUST101551,560072,0.2522211494965068,0.0983469859236676,0
ORD502021,CUST100805,560033,0.14603763063941222,0.2000167013897961,0
ORD506797,CUST101505,560117,0.327820315683397,0.07519208933625972,0
ORD505599,CUST101768,560045,0.16350440472646338,0.2009380398079108,0
ORD504667,CUST101777,560007,0.26223243156670895,0.4115118018852822,1
ORD506599,CUST101239,560107,0.37912574798973386,0.4249338442310718,1
ORD500913,CUST101055,560112,0.07203533156178242,0.10046769389686781,0
ORD505570,CUST101922,560097,0.334261153302771,0.2209193286304174,0
ORD500644,CUST100911,560055,0.298266440698924,0.24304583988795897,0
ORD500418,CUST101800,560069,0.09640968683203537,0.11654125384957931,0
ORD506166,CUST100532,560048,0.11716756530475335,0.48509059761807705,0
ORD501299,CUST101062,560054,0.41201621260086296,0.10632638057233394,1
ORD507076,CUST101652,560115,0.1293715260268498,0.23129979364443987,0
ORD501445,CUST101239,560011,0.37912574798973386,0.26287102465088363,0
ORD503232,CUST101623,560006,0.09367929767645072,0.0359397910518748,0
ORD500352,CUST101106,560013,0.1941016350133047,0.18703349260237212,0
ORD503555,CUST101737,560034,0.3771073287973489,0.2969408870047299,0
ORD507972,CUST100987,560111,0.32179003910110554,0.1318273625407665,1
ORD500348,CUST101447,560077,0.37463673070772235,0.48289222403515625,0
ORD504940,CUST101476,560059,0.11932782079572397,0.06343485879816538,0
ORD507069,CUST101641,560034,0.4325140850056713,0.2969408870047299,0
ORD502904,CUST100807,560010,0.2451703788287927,0.26331848167006455,1
ORD500777,CUST100695,560016,0.17538746422164997,0.21649401012539535,0
ORD507249,CUST100541,560029,0.16757657415686808,0.13120234612701753,0
ORD502830,CUST100759,560083,0.14931459557255047,0.09761538384380626,1
ORD507042,CUST100414,560015,0.22490754943212576,0.2930958901877522,0
ORD500416,CUST100398,560114,0.11565315745837781,0.11153289416689233,0
ORD504685,CUST100032,560049,0.14213974082226472,0.10008282781565703,0
ORD500256,CUST101672,560031,0.10382806887576394,0.1918817018934806,0
ORD503703,CUST101257,560003,0.34863772562246864,0.21762362723276713,0
ORD506597,CUST101640,560071,0.20197096566295353,0.2846659660343278,0
ORD505242,CUST100057,560023,0.21714365268202862,0.028472335602004763,0
ORD504460,CUST100305,560069,0.1965713354260339,0.11654125384957931,0
ORD503845,CUST101272,560039,0.4077998154371647,0.08257987664945507,0
ORD502000,CUST100682,560108,0.12499601752243053,0.3345971676330574,0
ORD507001,CUST101082,560062,0.45189780435831306,0.36167936673581547,1
ORD504272,CUST100308,560004,0.12605441282590366,0.19762853761721605,0
ORD503813,CUST100098,560094,0.2961471020437191,0.3010387326878104,0
ORD507718,CUST101479,560016,0.29635193170568336,0.21649401012539535,0
ORD505957,CUST100868,560026,0.11697910832251292,0.06415183632714254,0
ORD506188,CUST101929,560077,0.32197007802918726,0.48289222403515625,1
ORD502994,CUST100877,560103,0.2886910483536643,0.2331908497366693,0
ORD506226,CUST101183,560095,0.5778690550660062,0.1770255930012656,1
ORD504881,CUST100580,560002,0.30696088944893785,0.06816617099651445,0
ORD502951,CUST100610,560110,0.34213038061806744,0.4429461963712056,0
ORD505883,CUST100922,560059,0.3122811875259352,0.06343485879816538,0
ORD502047,CUST100669,560067,0.2662137094395429,0.2626412720928802,0
ORD503692,CUST100674,560062,0.5430110256129925,0.36167936673581547,0
ORD504257,CUST101739,560024,0.3451011613890368,0.08499988471741125,0
ORD505420,CUST101804,560093,0.23198383898700856,0.1005035939480502,0
ORD505383,CUST101900,560011,0.25692733289880665,0.26287102465088363,0
ORD504118,CUST101203,560047,0.2125095205336983,0.2140654816693931,1
ORD501781,CUST100403,560039,0.20115272590154482,0.08257987664945507,0
ORD501405,CUST100306,560003,0.3016559281489719,0.21762362723276713,0
ORD500029,CUST100872,560110,0.3932300760602047,0.4429461963712056,0
ORD504908,CUST100998,560047,0.2485508271976326,0.2140654816693931,0
ORD507250,CUST101348,560097,0.13202568542704377,0.2209193286304174,0
ORD502727,CUST100150,560117,0.2732031279049196,0.07519208933625972,0
ORD500303,CUST100651,560094,0.22367316697863052,0.3010387326878104,0
ORD502820,CUST101692,560079,0.33957966697519143,0.17876544501708239,1
ORD500751,CUST101463,560058,0.31218816463367893,0.20486674986456038,0
ORD504160,CUST100064,560058,0.1683531119228636,0.20486674986456038,0
ORD505918,CUST100810,560023,0.07001658722546926,0.028472335602004763,0
ORD505842,CUST101550,560072,0.0804044795592246,0.0983469859236676,0
ORD502972,CUST100399,560098,0.36385813299321307,0.20695366556821226,1
ORD502486,CUST101160,560114,0.15017886247881426,0.11153289416689233,0
ORD505862,CUST100660,560045,0.7587990740316559,0.2009380398079108,1
ORD503803,CUST101966,560063,0.2834169609687111,0.19220896367361404,0
ORD504530,CUST100047,560057,0.5115239173587337,0.06751530873316719,0
ORD507642,CUST100281,560022,0.10820090543681238,0.12028576980936151,0
ORD506446,CUST101104,560068,0.26618539797610186,0.12357375658063682,1
ORD504161,CUST101184,560081,0.09769555583740164,0.1954421444622332,0
ORD503216,CUST101957,560095,0.4539654631009681,0.1770255930012656,0
ORD500262,CUST101592,560057,0.06097123207784671,0.06751530873316719,0
ORD502624,CUST100572,560023,0.19283338499564623,0.028472335602004763,0
ORD505170,CUST100742,560037,0.1631917746791551,0.20052614877754213,0
ORD502697,CUST100989,560116,0.05355460713855942,0.21263077921125112,0
ORD503428,CUST101106,560095,0.1941016350133047,0.1770255930012656,0
ORD502017,CUST101586,560076,0.41790976805842955,0.1112464586243946,0
ORD501899,CUST101560,560050,0.06906171242255257,0.39804978962446785,0
ORD503706,CUST101203,560044,0.2125095205336983,0.24271947144386585,1
ORD503223,CUST100406,560008,0.25774521074598095,0.3291430834854005,1
ORD505248,CUST101431,560042,0.218617277433771,0.20272897456368089,0
ORD503994,CUST100275,560044,0.18587087319682674,0.24271947144386585,0
ORD504091,CUST101775,560056,0.18638994183018504,0.1311151942786954,0
ORD507905,CUST100563,560084,0.015741543537136977,0.3632584085729479,0
ORD505386,CUST101209,560016,0.01997628607250876,0.21649401012539535,0
ORD502135,CUST101541,560084,0.14437126701762237,0.3632584085729479,0
ORD501623,CUST101062,560009,0.41201621260086296,0.26522522319557623,1
ORD502547,CUST101268,560103,0.3633623231742147,0.2331908497366693,1
ORD502526,CUST100395,560024,0.26234867347983615,0.08499988471741125,0
ORD502728,CUST100410,560032,0.34134778732339127,0.2652671681157216,0
ORD501944,CUST100057,560018,0.21714365268202862,0.15888837338663903,0
ORD503398,CUST101183,560011,0.5778690550660062,0.26287102465088363,1
ORD500889,CUST101968,560024,0.11744459089058115,0.08499988471741125,0
ORD505551,CUST100995,560031,0.2336410115856832,0.1918817018934806,0
ORD505190,CUST100754,560087,0.3587819541053284,0.2319307941510612,0
ORD503333,CUST101360,560036,0.27271275192114813,0.033224141114804616,0
ORD503660,CUST100386,560073,0.25827168717093074,0.40608187581223554,0
ORD501985,CUST101955,560073,0.46590838362476883,0.40608187581223554,0
ORD500745,CUST101389,560014,0.18808142018776278,0.32405610103166854,0
ORD504192,CUST100570,560072,0.20370978877684995,0.0983469859236676,0
ORD505757,CUST100514,560002,0.06067469417646223,0.06816617099651445,0
ORD500674,CUST101622,560036,0.09247216495160374,0.033224141114804616,0
ORD505280,CUST101404,560118,0.3466570984479526,0.21889163644714124,0
ORD500231,CUST100801,560084,0.08818720269213687,0.3632584085729479,0
ORD506601,CUST100303,560054,0.10726439398882659,0.10632638057233394,0
ORD504917,CUST101199,560029,0.3902154867000258,0.13120234612701753,0
ORD502384,CUST100759,560074,0.14931459557255047,0.07273808090514074,0
ORD502495,CUST101268,560052,0.3633623231742147,0.10086571587923499,0
ORD507152,CUST100289,560006,0.42258989063174557,0.0359397910518748,1
ORD507168,CUST101237,560037,0.39578552080530405,0.20052614877754213,0
ORD507719,CUST100584,560110,0.37695444338103923,0.4429461963712056,0
ORD507863,CUST100516,560070,0.33375713618452035,0.20224062701049086,0
ORD504080,CUST101045,560071,0.14850656263461232,0.2846659660343278,0
ORD502836,CUST101080,560093,0.34499302364627743,0.1005035939480502,0
ORD501114,CUST100725,560101,0.17751620465362142,0.2210289590416924,0
ORD501226,CUST100508,560079,0.34116143905998736,0.17876544501708239,0
ORD501112,CUST100256,560061,0.16298051973655406,0.14659676401055344,0
ORD503567,CUST100942,560019,0.11987616569058317,0.048751952975078075,0
ORD501342,CUST101793,560073,0.2076640234705369,0.40608187581223554,0
ORD500868,CUST101246,560116,0.32724707914173723,0.21263077921125112,1
ORD502958,CUST100321,560087,0.42296540799688903,0.2319307941510612,0
ORD507110,CUST100183,560080,0.03002375015151436,0.35705055052060225,0
ORD502426,CUST100551,560034,0.5069207836417344,0.2969408870047299,1
ORD504746,CUST100204,560080,0.23310699843617838,0.35705055052060225,1
ORD505043,CUST101164,560040,0.3221577863292197,0.13792726590918689,0
ORD505496,CUST101974,560066,0.34912978504838177,0.44863880467564937,1
ORD501689,CUST101767,560023,0.49167863541992063,0.028472335602004763,1
ORD505368,CUST100306,560020,0.3016559281489719,0.2587614293950907,0
ORD500273,CUST101693,560009,0.21089802743849947,0.26522522319557623,0
ORD502150,CUST101771,560087,0.38952211246813145,0.2319307941510612,0
ORD506970,CUST101662,560040,0.10650735560052575,0.13792726590918689,0
ORD500315,CUST100837,560049,0.004945139284766755,0.10008282781565703,0
ORD506172,CUST100921,560114,0.10667469787866646,0.11153289416689233,0
ORD507673,CUST101225,560093,0.12139816424380817,0.1005035939480502,0
ORD501212,CUST101701,560075,0.3061840886816502,0.04994448821558866,0
ORD500395,CUST101959,560081,0.23676533290086588,0.1954421444622332,1
ORD500243,CUST100536,560096,0.2901295476709541,0.13143597660081374,0
ORD504485,CUST100998,560119,0.2485508271976326,0.23009324809977014,0
ORD500865,CUST101989,560093,0.2402731156078704,0.1005035939480502,0
ORD505482,CUST100474,560079,0.40080141861945334,0.17876544501708239,0
ORD506630,CUST101184,560011,0.09769555583740164,0.26287102465088363,0
ORD504806,CUST101592,560100,0.06097123207784671,0.3742111996543805,0
ORD502169,CUST101390,560007,0.08909689827440144,0.4115118018852822,0
ORD503424,CUST101674,560030,0.21621103592139168,0.07698134180032012,0
ORD507395,CUST100707,560033,0.2531798586102482,0.2000167013897961,0
ORD506503,CUST101191,560009,0.5091446892358839,0.26522522319557623,0
ORD506651,CUST101962,560021,0.48873587026245635,0.07930465192162388,0
ORD506746,CUST101852,560045,0.10508599985494056,0.2009380398079108,0
ORD505277,CUST100413,560118,0.32438169600546557,0.21889163644714124,0
ORD507589,CUST101115,560090,0.16775992148714,0.0937263908731933,0
ORD506297,CUST101494,560106,0.2134341407978907,0.19267676572383044,0
ORD507621,CUST100238,560104,0.2439801007675435,0.1241972485306535,0
ORD507853,CUST100594,560006,0.6231863021915255,0.0359397910518748,1
ORD502745,CUST100302,560108,0.2676344641423701,0.3345971676330574,0
ORD507582,CUST101760,560074,0.4939651205923823,0.07273808090514074,0
ORD502514,CUST100807,560058,0.2451703788287927,0.20486674986456038,0
ORD501051,CUST100376,560039,0.11496764830095485,0.08257987664945507,0
ORD503546,CUST101062,560103,0.41201621260086296,0.2331908497366693,0
ORD506072,CUST101858,560006,0.43879665490804126,0.0359397910518748,0
ORD506642,CUST101786,560074,0.24032215738837232,0.07273808090514074,0
ORD503129,CUST101638,560059,0.1155768135052856,0.06343485879816538,0
ORD503512,CUST101465,560100,0.2855087147460683,0.3742111996543805,1
ORD500730,CUST101619,560009,0.2644198166418348,0.26522522319557623,0
ORD500093,CUST100068,560035,0.14171274321107463,0.44644714587366313,0
ORD503164,CUST101262,560103,0.20693806503826653,0.2331908497366693,0
ORD505082,CUST101532,560032,0.23704685594461086,0.2652671681157216,0
ORD500503,CUST100151,560016,0.14720873128711998,0.21649401012539535,0
ORD504673,CUST101425,560009,0.16517628857609118,0.26522522319557623,0
ORD502825,CUST100742,560057,0.1631917746791551,0.06751530873316719,0
ORD505572,CUST101397,560107,0.16569683789447415,0.4249338442310718,0
ORD503628,CUST101739,560099,0.3451011613890368,0.15847855826528787,1
ORD502133,CUST100235,560008,0.38559486575544727,0.3291430834854005,0
ORD500397,CUST101858,560014,0.43879665490804126,0.32405610103166854,1
ORD505930,CUST100988,560053,0.13672265930414002,0.2746954160023574,0
ORD502008,CUST101687,560079,0.13132676569582516,0.17876544501708239,0
ORD501038,CUST100001,560054,0.24614417619698423,0.10632638057233394,0
ORD504608,CUST100860,560097,0.28458392516216463,0.2209193286304174,0
ORD502909,CUST101505,560079,0.327820315683397,0.17876544501708239,0
ORD503302,CUST101106,560033,0.1941016350133047,0.2000167013897961,0
ORD501708,CUST101296,560112,0.25907141723816696,0.10046769389686781,0
ORD500808,CUST101164,560036,0.3221577863292197,0.033224141114804616,0
ORD503927,CUST100965,560116,0.26157446440547233,0.21263077921125112,0
ORD503084,CUST100577,560002,0.2042925306906814,0.06816617099651445,0
ORD507566,CUST101473,560118,0.2833169040198567,0.21889163644714124,0
ORD506416,CUST101995,560086,0.07807759993705618,0.007482278722774853,0
ORD502993,CUST100849,560029,0.04753759575732664,0.13120234612701753,0
ORD502608,CUST101639,560074,0.16882341312566285,0.07273808090514074,0
ORD502693,CUST100879,560118,0.10017523767782194,0.21889163644714124,0
ORD507825,CUST100007,560096,0.130383422505818,0.13143597660081374,0
ORD505651,CUST100975,560039,0.24375656389178965,0.08257987664945507,0
ORD501362,CUST100297,560032,0.46818673352621776,0.2652671681157216,0
ORD502880,CUST100008,560027,0.2798243783472397,0.3964081708913591,0
ORD505430,CUST100515,560093,0.1354858514772503,0.1005035939480502,0
ORD502636,CUST101875,560072,0.20866604375382167,0.0983469859236676,0
ORD500135,CUST100516,560065,0.33375713618452035,0.12481245587380058,0
ORD504097,CUST100774,560031,0.22369831123924852,0.1918817018934806,0
ORD506474,CUST101013,560029,0.12990699426254682,0.13120234612701753,0
ORD504861,CUST101295,560090,0.1933314703424993,0.0937263908731933,0
ORD505976,CUST100227,560034,0.2560233812776348,0.2969408870047299,1
ORD503044,CUST101430,560004,0.3599162346721973,0.19762853761721605,0
ORD502571,CUST100616,560002,0.022786443806481167,0.06816617099651445,0
ORD500879,CUST100299,560017,0.30369779202070374,0.14572183941573405,0
ORD506403,CUST100089,560066,0.2779937156072131,0.44863880467564937,0
ORD502113,CUST101951,560101,0.43899429025255043,0.2210289590416924,0
ORD507350,CUST100843,560006,0.10184459823137466,0.0359397910518748,0
ORD504656,CUST100424,560092,0.14393935494351567,0.4652541447815074,1
ORD504626,CUST101335,560088,0.2437877142910798,0.14077625183446615,0
ORD505011,CUST100705,560045,0.4704006042949903,0.2009380398079108,1
ORD504194,CUST101642,560068,0.08360337172579327,0.12357375658063682,0
ORD505732,CUST100747,560069,0.06106742004116383,0.11654125384957931,0
ORD500689,CUST100318,560087,0.2709409123393363,0.2319307941510612,0
ORD506901,CUST101730,560027,0.20257060460374818,0.3964081708913591,0
ORD507255,CUST100547,560033,0.21839807662579255,0.2000167013897961,1
ORD500998,CUST101628,560068,0.5060698046512045,0.12357375658063682,0
ORD505109,CUST100380,560000,0.1720539793002365,0.0499470929340503,0
ORD501111,CUST100114,560005,0.11388016972116154,0.3717167319646953,0
ORD506712,CUST100651,560119,0.22367316697863052,0.23009324809977014,0
ORD501325,CUST101579,560078,0.48168131853356183,0.14596790446960203,0
ORD502577,CUST100566,560041,0.3692350826198513,0.1311386209542706,1
ORD505888,CUST100520,560026,0.3820936747712913,0.06415183632714254,1
ORD505733,CUST101553,560052,0.10497605305635782,0.10086571587923499,0
ORD502088,CUST101730,560008,0.20257060460374818,0.3291430834854005,0
ORD501279,CUST101823,560113,0.19005319499583676,0.05073967111486112,0
ORD506203,CUST101167,560117,0.13447679373695556,0.07519208933625972,0
ORD507778,CUST101412,560019,0.12399667191772946,0.048751952975078075,0
ORD502467,CUST100844,560100,0.49837168382017244,0.3742111996543805,0
ORD507306,CUST101786,560092,0.24032215738837232,0.4652541447815074,0
ORD506657,CUST101794,560106,0.25410635275941446,0.19267676572383044,0
ORD500370,CUST100872,560081,0.3932300760602047,0.1954421444622332,0
ORD500907,CUST100365,560063,0.20563308921317577,0.19220896367361404,0
ORD507826,CUST101187,560063,0.07469619116350239,0.19220896367361404,0
ORD507379,CUST100274,560106,0.11488476521704623,0.19267676572383044,0
ORD505346,CUST101498,560026,0.3531752731850431,0.06415183632714254,0
ORD505907,CUST100707,560059,0.2531798586102482,0.06343485879816538,0
ORD505334,CUST100906,560047,0.32608688428099614,0.2140654816693931,0
ORD503194,CUST101160,560012,0.15017886247881426,0.08031914452505755,0
ORD504778,CUST101138,560118,0.28394012327509494,0.21889163644714124,0
ORD504532,CUST100620,560076,0.27762091119656535,0.1112464586243946,0
ORD504732,CUST100444,560102,0.4375803082647143,0.3116574064541478,1
ORD503394,CUST101674,560010,0.21621103592139168,0.26331848167006455,0
ORD505231,CUST101207,560074,0.5611873074821642,0.07273808090514074,0
ORD500129,CUST100095,560017,0.7642110094338409,0.14572183941573405,1
ORD501432,CUST101038,560074,0.3699262684805696,0.07273808090514074,0
ORD501728,CUST100557,560040,0.29966387224425906,0.13792726590918689,0
ORD507954,CUST101298,560071,0.23476857957985725,0.2846659660343278,1
ORD504198,CUST101048,560013,0.1441161872280649,0.18703349260237212,0
ORD506915,CUST101674,560108,0.21621103592139168,0.3345971676330574,0
ORD504638,CUST101904,560092,0.3984682555788554,0.4652541447815074,1
ORD502069,CUST101836,560061,0.3244384271345049,0.14659676401055344,0
ORD504680,CUST100657,560032,0.2427300898226067,0.2652671681157216,0
ORD505371,CUST101790,560092,0.3215180684075259,0.4652541447815074,1
ORD504361,CUST100435,560022,0.15409376748987197,0.12028576980936151,0
ORD505203,CUST101258,560033,0.08993275694608767,0.2000167013897961,1
ORD505290,CUST101229,560097,0.29561421752814865,0.2209193286304174,0
ORD502814,CUST100116,560101,0.24874291058771908,0.2210289590416924,0
ORD501947,CUST100924,560000,0.16110498237076418,0.0499470929340503,0
ORD502403,CUST100007,560046,0.130383422505818,0.30307755392063607,0
ORD505536,CUST100538,560060,0.3745706193331196,0.148778104232636,0
ORD500225,CUST101356,560035,0.16088320279202084,0.44644714587366313,0
ORD501399,CUST101482,560073,0.17602747534132004,0.40608187581223554,0
ORD507931,CUST101105,560075,0.1854958612320391,0.04994448821558866,0
ORD500582,CUST100692,560068,0.24075359089905976,0.12357375658063682,1
ORD507574,CUST101183,560101,0.5778690550660062,0.2210289590416924,0
ORD504116,CUST101698,560086,0.31772193192196085,0.007482278722774853,0
ORD501192,CUST101564,560030,0.3713254962644568,0.07698134180032012,0
ORD505504,CUST101724,560098,0.1584756573347015,0.20695366556821226,0
ORD500173,CUST101181,560023,0.28904609367239903,0.028472335602004763,0
ORD506559,CUST100782,560028,0.22685835689290434,0.033656118245986556,0
ORD502104,CUST101858,560009,0.43879665490804126,0.26522522319557623,0
ORD500669,CUST100733,560112,0.4378436970054313,0.10046769389686781,0
ORD501918,CUST100398,560101,0.11565315745837781,0.2210289590416924,0
ORD500880,CUST100555,560097,0.4803988607673801,0.2209193286304174,0
ORD503266,CUST100063,560032,0.10212483545629032,0.2652671681157216,0
ORD503487,CUST101954,560038,0.23365228177850622,0.4922123466288645,1
ORD505422,CUST100364,560070,0.3358319706571889,0.20224062701049086,0
ORD504464,CUST101225,560057,0.12139816424380817,0.06751530873316719,0
ORD504439,CUST100070,560054,0.1838032082155034,0.10632638057233394,0
ORD503962,CUST101951,560015,0.43899429025255043,0.2930958901877522,0
ORD500795,CUST101437,560095,0.057332321813472586,0.1770255930012656,0
ORD505126,CUST101268,560031,0.3633623231742147,0.1918817018934806,1
ORD502190,CUST100150,560093,0.2732031279049196,0.1005035939480502,0
ORD503260,CUST100495,560043,0.24671647255501258,0.10924789759182774,0
ORD505411,CUST100228,560093,0.19264547693073103,0.1005035939480502,1
ORD506117,CUST100772,560100,0.11715758970115171,0.3742111996543805,0
ORD506694,CUST100364,560039,0.3358319706571889,0.08257987664945507,0
ORD506282,CUST101214,560061,0.08168352213688031,0.14659676401055344,0
ORD502517,CUST100034,560063,0.46365026623247513,0.19220896367361404,1
ORD502299,CUST101216,560077,0.17029144689173453,0.48289222403515625,1
ORD503297,CUST101350,560114,0.051569656372369065,0.11153289416689233,0
ORD507302,CUST100192,560064,0.22287364608691065,0.4107390138477389,0
ORD502587,CUST101167,560060,0.13447679373695556,0.148778104232636,1
ORD500053,CUST101620,560051,0.2229674740875284,0.06321104945248114,1
ORD500442,CUST100451,560057,0.3269451502115473,0.06751530873316719,0
ORD501333,CUST100315,560065,0.1494736716851247,0.12481245587380058,0
ORD500037,CUST100668,560058,0.2505573747381438,0.20486674986456038,0
ORD504231,CUST101924,560077,0.2637622447361595,0.48289222403515625,1
ORD506222,CUST101826,560043,0.11251270016100487,0.10924789759182774,1
ORD503262,CUST101144,560030,0.17187442297671035,0.07698134180032012,1
ORD503493,CUST100432,560096,0.15705197005739738,0.13143597660081374,0
ORD500660,CUST100302,560098,0.2676344641423701,0.20695366556821226,0
ORD507665,CUST100097,560058,0.11495022682730283,0.20486674986456038,1
ORD502739,CUST101261,560082,0.1063774454507707,0.4036521734896382,0
ORD504238,CUST100713,560042,0.13711908445634313,0.20272897456368089,0
ORD504101,CUST100089,560117,0.2779937156072131,0.07519208933625972,0
ORD502128,CUST100524,560029,0.15250618963621082,0.13120234612701753,0
ORD501105,CUST101062,560004,0.41201621260086296,0.19762853761721605,0
ORD501195,CUST101246,560018,0.32724707914173723,0.15888837338663903,0
ORD501557,CUST101514,560000,0.17199749498052777,0.0499470929340503,0
ORD501280,CUST101161,560073,0.16621613591190618,0.40608187581223554,0
ORD505892,CUST100034,560064,0.46365026623247513,0.4107390138477389,0
ORD503048,CUST101122,560034,0.031070089624300228,0.2969408870047299,1
ORD505256,CUST100964,560100,0.2696262010069623,0.3742111996543805,0
ORD504757,CUST101314,560055,0.4581820867735219,0.24304583988795897,0
ORD506767,CUST101261,560106,0.1063774454507707,0.19267676572383044,0
ORD504619,CUST100591,560064,0.29435576014073195,0.4107390138477389,1
ORD505878,CUST101239,560095,0.37912574798973386,0.1770255930012656,0
ORD500453,CUST100234,560058,0.15808045554802053,0.20486674986456038,0
ORD506274,CUST101954,560051,0.23365228177850622,0.06321104945248114,0
ORD504413,CUST101972,560105,0.4004308402028242,0.2610606417315302,0
ORD500767,CUST100575,560025,0.3734683492632352,0.12731929297945457,1
ORD507975,CUST101067,560063,0.11183608210562623,0.19220896367361404,1
ORD507540,CUST100359,560104,0.21989011196511407,0.1241972485306535,0
ORD505854,CUST100557,560085,0.29966387224425906,0.24590610537959195,0
ORD500747,CUST101044,560043,0.44027129726710196,0.10924789759182774,0
ORD507146,CUST100753,560058,0.5243767189229487,0.20486674986456038,1
ORD503670,CUST100748,560092,0.14551164876946546,0.4652541447815074,0
ORD506182,CUST100325,560020,0.41585134920398,0.2587614293950907,1
ORD502607,CUST101675,560012,0.12744330011312757,0.08031914452505755,0
ORD502212,CUST100760,560016,0.5339292911487254,0.21649401012539535,0
ORD507548,CUST100901,560000,0.18779275691082997,0.0499470929340503,1
ORD501415,CUST101048,560066,0.1441161872280649,0.44863880467564937,0
ORD506442,CUST101435,560046,0.03298639032249153,0.30307755392063607,0
ORD504977,CUST100575,560061,0.3734683492632352,0.14659676401055344,0
ORD502285,CUST100229,560013,0.10949310651314134,0.18703349260237212,0
ORD507124,CUST100008,560082,0.2798243783472397,0.4036521734896382,0
ORD500347,CUST101998,560041,0.055224922653398546,0.1311386209542706,0
ORD506653,CUST100685,560089,0.37220024375998584,0.19467065107163697,0
ORD506865,CUST100231,560113,0.45454338905514596,0.05073967111486112,0
ORD507245,CUST101505,560061,0.327820315683397,0.14659676401055344,0
ORD501021,CUST101157,560085,0.19581630906596817,0.24590610537959195,0
ORD506880,CUST101882,560114,0.2893464692888838,0.11153289416689233,0
ORD507233,CUST101217,560104,0.6566097634144586,0.1241972485306535,0
ORD504611,CUST100543,560020,0.7296899354667504,0.2587614293950907,1
ORD502605,CUST100116,560105,0.24874291058771908,0.2610606417315302,0
ORD502573,CUST101335,560102,0.2437877142910798,0.3116574064541478,0
ORD504127,CUST100258,560119,0.024014279411654592,0.23009324809977014,0
ORD503010,CUST100337,560096,0.07564649186667005,0.13143597660081374,0
ORD504053,CUST101550,560014,0.0804044795592246,0.32405610103166854,0
ORD506242,CUST101631,560009,0.1932673462427749,0.26522522319557623,0
ORD500723,CUST100860,560032,0.28458392516216463,0.2652671681157216,1
ORD504076,CUST100194,560109,0.36187966998918064,0.5252484997618413,0
ORD500857,CUST100540,560101,0.18576378008237582,0.2210289590416924,1
ORD506647,CUST100087,560035,0.5259008100699633,0.44644714587366313,1
ORD502368,CUST101701,560098,0.3061840886816502,0.20695366556821226,0
ORD507549,CUST101628,560048,0.5060698046512045,0.48509059761807705,1
ORD501037,CUST100047,560038,0.5115239173587337,0.4922123466288645,1
ORD506557,CUST101888,560008,0.170079789831775,0.3291430834854005,0
ORD507289,CUST100359,560056,0.21989011196511407,0.1311151942786954,1
ORD502151,CUST100904,560010,0.6113955123452345,0.26331848167006455,1
ORD500539,CUST100256,560070,0.16298051973655406,0.20224062701049086,0
ORD502373,CUST100194,560004,0.36187966998918064,0.19762853761721605,0
ORD507616,CUST100620,560098,0.27762091119656535,0.20695366556821226,0
ORD506792,CUST101327,560113,0.5294491042064734,0.05073967111486112,0
ORD501335,CUST100071,560101,0.22452854262691951,0.2210289590416924,0
ORD505819,CUST101062,560006,0.41201621260086296,0.0359397910518748,0
ORD506248,CUST100225,560077,0.23555814035267542,0.48289222403515625,0
ORD500761,CUST100774,560080,0.22369831123924852,0.35705055052060225,0
ORD507413,CUST100294,560053,0.05688903923637369,0.2746954160023574,0
ORD500289,CUST101637,560046,0.24806500572124585,0.30307755392063607,1
ORD503866,CUST101764,560029,0.28926297392974754,0.13120234612701753,0
ORD500441,CUST101183,560082,0.5778690550660062,0.4036521734896382,1
ORD504131,CUST100570,560089,0.20370978877684995,0.19467065107163697,0
ORD504733,CUST100794,560085,0.09880204662638824,0.24590610537959195,0
ORD507412,CUST101429,560085,0.06293286811999019,0.24590610537959195,0
ORD507940,CUST101620,560060,0.2229674740875284,0.148778104232636,0
ORD504170,CUST100844,560008,0.49837168382017244,0.3291430834854005,1
ORD504084,CUST100753,560016,0.5243767189229487,0.21649401012539535,0
ORD504807,CUST100424,560113,0.14393935494351567,0.05073967111486112,0
ORD501580,CUST100933,560096,0.10610819226493166,0.13143597660081374,0
ORD507235,CUST101742,560037,0.3705498308342294,0.20052614877754213,1
ORD507195,CUST101939,560049,0.3599787465654824,0.10008282781565703,0
ORD501008,CUST100557,560006,0.29966387224425906,0.0359397910518748,1
ORD502482,CUST101112,560002,0.17850104022127003,0.06816617099651445,0
ORD503763,CUST101855,560059,0.12981812782450455,0.06343485879816538,0
ORD504782,CUST100180,560008,0.3176453119835616,0.3291430834854005,0
ORD505758,CUST101430,560036,0.3599162346721973,0.033224141114804616,0
ORD503236,CUST100343,560112,0.32801543383093573,0.10046769389686781,1
ORD504348,CUST100301,560010,0.12241533806316059,0.26331848167006455,0
ORD504810,CUST101479,560085,0.29635193170568336,0.24590610537959195,0
ORD500132,CUST100906,560045,0.32608688428099614,0.2009380398079108,0
ORD507471,CUST100054,560018,0.3169418867271463,0.15888837338663903,0
ORD500198,CUST101553,560000,0.10497605305635782,0.0499470929340503,0
ORD501525,CUST100401,560109,0.4006136338939826,0.5252484997618413,0
ORD504032,CUST100541,560102,0.16757657415686808,0.3116574064541478,0
ORD504347,CUST101639,560086,0.16882341312566285,0.007482278722774853,0
ORD500542,CUST100185,560093,0.24645297721478737,0.1005035939480502,0
ORD500375,CUST100860,560023,0.28458392516216463,0.028472335602004763,0
ORD505540,CUST101339,560034,0.22935615168350634,0.2969408870047299,0
ORD504458,CUST101878,560109,0.24266907923144335,0.5252484997618413,1
ORD504159,CUST100228,560110,0.19264547693073103,0.4429461963712056,0
ORD505385,CUST100376,560087,0.11496764830095485,0.2319307941510612,0
ORD500096,CUST100654,560048,0.12936071938754626,0.48509059761807705,0
ORD507480,CUST100757,560060,0.21950001447884124,0.148778104232636,0
ORD501923,CUST100640,560074,0.2426758876131097,0.07273808090514074,0
ORD505624,CUST101762,560062,0.3039523629091911,0.36167936673581547,0
ORD506582,CUST100037,560076,0.36643236650295463,0.1112464586243946,0
ORD505006,CUST100150,560032,0.2732031279049196,0.2652671681157216,0
ORD506675,CUST100485,560056,0.06329685196438278,0.1311151942786954,0
ORD504677,CUST100288,560042,0.12548365143904397,0.20272897456368089,0
ORD507145,CUST100001,560081,0.24614417619698423,0.1954421444622332,0
ORD505379,CUST101995,560096,0.07807759993705618,0.13143597660081374,0
ORD501043,CUST101061,560027,0.2549543426849578,0.3964081708913591,0
ORD506386,CUST100557,560047,0.29966387224425906,0.2140654816693931,0
ORD503880,CUST100808,560055,0.12999939442193578,0.24304583988795897,0
ORD500097,CUST100151,560083,0.14720873128711998,0.09761538384380626,0
ORD504346,CUST100617,560091,0.4600954461872477,0.363756533272939,1
ORD500021,CUST101787,560012,0.18866085009648215,0.08031914452505755,0
ORD502181,CUST101244,560044,0.3330318576765023,0.24271947144386585,1
ORD502038,CUST100657,560031,0.2427300898226067,0.1918817018934806,0
ORD500075,CUST101390,560050,0.08909689827440144,0.39804978962446785,0
ORD500448,CUST101884,560006,0.47645555276211093,0.0359397910518748,0
ORD507644,CUST100602,560084,0.02235684262044825,0.3632584085729479,0
ORD504042,CUST101115,560048,0.16775992148714,0.48509059761807705,0
ORD503336,CUST100918,560083,0.3490767652545195,0.09761538384380626,0
ORD500623,CUST100916,560068,0.017477886986586533,0.12357375658063682,0
ORD500687,CUST101369,560025,0.3482141120840275,0.12731929297945457,0
ORD507973,CUST100901,560115,0.18779275691082997,0.23129979364443987,0
ORD500202,CUST101280,560095,0.21980135274451498,0.1770255930012656,0
ORD503136,CUST101048,560012,0.1441161872280649,0.08031914452505755,0
ORD501125,CUST101597,560086,0.05355953612978514,0.007482278722774853,0
ORD503300,CUST101667,560103,0.0449428616784368,0.2331908497366693,0
ORD506123,CUST101764,560038,0.28926297392974754,0.4922123466288645,0
ORD505276,CUST101052,560031,0.2133109451459792,0.1918817018934806,0
ORD507512,CUST100520,560007,0.3820936747712913,0.4115118018852822,0
ORD506878,CUST101833,560015,0.15774023097194656,0.2930958901877522,0
ORD504654,CUST101696,560111,0.050494979618445665,0.1318273625407665,0
ORD500253,CUST101417,560093,0.3312490089029119,0.1005035939480502,1
ORD507736,CUST101239,560067,0.37912574798973386,0.2626412720928802,0
ORD503055,CUST101246,560113,0.32724707914173723,0.05073967111486112,0
ORD500412,CUST100281,560026,0.10820090543681238,0.06415183632714254,0
ORD503677,CUST101183,560036,0.5778690550660062,0.033224141114804616,0
ORD507053,CUST100081,560079,0.33153779940461287,0.17876544501708239,0
ORD502351,CUST101639,560098,0.16882341312566285,0.20695366556821226,0
ORD506253,CUST100619,560082,0.399926813908544,0.4036521734896382,1
ORD506180,CUST100001,560077,0.24614417619698423,0.48289222403515625,1
ORD501232,CUST101541,560030,0.14437126701762237,0.07698134180032012,0
ORD505329,CUST101642,560063,0.08360337172579327,0.19220896367361404,0
ORD500902,CUST101437,560070,0.057332321813472586,0.20224062701049086,0
ORD507025,CUST100857,560069,0.160511974349972,0.11654125384957931,0
ORD506030,CUST100860,560065,0.28458392516216463,0.12481245587380058,0
ORD500954,CUST100398,560006,0.11565315745837781,0.0359397910518748,0
ORD506593,CUST100633,560050,0.22490603406589493,0.39804978962446785,0
ORD501656,CUST100140,560010,0.2773816073359342,0.26331848167006455,1
ORD507079,CUST100463,560099,0.39222478041522824,0.15847855826528787,0
ORD503533,CUST101590,560093,0.3570429914050274,0.1005035939480502,1
ORD504057,CUST101265,560100,0.12254366674898377,0.3742111996543805,0
ORD506164,CUST101062,560016,0.41201621260086296,0.21649401012539535,1
ORD501243,CUST100460,560069,0.3753463445849248,0.11654125384957931,0
ORD500338,CUST100162,560100,0.03093946774227127,0.3742111996543805,0
ORD502612,CUST101465,560095,0.2855087147460683,0.1770255930012656,0
ORD500878,CUST100671,560110,0.1303770637866477,0.4429461963712056,0
ORD507526,CUST100901,560096,0.18779275691082997,0.13143597660081374,0
ORD502274,CUST101974,560032,0.34912978504838177,0.2652671681157216,0
ORD505162,CUST100276,560021,0.3459632919107951,0.07930465192162388,0
ORD502761,CUST101403,560049,0.4299773449893234,0.10008282781565703,0
ORD505645,CUST100173,560026,0.45142648803811186,0.06415183632714254,0
ORD501158,CUST100679,560105,0.1894589634974572,0.2610606417315302,0
ORD502134,CUST100045,560108,0.14992661347758604,0.3345971676330574,0
ORD507492,CUST100154,560081,0.0781064825203757,0.1954421444622332,0
ORD504506,CUST101768,560102,0.16350440472646338,0.3116574064541478,0
ORD505633,CUST101250,560018,0.12834587113286433,0.15888837338663903,0
ORD504285,CUST101302,560056,0.05793788402926402,0.1311151942786954,0
ORD503662,CUST100256,560038,0.16298051973655406,0.4922123466288645,0
ORD502341,CUST101989,560115,0.2402731156078704,0.23129979364443987,0
ORD503269,CUST101969,560026,0.3615433730343218,0.06415183632714254,1
ORD504222,CUST100461,560118,0.049577018851452645,0.21889163644714124,0
ORD501891,CUST101463,560025,0.31218816463367893,0.12731929297945457,0
ORD507044,CUST100526,560024,0.21485681318313843,0.08499988471741125,1
ORD503983,CUST100447,560057,0.5866676553486984,0.06751530873316719,0
ORD500625,CUST100583,560050,0.35941268307576457,0.39804978962446785,1
ORD504984,CUST101701,560045,0.3061840886816502,0.2009380398079108,0
ORD501649,CUST101162,560000,0.14151505021308056,0.0499470929340503,0
ORD506698,CUST100988,560020,0.13672265930414002,0.2587614293950907,0
ORD505456,CUST100963,560103,0.07666895142110197,0.2331908497366693,0
ORD500695,CUST101674,560041,0.21621103592139168,0.1311386209542706,1
ORD507604,CUST100380,560062,0.1720539793002365,0.36167936673581547,0
ORD500308,CUST101762,560043,0.3039523629091911,0.10924789759182774,0
ORD503986,CUST100324,560100,0.372235180820969,0.3742111996543805,0
ORD504239,CUST101125,560024,0.3282776363453346,0.08499988471741125,0
ORD507212,CUST101933,560016,0.2704109598082824,0.21649401012539535,0
ORD501844,CUST101187,560011,0.07469619116350239,0.26287102465088363,0
ORD502083,CUST100541,560020,0.16757657415686808,0.2587614293950907,0
ORD501688,CUST101266,560107,0.035517363342968795,0.4249338442310718,0
ORD502957,CUST100660,560118,0.7587990740316559,0.21889163644714124,1
ORD503797,CUST101203,560021,0.2125095205336983,0.07930465192162388,0
ORD501453,CUST100274,560012,0.11488476521704623,0.08031914452505755,0
ORD507414,CUST100095,560111,0.7642110094338409,0.1318273625407665,0
ORD505595,CUST101550,560040,0.0804044795592246,0.13792726590918689,0
ORD506828,CUST100500,560043,0.511775030466044,0.10924789759182774,1
ORD506558,CUST100872,560073,0.3932300760602047,0.40608187581223554,1
ORD502892,CUST100324,560031,0.372235180820969,0.1918817018934806,0
ORD507141,CUST100965,560112,0.26157446440547233,0.10046769389686781,0
ORD503694,CUST101596,560109,0.04440262156441277,0.5252484997618413,1
ORD500235,CUST100785,560059,0.34624496400516935,0.06343485879816538,0
ORD500016,CUST101255,560022,0.499030903679795,0.12028576980936151,0
ORD501834,CUST101237,560079,0.39578552080530405,0.17876544501708239,0
ORD507822,CUST100825,560116,0.3704709414578122,0.21263077921125112,0
ORD505800,CUST100785,560026,0.34624496400516935,0.06415183632714254,0
ORD504128,CUST100888,560114,0.46669449990302514,0.11153289416689233,0
ORD502867,CUST101268,560115,0.3633623231742147,0.23129979364443987,0
ORD500099,CUST101408,560000,0.5599391908775743,0.0499470929340503,1
ORD502139,CUST100364,560081,0.3358319706571889,0.1954421444622332,0
ORD505750,CUST101005,560062,0.06596266257230533,0.36167936673581547,0
ORD504882,CUST101767,560070,0.49167863541992063,0.20224062701049086,0
ORD506737,CUST101269,560061,0.45385437384610405,0.14659676401055344,0
ORD500000,CUST101430,560020,0.3599162346721973,0.2587614293950907,0
ORD501321,CUST101014,560102,0.20903020090102148,0.3116574064541478,0
ORD504937,CUST100327,560025,0.6433649856347546,0.12731929297945457,1
ORD504304,CUST100203,560004,0.18766250228601905,0.19762853761721605,0
ORD501770,CUST101699,560039,0.17277941992289145,0.08257987664945507,0
ORD503828,CUST101294,560075,0.06184401095130109,0.04994448821558866,0
ORD504388,CUST101661,560049,0.0824280304679669,0.10008282781565703,0
ORD504471,CUST101481,560045,0.7211015611648152,0.2009380398079108,0
ORD504886,CUST100060,560027,0.6281196686103381,0.3964081708913591,1
ORD505261,CUST100901,560051,0.18779275691082997,0.06321104945248114,0
ORD505985,CUST100315,560065,0.1494736716851247,0.12481245587380058,0
ORD503511,CUST100901,560113,0.18779275691082997,0.05073967111486112,1
ORD501531,CUST100296,560117,0.2216976101384966,0.07519208933625972,0
ORD500343,CUST101350,560063,0.051569656372369065,0.19220896367361404,0
ORD505673,CUST101505,560091,0.327820315683397,0.363756533272939,0
ORD501579,CUST101062,560084,0.41201621260086296,0.3632584085729479,0
ORD502120,CUST101556,560047,0.22829920586186425,0.2140654816693931,0
ORD505895,CUST100267,560116,0.21143427414909952,0.21263077921125112,0
ORD507613,CUST101543,560035,0.4487444125680534,0.44644714587366313,0
ORD506845,CUST100668,560017,0.2505573747381438,0.14572183941573405,0
ORD500817,CUST100872,560083,0.3932300760602047,0.09761538384380626,0
ORD505008,CUST101062,560005,0.41201621260086296,0.3717167319646953,1
ORD501339,CUST101982,560021,0.4027719019933716,0.07930465192162388,0
ORD503806,CUST100123,560020,0.17989879744905538,0.2587614293950907,0
ORD503973,CUST101184,560064,0.09769555583740164,0.4107390138477389,0
ORD505909,CUST100557,560097,0.29966387224425906,0.2209193286304174,0
ORD500847,CUST101951,560093,0.43899429025255043,0.1005035939480502,0
ORD502504,CUST101987,560021,0.14215871192130625,0.07930465192162388,0
ORD501007,CUST101794,560100,0.25410635275941446,0.3742111996543805,0
ORD507381,CUST101390,560072,0.08909689827440144,0.0983469859236676,0
ORD500858,CUST100754,560013,0.3587819541053284,0.18703349260237212,0
ORD501412,CUST100059,560058,0.04047509547806022,0.20486674986456038,0
ORD504447,CUST100924,560034,0.16110498237076418,0.2969408870047299,0
ORD506718,CUST101461,560054,0.14389940636283058,0.10632638057233394,0
ORD504180,CUST101620,560060,0.2229674740875284,0.148778104232636,1
ORD500991,CUST100364,560106,0.3358319706571889,0.19267676572383044,0
ORD503347,CUST100665,560012,0.08867386337073857,0.08031914452505755,0
ORD505900,CUST100301,560079,0.12241533806316059,0.17876544501708239,0
ORD506034,CUST101974,560099,0.34912978504838177,0.15847855826528787,0
ORD502438,CUST100995,560044,0.2336410115856832,0.24271947144386585,0
ORD506879,CUST100485,560016,0.06329685196438278,0.21649401012539535,0
ORD501654,CUST101511,560036,0.28057291959922925,0.033224141114804616,0
ORD500619,CUST101841,560034,0.2681187828107988,0.2969408870047299,0
ORD505770,CUST101096,560104,0.08936628196357682,0.1241972485306535,0
ORD505335,CUST100623,560005,0.26860084009967505,0.3717167319646953,1
ORD500142,CUST100216,560110,0.23983923810393037,0.4429461963712056,0
ORD504110,CUST100491,560094,0.3702859929902147,0.3010387326878104,0
ORD504253,CUST100301,560014,0.12241533806316059,0.32405610103166854,0
ORD501946,CUST100237,560054,0.2718983331475167,0.10632638057233394,0
ORD501974,CUST101272,560109,0.4077998154371647,0.5252484997618413,1
ORD506334,CUST100037,560044,0.36643236650295463,0.24271947144386585,1
ORD505419,CUST101763,560072,0.054387999196184734,0.0983469859236676,0
ORD501806,CUST100872,560051,0.3932300760602047,0.06321104945248114,1
ORD506049,CUST100048,560030,0.07638737713356161,0.07698134180032012,0
ORD503120,CUST101013,560047,0.12990699426254682,0.2140654816693931,0
ORD507856,CUST100120,560082,0.23228588338828865,0.4036521734896382,0
ORD500711,CUST101086,560085,0.07702572977124005,0.24590610537959195,0
ORD503846,CUST101564,560077,0.3713254962644568,0.48289222403515625,1
ORD505634,CUST101767,560007,0.49167863541992063,0.4115118018852822,1
ORD505789,CUST100182,560093,0.18723773115835693,0.1005035939480502,0
ORD504374,CUST101982,560043,0.4027719019933716,0.10924789759182774,0
ORD506501,CUST100009,560063,0.46015210405281526,0.19220896367361404,0
ORD505325,CUST100727,560067,0.3958008976746133,0.2626412720928802,0
ORD502865,CUST100444,560081,0.4375803082647143,0.1954421444622332,1
ORD501351,CUST101203,560062,0.2125095205336983,0.36167936673581547,0
ORD505317,CUST101923,560009,0.2187608136465921,0.26522522319557623,0
ORD505706,CUST100388,560093,0.22359865383939137,0.1005035939480502,0
ORD501175,CUST100532,560000,0.11716756530475335,0.0499470929340503,0
ORD502230,CUST100108,560061,0.49679037091398126,0.14659676401055344,0
ORD503587,CUST101246,560035,0.32724707914173723,0.44644714587366313,1
ORD500479,CUST100744,560104,0.04650688333355527,0.1241972485306535,0
ORD504509,CUST100564,560017,0.24597285000833133,0.14572183941573405,0
ORD501117,CUST100621,560031,0.394675253137179,0.1918817018934806,0
ORD505321,CUST100860,560105,0.28458392516216463,0.2610606417315302,0
ORD502626,CUST100749,560107,0.07218359721515508,0.4249338442310718,1
ORD507389,CUST100515,560107,0.1354858514772503,0.4249338442310718,0
ORD504805,CUST101080,560053,0.34499302364627743,0.2746954160023574,1
ORD503860,CUST101048,560089,0.1441161872280649,0.19467065107163697,0
ORD500645,CUST101062,560053,0.41201621260086296,0.2746954160023574,1
ORD507765,CUST100235,560069,0.38559486575544727,0.11654125384957931,0
ORD502429,CUST100576,560058,0.09342709211833844,0.20486674986456038,0
ORD504668,CUST100474,560009,0.40080141861945334,0.26522522319557623,0
ORD500515,CUST100398,560106,0.11565315745837781,0.19267676572383044,1
ORD500381,CUST101300,560090,0.25477385091470894,0.0937263908731933,0
ORD502314,CUST100297,560050,0.46818673352621776,0.39804978962446785,0
ORD502606,CUST100315,560040,0.1494736716851247,0.13792726590918689,0
ORD500682,CUST101430,560110,0.3599162346721973,0.4429461963712056,1
ORD506902,CUST101480,560117,0.31237461897038005,0.07519208933625972,0
ORD501323,CUST101463,560051,0.31218816463367893,0.06321104945248114,0
ORD505992,CUST100210,560070,0.3974441051585353,0.20224062701049086,0
ORD500339,CUST101045,560026,0.14850656263461232,0.06415183632714254,0
ORD504473,CUST100474,560118,0.40080141861945334,0.21889163644714124,1
ORD505653,CUST101797,560088,0.0708647381692925,0.14077625183446615,0
ORD503369,CUST100444,560093,0.4375803082647143,0.1005035939480502,1
ORD502247,CUST101369,560060,0.3482141120840275,0.148778104232636,0
ORD501234,CUST101884,560001,0.47645555276211093,0.4276493248809966,0
ORD507486,CUST100924,560055,0.16110498237076418,0.24304583988795897,0
ORD503248,CUST100114,560066,0.11388016972116154,0.44863880467564937,0
ORD503581,CUST101061,560046,0.2549543426849578,0.30307755392063607,0
ORD504517,CUST100139,560109,0.25703386186733934,0.5252484997618413,0
ORD502719,CUST101580,560034,0.19821631109298093,0.2969408870047299,0
ORD505823,CUST100708,560104,0.3167306496511369,0.1241972485306535,1
ORD507794,CUST100169,560116,0.06816197410621759,0.21263077921125112,0
ORD504816,CUST101335,560093,0.2437877142910798,0.1005035939480502,0
ORD503062,CUST100613,560072,0.16336018873064242,0.0983469859236676,0
ORD507591,CUST100664,560001,0.2656286341548108,0.4276493248809966,0
ORD505949,CUST100532,560069,0.11716756530475335,0.11654125384957931,0
ORD504949,CUST100575,560030,0.3734683492632352,0.07698134180032012,0
ORD505662,CUST101783,560029,0.13443385430935925,0.13120234612701753,0
ORD505485,CUST101628,560082,0.5060698046512045,0.4036521734896382,1
ORD503389,CUST101161,560075,0.16621613591190618,0.04994448821558866,0
ORD502874,CUST101203,560096,0.2125095205336983,0.13143597660081374,0
ORD506740,CUST101118,560109,0.20566279538085244,0.5252484997618413,0
ORD503405,CUST101579,560105,0.48168131853356183,0.2610606417315302,0
ORD503096,CUST101465,560101,0.2855087147460683,0.2210289590416924,0
ORD502393,CUST101587,560086,0.22811637086575837,0.007482278722774853,0
ORD502152,CUST101405,560010,0.10805585097920675,0.26331848167006455,0
ORD507551,CUST101714,560095,0.13940452811239296,0.1770255930012656,1
ORD503793,CUST100194,560034,0.36187966998918064,0.2969408870047299,0
ORD500671,CUST100376,560119,0.11496764830095485,0.23009324809977014,1
ORD502870,CUST100774,560010,0.22369831123924852,0.26331848167006455,0
ORD500501,CUST100275,560060,0.18587087319682674,0.148778104232636,0
ORD503620,CUST100256,560072,0.16298051973655406,0.0983469859236676,0
ORD505766,CUST100898,560025,0.3575549854513887,0.12731929297945457,1
ORD503926,CUST100034,560104,0.46365026623247513,0.1241972485306535,1
ORD507353,CUST101239,560027,0.37912574798973386,0.3964081708913591,1
ORD502810,CUST100642,560021,0.06852796151158619,0.07930465192162388,0
ORD506494,CUST101666,560030,0.22460217308535657,0.07698134180032012,0
ORD502260,CUST101657,560014,0.1638237871995477,0.32405610103166854,0
ORD501110,CUST100359,560029,0.21989011196511407,0.13120234612701753,0
ORD507539,CUST101429,560097,0.06293286811999019,0.2209193286304174,0
ORD506815,CUST100785,560030,0.34624496400516935,0.07698134180032012,0
ORD501703,CUST101250,560053,0.12834587113286433,0.2746954160023574,0
ORD505543,CUST101606,560105,0.16218260861802136,0.2610606417315302,0
ORD502057,CUST101239,560044,0.37912574798973386,0.24271947144386585,1
ORD502594,CUST100906,560072,0.32608688428099614,0.0983469859236676,0
ORD503723,CUST101202,560065,0.15083749133112767,0.12481245587380058,0
ORD503154,CUST101762,560099,0.3039523629091911,0.15847855826528787,0
ORD505026,CUST100759,560090,0.14931459557255047,0.0937263908731933,0
ORD505798,CUST100820,560106,0.49413920814343104,0.19267676572383044,1
ORD502235,CUST101666,560023,0.22460217308535657,0.028472335602004763,0
ORD502234,CUST101639,560034,0.16882341312566285,0.2969408870047299,0
ORD502954,CUST100227,560007,0.2560233812776348,0.4115118018852822,0
ORD504429,CUST101265,560114,0.12254366674898377,0.11153289416689233,0
ORD503949,CUST101161,560056,0.16621613591190618,0.1311151942786954,0
ORD505428,CUST101193,560100,0.42038115564156164,0.3742111996543805,0
ORD503040,CUST100321,560053,0.42296540799688903,0.2746954160023574,1
ORD502118,CUST100060,560015,0.6281196686103381,0.2930958901877522,1
ORD501815,CUST101008,560080,0.21766848354063473,0.35705055052060225,0
ORD506904,CUST101006,560045,0.13541873503354337,0.2009380398079108,0
ORD502882,CUST101203,560040,0.2125095205336983,0.13792726590918689,0
ORD500467,CUST100323,560017,0.17228835136124024,0.14572183941573405,0
ORD502544,CUST101996,560052,0.25966018217996967,0.10086571587923499,0
ORD500378,CUST100330,560005,0.4468118022423648,0.3717167319646953,1
ORD507458,CUST100064,560117,0.1683531119228636,0.07519208933625972,0
ORD501516,CUST100095,560037,0.7642110094338409,0.20052614877754213,1
ORD503765,CUST101772,560041,0.10334794649716562,0.1311386209542706,0
ORD506397,CUST101836,560004,0.3244384271345049,0.19762853761721605,0
ORD503190,CUST101397,560033,0.16569683789447415,0.2000167013897961,0
ORD501173,CUST101688,560115,0.09533373145424004,0.23129979364443987,0
ORD500123,CUST101508,560044,0.20799931281215192,0.24271947144386585,0
ORD506771,CUST100183,560010,0.03002375015151436,0.26331848167006455,0
ORD503748,CUST100337,560015,0.07564649186667005,0.2930958901877522,0
ORD504640,CUST100696,560062,0.1273977253721659,0.36167936673581547,0
ORD502061,CUST101246,560093,0.32724707914173723,0.1005035939480502,1
ORD502813,CUST101562,560008,0.06604209960861131,0.3291430834854005,0
ORD507280,CUST101266,560077,0.035517363342968795,0.48289222403515625,0
ORD503057,CUST101246,560009,0.32724707914173723,0.26522522319557623,1
ORD507944,CUST100037,560021,0.36643236650295463,0.07930465192162388,0
ORD505735,CUST101893,560096,0.5724355175123372,0.13143597660081374,0
ORD505529,CUST100355,560082,0.08621449582989908,0.4036521734896382,0
ORD502731,CUST100486,560111,0.4811050574869748,0.1318273625407665,1
ORD501839,CUST101969,560018,0.3615433730343218,0.15888837338663903,0
ORD500905,CUST101200,560112,0.28561236380859273,0.10046769389686781,0
ORD503544,CUST101471,560063,0.39340380421741983,0.19220896367361404,0
ORD500945,CUST101929,560091,0.32197007802918726,0.363756533272939,0
ORD501188,CUST100771,560015,0.20039473636740185,0.2930958901877522,0
ORD501785,CUST100474,560087,0.40080141861945334,0.2319307941510612,1
ORD505053,CUST101765,560059,0.16722270690239616,0.06343485879816538,0
ORD506330,CUST100035,560004,0.03696830256968456,0.19762853761721605,0
ORD500322,CUST100834,560039,0.3606103729463374,0.08257987664945507,0
ORD502382,CUST100371,560114,0.4117635856604261,0.11153289416689233,0
ORD501956,CUST101022,560078,0.14866291869075507,0.14596790446960203,0
ORD500633,CUST100877,560000,0.2886910483536643,0.0499470929340503,1
ORD500449,CUST101000,560092,0.1585329808903738,0.4652541447815074,0
ORD506898,CUST100393,560019,0.342931829566947,0.048751952975078075,0
ORD504657,CUST101852,560001,0.10508599985494056,0.4276493248809966,1
ORD500417,CUST100057,560081,0.21714365268202862,0.1954421444622332,1
ORD500790,CUST101530,560047,0.08598107681522144,0.2140654816693931,0
ORD503857,CUST101268,560118,0.3633623231742147,0.21889163644714124,0
ORD500829,CUST101455,560015,0.3237013323285034,0.2930958901877522,0
ORD507119,CUST101250,560105,0.12834587113286433,0.2610606417315302,0
ORD503582,CUST101149,560015,0.15672595130491704,0.2930958901877522,1
ORD500707,CUST100047,560065,0.5115239173587337,0.12481245587380058,1
ORD507454,CUST100445,560011,0.16468907167168612,0.26287102465088363,0
ORD500354,CUST101335,560036,0.2437877142910798,0.033224141114804616,0
ORD502575,CUST101543,560039,0.4487444125680534,0.08257987664945507,0
ORD502090,CUST101467,560091,0.16625647957893838,0.363756533272939,0
ORD506995,CUST100324,560037,0.372235180820969,0.20052614877754213,0
ORD501044,CUST101146,560062,0.05264138620169221,0.36167936673581547,0
ORD507506,CUST100361,560095,0.3522819979765525,0.1770255930012656,0
ORD507558,CUST100532,560038,0.11716756530475335,0.4922123466288645,0
ORD506157,CUST101522,560024,0.20531291041990626,0.08499988471741125,0
ORD504548,CUST101875,560009,0.20866604375382167,0.26522522319557623,0
ORD507051,CUST100240,560093,0.16482652189748134,0.1005035939480502,0
ORD501993,CUST100199,560075,0.3325622338548419,0.04994448821558866,0
ORD505648,CUST100400,560063,0.5527709467025828,0.19220896367361404,0
ORD504702,CUST100605,560111,0.11554696311015139,0.1318273625407665,0
ORD500936,CUST100006,560020,0.2677657562695904,0.2587614293950907,0
ORD503046,CUST101657,560019,0.1638237871995477,0.048751952975078075,0
ORD501010,CUST100593,560070,0.5074769095568444,0.20224062701049086,1
ORD503972,CUST100364,560038,0.3358319706571889,0.4922123466288645,1
ORD500849,CUST100428,560033,0.021184252375003435,0.2000167013897961,0
ORD507845,CUST101995,560085,0.07807759993705618,0.24590610537959195,0
ORD500043,CUST101216,560026,0.17029144689173453,0.06415183632714254,0
ORD502437,CUST100236,560008,0.3408921063238981,0.3291430834854005,0
ORD501905,CUST100545,560076,0.43544254381347786,0.1112464586243946,1
ORD503149,CUST101786,560057,0.24032215738837232,0.06751530873316719,0
ORD505617,CUST100799,560113,0.1633484322415078,0.05073967111486112,0
ORD503142,CUST101374,560072,0.3995571765478618,0.0983469859236676,0
ORD506086,CUST100007,560003,0.130383422505818,0.21762362723276713,0
ORD503095,CUST101658,560040,0.14396840146476808,0.13792726590918689,0
ORD502872,CUST101834,560088,0.31670530758886617,0.14077625183446615,0
ORD503283,CUST100502,560055,0.2145242588320448,0.24304583988795897,1
ORD503227,CUST101918,560058,0.5175305503664878,0.20486674986456038,0
ORD500738,CUST100307,560104,0.2923331864352393,0.1241972485306535,0
ORD507882,CUST100374,560074,0.32003705418313455,0.07273808090514074,0
ORD506926,CUST100416,560083,0.3747717369370184,0.09761538384380626,0
ORD506261,CUST101125,560036,0.3282776363453346,0.033224141114804616,0
ORD504867,CUST100860,560099,0.28458392516216463,0.15847855826528787,0
ORD501218,CUST101498,560022,0.3531752731850431,0.12028576980936151,0
ORD504812,CUST101388,560093,0.2809313224070838,0.1005035939480502,0
ORD505834,CUST101394,560004,0.3487700718949944,0.19762853761721605,0
ORD504815,CUST101267,560010,0.08855690793325809,0.26331848167006455,0
ORD506373,CUST101453,560064,0.434955789165654,0.4107390138477389,1
ORD501024,CUST100134,560051,0.21026090580847182,0.06321104945248114,0
ORD502610,CUST101203,560119,0.2125095205336983,0.23009324809977014,0
ORD502913,CUST100525,560063,0.5144941083307562,0.19220896367361404,1
ORD504664,CUST100325,560047,0.41585134920398,0.2140654816693931,0
ORD503570,CUST100857,560105,0.160511974349972,0.2610606417315302,0
ORD502987,CUST101987,560099,0.14215871192130625,0.15847855826528787,0
ORD507478,CUST101305,560063,0.028542149984771,0.19220896367361404,0
ORD503521,CUST101662,560025,0.10650735560052575,0.12731929297945457,0
ORD500233,CUST101762,560094,0.3039523629091911,0.3010387326878104,0
ORD500470,CUST101608,560026,0.17874359530435505,0.06415183632714254,0
ORD503282,CUST101390,560099,0.08909689827440144,0.15847855826528787,0
ORD501786,CUST101294,560060,0.06184401095130109,0.148778104232636,0
ORD507105,CUST101062,560013,0.41201621260086296,0.18703349260237212,1
ORD507615,CUST100901,560087,0.18779275691082997,0.2319307941510612,0
ORD505777,CUST101203,560050,0.2125095205336983,0.39804978962446785,0
ORD500779,CUST100872,560033,0.3932300760602047,0.2000167013897961,1
ORD501773,CUST100407,560000,0.47099044798312795,0.0499470929340503,0
ORD501737,CUST101356,560114,0.16088320279202084,0.11153289416689233,0
ORD507985,CUST101659,560013,0.35999575520451765,0.18703349260237212,0
ORD505232,CUST100568,560021,0.34129841122598414,0.07930465192162388,0
ORD505071,CUST100395,560038,0.26234867347983615,0.4922123466288645,0
ORD503924,CUST101573,560050,0.15145870832118505,0.39804978962446785,0
ORD504528,CUST100720,560103,0.15907916050519422,0.2331908497366693,0
ORD505808,CUST100583,560040,0.35941268307576457,0.13792726590918689,0
ORD500680,CUST101618,560098,0.4347791548077604,0.20695366556821226,0
ORD502462,CUST101639,560100,0.16882341312566285,0.3742111996543805,1
ORD503220,CUST101489,560029,0.20603727462583565,0.13120234612701753,0
ORD507386,CUST101005,560045,0.06596266257230533,0.2009380398079108,0
ORD504174,CUST101203,560101,0.2125095205336983,0.2210289590416924,1
ORD504942,CUST101265,560082,0.12254366674898377,0.4036521734896382,0
ORD504622,CUST101659,560098,0.35999575520451765,0.20695366556821226,0
ORD505328,CUST100325,560119,0.41585134920398,0.23009324809977014,0
ORD501087,CUST100551,560055,0.5069207836417344,0.24304583988795897,0
ORD504826,CUST101125,560005,0.3282776363453346,0.3717167319646953,1
ORD504030,CUST100381,560028,0.142405855423258,0.033656118245986556,0
ORD502824,CUST101579,560025,0.48168131853356183,0.12731929297945457,0
ORD501305,CUST100098,560036,0.2961471020437191,0.033224141114804616,0
ORD506201,CUST100169,560070,0.06816197410621759,0.20224062701049086,0
ORD506167,CUST100395,560066,0.26234867347983615,0.44863880467564937,1
ORD502371,CUST100257,560071,0.5318032893846185,0.2846659660343278,0
ORD505361,CUST101951,560048,0.43899429025255043,0.48509059761807705,0
ORD503056,CUST100495,560101,0.24671647255501258,0.2210289590416924,0
ORD507090,CUST100995,560089,0.2336410115856832,0.19467065107163697,0
ORD506450,CUST100222,560070,0.3666490656306323,0.20224062701049086,0
ORD502490,CUST100364,560061,0.3358319706571889,0.14659676401055344,0
ORD506756,CUST101015,560052,0.27131363461829233,0.10086571587923499,0
ORD506957,CUST101832,560093,0.37680305773960615,0.1005035939480502,0
ORD502979,CUST100508,560095,0.34116143905998736,0.1770255930012656,0
ORD501419,CUST101417,560030,0.3312490089029119,0.07698134180032012,0
ORD502652,CUST101579,560082,0.48168131853356183,0.4036521734896382,1
ORD502240,CUST100303,560084,0.10726439398882659,0.3632584085729479,1
ORD506367,CUST101007,560032,0.3070825401363213,0.2652671681157216,1
ORD505056,CUST100766,560106,0.4266016702389298,0.19267676572383044,0
ORD504883,CUST100809,560097,0.237137494601605,0.2209193286304174,0
ORD504719,CUST100684,560054,0.44186887226166205,0.10632638057233394,0
ORD504108,CUST100410,560027,0.34134778732339127,0.3964081708913591,0
ORD506486,CUST101413,560090,0.22383973927785594,0.0937263908731933,0
ORD500380,CUST100891,560029,0.2817392455595164,0.13120234612701753,1
ORD505184,CUST100177,560101,0.07820534188507672,0.2210289590416924,0
ORD507180,CUST101177,560004,0.10924306466090244,0.19762853761721605,0
ORD506681,CUST101087,560119,0.14969822486595233,0.23009324809977014,0
ORD503562,CUST101916,560090,0.24230976527158388,0.0937263908731933,0
ORD507251,CUST101711,560095,0.4337508221702622,0.1770255930012656,0
ORD501658,CUST100444,560055,0.4375803082647143,0.24304583988795897,0
ORD503938,CUST101143,560101,0.14091475548575,0.2210289590416924,1
ORD500052,CUST101878,560115,0.24266907923144335,0.23129979364443987,0
ORD506273,CUST100326,560023,0.2595265118239566,0.028472335602004763,0
ORD502667,CUST100975,560119,0.24375656389178965,0.23009324809977014,1
ORD504176,CUST100054,560094,0.3169418867271463,0.3010387326878104,0
ORD506951,CUST100543,560094,0.7296899354667504,0.3010387326878104,1
ORD503182,CUST101496,560046,0.014481848169528367,0.30307755392063607,0
ORD506031,CUST100302,560004,0.2676344641423701,0.19762853761721605,0
ORD501604,CUST100206,560103,0.17068626302318904,0.2331908497366693,0
ORD504092,CUST100860,560060,0.28458392516216463,0.148778104232636,0
ORD501744,CUST100169,560107,0.06816197410621759,0.4249338442310718,1
ORD501631,CUST100461,560020,0.049577018851452645,0.2587614293950907,0
ORD503984,CUST101431,560073,0.218617277433771,0.40608187581223554,0
ORD503071,CUST101929,560024,0.32197007802918726,0.08499988471741125,1
ORD501678,CUST101815,560047,0.23825396659276094,0.2140654816693931,1
ORD500415,CUST101484,560099,0.09201587903452282,0.15847855826528787,1
ORD507270,CUST100205,560069,0.1840815893241802,0.11654125384957931,0
ORD506252,CUST100834,560068,0.3606103729463374,0.12357375658063682,0
ORD503379,CUST100042,560102,0.170527023331992,0.3116574064541478,0
ORD505498,CUST101658,560019,0.14396840146476808,0.048751952975078075,0
ORD502197,CUST100541,560112,0.16757657415686808,0.10046769389686781,0
ORD502044,CUST101161,560066,0.16621613591190618,0.44863880467564937,0
ORD501301,CUST101147,560036,0.47735746883631086,0.033224141114804616,0
ORD505400,CUST100353,560024,0.27580452681496,0.08499988471741125,0
ORD500283,CUST101872,560059,0.11711795300575256,0.06343485879816538,0
ORD505374,CUST101565,560087,0.11969820107385248,0.2319307941510612,0
ORD500410,CUST100225,560048,0.23555814035267542,0.48509059761807705,0
ORD504175,CUST100795,560032,0.10366830092965595,0.2652671681157216,1
ORD507730,CUST101701,560045,0.3061840886816502,0.2009380398079108,0
ORD504741,CUST100573,560058,0.158432901455159,0.20486674986456038,0
ORD501056,CUST101300,560001,0.25477385091470894,0.4276493248809966,1
ORD507424,CUST101979,560103,0.07244028885655164,0.2331908497366693,0
ORD506348,CUST100973,560058,0.1877613483299769,0.20486674986456038,1
ORD500970,CUST100922,560000,0.3122811875259352,0.0499470929340503,0
ORD503050,CUST100303,560037,0.10726439398882659,0.20052614877754213,0
ORD506251,CUST101431,560025,0.218617277433771,0.12731929297945457,0
ORD502530,CUST100868,560003,0.11697910832251292,0.21762362723276713,0
ORD506540,CUST100671,560013,0.1303770637866477,0.18703349260237212,0
ORD505542,CUST101974,560067,0.34912978504838177,0.2626412720928802,0
ORD506980,CUST100444,560053,0.4375803082647143,0.2746954160023574,1
ORD507169,CUST101268,560092,0.3633623231742147,0.4652541447815074,1
ORD502273,CUST101190,560012,0.22934603014251098,0.08031914452505755,0
ORD507514,CUST101087,560116,0.14969822486595233,0.21263077921125112,0
ORD503741,CUST100935,560007,0.48051431524057286,0.4115118018852822,1
ORD502456,CUST100742,560088,0.1631917746791551,0.14077625183446615,0
ORD502581,CUST100066,560083,0.22427206235251892,0.09761538384380626,0
ORD501049,CUST100633,560077,0.22490603406589493,0.48289222403515625,0
ORD501892,CUST100667,560115,0.26144358598698514,0.23129979364443987,0
ORD507890,CUST100370,560069,0.3389478327833424,0.11654125384957931,0
ORD500048,CUST101465,560055,0.2855087147460683,0.24304583988795897,0
ORD502187,CUST100194,560112,0.36187966998918064,0.10046769389686781,1
ORD505839,CUST100165,560055,0.3355449419523954,0.24304583988795897,1
ORD504420,CUST101237,560045,0.39578552080530405,0.2009380398079108,1
ORD502795,CUST101810,560026,0.2579481505380474,0.06415183632714254,1
ORD507433,CUST101487,560015,0.2604012890461884,0.2930958901877522,1
ORD507196,CUST100452,560044,0.4369142138857339,0.24271947144386585,0
ORD506937,CUST100616,560049,0.022786443806481167,0.10008282781565703,0
ORD507722,CUST100534,560047,0.6645072620284929,0.2140654816693931,1
ORD500648,CUST100286,560016,0.4893639098666145,0.21649401012539535,1
ORD507323,CUST100007,560032,0.130383422505818,0.2652671681157216,0
ORD506506,CUST101622,560071,0.09247216495160374,0.2846659660343278,0
ORD503584,CUST101711,560004,0.4337508221702622,0.19762853761721605,0
ORD502231,CUST100725,560101,0.17751620465362142,0.2210289590416924,0
ORD503889,CUST101106,560061,0.1941016350133047,0.14659676401055344,0
ORD505251,CUST100914,560076,0.09139269845472887,0.1112464586243946,0
ORD504600,CUST101786,560040,0.24032215738837232,0.13792726590918689,0
ORD507855,CUST100459,560104,0.26371837835861184,0.1241972485306535,0
ORD505533,CUST101987,560044,0.14215871192130625,0.24271947144386585,0
ORD506640,CUST101463,560103,0.31218816463367893,0.2331908497366693,0
ORD506136,CUST101356,560087,0.16088320279202084,0.2319307941510612,0
ORD503061,CUST101192,560009,0.05875192265508402,0.26522522319557623,1
ORD503215,CUST101651,560107,0.16939112268015957,0.4249338442310718,0
ORD507324,CUST101714,560019,0.13940452811239296,0.048751952975078075,0
ORD503618,CUST100297,560019,0.46818673352621776,0.048751952975078075,0
ORD505093,CUST100671,560093,0.1303770637866477,0.1005035939480502,0
ORD505772,CUST100542,560065,0.24680180551951414,0.12481245587380058,0
ORD501851,CUST101529,560054,0.4275228951219607,0.10632638057233394,0
ORD505891,CUST100041,560102,0.3750474517068999,0.3116574064541478,0
ORD507188,CUST100759,560056,0.14931459557255047,0.1311151942786954,0
ORD507529,CUST100882,560010,0.28582980299841654,0.26331848167006455,0
ORD507394,CUST100367,560036,0.2881986119409372,0.033224141114804616,0
ORD500282,CUST100872,560089,0.3932300760602047,0.19467065107163697,0
ORD502214,CUST100474,560091,0.40080141861945334,0.363756533272939,0
ORD505901,CUST100835,560112,0.33694071508209505,0.10046769389686781,0
ORD501732,CUST101454,560092,0.3118522388053618,0.4652541447815074,1
ORD500606,CUST101380,560040,0.2839498560754046,0.13792726590918689,0
ORD505313,CUST100898,560045,0.3575549854513887,0.2009380398079108,0
ORD505944,CUST100707,560112,0.2531798586102482,0.10046769389686781,0
ORD502028,CUST100222,560002,0.3666490656306323,0.06816617099651445,0
ORD501521,CUST101511,560027,0.28057291959922925,0.3964081708913591,1
ORD502311,CUST100141,560056,0.10315842761541319,0.1311151942786954,0
ORD502984,CUST101335,560097,0.2437877142910798,0.2209193286304174,0
ORD506154,CUST100707,560071,0.2531798586102482,0.2846659660343278,0
ORD503094,CUST100869,560081,0.28777911789869554,0.1954421444622332,0
ORD505155,CUST101335,560086,0.2437877142910798,0.007482278722774853,0
ORD507895,CUST100057,560105,0.21714365268202862,0.2610606417315302,0
ORD505966,CUST100727,560032,0.3958008976746133,0.2652671681157216,1
ORD507602,CUST100723,560059,0.08763097456402634,0.06343485879816538,0
ORD506389,CUST101394,560091,0.3487700718949944,0.363756533272939,1
ORD507004,CUST100332,560071,0.04088977977161757,0.2846659660343278,0
ORD503648,CUST101062,560064,0.41201621260086296,0.4107390138477389,0
ORD502359,CUST100355,560111,0.08621449582989908,0.1318273625407665,0
ORD503404,CUST101251,560016,0.07393941178427549,0.21649401012539535,0
ORD504706,CUST101801,560097,0.3368818273770813,0.2209193286304174,1
ORD502418,CUST100834,560086,0.3606103729463374,0.007482278722774853,0
ORD507564,CUST100407,560080,0.47099044798312795,0.35705055052060225,0
ORD502291,CUST100689,560058,0.07765630758757154,0.20486674986456038,0
ORD506571,CUST101852,560114,0.10508599985494056,0.11153289416689233,0
ORD500304,CUST101465,560063,0.2855087147460683,0.19220896367361404,1
ORD505031,CUST101429,560048,0.06293286811999019,0.48509059761807705,0
ORD506783,CUST100990,560095,0.12779272294625313,0.1770255930012656,0
ORD506190,CUST100297,560035,0.46818673352621776,0.44644714587366313,1
ORD505088,CUST100877,560032,0.2886910483536643,0.2652671681157216,0
ORD504366,CUST100872,560076,0.3932300760602047,0.1112464586243946,1
ORD503572,CUST100057,560098,0.21714365268202862,0.20695366556821226,0
ORD500318,CUST100424,560072,0.14393935494351567,0.0983469859236676,0
ORD507891,CUST101596,560016,0.04440262156441277,0.21649401012539535,0
ORD503808,CUST101003,560001,0.15480933362544444,0.4276493248809966,0
ORD502532,CUST100573,560095,0.158432901455159,0.1770255930012656,1
ORD506080,CUST101796,560019,0.22868809183843242,0.048751952975078075,0
ORD507612,CUST100807,560071,0.2451703788287927,0.2846659660343278,0
ORD502694,CUST100686,560044,0.357514630525329,0.24271947144386585,0
ORD504967,CUST100204,560033,0.23310699843617838,0.2000167013897961,0
ORD503078,CUST101000,560023,0.1585329808903738,0.028472335602004763,1
ORD507677,CUST100994,560052,0.2929753795571785,0.10086571587923499,0
ORD506398,CUST101276,560111,0.3794418666273992,0.1318273625407665,0
ORD505408,CUST100183,560116,0.03002375015151436,0.21263077921125112,0
ORD500823,CUST101087,560018,0.14969822486595233,0.15888837338663903,0
ORD507979,CUST100315,560112,0.1494736716851247,0.10046769389686781,0
ORD500752,CUST100212,560059,0.3168272953486334,0.06343485879816538,0
ORD505345,CUST101705,560117,0.4885772979702219,0.07519208933625972,1
ORD506509,CUST100283,560080,0.43588893355319247,0.35705055052060225,0
ORD505191,CUST100331,560113,0.45650740325159334,0.05073967111486112,1
ORD504349,CUST101525,560055,0.4022446792042088,0.24304583988795897,1
ORD501271,CUST100906,560081,0.32608688428099614,0.1954421444622332,1
ORD507969,CUST100452,560020,0.4369142138857339,0.2587614293950907,1
ORD503596,CUST100120,560043,0.23228588338828865,0.10924789759182774,0
ORD501317,CUST101117,560050,0.1403338536758354,0.39804978962446785,0
ORD500953,CUST101474,560062,0.19205908179129014,0.36167936673581547,0
ORD502221,CUST101667,560086,0.0449428616784368,0.007482278722774853,0
ORD507811,CUST101397,560114,0.16569683789447415,0.11153289416689233,0
ORD500556,CUST100975,560069,0.24375656389178965,0.11654125384957931,0
ORD501561,CUST100297,560117,0.46818673352621776,0.07519208933625972,0
ORD501723,CUST100693,560057,0.09951530110540431,0.06751530873316719,0
ORD502352,CUST100692,560078,0.24075359089905976,0.14596790446960203,0
ORD505658,CUST100835,560110,0.33694071508209505,0.4429461963712056,1
ORD505124,CUST100813,560083,0.26907836938802265,0.09761538384380626,0
ORD501694,CUST100231,560041,0.45454338905514596,0.1311386209542706,0
ORD506627,CUST100079,560038,0.3923137330147234,0.4922123466288645,1
ORD506287,CUST100029,560041,0.5692182601492508,0.1311386209542706,0
ORD502604,CUST100120,560000,0.23228588338828865,0.0499470929340503,0
ORD503031,CUST100693,560020,0.09951530110540431,0.2587614293950907,0
ORD507803,CUST101405,560098,0.10805585097920675,0.20695366556821226,0
ORD502523,CUST100328,560016,0.4390524811910615,0.21649401012539535,1
ORD502995,CUST101500,560073,0.19830566249322965,0.40608187581223554,0
ORD504064,CUST100547,560046,0.21839807662579255,0.30307755392063607,0
ORD502179,CUST101657,560022,0.1638237871995477,0.12028576980936151,1
ORD500229,CUST101888,560077,0.170079789831775,0.48289222403515625,1
ORD502020,CUST100758,560001,0.24914756669541444,0.4276493248809966,0
ORD506534,CUST100882,560116,0.28582980299841654,0.21263077921125112,1
ORD506158,CUST101579,560041,0.48168131853356183,0.1311386209542706,0
ORD504531,CUST100208,560094,0.19975800750299405,0.3010387326878104,0
ORD507753,CUST101779,560092,0.22408257784367006,0.4652541447815074,0
ORD504094,CUST101730,560014,0.20257060460374818,0.32405610103166854,0
ORD500603,CUST100364,560092,0.3358319706571889,0.4652541447815074,0
ORD505964,CUST100204,560055,0.23310699843617838,0.24304583988795897,0
ORD503893,CUST100081,560008,0.33153779940461287,0.3291430834854005,0
ORD501589,CUST100296,560067,0.2216976101384966,0.2626412720928802,1
ORD501575,CUST100967,560092,0.1762552470657897,0.4652541447815074,0
ORD504709,CUST100962,560064,0.26922230243613665,0.4107390138477389,0
ORD501381,CUST100679,560045,0.1894589634974572,0.2009380398079108,0
ORD504682,CUST101280,560064,0.21980135274451498,0.4107390138477389,0
ORD506168,CUST100886,560031,0.2931625922073719,0.1918817018934806,0
ORD507376,CUST100455,560098,0.28099909876364537,0.20695366556821226,0
ORD506969,CUST100444,560005,0.4375803082647143,0.3717167319646953,1
ORD501244,CUST100901,560080,0.18779275691082997,0.35705055052060225,1
ORD502583,CUST100040,560033,0.4395738617127692,0.2000167013897961,0
ORD505318,CUST101781,560118,0.1500612593724846,0.21889163644714124,0
ORD500668,CUST101325,560005,0.09329018157837836,0.3717167319646953,0
ORD503756,CUST100542,560042,0.24680180551951414,0.20272897456368089,0
ORD501061,CUST100557,560069,0.29966387224425906,0.11654125384957931,0
ORD501106,CUST100904,560097,0.6113955123452345,0.2209193286304174,1
ORD503609,CUST101762,560106,0.3039523629091911,0.19267676572383044,0
ORD505612,CUST100037,560006,0.36643236650295463,0.0359397910518748,0
ORD504906,CUST101674,560100,0.21621103592139168,0.3742111996543805,0
ORD500333,CUST100234,560047,0.15808045554802053,0.2140654816693931,0
ORD500521,CUST100532,560078,0.11716756530475335,0.14596790446960203,0
ORD504736,CUST101048,560088,0.1441161872280649,0.14077625183446615,0
ORD507563,CUST100262,560045,0.40428580651687857,0.2009380398079108,0
ORD502674,CUST101463,560114,0.31218816463367893,0.11153289416689233,0
ORD503799,CUST101974,560012,0.34912978504838177,0.08031914452505755,0
ORD505218,CUST101429,560058,0.06293286811999019,0.20486674986456038,0
ORD506425,CUST100111,560023,0.1546812577925307,0.028472335602004763,0
ORD500220,CUST100982,560028,0.17455896480941777,0.033656118245986556,0
ORD501270,CUST101511,560020,0.28057291959922925,0.2587614293950907,1
ORD503013,CUST101048,560087,0.1441161872280649,0.2319307941510612,0
ORD503910,CUST101774,560076,0.05265299103232271,0.1112464586243946,0
ORD500017,CUST100928,560049,0.25199964349216575,0.10008282781565703,0
ORD503939,CUST101430,560013,0.3599162346721973,0.18703349260237212,0
ORD500031,CUST101580,560002,0.19821631109298093,0.06816617099651445,0
ORD503912,CUST101183,560037,0.5778690550660062,0.20052614877754213,0
ORD502860,CUST100681,560071,0.19294509639750945,0.2846659660343278,0
ORD500463,CUST100240,560020,0.16482652189748134,0.2587614293950907,0
ORD503466,CUST101753,560004,0.5263984268346009,0.19762853761721605,0
ORD502912,CUST101586,560058,0.41790976805842955,0.20486674986456038,0
ORD506562,CUST100524,560051,0.15250618963621082,0.06321104945248114,0
ORD502383,CUST101080,560116,0.34499302364627743,0.21263077921125112,0
ORD507631,CUST100684,560092,0.44186887226166205,0.4652541447815074,1
ORD507202,CUST101056,560091,0.2618715870997655,0.363756533272939,0
ORD505616,CUST101408,560011,0.5599391908775743,0.26287102465088363,0
ORD507217,CUST100453,560086,0.26335659719559446,0.007482278722774853,0
ORD506731,CUST100416,560074,0.3747717369370184,0.07273808090514074,0
ORD507175,CUST101987,560119,0.14215871192130625,0.23009324809977014,0
ORD501906,CUST100834,560093,0.3606103729463374,0.1005035939480502,0
ORD502172,CUST101013,560116,0.12990699426254682,0.21263077921125112,0
ORD505448,CUST101179,560015,0.32407502035644925,0.2930958901877522,0
ORD500280,CUST100274,560001,0.11488476521704623,0.4276493248809966,0
ORD504476,CUST100541,560083,0.16757657415686808,0.09761538384380626,0
ORD507277,CUST101183,560049,0.5778690550660062,0.10008282781565703,1
ORD503671,CUST101381,560094,0.13520577690161734,0.3010387326878104,1
ORD504576,CUST100834,560073,0.3606103729463374,0.40608187581223554,0
ORD501216,CUST101666,560056,0.22460217308535657,0.1311151942786954,0
ORD501719,CUST100794,560029,0.09880204662638824,0.13120234612701753,0
ORD500313,CUST100720,560108,0.15907916050519422,0.3345971676330574,0
ORD503779,CUST100070,560116,0.1838032082155034,0.21263077921125112,0
ORD502586,CUST101280,560116,0.21980135274451498,0.21263077921125112,0
ORD505946,CUST100820,560108,0.49413920814343104,0.3345971676330574,0
ORD505709,CUST100213,560003,0.4606189281415165,0.21762362723276713,0
ORD500637,CUST100126,560069,0.10300308681977859,0.11654125384957931,0
ORD500639,CUST100573,560039,0.158432901455159,0.08257987664945507,0
ORD507067,CUST101998,560026,0.055224922653398546,0.06415183632714254,0
ORD505429,CUST101596,560072,0.04440262156441277,0.0983469859236676,0
ORD506391,CUST100171,560029,0.1822357329755217,0.13120234612701753,0
ORD507097,CUST101642,560090,0.08360337172579327,0.0937263908731933,0
ORD507830,CUST101608,560080,0.17874359530435505,0.35705055052060225,1
ORD500169,CUST100043,560100,0.04633846991413163,0.3742111996543805,0
ORD504266,CUST100986,560037,0.09444812964273698,0.20052614877754213,0
ORD501774,CUST100515,560005,0.1354858514772503,0.3717167319646953,0
ORD503461,CUST101183,560114,0.5778690550660062,0.11153289416689233,1
ORD505813,CUST101218,560010,0.1151748373209678,0.26331848167006455,0
ORD505247,CUST100310,560096,0.10515668766504281,0.13143597660081374,0
ORD506011,CUST101114,560095,0.3322750053957769,0.1770255930012656,0
ORD505338,CUST100143,560085,0.37075169622686466,0.24590610537959195,1
ORD504743,CUST100421,560035,0.17798509488768136,0.44644714587366313,0
ORD502295,CUST100262,560011,0.40428580651687857,0.26287102465088363,1
ORD501269,CUST101804,560090,0.23198383898700856,0.0937263908731933,0
ORD502864,CUST100855,560071,0.16212232763901274,0.2846659660343278,0
ORD500450,CUST100438,560073,0.18263332309352803,0.40608187581223554,0
ORD503958,CUST100364,560117,0.3358319706571889,0.07519208933625972,0
ORD505342,CUST100410,560112,0.34134778732339127,0.10046769389686781,0
ORD503252,CUST101434,560056,0.15704974541258893,0.1311151942786954,0
ORD507331,CUST100520,560076,0.3820936747712913,0.1112464586243946,0
ORD500809,CUST100684,560031,0.44186887226166205,0.1918817018934806,1
ORD501090,CUST100490,560000,0.3031590335061441,0.0499470929340503,0
ORD501259,CUST100801,560107,0.08818720269213687,0.4249338442310718,0
ORD503253,CUST100001,560034,0.24614417619698423,0.2969408870047299,0
ORD500573,CUST101163,560100,0.1740495049002498,0.3742111996543805,0
ORD502468,CUST100770,560052,0.43527420177541787,0.10086571587923499,0
ORD506793,CUST101496,560023,0.014481848169528367,0.028472335602004763,0
ORD506905,CUST101763,560081,0.054387999196184734,0.1954421444622332,0
ORD503098,CUST101605,560091,0.49601195214072946,0.363756533272939,0
ORD505908,CUST101397,560022,0.16569683789447415,0.12028576980936151,0
ORD503509,CUST100824,560043,0.31890171190990224,0.10924789759182774,0
ORD505258,CUST101916,560004,0.24230976527158388,0.19762853761721605,1
ORD502629,CUST100573,560098,0.158432901455159,0.20695366556821226,0
ORD503838,CUST101263,560041,0.2529589627356025,0.1311386209542706,0
ORD502031,CUST100272,560108,0.278455179805805,0.3345971676330574,0
ORD507094,CUST101044,560112,0.44027129726710196,0.10046769389686781,0
ORD504894,CUST100270,560038,0.07319325355511432,0.4922123466288645,0
ORD502414,CUST100774,560077,0.22369831123924852,0.48289222403515625,0
ORD500061,CUST101719,560081,0.2625501661581704,0.1954421444622332,0
ORD502538,CUST101061,560007,0.2549543426849578,0.4115118018852822,0
ORD501493,CUST101850,560038,0.233641088810736,0.4922123466288645,0
ORD506314,CUST101372,560025,0.6044293074191073,0.12731929297945457,1
ORD505602,CUST101062,560043,0.41201621260086296,0.10924789759182774,1
ORD504271,CUST100888,560027,0.46669449990302514,0.3964081708913591,0
ORD504819,CUST100495,560042,0.24671647255501258,0.20272897456368089,0
ORD505233,CUST101377,560004,0.15168052257429876,0.19762853761721605,0
ORD506645,CUST101592,560040,0.06097123207784671,0.13792726590918689,0
ORD501437,CUST100664,560045,0.2656286341548108,0.2009380398079108,0
ORD505940,CUST101762,560002,0.3039523629091911,0.06816617099651445,0
ORD501312,CUST101007,560080,0.3070825401363213,0.35705055052060225,0
ORD500890,CUST100622,560045,0.12950940053657903,0.2009380398079108,0
ORD507474,CUST100406,560118,0.25774521074598095,0.21889163644714124,0
ORD503138,CUST100349,560118,0.391147140695262,0.21889163644714124,0
ORD500925,CUST100759,560089,0.14931459557255047,0.19467065107163697,1
ORD500914,CUST101123,560025,0.3100531060522249,0.12731929297945457,1
ORD507554,CUST101802,560110,0.2956765991988735,0.4429461963712056,1
ORD507937,CUST100042,560067,0.170527023331992,0.2626412720928802,0
ORD506459,CUST100485,560027,0.06329685196438278,0.3964081708913591,0
ORD500255,CUST100364,560015,0.3358319706571889,0.2930958901877522,0
ORD505880,CUST101221,560066,0.2702196956443796,0.44863880467564937,1
ORD503313,CUST101657,560113,0.1638237871995477,0.05073967111486112,0
ORD506300,CUST100297,560065,0.46818673352621776,0.12481245587380058,0
ORD504387,CUST101125,560106,0.3282776363453346,0.19267676572383044,0
ORD505672,CUST100310,560102,0.10515668766504281,0.3116574064541478,0
ORD506622,CUST101892,560021,0.22566982488398443,0.07930465192162388,0
ORD501416,CUST101398,560118,0.17620852151030064,0.21889163644714124,0
ORD506333,CUST100496,560025,0.060512424782000425,0.12731929297945457,0
ORD500804,CUST100872,560026,0.3932300760602047,0.06415183632714254,0
ORD501549,CUST101529,560050,0.4275228951219607,0.39804978962446785,1
ORD507154,CUST101929,560054,0.32197007802918726,0.10632638057233394,1
ORD506153,CUST100654,560060,0.12936071938754626,0.148778104232636,0
ORD503181,CUST101903,560095,0.17179315066483036,0.1770255930012656,0
ORD502167,CUST101767,560020,0.49167863541992063,0.2587614293950907,0
ORD503449,CUST100882,560085,0.28582980299841654,0.24590610537959195,1
ORD505146,CUST101333,560000,0.19341859642293874,0.0499470929340503,0
ORD501457,CUST100297,560029,0.46818673352621776,0.13120234612701753,0
ORD503680,CUST100834,560093,0.3606103729463374,0.1005035939480502,0
ORD500285,CUST101520,560040,0.602019510642507,0.13792726590918689,1
ORD500620,CUST100398,560026,0.11565315745837781,0.06415183632714254,0
ORD501691,CUST100901,560032,0.18779275691082997,0.2652671681157216,0
ORD502195,CUST101467,560091,0.16625647957893838,0.363756533272939,0
ORD500846,CUST101714,560037,0.13940452811239296,0.20052614877754213,0
ORD507257,CUST100161,560050,0.16676799610424997,0.39804978962446785,0
ORD505905,CUST101303,560017,0.21977937702140507,0.14572183941573405,0
ORD501452,CUST101268,560045,0.3633623231742147,0.2009380398079108,1
ORD507460,CUST101657,560095,0.1638237871995477,0.1770255930012656,0
ORD506786,CUST101717,560066,0.4059438794550481,0.44863880467564937,0
ORD501991,CUST101265,560114,0.12254366674898377,0.11153289416689233,0
ORD501612,CUST101735,560014,0.14806668407680584,0.32405610103166854,0
ORD507214,CUST100182,560021,0.18723773115835693,0.07930465192162388,0
ORD500816,CUST101393,560030,0.5305051763014537,0.07698134180032012,1
ORD507070,CUST100416,560035,0.3747717369370184,0.44644714587366313,0
ORD506811,CUST100321,560028,0.42296540799688903,0.033656118245986556,0
ORD503859,CUST100541,560115,0.16757657415686808,0.23129979364443987,0
ORD506986,CUST100534,560029,0.6645072620284929,0.13120234612701753,1
ORD505547,CUST101326,560063,0.4277705308887651,0.19220896367361404,0
ORD507153,CUST100792,560055,0.22353861829749067,0.24304583988795897,0
ORD501284,CUST100633,560071,0.22490603406589493,0.2846659660343278,0
ORD500276,CUST101959,560013,0.23676533290086588,0.18703349260237212,0
ORD502578,CUST100630,560014,0.3668195423950672,0.32405610103166854,1
ORD502489,CUST101095,560082,0.35523940842035023,0.4036521734896382,0
ORD504158,CUST100118,560064,0.13102794820675195,0.4107390138477389,1
ORD502641,CUST101714,560080,0.13940452811239296,0.35705055052060225,0
ORD504450,CUST100440,560079,0.3049431715733594,0.17876544501708239,0
ORD505470,CUST101246,560069,0.32724707914173723,0.11654125384957931,0
ORD500632,CUST100343,560057,0.32801543383093573,0.06751530873316719,0
ORD501642,CUST101553,560064,0.10497605305635782,0.4107390138477389,0
ORD507625,CUST101177,560091,0.10924306466090244,0.363756533272939,0
ORD500118,CUST101239,560097,0.37912574798973386,0.2209193286304174,0
ORD505253,CUST101940,560076,0.2622218360153778,0.1112464586243946,0
ORD504279,CUST101714,560111,0.13940452811239296,0.1318273625407665,0
ORD501752,CUST100000,560080,0.21478291236143027,0.35705055052060225,0
ORD503831,CUST101974,560076,0.34912978504838177,0.1112464586243946,0
ORD500678,CUST101523,560056,0.2860307141102213,0.1311151942786954,1
ORD504500,CUST101451,560025,0.35637367711066115,0.12731929297945457,0
ORD501690,CUST101997,560072,0.22853820821676843,0.0983469859236676,0
ORD500227,CUST100267,560055,0.21143427414909952,0.24304583988795897,0
ORD504419,CUST100696,560090,0.1273977253721659,0.0937263908731933,0
ORD500428,CUST100008,560042,0.2798243783472397,0.20272897456368089,1
ORD500181,CUST100001,560081,0.24614417619698423,0.1954421444622332,0
ORD506613,CUST101097,560101,0.10773503411881197,0.2210289590416924,0
ORD500628,CUST100349,560097,0.391147140695262,0.2209193286304174,1
ORD505702,CUST100564,560114,0.24597285000833133,0.11153289416689233,0
ORD500111,CUST101008,560119,0.21766848354063473,0.23009324809977014,0
ORD507337,CUST101608,560092,0.17874359530435505,0.4652541447815074,0
ORD502952,CUST100003,560014,0.2625171002989132,0.32405610103166854,1
ORD502239,CUST100993,560090,0.061984715726437614,0.0937263908731933,0
ORD504215,CUST100635,560082,0.30707185083804733,0.4036521734896382,0
ORD501664,CUST101265,560093,0.12254366674898377,0.1005035939480502,0
ORD506956,CUST100975,560107,0.24375656389178965,0.4249338442310718,1
ORD502309,CUST101203,560099,0.2125095205336983,0.15847855826528787,0
ORD506561,CUST100047,560095,0.5115239173587337,0.1770255930012656,1
ORD502376,CUST100213,560048,0.4606189281415165,0.48509059761807705,0
ORD504855,CUST100965,560050,0.26157446440547233,0.39804978962446785,0
ORD502476,CUST101639,560019,0.16882341312566285,0.048751952975078075,0
ORD507126,CUST101822,560106,0.25953993002150977,0.19267676572383044,0
ORD503051,CUST101237,560101,0.39578552080530405,0.2210289590416924,0
ORD501798,CUST100557,560029,0.29966387224425906,0.13120234612701753,1
ORD507726,CUST101551,560029,0.2522211494965068,0.13120234612701753,1
ORD503508,CUST101161,560044,0.16621613591190618,0.24271947144386585,0
ORD505747,CUST101892,560023,0.22566982488398443,0.028472335602004763,0
ORD507485,CUST101785,560107,0.14011262016786832,0.4249338442310718,0
ORD503611,CUST101708,560094,0.1828566279319063,0.3010387326878104,0
ORD507715,CUST101664,560022,0.8080454587596577,0.12028576980936151,1
ORD503599,CUST101640,560055,0.20197096566295353,0.24304583988795897,1
ORD501659,CUST100742,560020,0.1631917746791551,0.2587614293950907,0
ORD504688,CUST101748,560055,0.18154225768423612,0.24304583988795897,0
ORD500159,CUST101506,560011,0.1832126756546978,0.26287102465088363,0
ORD503731,CUST101875,560108,0.20866604375382167,0.3345971676330574,0
ORD506553,CUST100386,560026,0.25827168717093074,0.06415183632714254,0
ORD506763,CUST101929,560066,0.32197007802918726,0.44863880467564937,0
ORD500334,CUST101730,560046,0.20257060460374818,0.30307755392063607,0
ORD506062,CUST100902,560100,0.15323779073112734,0.3742111996543805,0
ORD506734,CUST101230,560005,0.39659824148256273,0.3717167319646953,1
ORD507670,CUST100206,560068,0.17068626302318904,0.12357375658063682,0
ORD501677,CUST101937,560088,0.47338558630702754,0.14077625183446615,1
ORD502726,CUST101333,560101,0.19341859642293874,0.2210289590416924,0
ORD501121,CUST101062,560047,0.41201621260086296,0.2140654816693931,1
ORD505239,CUST101742,560083,0.3705498308342294,0.09761538384380626,0
ORD507357,CUST100256,560104,0.16298051973655406,0.1241972485306535,0
ORD506689,CUST100037,560099,0.36643236650295463,0.15847855826528787,0
ORD502237,CUST100135,560086,0.07293918209014336,0.007482278722774853,0
ORD505564,CUST100879,560002,0.10017523767782194,0.06816617099651445,0
ORD507183,CUST101854,560055,0.40287012606097367,0.24304583988795897,1
ORD501172,CUST101774,560024,0.05265299103232271,0.08499988471741125,0
ORD500024,CUST100423,560100,0.24706696213115537,0.3742111996543805,0
ORD505304,CUST100380,560115,0.1720539793002365,0.23129979364443987,0
ORD505186,CUST101214,560001,0.08168352213688031,0.4276493248809966,0
ORD505281,CUST101995,560054,0.07807759993705618,0.10632638057233394,0
ORD507734,CUST101684,560114,0.10106250269992674,0.11153289416689233,0
ORD503959,CUST101650,560092,0.25885286008050734,0.4652541447815074,0
ORD504618,CUST100006,560015,0.2677657562695904,0.2930958901877522,0
ORD504734,CUST101269,560092,0.45385437384610405,0.4652541447815074,1
ORD507674,CUST101974,560025,0.34912978504838177,0.12731929297945457,0
ORD505743,CUST101628,560057,0.5060698046512045,0.06751530873316719,0
ORD505038,CUST100139,560050,0.25703386186733934,0.39804978962446785,0
ORD504205,CUST100360,560053,0.5777434668907969,0.2746954160023574,1
ORD501841,CUST100935,560041,0.48051431524057286,0.1311386209542706,0
ORD502937,CUST101995,560116,0.07807759993705618,0.21263077921125112,0
ORD505990,CUST101740,560050,0.12380485100140662,0.39804978962446785,0
ORD507804,CUST101467,560027,0.16625647957893838,0.3964081708913591,1
ORD500567,CUST101145,560055,0.1588300143212693,0.24304583988795897,0
ORD505316,CUST100860,560101,0.28458392516216463,0.2210289590416924,0
ORD502508,CUST101929,560114,0.32197007802918726,0.11153289416689233,1
ORD507048,CUST100769,560108,0.4272760590359776,0.3345971676330574,0
ORD507179,CUST100774,560105,0.22369831123924852,0.2610606417315302,0
ORD501540,CUST101062,560108,0.41201621260086296,0.3345971676330574,1
ORD507510,CUST101850,560062,0.233641088810736,0.36167936673581547,0
ORD507421,CUST100788,560014,0.2498835785202878,0.32405610103166854,1
ORD506376,CUST100547,560052,0.21839807662579255,0.10086571587923499,0
ORD507170,CUST101494,560096,0.2134341407978907,0.13143597660081374,0
ORD500398,CUST101706,560043,0.19013727606296876,0.10924789759182774,0
ORD501240,CUST100503,560094,0.12149518069965874,0.3010387326878104,0
ORD502009,CUST100680,560014,0.14116375231724634,0.32405610103166854,0
ORD504591,CUST100524,560093,0.15250618963621082,0.1005035939480502,0
ORD502464,CUST101062,560012,0.41201621260086296,0.08031914452505755,1
ORD503764,CUST100973,560095,0.1877613483299769,0.1770255930012656,0
ORD500839,CUST100432,560095,0.15705197005739738,0.1770255930012656,0
ORD506774,CUST101164,560049,0.3221577863292197,0.10008282781565703,0
ORD506331,CUST100343,560109,0.32801543383093573,0.5252484997618413,0
ORD501155,CUST101586,560018,0.41790976805842955,0.15888837338663903,0
ORD507530,CUST100324,560081,0.372235180820969,0.1954421444622332,0
ORD504156,CUST100834,560058,0.3606103729463374,0.20486674986456038,0
ORD503802,CUST101578,560097,0.30010531142324876,0.2209193286304174,0
ORD506941,CUST101013,560003,0.12990699426254682,0.21762362723276713,0
ORD503532,CUST101823,560069,0.19005319499583676,0.11654125384957931,0
ORD501576,CUST101323,560017,0.26603876877990845,0.14572183941573405,0
ORD504567,CUST101312,560119,0.2806836874022699,0.23009324809977014,0
ORD507968,CUST101092,560030,0.08813887185973417,0.07698134180032012,0
ORD505601,CUST100204,560006,0.23310699843617838,0.0359397910518748,0
ORD505855,CUST100445,560022,0.16468907167168612,0.12028576980936151,0
ORD500811,CUST101268,560094,0.3633623231742147,0.3010387326878104,0
ORD506800,CUST101067,560002,0.11183608210562623,0.06816617099651445,0
ORD504036,CUST101647,560081,0.22198703508830298,0.1954421444622332,0
ORD503794,CUST101160,560086,0.15017886247881426,0.007482278722774853,0
ORD504972,CUST101965,560017,0.24369154992227618,0.14572183941573405,0
ORD500550,CUST100877,560052,0.2886910483536643,0.10086571587923499,0
ORD507262,CUST100274,560045,0.11488476521704623,0.2009380398079108,0
ORD507045,CUST101958,560061,0.09417089237022389,0.14659676401055344,0
ORD507005,CUST101762,560053,0.3039523629091911,0.2746954160023574,1
ORD506323,CUST100292,560096,0.08969748337101224,0.13143597660081374,0
ORD501040,CUST100713,560077,0.13711908445634313,0.48289222403515625,0
ORD507713,CUST101862,560046,0.3272647206492658,0.30307755392063607,1
ORD507518,CUST100977,560098,0.24981727667111656,0.20695366556821226,0
ORD507049,CUST100370,560091,0.3389478327833424,0.363756533272939,1
ORD501488,CUST100024,560069,0.3173771501855524,0.11654125384957931,0
ORD501200,CUST100708,560016,0.3167306496511369,0.21649401012539535,0
ORD503755,CUST101768,560027,0.16350440472646338,0.3964081708913591,0
ORD506636,CUST100848,560033,0.3511339102981019,0.2000167013897961,1
ORD507247,CUST100646,560105,0.4134664929263236,0.2610606417315302,0
ORD503118,CUST101820,560105,0.19540646933647957,0.2610606417315302,1
ORD503971,CUST101359,560003,0.1421011840376648,0.21762362723276713,0
ORD506643,CUST100972,560092,0.09178487213330938,0.4652541447815074,0
ORD506623,CUST100066,560111,0.22427206235251892,0.1318273625407665,0
ORD501248,CUST100224,560013,0.14508620262612762,0.18703349260237212,0
ORD501510,CUST101056,560097,0.2618715870997655,0.2209193286304174,1
ORD503469,CUST101936,560037,0.24736486048564243,0.20052614877754213,0
ORD502094,CUST100089,560060,0.2779937156072131,0.148778104232636,0
ORD503898,CUST101465,560022,0.2855087147460683,0.12028576980936151,0
ORD504465,CUST101551,560113,0.2522211494965068,0.05073967111486112,0
ORD503543,CUST100364,560039,0.3358319706571889,0.08257987664945507,0
ORD504498,CUST101324,560100,0.10814779048836926,0.3742111996543805,0
ORD500937,CUST100425,560000,0.29832839962512075,0.0499470929340503,0
ORD500911,CUST101653,560100,0.169020810429246,0.3742111996543805,0
ORD502457,CUST100994,560080,0.2929753795571785,0.35705055052060225,0
ORD500070,CUST100453,560111,0.26335659719559446,0.1318273625407665,0
ORD503370,CUST100759,560063,0.14931459557255047,0.19220896367361404,0
ORD506109,CUST100212,560091,0.3168272953486334,0.363756533272939,0
ORD505311,CUST101534,560017,0.445110893697529,0.14572183941573405,1
ORD503830,CUST100532,560090,0.11716756530475335,0.0937263908731933,0
ORD500754,CUST100048,560048,0.07638737713356161,0.48509059761807705,0
ORD504738,CUST100621,560047,0.394675253137179,0.2140654816693931,0
ORD505213,CUST100360,560101,0.5777434668907969,0.2210289590416924,0
ORD501328,CUST100337,560031,0.07564649186667005,0.1918817018934806,0
ORD506118,CUST100485,560081,0.06329685196438278,0.1954421444622332,0
ORD507904,CUST101395,560001,0.10702997793385993,0.4276493248809966,0
ORD504829,CUST101048,560103,0.1441161872280649,0.2331908497366693,0
ORD503488,CUST100029,560089,0.5692182601492508,0.19467065107163697,1
ORD501832,CUST101335,560019,0.2437877142910798,0.048751952975078075,0
ORD503849,CUST100552,560054,0.2831068452109286,0.10632638057233394,0
ORD506384,CUST101164,560070,0.3221577863292197,0.20224062701049086,1
ORD500330,CUST100836,560117,0.36457848331947124,0.07519208933625972,0
ORD506521,CUST101326,560062,0.4277705308887651,0.36167936673581547,1
ORD505999,CUST101937,560013,0.47338558630702754,0.18703349260237212,1
ORD507373,CUST101884,560094,0.47645555276211093,0.3010387326878104,1
ORD500143,CUST101701,560069,0.3061840886816502,0.11654125384957931,0
ORD502929,CUST101852,560109,0.10508599985494056,0.5252484997618413,1
ORD505790,CUST100145,560037,0.2486017792851423,0.20052614877754213,0
ORD505689,CUST100250,560119,0.16575944830463707,0.23009324809977014,0
ORD503291,CUST101493,560102,0.13169122632323976,0.3116574064541478,0
ORD506254,CUST101294,560108,0.06184401095130109,0.3345971676330574,0
ORD504597,CUST100034,560072,0.46365026623247513,0.0983469859236676,1
ORD503575,CUST100965,560094,0.26157446440547233,0.3010387326878104,1
ORD502207,CUST100954,560119,0.32671402849596715,0.23009324809977014,0
ORD504157,CUST101736,560095,0.3708696144119652,0.1770255930012656,0
ORD500007,CUST101033,560003,0.01988411474478299,0.21762362723276713,0
ORD500406,CUST100292,560095,0.08969748337101224,0.1770255930012656,0
ORD502681,CUST101066,560005,0.22459930010996168,0.3717167319646953,0
ORD501558,CUST101999,560079,0.1068148084785136,0.17876544501708239,0
ORD503538,CUST101355,560018,0.1414551301413531,0.15888837338663903,0
ORD501662,CUST101309,560071,0.29001854884598804,0.2846659660343278,0
ORD505936,CUST101033,560012,0.01988411474478299,0.08031914452505755,0
ORD501583,CUST100834,560081,0.3606103729463374,0.1954421444622332,0
ORD505275,CUST100452,560076,0.4369142138857339,0.1112464586243946,1
ORD506960,CUST101430,560007,0.3599162346721973,0.4115118018852822,1
ORD503576,CUST101908,560041,0.43661560704241464,0.1311386209542706,0
ORD507050,CUST101652,560055,0.1293715260268498,0.24304583988795897,0
ORD502395,CUST101026,560117,0.17601086434245247,0.07519208933625972,0
ORD504320,CUST101747,560104,0.1511299192506436,0.1241972485306535,0
ORD500555,CUST101106,560059,0.1941016350133047,0.06343485879816538,0
ORD506847,CUST101997,560070,0.22853820821676843,0.20224062701049086,0
ORD500654,CUST101390,560067,0.08909689827440144,0.2626412720928802,1
ORD501541,CUST101272,560024,0.4077998154371647,0.08499988471741125,0
ORD505052,CUST101412,560111,0.12399667191772946,0.1318273625407665,0
ORD505970,CUST101251,560078,0.07393941178427549,0.14596790446960203,0
ORD504314,CUST101035,560023,0.15300387400549803,0.028472335602004763,0
ORD505467,CUST101062,560077,0.41201621260086296,0.48289222403515625,1
ORD504542,CUST101608,560112,0.17874359530435505,0.10046769389686781,1
ORD505799,CUST101751,560088,0.30769139596883865,0.14077625183446615,0
ORD506834,CUST101164,560086,0.3221577863292197,0.007482278722774853,0
ORD502322,CUST100577,560072,0.2042925306906814,0.0983469859236676,0
ORD507013,CUST100678,560097,0.3927228897844673,0.2209193286304174,0
ORD500894,CUST100453,560033,0.26335659719559446,0.2000167013897961,0
ORD502924,CUST101868,560058,0.3525270186186858,0.20486674986456038,0
ORD503415,CUST100091,560049,0.18284841178251302,0.10008282781565703,0
ORD505568,CUST101045,560091,0.14850656263461232,0.363756533272939,0
ORD507507,CUST101553,560000,0.10497605305635782,0.0499470929340503,0
ORD505070,CUST100104,560041,0.31538639948094277,0.1311386209542706,0
ORD500204,CUST100953,560001,0.24378221824959107,0.4276493248809966,0
ORD502428,CUST100371,560013,0.4117635856604261,0.18703349260237212,0
ORD501267,CUST100514,560114,0.06067469417646223,0.11153289416689233,0
ORD500728,CUST100872,560059,0.3932300760602047,0.06343485879816538,1
ORD503607,CUST100760,560044,0.5339292911487254,0.24271947144386585,1
ORD504714,CUST101762,560019,0.3039523629091911,0.048751952975078075,0
ORD500459,CUST100355,560065,0.08621449582989908,0.12481245587380058,0
ORD504227,CUST101442,560098,0.17042892151439015,0.20695366556821226,0
ORD504869,CUST101045,560019,0.14850656263461232,0.048751952975078075,0
ORD507547,CUST100918,560115,0.3490767652545195,0.23129979364443987,0
ORD504874,CUST101018,560082,0.14875128750341032,0.4036521734896382,1
ORD500607,CUST101033,560036,0.01988411474478299,0.033224141114804616,0
ORD505295,CUST100576,560030,0.09342709211833844,0.07698134180032012,0
ORD502916,CUST100666,560072,0.2651400660439152,0.0983469859236676,0
ORD505123,CUST101751,560036,0.30769139596883865,0.033224141114804616,0
ORD503690,CUST100782,560086,0.22685835689290434,0.007482278722774853,0
ORD506909,CUST100664,560001,0.2656286341548108,0.4276493248809966,1
ORD507285,CUST101333,560047,0.19341859642293874,0.2140654816693931,0
ORD503721,CUST100723,560093,0.08763097456402634,0.1005035939480502,0
ORD504924,CUST101796,560111,0.22868809183843242,0.1318273625407665,0
ORD500163,CUST100602,560095,0.02235684262044825,0.1770255930012656,0
ORD506923,CUST100398,560098,0.11565315745837781,0.20695366556821226,0
ORD501002,CUST101153,560088,0.08192303219110879,0.14077625183446615,0
ORD502724,CUST101124,560031,0.5673340470809881,0.1918817018934806,1
ORD501963,CUST101429,560036,0.06293286811999019,0.033224141114804616,0
ORD506704,CUST101215,560011,0.04373699234051615,0.26287102465088363,0
ORD500051,CUST100356,560036,0.24733755276936278,0.033224141114804616,0
ORD503472,CUST101579,560102,0.48168131853356183,0.3116574064541478,1
ORD504282,CUST101701,560117,0.3061840886816502,0.07519208933625972,0
ORD501292,CUST100391,560020,0.13845962298865533,0.2587614293950907,0
ORD504403,CUST101888,560031,0.170079789831775,0.1918817018934806,0
ORD504089,CUST100194,560119,0.36187966998918064,0.23009324809977014,0
ORD503554,CUST101183,560054,0.5778690550660062,0.10632638057233394,1
ORD504885,CUST101467,560070,0.16625647957893838,0.20224062701049086,0
ORD505221,CUST100250,560050,0.16575944830463707,0.39804978962446785,1
ORD506648,CUST101467,560075,0.16625647957893838,0.04994448821558866,0
ORD501934,CUST100289,560012,0.42258989063174557,0.08031914452505755,0
ORD504264,CUST100575,560073,0.3734683492632352,0.40608187581223554,1
ORD502227,CUST101448,560102,0.4339204925509174,0.3116574064541478,0
ORD506408,CUST101645,560075,0.2610257906047728,0.04994448821558866,0
ORD507036,CUST101591,560032,0.25964178669823756,0.2652671681157216,1
ORD505875,CUST101281,560104,0.2724860058300181,0.1241972485306535,0
ORD504054,CUST101764,560028,0.28926297392974754,0.033656118245986556,0
ORD501768,CUST101396,560078,0.5002076338129287,0.14596790446960203,0
ORD503397,CUST100963,560103,0.07666895142110197,0.2331908497366693,0
ORD504779,CUST101133,560061,0.30072878223267924,0.14659676401055344,0
ORD506244,CUST100310,560108,0.10515668766504281,0.3345971676330574,0
ORD500191,CUST100708,560063,0.3167306496511369,0.19220896367361404,0
ORD504818,CUST101717,560093,0.4059438794550481,0.1005035939480502,0
ORD507842,CUST100447,560111,0.5866676553486984,0.1318273625407665,1
ORD502363,CUST100335,560112,0.42268110363427963,0.10046769389686781,1
ORD500136,CUST101995,560109,0.07807759993705618,0.5252484997618413,0
ORD506026,CUST101848,560114,0.3544321404963834,0.11153289416689233,0
ORD507637,CUST101080,560075,0.34499302364627743,0.04994448821558866,1
ORD500393,CUST100545,560092,0.43544254381347786,0.4652541447815074,0
ORD505916,CUST100179,560022,0.12638520817096505,0.12028576980936151,0
ORD503518,CUST100001,560065,0.24614417619698423,0.12481245587380058,0
ORD500192,CUST100515,560009,0.1354858514772503,0.26522522319557623,0
ORD503385,CUST101092,560035,0.08813887185973417,0.44644714587366313,0
ORD504612,CUST100322,560033,0.31722889959077977,0.2000167013897961,0
ORD507274,CUST100906,560115,0.32608688428099614,0.23129979364443987,0
ORD503088,CUST100678,560083,0.3927228897844673,0.09761538384380626,0
ORD503589,CUST100361,560046,0.3522819979765525,0.30307755392063607,1
ORD500060,CUST101884,560097,0.47645555276211093,0.2209193286304174,0
ORD504987,CUST100460,560026,0.3753463445849248,0.06415183632714254,1
ORD502244,CUST101480,560036,0.31237461897038005,0.033224141114804616,1
ORD504727,CUST100114,560050,0.11388016972116154,0.39804978962446785,0
ORD502062,CUST101868,560026,0.3525270186186858,0.06415183632714254,0
ORD503705,CUST100343,560051,0.32801543383093573,0.06321104945248114,1
ORD503052,CUST100888,560108,0.46669449990302514,0.3345971676330574,0
ORD500712,CUST101657,560012,0.1638237871995477,0.08031914452505755,0
ORD503108,CUST101507,560060,0.17981122510678343,0.148778104232636,0
ORD507687,CUST100194,560104,0.36187966998918064,0.1241972485306535,0
ORD504378,CUST100125,560003,0.21055725528180214,0.21762362723276713,0
ORD507084,CUST100806,560010,0.358708526272273,0.26331848167006455,0
ORD500681,CUST101884,560008,0.47645555276211093,0.3291430834854005,0
ORD501046,CUST101246,560103,0.32724707914173723,0.2331908497366693,0
ORD500657,CUST101335,560065,0.2437877142910798,0.12481245587380058,0
ORD507125,CUST101078,560100,0.09382497807491072,0.3742111996543805,0
ORD501813,CUST100744,560004,0.04650688333355527,0.19762853761721605,0
ORD500323,CUST101143,560070,0.14091475548575,0.20224062701049086,0
ORD507259,CUST101178,560008,0.447102133784315,0.3291430834854005,0
ORD501574,CUST100376,560040,0.11496764830095485,0.13792726590918689,0
ORD507260,CUST101701,560082,0.3061840886816502,0.4036521734896382,0
ORD502447,CUST100532,560021,0.11716756530475335,0.07930465192162388,0
ORD505711,CUST100545,560062,0.43544254381347786,0.36167936673581547,1
ORD506497,CUST100135,560003,0.07293918209014336,0.21762362723276713,0
ORD503378,CUST101701,560023,0.3061840886816502,0.028472335602004763,0
ORD501143,CUST101646,560081,0.4140938283060101,0.1954421444622332,1
ORD505586,CUST100290,560101,0.1542229457137064,0.2210289590416924,0
ORD500314,CUST101730,560045,0.20257060460374818,0.2009380398079108,1
ORD507059,CUST100723,560031,0.08763097456402634,0.1918817018934806,0
ORD503180,CUST100660,560070,0.7587990740316559,0.20224062701049086,1
ORD503597,CUST100247,560060,0.23069756686430742,0.148778104232636,0
ORD503029,CUST100746,560037,0.2616303277944666,0.20052614877754213,0
ORD502944,CUST100048,560117,0.07638737713356161,0.07519208933625972,0
ORD501624,CUST100349,560102,0.391147140695262,0.3116574064541478,0
ORD506237,CUST100304,560110,0.21199326223067969,0.4429461963712056,0
ORD503861,CUST101467,560037,0.16625647957893838,0.20052614877754213,0
ORD506479,CUST101628,560009,0.5060698046512045,0.26522522319557623,1
ORD506146,CUST101062,560100,0.41201621260086296,0.3742111996543805,0
ORD506212,CUST101733,560093,0.5116861564869277,0.1005035939480502,0
ORD500640,CUST101183,560084,0.5778690550660062,0.3632584085729479,1
ORD500376,CUST101267,560083,0.08855690793325809,0.09761538384380626,0
ORD506396,CUST100530,560069,0.48914444803003615,0.11654125384957931,0
ORD504104,CUST100667,560040,0.26144358598698514,0.13792726590918689,0
ORD502520,CUST100085,560028,0.07704457522442643,0.033656118245986556,0
ORD507475,CUST100455,560059,0.28099909876364537,0.06343485879816538,0
ORD500258,CUST100689,560076,0.07765630758757154,0.1112464586243946,0
ORD503832,CUST101969,560100,0.3615433730343218,0.3742111996543805,0
ORD507741,CUST100231,560061,0.45454338905514596,0.14659676401055344,0
ORD502492,CUST100906,560068,0.32608688428099614,0.12357375658063682,0
ORD506233,CUST101942,560029,0.08744629728384447,0.13120234612701753,0
ORD503073,CUST101391,560093,0.365393155319265,0.1005035939480502,1
ORD504988,CUST100633,560096,0.22490603406589493,0.13143597660081374,0
ORD503742,CUST101560,560100,0.06906171242255257,0.3742111996543805,0
ORD507447,CUST100285,560077,0.406655373188852,0.48289222403515625,1
ORD506116,CUST101579,560059,0.48168131853356183,0.06343485879816538,0
ORD501683,CUST100568,560034,0.34129841122598414,0.2969408870047299,0
ORD505821,CUST100030,560057,0.19943866470802457,0.06751530873316719,0
ORD507459,CUST100129,560004,0.05662677973259444,0.19762853761721605,0
ORD506139,CUST100116,560059,0.24874291058771908,0.06343485879816538,0
ORD503876,CUST101620,560051,0.2229674740875284,0.06321104945248114,0
ORD506390,CUST100758,560048,0.24914756669541444,0.48509059761807705,1
ORD501371,CUST100037,560114,0.36643236650295463,0.11153289416689233,0
ORD503718,CUST100522,560070,0.23815835049683093,0.20224062701049086,0
ORD504360,CUST101640,560070,0.20197096566295353,0.20224062701049086,0
ORD501165,CUST100544,560029,0.04915448350944119,0.13120234612701753,0
ORD504021,CUST100855,560083,0.16212232763901274,0.09761538384380626,0
ORD504535,CUST101335,560027,0.2437877142910798,0.3964081708913591,0
ORD507019,CUST101762,560039,0.3039523629091911,0.08257987664945507,0
ORD502591,CUST101015,560032,0.27131363461829233,0.2652671681157216,1
ORD504629,CUST101126,560096,0.09581471830810866,0.13143597660081374,0
ORD507301,CUST101080,560010,0.34499302364627743,0.26331848167006455,0
ORD503204,CUST101401,560072,0.324633255331386,0.0983469859236676,0
ORD506023,CUST101504,560062,0.38822718474672363,0.36167936673581547,1
ORD507609,CUST101461,560072,0.14389940636283058,0.0983469859236676,0
ORD502569,CUST100355,560028,0.08621449582989908,0.033656118245986556,0
ORD504683,CUST100398,560060,0.11565315745837781,0.148778104232636,0
ORD502593,CUST100901,560086,0.18779275691082997,0.007482278722774853,0
ORD505036,CUST100906,560083,0.32608688428099614,0.09761538384380626,0
ORD503074,CUST101369,560018,0.3482141120840275,0.15888837338663903,0
ORD506922,CUST100696,560037,0.1273977253721659,0.20052614877754213,0
ORD503208,CUST101606,560103,0.16218260861802136,0.2331908497366693,0
ORD500309,CUST100901,560094,0.18779275691082997,0.3010387326878104,0
ORD504451,CUST100359,560013,0.21989011196511407,0.18703349260237212,0
ORD503548,CUST101116,560101,0.30721251020367246,0.2210289590416924,1
ORD502989,CUST101306,560077,0.3057637068881142,0.48289222403515625,0
ORD504725,CUST100102,560012,0.14594410347412967,0.08031914452505755,0
ORD504938,CUST101608,560083,0.17874359530435505,0.09761538384380626,0
ORD502592,CUST100515,560082,0.1354858514772503,0.4036521734896382,0
ORD505928,CUST101466,560075,0.1239382463524116,0.04994448821558866,0
ORD500457,CUST101203,560091,0.2125095205336983,0.363756533272939,0
ORD507900,CUST101160,560030,0.15017886247881426,0.07698134180032012,0
ORD502585,CUST101974,560021,0.34912978504838177,0.07930465192162388,1
ORD506833,CUST100360,560038,0.5777434668907969,0.4922123466288645,1
ORD504270,CUST100872,560082,0.3932300760602047,0.4036521734896382,0
ORD506920,CUST100531,560035,0.27177374067259585,0.44644714587366313,1
ORD500073,CUST101162,560071,0.14151505021308056,0.2846659660343278,0
ORD503203,CUST100679,560007,0.1894589634974572,0.4115118018852822,0
ORD506633,CUST100889,560110,0.3552853943161781,0.4429461963712056,0
ORD502700,CUST100646,560047,0.4134664929263236,0.2140654816693931,0
ORD502315,CUST100759,560099,0.14931459557255047,0.15847855826528787,1
ORD505028,CUST100007,560067,0.130383422505818,0.2626412720928802,0
ORD506052,CUST101255,560056,0.499030903679795,0.1311151942786954,0
ORD500710,CUST101360,560059,0.27271275192114813,0.06343485879816538,0
ORD504790,CUST101015,560058,0.27131363461829233,0.20486674986456038,0
ORD500686,CUST100151,560053,0.14720873128711998,0.2746954160023574,0
ORD500414,CUST100455,560110,0.28099909876364537,0.4429461963712056,0
ORD507199,CUST101261,560039,0.1063774454507707,0.08257987664945507,0
ORD502369,CUST100676,560099,0.09127695993385529,0.15847855826528787,0
ORD502516,CUST101394,560015,0.3487700718949944,0.2930958901877522,0
ORD500784,CUST101704,560090,0.10180875695181228,0.0937263908731933,0
ORD501462,CUST101693,560011,0.21089802743849947,0.26287102465088363,0
ORD505492,CUST100277,560027,0.2447413991389511,0.3964081708913591,1
ORD505369,CUST101378,560026,0.4506597268122047,0.06415183632714254,0
ORD504495,CUST101008,560077,0.21766848354063473,0.48289222403515625,0
ORD507742,CUST101246,560076,0.32724707914173723,0.1112464586243946,0
ORD505357,CUST100583,560078,0.35941268307576457,0.14596790446960203,0
ORD503355,CUST101269,560083,0.45385437384610405,0.09761538384380626,0
ORD505287,CUST101990,560073,0.25756979532098145,0.40608187581223554,0
ORD500824,CUST100888,560088,0.46669449990302514,0.14077625183446615,1
ORD505412,CUST100453,560086,0.26335659719559446,0.007482278722774853,0
ORD500871,CUST100003,560037,0.2625171002989132,0.20052614877754213,0
ORD500015,CUST100362,560109,0.40238115717858614,0.5252484997618413,1
ORD501241,CUST101762,560093,0.3039523629091911,0.1005035939480502,0
ORD507189,CUST101829,560066,0.07001027239228465,0.44863880467564937,0
ORD503350,CUST100988,560015,0.13672265930414002,0.2930958901877522,0
ORD504705,CUST100526,560107,0.21485681318313843,0.4249338442310718,0
ORD502940,CUST101070,560076,0.23156150434448122,0.1112464586243946,0
ORD501771,CUST101335,560012,0.2437877142910798,0.08031914452505755,0
ORD502908,CUST101222,560084,0.1699228353745263,0.3632584085729479,0
ORD504491,CUST101531,560060,0.39020438052761347,0.148778104232636,0
ORD500735,CUST100161,560014,0.16676799610424997,0.32405610103166854,0
ORD504490,CUST100267,560051,0.21143427414909952,0.06321104945248114,0
ORD500054,CUST101048,560001,0.1441161872280649,0.4276493248809966,0
ORD504943,CUST100820,560007,0.49413920814343104,0.4115118018852822,1
ORD503693,CUST101357,560083,0.09949881432562784,0.09761538384380626,0
ORD505870,CUST100047,560098,0.5115239173587337,0.20695366556821226,1
ORD506299,CUST100301,560074,0.12241533806316059,0.07273808090514074,0
ORD506859,CUST101892,560112,0.22566982488398443,0.10046769389686781,0
ORD504001,CUST101559,560092,0.2184322366437865,0.4652541447815074,1
ORD504324,CUST101087,560010,0.14969822486595233,0.26331848167006455,0
ORD507204,CUST100012,560073,0.419905690979168,0.40608187581223554,1
ORD503700,CUST100730,560117,0.13941177666095245,0.07519208933625972,0
ORD506928,CUST100674,560012,0.5430110256129925,0.08031914452505755,1
ORD506513,CUST101718,560116,0.3834867592456452,0.21263077921125112,1
ORD502932,CUST101740,560070,0.12380485100140662,0.20224062701049086,0
ORD504866,CUST101116,560021,0.30721251020367246,0.07930465192162388,0
ORD507724,CUST100573,560089,0.158432901455159,0.19467065107163697,0
ORD500373,CUST101045,560022,0.14850656263461232,0.12028576980936151,1
ORD502264,CUST101559,560032,0.2184322366437865,0.2652671681157216,0
ORD503688,CUST100225,560012,0.23555814035267542,0.08031914452505755,0
ORD500155,CUST100924,560109,0.16110498237076418,0.5252484997618413,0
ORD501347,CUST101519,560014,0.12767387611839967,0.32405610103166854,0
ORD501057,CUST101463,560114,0.31218816463367893,0.11153289416689233,0
ORD504340,CUST101230,560083,0.39659824148256273,0.09761538384380626,0
ORD507949,CUST101429,560009,0.06293286811999019,0.26522522319557623,0
ORD505115,CUST100854,560081,0.16323489313904366,0.1954421444622332,0
ORD507484,CUST100292,560116,0.08969748337101224,0.21263077921125112,0
ORD506078,CUST101739,560066,0.3451011613890368,0.44863880467564937,0
ORD505863,CUST100468,560058,0.19112787889257196,0.20486674986456038,0
ORD502153,CUST101638,560084,0.1155768135052856,0.3632584085729479,0
ORD506885,CUST101333,560114,0.19341859642293874,0.11153289416689233,1
ORD501571,CUST100692,560058,0.24075359089905976,0.20486674986456038,1
ORD506844,CUST100798,560011,0.29584822305361935,0.26287102465088363,1
ORD507982,CUST101878,560010,0.24266907923144335,0.26331848167006455,1
ORD502362,CUST100057,560110,0.21714365268202862,0.4429461963712056,0
ORD505640,CUST100091,560115,0.18284841178251302,0.23129979364443987,0
ORD502570,CUST100306,560041,0.3016559281489719,0.1311386209542706,0
ORD502131,CUST100349,560081,0.391147140695262,0.1954421444622332,0
ORD505546,CUST101435,560015,0.03298639032249153,0.2930958901877522,0
ORD503556,CUST100862,560023,0.2791166848150765,0.028472335602004763,0
ORD502228,CUST101161,560020,0.16621613591190618,0.2587614293950907,0
ORD505102,CUST101062,560048,0.41201621260086296,0.48509059761807705,0
ORD507562,CUST101448,560119,0.4339204925509174,0.23009324809977014,0
ORD505392,CUST100047,560076,0.5115239173587337,0.1112464586243946,1
ORD502097,CUST100261,560047,0.44367742457242815,0.2140654816693931,0
ORD501132,CUST100062,560083,0.03745152246394023,0.09761538384380626,0
ORD502209,CUST101032,560117,0.22659941467826966,0.07519208933625972,0
ORD507828,CUST101233,560031,0.161843131269114,0.1918817018934806,0
ORD505797,CUST100324,560014,0.372235180820969,0.32405610103166854,0
ORD503285,CUST100751,560074,0.1736281430138669,0.07273808090514074,0
ORD500105,CUST101597,560058,0.05355953612978514,0.20486674986456038,0
ORD501626,CUST101981,560023,0.2900814919469702,0.028472335602004763,0
ORD500476,CUST100314,560082,0.4117868133302571,0.4036521734896382,0
ORD506649,CUST101348,560045,0.13202568542704377,0.2009380398079108,0
ORD503527,CUST101214,560009,0.08168352213688031,0.26522522319557623,0
ORD507282,CUST101767,560081,0.49167863541992063,0.1954421444622332,1
ORD505655,CUST101973,560073,0.49045757614031654,0.40608187581223554,1
ORD507369,CUST100901,560023,0.18779275691082997,0.028472335602004763,0
ORD506541,CUST100048,560056,0.07638737713356161,0.1311151942786954,1
ORD507043,CUST101771,560012,0.38952211246813145,0.08031914452505755,0
ORD501388,CUST100571,560063,0.20459557629689876,0.19220896367361404,0
ORD501480,CUST101974,560001,0.34912978504838177,0.4276493248809966,0
ORD502265,CUST100965,560046,0.26157446440547233,0.30307755392063607,0
ORD506703,CUST100474,560096,0.40080141861945334,0.13143597660081374,0
ORD504877,CUST101481,560016,0.7211015611648152,0.21649401012539535,1
ORD501971,CUST100508,560046,0.34116143905998736,0.30307755392063607,0
ORD506758,CUST101836,560073,0.3244384271345049,0.40608187581223554,0
ORD503106,CUST101473,560035,0.2833169040198567,0.44644714587366313,0
ORD506577,CUST101767,560044,0.49167863541992063,0.24271947144386585,0
ORD503941,CUST101246,560113,0.32724707914173723,0.05073967111486112,0
ORD504781,CUST101482,560051,0.17602747534132004,0.06321104945248114,0
ORD507560,CUST101608,560054,0.17874359530435505,0.10632638057233394,0
ORD507705,CUST101123,560009,0.3100531060522249,0.26522522319557623,0
ORD506197,CUST101179,560068,0.32407502035644925,0.12357375658063682,0
ORD504210,CUST101608,560008,0.17874359530435505,0.3291430834854005,0
ORD503789,CUST101758,560038,0.12078438861904368,0.4922123466288645,0
ORD507203,CUST100262,560052,0.40428580651687857,0.10086571587923499,0
ORD503674,CUST100192,560058,0.22287364608691065,0.20486674986456038,0
ORD505805,CUST101774,560092,0.05265299103232271,0.4652541447815074,0
ORD502711,CUST100120,560001,0.23228588338828865,0.4276493248809966,1
ORD501860,CUST101263,560080,0.2529589627356025,0.35705055052060225,0
ORD505187,CUST101710,560011,0.204135335883595,0.26287102465088363,0
ORD502305,CUST101430,560065,0.3599162346721973,0.12481245587380058,0
ORD504795,CUST101892,560062,0.22566982488398443,0.36167936673581547,0
ORD501401,CUST101515,560026,0.15167015541314854,0.06415183632714254,0
ORD505483,CUST101040,560011,0.16203598004927997,0.26287102465088363,1
ORD500445,CUST101714,560018,0.13940452811239296,0.15888837338663903,0
ORD506606,CUST100001,560027,0.24614417619698423,0.3964081708913591,0
ORD505228,CUST101118,560111,0.20566279538085244,0.1318273625407665,0
ORD500793,CUST100089,560029,0.2779937156072131,0.13120234612701753,0
ORD501526,CUST101430,560014,0.3599162346721973,0.32405610103166854,1
ORD507948,CUST100162,560027,0.03093946774227127,0.3964081708913591,0
ORD501028,CUST101167,560015,0.13447679373695556,0.2930958901877522,0
ORD506632,CUST100935,560105,0.48051431524057286,0.2610606417315302,0
ORD501073,CUST100928,560022,0.25199964349216575,0.12028576980936151,0
ORD503151,CUST100310,560045,0.10515668766504281,0.2009380398079108,0
ORD504526,CUST100343,560118,0.32801543383093573,0.21889163644714124,1
ORD504220,CUST101742,560008,0.3705498308342294,0.3291430834854005,0
ORD500295,CUST101062,560085,0.41201621260086296,0.24590610537959195,0
ORD501154,CUST101183,560044,0.5778690550660062,0.24271947144386585,1
ORD503612,CUST100007,560065,0.130383422505818,0.12481245587380058,0
ORD500508,CUST100467,560039,0.3098477304837669,0.08257987664945507,0
ORD501652,CUST100707,560017,0.2531798586102482,0.14572183941573405,0
ORD502683,CUST101573,560007,0.15145870832118505,0.4115118018852822,1
ORD502448,CUST100374,560004,0.32003705418313455,0.19762853761721605,0
ORD505979,CUST100541,560114,0.16757657415686808,0.11153289416689233,0
ORD507065,CUST101465,560019,0.2855087147460683,0.048751952975078075,0
ORD501298,CUST101007,560082,0.3070825401363213,0.4036521734896382,0
ORD506199,CUST101138,560102,0.28394012327509494,0.3116574064541478,0
ORD504050,CUST100988,560086,0.13672265930414002,0.007482278722774853,0
ORD500391,CUST101571,560090,0.29053518736076145,0.0937263908731933,1
ORD504407,CUST100218,560070,0.23305342178158567,0.20224062701049086,0
ORD502387,CUST100395,560062,0.26234867347983615,0.36167936673581547,0
ORD507156,CUST100355,560096,0.08621449582989908,0.13143597660081374,0
ORD501873,CUST100393,560087,0.342931829566947,0.2319307941510612,0
ORD503482,CUST100871,560020,0.11900029028742974,0.2587614293950907,0
ORD505085,CUST101193,560067,0.42038115564156164,0.2626412720928802,0
ORD506444,CUST101657,560109,0.1638237871995477,0.5252484997618413,1
ORD505414,CUST100746,560020,0.2616303277944666,0.2587614293950907,0
ORD504965,CUST101638,560008,0.1155768135052856,0.3291430834854005,0
ORD500326,CUST100443,560089,0.18168234468688693,0.19467065107163697,1
ORD505569,CUST100935,560054,0.48051431524057286,0.10632638057233394,0
ORD500306,CUST101203,560079,0.2125095205336983,0.17876544501708239,0
ORD504655,CUST101112,560087,0.17850104022127003,0.2319307941510612,1
ORD500505,CUST101258,560065,0.08993275694608767,0.12481245587380058,0
ORD504844,CUST101374,560012,0.3995571765478618,0.08031914452505755,0
ORD504594,CUST100003,560086,0.2625171002989132,0.007482278722774853,0
ORD500949,CUST100532,560117,0.11716756530475335,0.07519208933625972,0
ORD505806,CUST101852,560000,0.10508599985494056,0.0499470929340503,0
ORD501772,CUST100005,560058,0.44640490282899387,0.20486674986456038,1
ORD500005,CUST101620,560091,0.2229674740875284,0.363756533272939,0
ORD503579,CUST101429,560000,0.06293286811999019,0.0499470929340503,0
ORD507610,CUST100234,560044,0.15808045554802053,0.24271947144386585,0
ORD502350,CUST101708,560038,0.1828566279319063,0.4922123466288645,1
ORD504061,CUST101184,560010,0.09769555583740164,0.26331848167006455,0
ORD500844,CUST100666,560035,0.2651400660439152,0.44644714587366313,0
ORD502108,CUST100870,560000,0.3550097873823574,0.0499470929340503,1
ORD507311,CUST101019,560018,0.6232471313126572,0.15888837338663903,1
ORD507445,CUST101650,560076,0.25885286008050734,0.1112464586243946,0
ORD506347,CUST100742,560076,0.1631917746791551,0.1112464586243946,0
ORD500041,CUST100969,560031,0.2242568503464618,0.1918817018934806,0
ORD501922,CUST101904,560074,0.3984682555788554,0.07273808090514074,1
ORD502013,CUST100264,560027,0.08097222048102413,0.3964081708913591,0
ORD506812,CUST100760,560033,0.5339292911487254,0.2000167013897961,0
ORD505554,CUST100532,560065,0.11716756530475335,0.12481245587380058,0
ORD503702,CUST100420,560084,0.07875622019451736,0.3632584085729479,0
ORD504487,CUST100610,560089,0.34213038061806744,0.19467065107163697,0
ORD501495,CUST100144,560104,0.46341394989494955,0.1241972485306535,1
ORD500520,CUST100973,560012,0.1877613483299769,0.08031914452505755,0
ORD503470,CUST100089,560060,0.2779937156072131,0.148778104232636,0
ORD501191,CUST101651,560048,0.16939112268015957,0.48509059761807705,0
ORD503033,CUST100774,560000,0.22369831123924852,0.0499470929340503,0
ORD506614,CUST101062,560051,0.41201621260086296,0.06321104945248114,1
ORD506574,CUST100393,560089,0.342931829566947,0.19467065107163697,1
ORD501256,CUST100296,560014,0.2216976101384966,0.32405610103166854,0
ORD506777,CUST100531,560009,0.27177374067259585,0.26522522319557623,0
ORD502863,CUST100096,560046,0.1084978665663723,0.30307755392063607,0
ORD504209,CUST100973,560027,0.1877613483299769,0.3964081708913591,0
ORD502648,CUST100495,560085,0.24671647255501258,0.24590610537959195,0
ORD507939,CUST100315,560033,0.1494736716851247,0.2000167013897961,1
ORD506668,CUST100490,560096,0.3031590335061441,0.13143597660081374,1
ORD506522,CUST101214,560057,0.08168352213688031,0.06751530873316719,0
ORD507867,CUST100088,560049,0.20401397040683977,0.10008282781565703,0
ORD507316,CUST100236,560071,0.3408921063238981,0.2846659660343278,0
ORD501088,CUST100935,560114,0.48051431524057286,0.11153289416689233,0
ORD502640,CUST101579,560013,0.48168131853356183,0.18703349260237212,0
ORD500931,CUST101301,560075,0.2771388724478905,0.04994448821558866,1
ORD506471,CUST101438,560023,0.20209408360253006,0.028472335602004763,0
ORD505803,CUST100992,560063,0.23955547293646873,0.19220896367361404,0
ORD500203,CUST101858,560063,0.43879665490804126,0.19220896367361404,0
ORD507439,CUST100900,560030,0.15668322772570675,0.07698134180032012,0
ORD501717,CUST101740,560054,0.12380485100140662,0.10632638057233394,0
ORD505432,CUST101579,560111,0.48168131853356183,0.1318273625407665,1
ORD501948,CUST101471,560020,0.39340380421741983,0.2587614293950907,1
ORD503060,CUST100353,560010,0.27580452681496,0.26331848167006455,0
ORD503026,CUST101269,560080,0.45385437384610405,0.35705055052060225,1
ORD504005,CUST101087,560058,0.14969822486595233,0.20486674986456038,0
ORD500345,CUST101405,560009,0.10805585097920675,0.26522522319557623,0
ORD503315,CUST101648,560119,0.16274585161141808,0.23009324809977014,0
ORD503708,CUST101394,560008,0.3487700718949944,0.3291430834854005,0
ORD504724,CUST101543,560099,0.4487444125680534,0.15847855826528787,1
ORD501965,CUST101304,560054,0.34101917464814796,0.10632638057233394,0
ORD503017,CUST101714,560024,0.13940452811239296,0.08499988471741125,0
ORD506924,CUST100274,560074,0.11488476521704623,0.07273808090514074,0
ORD502398,CUST100226,560051,0.26241881723183863,0.06321104945248114,0
ORD507436,CUST100751,560004,0.1736281430138669,0.19762853761721605,0
ORD504252,CUST101811,560059,0.1925519667542777,0.06343485879816538,0
ORD501900,CUST101049,560100,0.16436196255917573,0.3742111996543805,1
ORD503411,CUST101592,560065,0.06097123207784671,0.12481245587380058,0
ORD500460,CUST100330,560096,0.4468118022423648,0.13143597660081374,0
ORD504630,CUST100566,560039,0.3692350826198513,0.08257987664945507,0
ORD502936,CUST101102,560017,0.19744240505221355,0.14572183941573405,0
ORD500383,CUST101102,560043,0.19744240505221355,0.10924789759182774,0
ORD507835,CUST101335,560090,0.2437877142910798,0.0937263908731933,0
ORD507487,CUST101579,560047,0.48168131853356183,0.2140654816693931,0
ORD505058,CUST100076,560082,0.3870026797871902,0.4036521734896382,1
ORD505701,CUST100749,560103,0.07218359721515508,0.2331908497366693,0
ORD507246,CUST101262,560003,0.20693806503826653,0.21762362723276713,0
ORD504342,CUST100723,560097,0.08763097456402634,0.2209193286304174,0
ORD503644,CUST101404,560001,0.3466570984479526,0.4276493248809966,1
ORD501550,CUST101882,560041,0.2893464692888838,0.1311386209542706,0
ORD502735,CUST100256,560067,0.16298051973655406,0.2626412720928802,0
ORD503895,CUST101614,560040,0.27618691334981427,0.13792726590918689,0
ORD501315,CUST100886,560084,0.2931625922073719,0.3632584085729479,0
ORD501275,CUST100116,560058,0.24874291058771908,0.20486674986456038,0
ORD500390,CUST100169,560092,0.06816197410621759,0.4652541447815074,0
ORD505597,CUST100655,560040,0.30768308227881586,0.13792726590918689,0
ORD502684,CUST101982,560041,0.4027719019933716,0.1311386209542706,0
ORD506468,CUST101779,560103,0.22408257784367006,0.2331908497366693,0
ORD500756,CUST101375,560042,0.3785933734822147,0.20272897456368089,0
ORD505423,CUST100487,560061,0.21181038098956262,0.14659676401055344,0
ORD507425,CUST101539,560027,0.6673096423708894,0.3964081708913591,0
ORD507680,CUST101579,560034,0.48168131853356183,0.2969408870047299,1
ORD504006,CUST101878,560074,0.24266907923144335,0.07273808090514074,0
ORD504244,CUST101858,560110,0.43879665490804126,0.4429461963712056,1
ORD503025,CUST100602,560057,0.02235684262044825,0.06751530873316719,0
ORD503484,CUST101692,560100,0.33957966697519143,0.3742111996543805,0
ORD505707,CUST101251,560047,0.07393941178427549,0.2140654816693931,0
ORD501206,CUST100374,560030,0.32003705418313455,0.07698134180032012,0
ORD504671,CUST100297,560098,0.46818673352621776,0.20695366556821226,0
ORD507201,CUST101520,560026,0.602019510642507,0.06415183632714254,0
ORD504991,CUST101987,560049,0.14215871192130625,0.10008282781565703,0
ORD505811,CUST100962,560052,0.26922230243613665,0.10086571587923499,0
ORD503475,CUST100532,560089,0.11716756530475335,0.19467065107163697,0
ORD503645,CUST100204,560118,0.23310699843617838,0.21889163644714124,0
ORD504916,CUST100057,560113,0.21714365268202862,0.05073967111486112,0
ORD501137,CUST100744,560025,0.04650688333355527,0.12731929297945457,1
ORD503966,CUST100396,560104,0.03833526651775298,0.1241972485306535,0
ORD506133,CUST101325,560026,0.09329018157837836,0.06415183632714254,0
ORD501126,CUST100723,560070,0.08763097456402634,0.20224062701049086,0
ORD506724,CUST101915,560036,0.4059270898925287,0.033224141114804616,0
ORD506320,CUST100796,560106,0.061270943487710575,0.19267676572383044,0
ORD500622,CUST101633,560100,0.5594111463404374,0.3742111996543805,0
ORD503150,CUST101377,560068,0.15168052257429876,0.12357375658063682,0
ORD507031,CUST101102,560097,0.19744240505221355,0.2209193286304174,0
ORD507286,CUST101674,560042,0.21621103592139168,0.20272897456368089,0
ORD507166,CUST101535,560090,0.12309958652800959,0.0937263908731933,0
ORD502527,CUST101018,560119,0.14875128750341032,0.23009324809977014,0
ORD507160,CUST101525,560103,0.4022446792042088,0.2331908497366693,0
ORD501855,CUST100722,560037,0.18463474910495414,0.20052614877754213,0
ORD501062,CUST101512,560102,0.21377453574809008,0.3116574064541478,1
ORD501273,CUST100096,560052,0.1084978665663723,0.10086571587923499,0
ORD501711,CUST100901,560034,0.18779275691082997,0.2969408870047299,0
ORD505306,CUST101586,560092,0.41790976805842955,0.4652541447815074,0
ORD507134,CUST100674,560119,0.5430110256129925,0.23009324809977014,1
ORD501059,CUST100674,560052,0.5430110256129925,0.10086571587923499,1
ORD503610,CUST101966,560087,0.2834169609687111,0.2319307941510612,0
ORD503736,CUST100795,560105,0.10366830092965595,0.2610606417315302,0
ORD500774,CUST101161,560013,0.16621613591190618,0.18703349260237212,0
ORD504011,CUST101779,560017,0.22408257784367006,0.14572183941573405,0
ORD505315,CUST101406,560022,0.3684093803919592,0.12028576980936151,0
ORD501908,CUST100272,560010,0.278455179805805,0.26331848167006455,0
ORD503995,CUST101467,560078,0.16625647957893838,0.14596790446960203,0
ORD504915,CUST100620,560055,0.27762091119656535,0.24304583988795897,1
ORD500704,CUST100532,560116,0.11716756530475335,0.21263077921125112,0
ORD503455,CUST101777,560084,0.26223243156670895,0.3632584085729479,0
ORD504339,CUST101418,560103,0.15448750544871004,0.2331908497366693,0
ORD501359,CUST100231,560035,0.45454338905514596,0.44644714587366313,1
ORD507780,CUST101268,560025,0.3633623231742147,0.12731929297945457,0
ORD502161,CUST100689,560093,0.07765630758757154,0.1005035939480502,0
ORD500455,CUST101170,560116,0.5238048460002951,0.21263077921125112,0
ORD506615,CUST100265,560009,0.06885084713508903,0.26522522319557623,0
ORD504433,CUST101308,560032,0.5374368025875791,0.2652671681157216,0
ORD500593,CUST101916,560118,0.24230976527158388,0.21889163644714124,1
ORD505997,CUST101886,560003,0.30734925482671877,0.21762362723276713,0
ORD506143,CUST100060,560040,0.6281196686103381,0.13792726590918689,1
ORD504749,CUST101199,560041,0.3902154867000258,0.1311386209542706,1
ORD504730,CUST100262,560105,0.40428580651687857,0.2610606417315302,0
ORD501504,CUST101022,560095,0.14866291869075507,0.1770255930012656,0
ORD501568,CUST100621,560042,0.394675253137179,0.20272897456368089,0
ORD506084,CUST101351,560066,0.07071630951057738,0.44863880467564937,1
ORD505288,CUST101592,560081,0.06097123207784671,0.1954421444622332,0
ORD504345,CUST101505,560000,0.327820315683397,0.0499470929340503,0
ORD501889,CUST100540,560068,0.18576378008237582,0.12357375658063682,0
ORD500210,CUST100921,560009,0.10667469787866646,0.26522522319557623,0
ORD501391,CUST101730,560004,0.20257060460374818,0.19762853761721605,0
ORD507919,CUST100132,560006,0.29458700556517403,0.0359397910518748,0
ORD505413,CUST100234,560088,0.15808045554802053,0.14077625183446615,0
ORD507402,CUST101246,560103,0.32724707914173723,0.2331908497366693,0
ORD506020,CUST100918,560037,0.3490767652545195,0.20052614877754213,0
ORD507265,CUST100708,560014,0.3167306496511369,0.32405610103166854,0
ORD501140,CUST100088,560028,0.20401397040683977,0.033656118245986556,0
ORD504862,CUST100542,560026,0.24680180551951414,0.06415183632714254,0
ORD503105,CUST101203,560098,0.2125095205336983,0.20695366556821226,1
ORD502964,CUST100194,560072,0.36187966998918064,0.0983469859236676,0
ORD505537,CUST100256,560042,0.16298051973655406,0.20272897456368089,1
ORD506708,CUST100684,560085,0.44186887226166205,0.24590610537959195,0
ORD504533,CUST101484,560088,0.09201587903452282,0.14077625183446615,0
ORD501130,CUST100349,560107,0.391147140695262,0.4249338442310718,0
ORD507635,CUST100861,560037,0.3626697249106457,0.20052614877754213,0
ORD506837,CUST101061,560000,0.2549543426849578,0.0499470929340503,0
ORD500618,CUST101040,560004,0.16203598004927997,0.19762853761721605,0
ORD502433,CUST100324,560086,0.372235180820969,0.007482278722774853,0
ORD503167,CUST101875,560104,0.20866604375382167,0.1241972485306535,0
ORD504462,CUST100194,560034,0.36187966998918064,0.2969408870047299,0
ORD507892,CUST100452,560102,0.4369142138857339,0.3116574064541478,1
ORD503500,CUST101246,560069,0.32724707914173723,0.11654125384957931,0
ORD500526,CUST100120,560072,0.23228588338828865,0.0983469859236676,0
ORD502193,CUST101139,560096,0.23322461400002217,0.13143597660081374,0
ORD504395,CUST100996,560078,0.13249406485160603,0.14596790446960203,0
ORD502819,CUST101987,560057,0.14215871192130625,0.06751530873316719,0
ORD507383,CUST100618,560100,0.2063369651501635,0.3742111996543805,0
ORD500700,CUST101496,560033,0.014481848169528367,0.2000167013897961,0
ORD503961,CUST101087,560119,0.14969822486595233,0.23009324809977014,0
ORD502096,CUST100534,560103,0.6645072620284929,0.2331908497366693,1
ORD506304,CUST100289,560028,0.42258989063174557,0.033656118245986556,1
ORD501904,CUST100638,560034,0.13908231984528782,0.2969408870047299,1
ORD502689,CUST100967,560081,0.1762552470657897,0.1954421444622332,0
ORD500900,CUST101816,560091,0.2407002516452687,0.363756533272939,1
ORD502117,CUST101239,560084,0.37912574798973386,0.3632584085729479,0
ORD506989,CUST101927,560103,0.5477119569753789,0.2331908497366693,0
ORD505693,CUST100451,560010,0.3269451502115473,0.26331848167006455,0
ORD500090,CUST101203,560084,0.2125095205336983,0.3632584085729479,0
ORD503035,CUST101048,560014,0.1441161872280649,0.32405610103166854,0
ORD507024,CUST101869,560056,0.15014274497728494,0.1311151942786954,0
ORD502238,CUST101302,560085,0.05793788402926402,0.24590610537959195,0
ORD502729,CUST101465,560037,0.2855087147460683,0.20052614877754213,0
ORD506073,CUST101875,560051,0.20866604375382167,0.06321104945248114,0
ORD500270,CUST100673,560090,0.0629665650426494,0.0937263908731933,0
ORD506550,CUST100708,560062,0.3167306496511369,0.36167936673581547,0
ORD506257,CUST100037,560100,0.36643236650295463,0.3742111996543805,1
ORD502045,CUST101007,560092,0.3070825401363213,0.4652541447815074,0
ORD507140,CUST100307,560112,0.2923331864352393,0.10046769389686781,0
ORD501909,CUST100639,560084,0.09634270484326586,0.3632584085729479,0
ORD506325,CUST101127,560015,0.3745044727737293,0.2930958901877522,1
ORD501085,CUST101268,560054,0.3633623231742147,0.10632638057233394,1
ORD500254,CUST101121,560026,0.19032803455723113,0.06415183632714254,0
ORD505359,CUST100159,560094,0.05881659853496958,0.3010387326878104,0
ORD500098,CUST100684,560074,0.44186887226166205,0.07273808090514074,0
ORD503296,CUST101160,560030,0.15017886247881426,0.07698134180032012,0
ORD507420,CUST101951,560067,0.43899429025255043,0.2626412720928802,0
ORD506357,CUST101467,560059,0.16625647957893838,0.06343485879816538,0
ORD507328,CUST100360,560072,0.5777434668907969,0.0983469859236676,0
ORD503821,CUST100576,560063,0.09342709211833844,0.19220896367361404,0
ORD507750,CUST101123,560102,0.3100531060522249,0.3116574064541478,0
ORD503316,CUST100774,560080,0.22369831123924852,0.35705055052060225,0
ORD506491,CUST101579,560095,0.48168131853356183,0.1770255930012656,0
ORD505773,CUST100331,560110,0.45650740325159334,0.4429461963712056,0
ORD507080,CUST100898,560009,0.3575549854513887,0.26522522319557623,1
ORD500267,CUST100240,560000,0.16482652189748134,0.0499470929340503,0
ORD500116,CUST101782,560102,0.07770880438752555,0.3116574064541478,0
ORD504519,CUST100374,560093,0.32003705418313455,0.1005035939480502,1
ORD506196,CUST101203,560062,0.2125095205336983,0.36167936673581547,0
ORD502953,CUST101356,560090,0.16088320279202084,0.0937263908731933,0
ORD507473,CUST101516,560084,0.14480130003921363,0.3632584085729479,1
ORD502074,CUST100058,560057,0.33946126851350195,0.06751530873316719,0
ORD500335,CUST100650,560098,0.05655306904883348,0.20695366556821226,0
ORD504321,CUST100231,560075,0.45454338905514596,0.04994448821558866,0
ORD501032,CUST100745,560068,0.3262085168617317,0.12357375658063682,1
ORD505740,CUST101467,560057,0.16625647957893838,0.06751530873316719,0
ORD504672,CUST101892,560002,0.22566982488398443,0.06816617099651445,0
ORD503115,CUST100713,560030,0.13711908445634313,0.07698134180032012,0
ORD503754,CUST101757,560050,0.5081883091584374,0.39804978962446785,1
ORD502768,CUST100270,560056,0.07319325355511432,0.1311151942786954,0
ORD506801,CUST101514,560090,0.17199749498052777,0.0937263908731933,0
ORD502790,CUST101192,560021,0.05875192265508402,0.07930465192162388,0
ORD504926,CUST100367,560019,0.2881986119409372,0.048751952975078075,0
ORD506428,CUST100234,560087,0.15808045554802053,0.2319307941510612,0
ORD501527,CUST100208,560008,0.19975800750299405,0.3291430834854005,0
ORD504670,CUST100708,560046,0.3167306496511369,0.30307755392063607,0
ORD504989,CUST101283,560039,0.13673513430713977,0.08257987664945507,0
ORD502119,CUST100151,560022,0.14720873128711998,0.12028576980936151,0
ORD503471,CUST100444,560109,0.4375803082647143,0.5252484997618413,1
ORD505323,CUST100381,560006,0.142405855423258,0.0359397910518748,0
ORD502072,CUST101423,560017,0.5106095399953449,0.14572183941573405,1
ORD502452,CUST100545,560108,0.43544254381347786,0.3345971676330574,1
ORD505830,CUST101791,560104,0.48764193212685075,0.1241972485306535,0
ORD507398,CUST100577,560103,0.2042925306906814,0.2331908497366693,0
ORD502657,CUST101826,560057,0.11251270016100487,0.06751530873316719,0
ORD500223,CUST100375,560012,0.15399488329390626,0.08031914452505755,1
ORD500433,CUST101405,560081,0.10805585097920675,0.1954421444622332,0
ORD502037,CUST100095,560014,0.7642110094338409,0.32405610103166854,1
ORD502959,CUST100684,560086,0.44186887226166205,0.007482278722774853,0
ORD501184,CUST101450,560007,0.1557828750079239,0.4115118018852822,0
ORD501886,CUST101881,560109,0.4020012134087885,0.5252484997618413,1
ORD507135,CUST101187,560040,0.07469619116350239,0.13792726590918689,0
ORD501567,CUST100744,560115,0.04650688333355527,0.23129979364443987,1
ORD506710,CUST101130,560079,0.1639493297542092,0.17876544501708239,0
ORD505838,CUST100095,560004,0.7642110094338409,0.19762853761721605,1
ORD505926,CUST101297,560011,0.08514238127043966,0.26287102465088363,0
ORD505874,CUST100236,560002,0.3408921063238981,0.06816617099651445,0
ORD506999,CUST101335,560016,0.2437877142910798,0.21649401012539535,1
ORD507086,CUST101091,560100,0.5255719161669065,0.3742111996543805,1
ORD504552,CUST101431,560061,0.218617277433771,0.14659676401055344,1
ORD503289,CUST101443,560016,0.40397981406619743,0.21649401012539535,0
ORD507315,CUST100037,560018,0.36643236650295463,0.15888837338663903,0
ORD501940,CUST100459,560101,0.26371837835861184,0.2210289590416924,0
ORD502869,CUST101942,560079,0.08744629728384447,0.17876544501708239,0
ORD505571,CUST101916,560118,0.24230976527158388,0.21889163644714124,0
ORD502080,CUST100560,560052,0.3108899842101137,0.10086571587923499,0
ORD503502,CUST100110,560110,0.4143300984213656,0.4429461963712056,1
ORD507216,CUST101982,560102,0.4027719019933716,0.3116574064541478,0
ORD500177,CUST101930,560070,0.10390544432784944,0.20224062701049086,1
ORD503528,CUST101650,560031,0.25885286008050734,0.1918817018934806,0
ORD504062,CUST100114,560106,0.11388016972116154,0.19267676572383044,0
ORD503063,CUST101532,560040,0.23704685594461086,0.13792726590918689,0
ORD502511,CUST100281,560024,0.10820090543681238,0.08499988471741125,0
ORD505718,CUST101579,560071,0.48168131853356183,0.2846659660343278,0
ORD505676,CUST101060,560020,0.16318059278927063,0.2587614293950907,0
ORD505678,CUST100962,560031,0.26922230243613665,0.1918817018934806,0
ORD504575,CUST101462,560049,0.3125179502823467,0.10008282781565703,0
ORD502471,CUST101796,560090,0.22868809183843242,0.0937263908731933,0
ORD503239,CUST101886,560116,0.30734925482671877,0.21263077921125112,0
ORD504355,CUST101579,560042,0.48168131853356183,0.20272897456368089,1
ORD502413,CUST101543,560005,0.4487444125680534,0.3717167319646953,1
ORD502968,CUST100120,560094,0.23228588338828865,0.3010387326878104,0
ORD502927,CUST100577,560016,0.2042925306906814,0.21649401012539535,0
ORD501334,CUST100722,560029,0.18463474910495414,0.13120234612701753,0
ORD502109,CUST101583,560112,0.45771417130821623,0.10046769389686781,1
ORD501494,CUST100351,560093,0.08000890940875684,0.1005035939480502,0
ORD503776,CUST101106,560117,0.1941016350133047,0.07519208933625972,0
ORD506141,CUST101207,560065,0.5611873074821642,0.12481245587380058,1
ORD506671,CUST101441,560088,0.1714778898070714,0.14077625183446615,0
ORD505441,CUST101869,560083,0.15014274497728494,0.09761538384380626,0
ORD505503,CUST101748,560110,0.18154225768423612,0.4429461963712056,1
ORD507678,CUST100527,560055,0.29048499029100583,0.24304583988795897,0
ORD502945,CUST101430,560109,0.3599162346721973,0.5252484997618413,0
ORD500456,CUST101262,560112,0.20693806503826653,0.10046769389686781,0
ORD502522,CUST100713,560004,0.13711908445634313,0.19762853761721605,0
ORD506163,CUST100012,560118,0.419905690979168,0.21889163644714124,0
ORD501392,CUST101032,560096,0.22659941467826966,0.13143597660081374,0
ORD504404,CUST100084,560076,0.4237639813012678,0.1112464586243946,0
ORD502110,CUST100068,560119,0.14171274321107463,0.23009324809977014,0
ORD502975,CUST100759,560099,0.14931459557255047,0.15847855826528787,0
ORD503818,CUST100054,560061,0.3169418867271463,0.14659676401055344,0
ORD504330,CUST100089,560079,0.2779937156072131,0.17876544501708239,0
ORD507527,CUST101423,560024,0.5106095399953449,0.08499988471741125,0
ORD503844,CUST100936,560096,0.38428268208916083,0.13143597660081374,0
ORD503004,CUST101239,560098,0.37912574798973386,0.20695366556821226,0
ORD502466,CUST100832,560096,0.16133300012643395,0.13143597660081374,0
ORD503729,CUST100398,560000,0.11565315745837781,0.0499470929340503,0
ORD505635,CUST101265,560075,0.12254366674898377,0.04994448821558866,0
ORD501729,CUST100232,560119,0.2568909066288726,0.23009324809977014,0
ORD501704,CUST100872,560042,0.3932300760602047,0.20272897456368089,1
ORD506900,CUST101921,560108,0.25497745155204904,0.3345971676330574,0
ORD503499,CUST101162,560024,0.14151505021308056,0.08499988471741125,0
ORD503231,CUST101588,560006,0.15386671998751833,0.0359397910518748,0
ORD500838,CUST100667,560065,0.26144358598698514,0.12481245587380058,0
ORD501730,CUST100493,560049,0.22121655786542901,0.10008282781565703,0
ORD500035,CUST101162,560077,0.14151505021308056,0.48289222403515625,1
ORD501202,CUST101078,560067,0.09382497807491072,0.2626412720928802,0
ORD504201,CUST100414,560107,0.22490754943212576,0.4249338442310718,1
ORD506575,CUST101805,560022,0.2050351585477618,0.12028576980936151,0
ORD505001,CUST100988,560050,0.13672265930414002,0.39804978962446785,0
ORD503477,CUST100624,560114,0.3571737769623766,0.11153289416689233,0
ORD503006,CUST101107,560085,0.4465577545379772,0.24590610537959195,0
ORD507806,CUST101620,560002,0.2229674740875284,0.06816617099651445,0
ORD507523,CUST101505,560040,0.327820315683397,0.13792726590918689,0
ORD505254,CUST100222,560042,0.3666490656306323,0.20272897456368089,0
ORD502834,CUST101920,560019,0.15428968622240669,0.048751952975078075,0
ORD500736,CUST100101,560052,0.28803227133965226,0.10086571587923499,0
ORD503130,CUST100272,560111,0.278455179805805,0.1318273625407665,0
ORD502459,CUST101656,560000,0.1408327055539838,0.0499470929340503,0
ORD501917,CUST100944,560080,0.10354233522846332,0.35705055052060225,0
ORD502439,CUST100696,560025,0.1273977253721659,0.12731929297945457,0
ORD500734,CUST100063,560081,0.10212483545629032,0.1954421444622332,0
ORD502898,CUST100007,560102,0.130383422505818,0.3116574064541478,1
ORD503782,CUST100608,560003,0.3808935371788415,0.21762362723276713,0
ORD507770,CUST100792,560094,0.22353861829749067,0.3010387326878104,0
ORD503991,CUST100982,560098,0.17455896480941777,0.20695366556821226,0
ORD504772,CUST100173,560114,0.45142648803811186,0.11153289416689233,1
ORD504446,CUST101967,560021,0.26408118652298557,0.07930465192162388,1
ORD506074,CUST101669,560113,0.460372672724603,0.05073967111486112,0
ORD503624,CUST101940,560118,0.2622218360153778,0.21889163644714124,0
ORD503613,CUST101484,560013,0.09201587903452282,0.18703349260237212,0
ORD502050,CUST101543,560003,0.4487444125680534,0.21762362723276713,0
ORD506702,CUST100105,560026,0.5006305541191121,0.06415183632714254,0
ORD503358,CUST101579,560007,0.48168131853356183,0.4115118018852822,1
ORD505574,CUST101786,560092,0.24032215738837232,0.4652541447815074,0
ORD505090,CUST101429,560095,0.06293286811999019,0.1770255930012656,0
ORD503709,CUST101344,560065,0.13353911012011205,0.12481245587380058,0
ORD501695,CUST101958,560071,0.09417089237022389,0.2846659660343278,0
ORD500019,CUST100969,560041,0.2242568503464618,0.1311386209542706,0
ORD503734,CUST100291,560032,0.08058041829298626,0.2652671681157216,0
ORD503788,CUST101892,560043,0.22566982488398443,0.10924789759182774,0
ORD503585,CUST100669,560070,0.2662137094395429,0.20224062701049086,0
ORD505294,CUST100227,560091,0.2560233812776348,0.363756533272939,0
ORD503021,CUST100844,560007,0.49837168382017244,0.4115118018852822,1
ORD506262,CUST101179,560039,0.32407502035644925,0.08257987664945507,0
ORD500454,CUST101281,560013,0.2724860058300181,0.18703349260237212,0
ORD505521,CUST101604,560087,0.03414947489079951,0.2319307941510612,0
ORD506475,CUST101892,560087,0.22566982488398443,0.2319307941510612,0
ORD502988,CUST100911,560080,0.298266440698924,0.35705055052060225,0
ORD506835,CUST101579,560028,0.48168131853356183,0.033656118245986556,0
ORD507137,CUST100192,560008,0.22287364608691065,0.3291430834854005,0
ORD506365,CUST101977,560030,0.10308490365182771,0.07698134180032012,0
ORD507740,CUST101429,560087,0.06293286811999019,0.2319307941510612,0
ORD500685,CUST100240,560069,0.16482652189748134,0.11654125384957931,0
ORD502030,CUST101186,560020,0.1579094389149947,0.2587614293950907,0
ORD504166,CUST100686,560071,0.357514630525329,0.2846659660343278,0
ORD500411,CUST101362,560068,0.034694872577426455,0.12357375658063682,0
ORD507268,CUST101815,560008,0.23825396659276094,0.3291430834854005,1
ORD503777,CUST101197,560009,0.19022646726199913,0.26522522319557623,0
ORD500792,CUST101145,560116,0.1588300143212693,0.21263077921125112,0
ORD505127,CUST100194,560049,0.36187966998918064,0.10008282781565703,0
ORD506419,CUST101832,560064,0.37680305773960615,0.4107390138477389,0
ORD500832,CUST101650,560118,0.25885286008050734,0.21889163644714124,0
ORD500002,CUST101884,560047,0.47645555276211093,0.2140654816693931,0
ORD504379,CUST101843,560066,0.0432952187308296,0.44863880467564937,0
ORD507697,CUST101203,560099,0.2125095205336983,0.15847855826528787,0
ORD502806,CUST100194,560066,0.36187966998918064,0.44863880467564937,1
ORD502812,CUST100311,560118,0.5597936769680356,0.21889163644714124,1
ORD504211,CUST100872,560078,0.3932300760602047,0.14596790446960203,0
ORD505230,CUST100096,560009,0.1084978665663723,0.26522522319557623,0
ORD504454,CUST100643,560035,0.33315409272597374,0.44644714587366313,1
ORD500532,CUST100621,560012,0.394675253137179,0.08031914452505755,0
ORD505138,CUST101786,560021,0.24032215738837232,0.07930465192162388,0
ORD507798,CUST100583,560046,0.35941268307576457,0.30307755392063607,1
ORD500867,CUST100205,560086,0.1840815893241802,0.007482278722774853,0
ORD503574,CUST101608,560111,0.17874359530435505,0.1318273625407665,0
ORD502375,CUST100121,560074,0.21229487492335847,0.07273808090514074,1
ORD504260,CUST100577,560013,0.2042925306906814,0.18703349260237212,0
ORD501403,CUST101250,560025,0.12834587113286433,0.12731929297945457,0
ORD501501,CUST101516,560016,0.14480130003921363,0.21649401012539535,0
ORD502887,CUST101203,560089,0.2125095205336983,0.19467065107163697,1
ORD501916,CUST100532,560058,0.11716756530475335,0.20486674986456038,0
ORD504791,CUST100551,560072,0.5069207836417344,0.0983469859236676,0
ORD507339,CUST100971,560083,0.22252391801658059,0.09761538384380626,0
ORD503024,CUST100541,560100,0.16757657415686808,0.3742111996543805,1
ORD507375,CUST100687,560102,0.21032372896200763,0.3116574064541478,0
ORD500901,CUST101950,560077,0.3717602270173535,0.48289222403515625,0
ORD504930,CUST100482,560115,0.2754386295631827,0.23129979364443987,1
ORD500305,CUST100551,560007,0.5069207836417344,0.4115118018852822,1
ORD503113,CUST100973,560008,0.1877613483299769,0.3291430834854005,0
ORD502122,CUST101125,560118,0.3282776363453346,0.21889163644714124,0
ORD502440,CUST100461,560008,0.049577018851452645,0.3291430834854005,0
ORD500419,CUST101740,560025,0.12380485100140662,0.12731929297945457,0
ORD501929,CUST101381,560076,0.13520577690161734,0.1112464586243946,0
ORD504759,CUST100577,560036,0.2042925306906814,0.033224141114804616,0
ORD503199,CUST100648,560018,0.4069919336009818,0.15888837338663903,0
ORD504811,CUST101390,560048,0.08909689827440144,0.48509059761807705,0
ORD500224,CUST101929,560014,0.32197007802918726,0.32405610103166854,1
ORD505160,CUST100095,560093,0.7642110094338409,0.1005035939480502,1
ORD503143,CUST100393,560025,0.342931829566947,0.12731929297945457,1
ORD505579,CUST101173,560101,0.2741402637288957,0.2210289590416924,0
ORD505826,CUST101966,560105,0.2834169609687111,0.2610606417315302,0
ORD501050,CUST101534,560068,0.445110893697529,0.12357375658063682,0
ORD507508,CUST101395,560083,0.10702997793385993,0.09761538384380626,0
ORD501159,CUST100514,560019,0.06067469417646223,0.048751952975078075,0
ORD501915,CUST101294,560033,0.06184401095130109,0.2000167013897961,0
ORD502616,CUST101596,560087,0.04440262156441277,0.2319307941510612,0
ORD501139,CUST100063,560019,0.10212483545629032,0.048751952975078075,0
ORD505344,CUST101377,560117,0.15168052257429876,0.07519208933625972,0
ORD500612,CUST100098,560052,0.2961471020437191,0.10086571587923499,1
ORD504698,CUST100689,560098,0.07765630758757154,0.20695366556821226,0
ORD505095,CUST101187,560015,0.07469619116350239,0.2930958901877522,0
ORD500935,CUST101543,560094,0.4487444125680534,0.3010387326878104,0
ORD506335,CUST100542,560055,0.24680180551951414,0.24304583988795897,0
ORD507253,CUST100410,560082,0.34134778732339127,0.4036521734896382,0
ORD503686,CUST100424,560086,0.14393935494351567,0.007482278722774853,0
ORD502220,CUST101940,560035,0.2622218360153778,0.44644714587366313,0
ORD505024,CUST100759,560094,0.14931459557255047,0.3010387326878104,0
ORD502660,CUST101201,560085,0.08802933448471553,0.24590610537959195,0
ORD502263,CUST101394,560068,0.3487700718949944,0.12357375658063682,1
ORD507978,CUST100998,560049,0.2485508271976326,0.10008282781565703,0
ORD505696,CUST100337,560053,0.07564649186667005,0.2746954160023574,0
ORD501801,CUST101294,560044,0.06184401095130109,0.24271947144386585,0
ORD502688,CUST101955,560019,0.46590838362476883,0.048751952975078075,1
ORD503036,CUST101740,560073,0.12380485100140662,0.40608187581223554,0
ORD500647,CUST100505,560097,0.21438054858203234,0.2209193286304174,0
ORD501239,CUST100935,560005,0.48051431524057286,0.3717167319646953,1
ORD501102,CUST101822,560038,0.25953993002150977,0.4922123466288645,1
ORD500337,CUST100610,560006,0.34213038061806744,0.0359397910518748,0
ORD505370,CUST101725,560002,0.18547844834681915,0.06816617099651445,0
ORD507366,CUST100410,560004,0.34134778732339127,0.19762853761721605,0
ORD501827,CUST100393,560033,0.342931829566947,0.2000167013897961,0
ORD502049,CUST101550,560068,0.0804044795592246,0.12357375658063682,0
ORD503330,CUST101259,560006,0.1318881000419318,0.0359397910518748,0
ORD501151,CUST100018,560075,0.2828521239790615,0.04994448821558866,0
ORD504137,CUST101384,560075,0.36405865595752274,0.04994448821558866,0
ORD501914,CUST100208,560047,0.19975800750299405,0.2140654816693931,0
ORD500635,CUST101922,560064,0.334261153302771,0.4107390138477389,0
ORD504642,CUST100541,560006,0.16757657415686808,0.0359397910518748,0
ORD503902,CUST101250,560104,0.12834587113286433,0.1241972485306535,0
ORD502246,CUST100774,560032,0.22369831123924852,0.2652671681157216,1
ORD500806,CUST100714,560061,0.04817716291662054,0.14659676401055344,0
ORD501124,CUST101657,560060,0.1638237871995477,0.148778104232636,0
ORD503944,CUST101875,560067,0.20866604375382167,0.2626412720928802,0
ORD505726,CUST100608,560091,0.3808935371788415,0.363756533272939,0
ORD503242,CUST101183,560087,0.5778690550660062,0.2319307941510612,0
ORD507630,CUST100057,560083,0.21714365268202862,0.09761538384380626,0
ORD504085,CUST101809,560081,0.29567771626486417,0.1954421444622332,0
ORD501903,CUST101033,560053,0.01988411474478299,0.2746954160023574,0
ORD504316,CUST101701,560042,0.3061840886816502,0.20272897456368089,0
ORD505881,CUST101550,560010,0.0804044795592246,0.26331848167006455,0
ORD504878,CUST101914,560030,0.4546068198322104,0.07698134180032012,0
ORD503183,CUST101013,560097,0.12990699426254682,0.2209193286304174,0
ORD501896,CUST100194,560012,0.36187966998918064,0.08031914452505755,0
ORD507601,CUST100973,560092,0.1877613483299769,0.4652541447815074,0
ORD501602,CUST100901,560044,0.18779275691082997,0.24271947144386585,0
ORD507850,CUST100194,560118,0.36187966998918064,0.21889163644714124,0
ORD503034,CUST101193,560046,0.42038115564156164,0.30307755392063607,1
ORD502006,CUST101665,560098,0.15993845447034097,0.20695366556821226,0
ORD501463,CUST101487,560036,0.2604012890461884,0.033224141114804616,0
ORD501572,CUST101823,560097,0.19005319499583676,0.2209193286304174,0
ORD501843,CUST100361,560013,0.3522819979765525,0.18703349260237212,0
ORD502342,CUST100884,560056,0.11446434852532913,0.1311151942786954,1
ORD505889,CUST101084,560058,0.1018175796945336,0.20486674986456038,0
ORD505409,CUST100397,560003,0.2810349509629501,0.21762362723276713,0
ORD502997,CUST101606,560054,0.16218260861802136,0.10632638057233394,0
ORD502356,CUST100763,560009,0.2415737336452884,0.26522522319557623,0
ORD500706,CUST100545,560085,0.43544254381347786,0.24590610537959195,0
ORD504241,CUST101189,560016,0.34298483911634053,0.21649401012539535,0
ORD502405,CUST101481,560119,0.7211015611648152,0.23009324809977014,1
ORD501296,CUST100619,560088,0.399926813908544,0.14077625183446615,0
ORD505690,CUST100256,560046,0.16298051973655406,0.30307755392063607,0
ORD503800,CUST101904,560098,0.3984682555788554,0.20695366556821226,0
ORD501171,CUST101193,560044,0.42038115564156164,0.24271947144386585,0
ORD505959,CUST100393,560048,0.342931829566947,0.48509059761807705,1
ORD500807,CUST101377,560113,0.15168052257429876,0.05073967111486112,0
ORD503059,CUST100770,560093,0.43527420177541787,0.1005035939480502,0
ORD502175,CUST101852,560069,0.10508599985494056,0.11654125384957931,0
ORD502453,CUST101968,560026,0.11744459089058115,0.06415183632714254,1
ORD500930,CUST100906,560035,0.32608688428099614,0.44644714587366313,0
ORD503192,CUST101677,560042,0.3461736398572702,0.20272897456368089,0
ORD500924,CUST100573,560073,0.158432901455159,0.40608187581223554,1
ORD501254,CUST101701,560118,0.3061840886816502,0.21889163644714124,1
ORD502685,CUST101052,560086,0.2133109451459792,0.007482278722774853,0
ORD503955,CUST100405,560009,0.16177634634701885,0.26522522319557623,0
ORD507942,CUST101876,560059,0.25977387407984437,0.06343485879816538,0
ORD501830,CUST101982,560023,0.4027719019933716,0.028472335602004763,0
ORD506176,CUST101495,560080,0.14408399009348308,0.35705055052060225,0
ORD504875,CUST100054,560110,0.3169418867271463,0.4429461963712056,1
ORD505954,CUST101160,560062,0.15017886247881426,0.36167936673581547,0
ORD504019,CUST101763,560022,0.054387999196184734,0.12028576980936151,0
ORD503354,CUST101869,560113,0.15014274497728494,0.05073967111486112,0
ORD506585,CUST100212,560093,0.3168272953486334,0.1005035939480502,0
ORD506263,CUST100256,560059,0.16298051973655406,0.06343485879816538,0
ORD500964,CUST100407,560080,0.47099044798312795,0.35705055052060225,0
ORD506621,CUST101747,560089,0.1511299192506436,0.19467065107163697,0
ORD502165,CUST101907,560110,0.2995860769488845,0.4429461963712056,0
ORD505932,CUST101908,560101,0.43661560704241464,0.2210289590416924,0
ORD506438,CUST101194,560063,0.47261769918697205,0.19220896367361404,1
ORD507003,CUST101431,560013,0.218617277433771,0.18703349260237212,0
ORD503981,CUST100667,560118,0.26144358598698514,0.21889163644714124,0
ORD505760,CUST101974,560019,0.34912978504838177,0.048751952975078075,0
ORD502166,CUST100301,560062,0.12241533806316059,0.36167936673581547,0
ORD504369,CUST100470,560069,0.4187693037372645,0.11654125384957931,0
ORD505062,CUST101429,560111,0.06293286811999019,0.1318273625407665,0
ORD506584,CUST101968,560049,0.11744459089058115,0.10008282781565703,0
ORD507865,CUST101294,560039,0.06184401095130109,0.08257987664945507,0
ORD501761,CUST100431,560029,0.4862266497306529,0.13120234612701753,0
ORD502579,CUST100664,560019,0.2656286341548108,0.048751952975078075,0
ORD504689,CUST101430,560035,0.3599162346721973,0.44644714587366313,0
ORD507953,CUST100647,560080,0.19519031892731586,0.35705055052060225,0
ORD502093,CUST101030,560009,0.06259373768786065,0.26522522319557623,0
ORD505906,CUST101250,560089,0.12834587113286433,0.19467065107163697,0
ORD500421,CUST100524,560064,0.15250618963621082,0.4107390138477389,0
ORD502201,CUST100685,560060,0.37220024375998584,0.148778104232636,0
ORD504584,CUST100647,560080,0.19519031892731586,0.35705055052060225,0
ORD501288,CUST101796,560009,0.22868809183843242,0.26522522319557623,0
ORD504284,CUST101498,560088,0.3531752731850431,0.14077625183446615,0
ORD505694,CUST101649,560049,0.07741109747149849,0.10008282781565703,0
ORD500574,CUST101121,560069,0.19032803455723113,0.11654125384957931,0
ORD501699,CUST100037,560028,0.36643236650295463,0.033656118245986556,0
ORD502129,CUST101335,560074,0.2437877142910798,0.07273808090514074,0
ORD505815,CUST101942,560058,0.08744629728384447,0.20486674986456038,0
ORD507148,CUST101592,560044,0.06097123207784671,0.24271947144386585,0
ORD505824,CUST100129,560070,0.05662677973259444,0.20224062701049086,1
ORD501565,CUST100901,560023,0.18779275691082997,0.028472335602004763,0
ORD502853,CUST101273,560060,0.2185557515336479,0.148778104232636,0
ORD507977,CUST101768,560028,0.16350440472646338,0.033656118245986556,0
ORD506492,CUST100374,560046,0.32003705418313455,0.30307755392063607,0
ORD503622,CUST100319,560060,0.3958288561774479,0.148778104232636,0
ORD504034,CUST100906,560048,0.32608688428099614,0.48509059761807705,1
ORD500435,CUST101916,560093,0.24230976527158388,0.1005035939480502,0
ORD502488,CUST101246,560081,0.32724707914173723,0.1954421444622332,1
ORD506538,CUST101892,560113,0.22566982488398443,0.05073967111486112,0
ORD502702,CUST101547,560095,0.4871625286573606,0.1770255930012656,1
ORD501733,CUST100424,560008,0.14393935494351567,0.3291430834854005,1
ORD506715,CUST100116,560069,0.24874291058771908,0.11654125384957931,0
ORD503766,CUST101215,560027,0.04373699234051615,0.3964081708913591,0
ORD504960,CUST101211,560060,0.16597882724428165,0.148778104232636,1
ORD501563,CUST100906,560052,0.32608688428099614,0.10086571587923499,0
ORD506770,CUST101556,560062,0.22829920586186425,0.36167936673581547,1
ORD504566,CUST100444,560018,0.4375803082647143,0.15888837338663903,0
ORD507834,CUST100835,560090,0.33694071508209505,0.0937263908731933,0
ORD503885,CUST101480,560070,0.31237461897038005,0.20224062701049086,0
ORD506953,CUST100037,560016,0.36643236650295463,0.21649401012539535,0
ORD504798,CUST101044,560017,0.44027129726710196,0.14572183941573405,1
ORD506814,CUST100713,560074,0.13711908445634313,0.07273808090514074,0
ORD503657,CUST100434,560070,0.3758845675178493,0.20224062701049086,0
ORD504250,CUST100950,560108,0.20346252240671756,0.3345971676330574,0
ORD502215,CUST101062,560042,0.41201621260086296,0.20272897456368089,0
ORD501977,CUST100515,560079,0.1354858514772503,0.17876544501708239,0
ORD502665,CUST101327,560027,0.5294491042064734,0.3964081708913591,1
ORD506114,CUST100098,560071,0.2961471020437191,0.2846659660343278,0
ORD504957,CUST101496,560027,0.014481848169528367,0.3964081708913591,0
ORD505623,CUST100606,560063,0.07629969923959505,0.19220896367361404,0
ORD505105,CUST100168,560105,0.12077324934022764,0.2610606417315302,0
ORD503286,CUST101117,560069,0.1403338536758354,0.11654125384957931,0
ORD504477,CUST100901,560011,0.18779275691082997,0.26287102465088363,0
ORD507464,CUST100593,560081,0.5074769095568444,0.1954421444622332,1
ORD503992,CUST101472,560080,0.305233244840429,0.35705055052060225,1
ORD505466,CUST101129,560019,0.3496004715922704,0.048751952975078075,0
ORD507240,CUST101737,560019,0.3771073287973489,0.048751952975078075,0
ORD501818,CUST100161,560071,0.16676799610424997,0.2846659660343278,1
ORD507236,CUST101836,560088,0.3244384271345049,0.14077625183446615,0
ORD502832,CUST100659,560095,0.24535700380139852,0.1770255930012656,0
ORD506169,CUST101774,560020,0.05265299103232271,0.2587614293950907,0
ORD505804,CUST100679,560083,0.1894589634974572,0.09761538384380626,1
ORD502568,CUST101885,560028,0.23972119792201732,0.033656118245986556,0
ORD506012,CUST100395,560003,0.26234867347983615,0.21762362723276713,0
ORD504435,CUST101669,560108,0.460372672724603,0.3345971676330574,0
ORD501621,CUST101990,560068,0.25756979532098145,0.12357375658063682,0
ORD500103,CUST101246,560102,0.32724707914173723,0.3116574064541478,0
ORD502710,CUST101762,560001,0.3039523629091911,0.4276493248809966,1
ORD507974,CUST100064,560067,0.1683531119228636,0.2626412720928802,0
ORD503229,CUST101379,560041,0.16960050129020754,0.1311386209542706,0
ORD501814,CUST101237,560081,0.39578552080530405,0.1954421444622332,0
ORD507788,CUST100270,560031,0.07319325355511432,0.1918817018934806,0
ORD503361,CUST101060,560035,0.16318059278927063,0.44644714587366313,0
ORD507590,CUST100541,560091,0.16757657415686808,0.363756533272939,0
ORD502313,CUST101645,560085,0.2610257906047728,0.24590610537959195,0
ORD503440,CUST100918,560013,0.3490767652545195,0.18703349260237212,0
ORD503649,CUST100810,560064,0.07001658722546926,0.4107390138477389,0
ORD505788,CUST100395,560057,0.26234867347983615,0.06751530873316719,0
ORD505614,CUST100541,560103,0.16757657415686808,0.2331908497366693,0
ORD501423,CUST101237,560119,0.39578552080530405,0.23009324809977014,1
ORD507763,CUST101579,560072,0.48168131853356183,0.0983469859236676,0
ORD500536,CUST100120,560062,0.23228588338828865,0.36167936673581547,0
ORD500559,CUST101740,560036,0.12380485100140662,0.033224141114804616,0
ORD507399,CUST101982,560015,0.4027719019933716,0.2930958901877522,0
ORD504351,CUST101056,560095,0.2618715870997655,0.1770255930012656,0
ORD502469,CUST101768,560108,0.16350440472646338,0.3345971676330574,0
ORD506024,CUST100621,560097,0.394675253137179,0.2209193286304174,0
ORD507131,CUST101531,560057,0.39020438052761347,0.06751530873316719,1
ORD505424,CUST101224,560083,0.28728184136073764,0.09761538384380626,0
ORD501756,CUST101251,560074,0.07393941178427549,0.07273808090514074,0
ORD500600,CUST101013,560040,0.12990699426254682,0.13792726590918689,0
ORD500512,CUST100921,560117,0.10667469787866646,0.07519208933625972,0
ORD503771,CUST101843,560082,0.0432952187308296,0.4036521734896382,0
ORD506741,CUST101193,560095,0.42038115564156164,0.1770255930012656,0
ORD503270,CUST101922,560010,0.334261153302771,0.26331848167006455,0
ORD503757,CUST101250,560059,0.12834587113286433,0.06343485879816538,0
ORD505807,CUST100988,560033,0.13672265930414002,0.2000167013897961,0
ORD501190,CUST101422,560039,0.3855996470092261,0.08257987664945507,0
ORD506487,CUST100556,560047,0.1171182105953482,0.2140654816693931,0
ORD504119,CUST100416,560019,0.3747717369370184,0.048751952975078075,1
ORD505224,CUST101221,560033,0.2702196956443796,0.2000167013897961,0
ORD506498,CUST101408,560098,0.5599391908775743,0.20695366556821226,0
ORD504675,CUST101479,560017,0.29635193170568336,0.14572183941573405,0
ORD504426,CUST101013,560031,0.12990699426254682,0.1918817018934806,0
ORD502841,CUST100544,560039,0.04915448350944119,0.08257987664945507,0
ORD505629,CUST100995,560116,0.2336410115856832,0.21263077921125112,0
ORD504813,CUST100746,560096,0.2616303277944666,0.13143597660081374,0
ORD501592,CUST100532,560017,0.11716756530475335,0.14572183941573405,0
ORD505474,CUST100410,560035,0.34134778732339127,0.44644714587366313,0
ORD502272,CUST100905,560001,0.22553801251742575,0.4276493248809966,0
ORD501862,CUST101465,560072,0.2855087147460683,0.0983469859236676,0
ORD501861,CUST100772,560087,0.11715758970115171,0.2319307941510612,0
ORD501366,CUST101200,560078,0.28561236380859273,0.14596790446960203,0
ORD507490,CUST100032,560027,0.14213974082226472,0.3964081708913591,0
ORD504808,CUST101110,560044,0.24730913991277673,0.24271947144386585,0
ORD502474,CUST100987,560086,0.32179003910110554,0.007482278722774853,0
ORD504338,CUST101124,560074,0.5673340470809881,0.07273808090514074,1
ORD506602,CUST101131,560079,0.42547935234782763,0.17876544501708239,0
ORD507592,CUST100161,560028,0.16676799610424997,0.033656118245986556,0
ORD504766,CUST100359,560029,0.21989011196511407,0.13120234612701753,0
ORD505134,CUST100202,560087,0.46479456251644435,0.2319307941510612,0
ORD505814,CUST101505,560063,0.327820315683397,0.19220896367361404,0
ORD504081,CUST100705,560041,0.4704006042949903,0.1311386209542706,0
ORD507102,CUST100145,560069,0.2486017792851423,0.11654125384957931,1
ORD500744,CUST100249,560055,0.21619857349767982,0.24304583988795897,0
ORD504828,CUST101430,560028,0.3599162346721973,0.033656118245986556,0
ORD503950,CUST101516,560070,0.14480130003921363,0.20224062701049086,0
ORD502566,CUST101212,560044,0.15194422756564285,0.24271947144386585,0
ORD504150,CUST101688,560097,0.09533373145424004,0.2209193286304174,0
ORD502816,CUST101852,560042,0.10508599985494056,0.20272897456368089,1
ORD500776,CUST100524,560041,0.15250618963621082,0.1311386209542706,0
ORD505762,CUST101661,560085,0.0824280304679669,0.24590610537959195,1
ORD503781,CUST101211,560089,0.16597882724428165,0.19467065107163697,0
ORD502423,CUST100407,560108,0.47099044798312795,0.3345971676330574,0
ORD501316,CUST101841,560069,0.2681187828107988,0.11654125384957931,0
ORD506721,CUST100194,560111,0.36187966998918064,0.1318273625407665,0
ORD502536,CUST101212,560057,0.15194422756564285,0.06751530873316719,0
ORD504578,CUST101458,560053,0.0894720664531702,0.2746954160023574,0
ORD503638,CUST100547,560080,0.21839807662579255,0.35705055052060225,0
ORD500947,CUST101662,560028,0.10650735560052575,0.033656118245986556,0
ORD500372,CUST100759,560084,0.14931459557255047,0.3632584085729479,0
ORD501506,CUST101702,560037,0.21626868713213782,0.20052614877754213,0
ORD502487,CUST100699,560062,0.44921160864002563,0.36167936673581547,1
ORD500310,CUST100725,560042,0.17751620465362142,0.20272897456368089,1
ORD505978,CUST101061,560030,0.2549543426849578,0.07698134180032012,0
ORD503505,CUST100467,560021,0.3098477304837669,0.07930465192162388,0
ORD502297,CUST101378,560037,0.4506597268122047,0.20052614877754213,0
ORD505846,CUST101972,560002,0.4004308402028242,0.06816617099651445,1
ORD503978,CUST101062,560092,0.41201621260086296,0.4652541447815074,1
ORD500564,CUST101920,560029,0.15428968622240669,0.13120234612701753,0
ORD505333,CUST100872,560002,0.3932300760602047,0.06816617099651445,0
ORD507618,CUST100037,560003,0.36643236650295463,0.21762362723276713,0
ORD507832,CUST101508,560068,0.20799931281215192,0.12357375658063682,0
ORD505403,CUST100722,560056,0.18463474910495414,0.1311151942786954,0
ORD500540,CUST100810,560066,0.07001658722546926,0.44863880467564937,0
ORD500226,CUST101065,560112,0.07052430012811775,0.10046769389686781,0
ORD504959,CUST100036,560095,0.1036578444265268,0.1770255930012656,0
ORD504186,CUST100213,560059,0.4606189281415165,0.06343485879816538,0
ORD502992,CUST101207,560027,0.5611873074821642,0.3964081708913591,1
ORD503593,CUST101211,560053,0.16597882724428165,0.2746954160023574,1
ORD502630,CUST101317,560086,0.26026096398636983,0.007482278722774853,0
ORD506432,CUST101363,560021,0.11479083324554261,0.07930465192162388,0
ORD504392,CUST101556,560063,0.22829920586186425,0.19220896367361404,0
ORD506281,CUST100708,560088,0.3167306496511369,0.14077625183446615,0
ORD500721,CUST100006,560003,0.2677657562695904,0.21762362723276713,0
ORD503476,CUST100638,560112,0.13908231984528782,0.10046769389686781,0
ORD503070,CUST101200,560030,0.28561236380859273,0.07698134180032012,0
ORD501320,CUST100760,560009,0.5339292911487254,0.26522522319557623,1
ORD506148,CUST101349,560064,0.24252121289004466,0.4107390138477389,1
ORD500885,CUST101317,560071,0.26026096398636983,0.2846659660343278,0
ORD506666,CUST100557,560041,0.29966387224425906,0.1311386209542706,0
ORD502366,CUST100715,560001,0.3748825685786026,0.4276493248809966,1
ORD502676,CUST100461,560035,0.049577018851452645,0.44644714587366313,1
ORD502441,CUST101919,560003,0.051059705610584816,0.21762362723276713,0
ORD506149,CUST101781,560093,0.1500612593724846,0.1005035939480502,0
ORD504717,CUST101893,560114,0.5724355175123372,0.11153289416689233,1
ORD507320,CUST101714,560026,0.13940452811239296,0.06415183632714254,0
ORD505111,CUST101884,560006,0.47645555276211093,0.0359397910518748,0
ORD506568,CUST100615,560016,0.3607060487773846,0.21649401012539535,1
ORD500079,CUST101435,560032,0.03298639032249153,0.2652671681157216,0
ORD503654,CUST100895,560093,0.09983616581850557,0.1005035939480502,0
ORD501341,CUST100772,560075,0.11715758970115171,0.04994448821558866,0
ORD500655,CUST100872,560083,0.3932300760602047,0.09761538384380626,0
ORD507541,CUST100523,560088,0.32711616961778794,0.14077625183446615,0
ORD500278,CUST101033,560026,0.01988411474478299,0.06415183632714254,0
ORD507650,CUST101596,560065,0.04440262156441277,0.12481245587380058,0
ORD500636,CUST100120,560072,0.23228588338828865,0.0983469859236676,0
ORD503534,CUST101754,560067,0.29613475476055007,0.2626412720928802,0
ORD507684,CUST101356,560035,0.16088320279202084,0.44644714587366313,0
ORD505962,CUST100747,560051,0.06106742004116383,0.06321104945248114,0
ORD506029,CUST101347,560107,0.31603652158779366,0.4249338442310718,1
ORD505822,CUST101495,560058,0.14408399009348308,0.20486674986456038,0
ORD501176,CUST101974,560003,0.34912978504838177,0.21762362723276713,0
ORD502324,CUST101169,560119,0.3732382241958619,0.23009324809977014,1
ORD502501,CUST100231,560068,0.45454338905514596,0.12357375658063682,1
ORD504859,CUST100688,560101,0.03927644821490522,0.2210289590416924,0
ORD505782,CUST101691,560062,0.42419021693662995,0.36167936673581547,0
ORD501949,CUST100566,560073,0.3692350826198513,0.40608187581223554,1
ORD504230,CUST101586,560066,0.41790976805842955,0.44863880467564937,1
ORD505063,CUST101125,560033,0.3282776363453346,0.2000167013897961,1
ORD506186,CUST101431,560004,0.218617277433771,0.19762853761721605,1
ORD502054,CUST100988,560046,0.13672265930414002,0.30307755392063607,0
ORD501031,CUST100444,560046,0.4375803082647143,0.30307755392063607,0
ORD506897,CUST101294,560033,0.06184401095130109,0.2000167013897961,1
ORD506482,CUST101538,560038,0.22699526113290724,0.4922123466288645,1
ORD505200,CUST101454,560066,0.3118522388053618,0.44863880467564937,1
ORD501581,CUST101701,560074,0.3061840886816502,0.07273808090514074,1
ORD503166,CUST100101,560073,0.28803227133965226,0.40608187581223554,0
ORD500596,CUST100217,560074,0.11140768335427466,0.07273808090514074,0
ORD505783,CUST100322,560014,0.31722889959077977,0.32405610103166854,0
ORD506407,CUST101875,560063,0.20866604375382167,0.19220896367361404,1
ORD501421,CUST101971,560113,0.19522603972201713,0.05073967111486112,0
ORD506720,CUST101281,560010,0.2724860058300181,0.26331848167006455,0
ORD503217,CUST101237,560072,0.39578552080530405,0.0983469859236676,0
ORD506328,CUST100566,560062,0.3692350826198513,0.36167936673581547,0
ORD504315,CUST101124,560074,0.5673340470809881,0.07273808090514074,0
ORD505922,CUST100178,560103,0.07153330527420901,0.2331908497366693,0
ORD506036,CUST100982,560029,0.17455896480941777,0.13120234612701753,0
ORD501372,CUST100906,560007,0.32608688428099614,0.4115118018852822,1
ORD501633,CUST100380,560024,0.1720539793002365,0.08499988471741125,0
ORD504093,CUST101125,560074,0.3282776363453346,0.07273808090514074,0
ORD504978,CUST100202,560033,0.46479456251644435,0.2000167013897961,1
ORD505402,CUST101103,560049,0.10512040033154757,0.10008282781565703,0
ORD505319,CUST101467,560037,0.16625647957893838,0.20052614877754213,0
ORD506249,CUST100924,560042,0.16110498237076418,0.20272897456368089,0
ORD500491,CUST101476,560000,0.11932782079572397,0.0499470929340503,0
ORD502281,CUST100405,560017,0.16177634634701885,0.14572183941573405,0
ORD501319,CUST101806,560010,0.2686247494587073,0.26331848167006455,0
ORD500392,CUST100474,560004,0.40080141861945334,0.19762853761721605,1
ORD501508,CUST101048,560116,0.1441161872280649,0.21263077921125112,0
ORD505216,CUST100861,560116,0.3626697249106457,0.21263077921125112,0
ORD500820,CUST101429,560116,0.06293286811999019,0.21263077921125112,0
ORD503366,CUST101711,560102,0.4337508221702622,0.3116574064541478,1
ORD502302,CUST101960,560020,0.6044540246515703,0.2587614293950907,0
ORD501831,CUST100924,560109,0.16110498237076418,0.5252484997618413,0
ORD506624,CUST100406,560035,0.25774521074598095,0.44644714587366313,0
ORD506881,CUST100405,560021,0.16177634634701885,0.07930465192162388,0
ORD505297,CUST101701,560097,0.3061840886816502,0.2209193286304174,0
ORD504931,CUST100665,560065,0.08867386337073857,0.12481245587380058,0
ORD501864,CUST101833,560027,0.15774023097194656,0.3964081708913591,1
ORD502664,CUST100711,560093,0.16260845420944994,0.1005035939480502,0
ORD501588,CUST101164,560021,0.3221577863292197,0.07930465192162388,1
ORD504441,CUST100445,560040,0.16468907167168612,0.13792726590918689,0
ORD501705,CUST100448,560004,0.3724144400903301,0.19762853761721605,0
ORD506918,CUST101169,560039,0.3732382241958619,0.08257987664945507,0
ORD502512,CUST101508,560068,0.20799931281215192,0.12357375658063682,0
ORD503198,CUST101692,560111,0.33957966697519143,0.1318273625407665,0
ORD507934,CUST100543,560006,0.7296899354667504,0.0359397910518748,1
ORD505642,CUST101998,560101,0.055224922653398546,0.2210289590416924,0
ORD500340,CUST100452,560044,0.4369142138857339,0.24271947144386585,1
ORD507218,CUST101306,560030,0.3057637068881142,0.07698134180032012,0
ORD503380,CUST101337,560006,0.35218332075171865,0.0359397910518748,0
ORD505179,CUST100427,560093,0.27701546047133413,0.1005035939480502,0
ORD503762,CUST100208,560000,0.19975800750299405,0.0499470929340503,0
ORD500663,CUST101139,560061,0.23322461400002217,0.14659676401055344,0
ORD504555,CUST101020,560036,0.2598405478252003,0.033224141114804616,0
ORD507385,CUST100427,560050,0.27701546047133413,0.39804978962446785,0
ORD504115,CUST100541,560042,0.16757657415686808,0.20272897456368089,0
ORD505007,CUST100364,560070,0.3358319706571889,0.20224062701049086,1
ORD506591,CUST100258,560051,0.024014279411654592,0.06321104945248114,0
ORD504489,CUST101472,560103,0.305233244840429,0.2331908497366693,0
ORD500972,CUST101203,560033,0.2125095205336983,0.2000167013897961,0
ORD507708,CUST100975,560016,0.24375656389178965,0.21649401012539535,0
ORD502402,CUST101390,560102,0.08909689827440144,0.3116574064541478,0
ORD507213,CUST101491,560028,0.5825453081141901,0.033656118245986556,1
ORD507627,CUST100746,560072,0.2616303277944666,0.0983469859236676,0
ORD503158,CUST100760,560075,0.5339292911487254,0.04994448821558866,0
ORD506095,CUST101628,560100,0.5060698046512045,0.3742111996543805,1
ORD502695,CUST101335,560067,0.2437877142910798,0.2626412720928802,0
ORD501338,CUST100872,560099,0.3932300760602047,0.15847855826528787,0
ORD502251,CUST100431,560116,0.4862266497306529,0.21263077921125112,1
ORD505192,CUST101246,560007,0.32724707914173723,0.4115118018852822,1
ORD506822,CUST100192,560028,0.22287364608691065,0.033656118245986556,0
ORD502292,CUST100007,560022,0.130383422505818,0.12028576980936151,0
ORD504570,CUST101246,560037,0.32724707914173723,0.20052614877754213,1
ORD501686,CUST100463,560038,0.39222478041522824,0.4922123466288645,1
ORD503665,CUST101465,560059,0.2855087147460683,0.06343485879816538,0
ORD501512,CUST100172,560099,0.22055559831700278,0.15847855826528787,1
ORD504481,CUST100998,560058,0.2485508271976326,0.20486674986456038,0
ORD506278,CUST101516,560061,0.14480130003921363,0.14659676401055344,0
ORD501322,CUST100233,560037,0.2211439005048725,0.20052614877754213,0
ORD506322,CUST101974,560118,0.34912978504838177,0.21889163644714124,0
ORD504008,CUST100708,560040,0.3167306496511369,0.13792726590918689,0
ORD504804,CUST100452,560002,0.4369142138857339,0.06816617099651445,0
ORD504968,CUST101185,560054,0.19832760375253347,0.10632638057233394,0
ORD500870,CUST100187,560082,0.03758950939721761,0.4036521734896382,0
ORD506205,CUST101967,560087,0.26408118652298557,0.2319307941510612,0
ORD506038,CUST101324,560099,0.10814779048836926,0.15847855826528787,0
ORD505560,CUST100445,560016,0.16468907167168612,0.21649401012539535,1
ORD504708,CUST101032,560003,0.22659941467826966,0.21762362723276713,0
ORD503263,CUST101408,560048,0.5599391908775743,0.48509059761807705,1
ORD504994,CUST100343,560118,0.32801543383093573,0.21889163644714124,0
ORD503384,CUST100785,560087,0.34624496400516935,0.2319307941510612,1
ORD507293,CUST101954,560114,0.23365228177850622,0.11153289416689233,0
ORD505153,CUST101239,560101,0.37912574798973386,0.2210289590416924,1
ORD502250,CUST101233,560071,0.161843131269114,0.2846659660343278,1
ORD502177,CUST101869,560117,0.15014274497728494,0.07519208933625972,0
ORD502518,CUST100924,560099,0.16110498237076418,0.15847855826528787,0
ORD506788,CUST101884,560026,0.47645555276211093,0.06415183632714254,0
ORD502678,CUST101749,560064,0.08901478934350472,0.4107390138477389,0
ORD504774,CUST101997,560003,0.22853820821676843,0.21762362723276713,0
ORD501638,CUST100151,560112,0.14720873128711998,0.10046769389686781,0
ORD506507,CUST100618,560014,0.2063369651501635,0.32405610103166854,1
ORD500440,CUST101836,560067,0.3244384271345049,0.2626412720928802,0
ORD505241,CUST101969,560013,0.3615433730343218,0.18703349260237212,0
ORD500986,CUST100087,560005,0.5259008100699633,0.3717167319646953,0
ORD504850,CUST100275,560082,0.18587087319682674,0.4036521734896382,0
ORD504246,CUST101705,560048,0.4885772979702219,0.48509059761807705,0
ORD503396,CUST101430,560108,0.3599162346721973,0.3345971676330574,0
ORD506360,CUST101701,560013,0.3061840886816502,0.18703349260237212,0
ORD503351,CUST100376,560112,0.11496764830095485,0.10046769389686781,0
ORD500259,CUST101512,560081,0.21377453574809008,0.1954421444622332,0
ORD506578,CUST101430,560091,0.3599162346721973,0.363756533272939,1
ORD504792,CUST101905,560102,0.36080780998669715,0.3116574064541478,0
ORD500851,CUST100410,560012,0.34134778732339127,0.08031914452505755,0
ORD500475,CUST100155,560023,0.09630629790643759,0.028472335602004763,0
ORD500311,CUST100508,560013,0.34116143905998736,0.18703349260237212,0
ORD505094,CUST101875,560062,0.20866604375382167,0.36167936673581547,0
ORD501876,CUST100317,560082,0.17611303556440555,0.4036521734896382,0
ORD506929,CUST100922,560019,0.3122811875259352,0.048751952975078075,0
ORD501100,CUST101246,560099,0.32724707914173723,0.15847855826528787,0
ORD501237,CUST100474,560027,0.40080141861945334,0.3964081708913591,1
ORD504666,CUST101116,560046,0.30721251020367246,0.30307755392063607,0
ORD504694,CUST101858,560014,0.43879665490804126,0.32405610103166854,1
ORD500176,CUST101867,560098,0.5160281983540809,0.20695366556821226,0
ORD507909,CUST101774,560079,0.05265299103232271,0.17876544501708239,0
ORD504936,CUST100339,560010,0.2765406569294239,0.26331848167006455,0
ORD506405,CUST100120,560072,0.23228588338828865,0.0983469859236676,0
ORD506286,CUST100250,560116,0.16575944830463707,0.21263077921125112,0
ORD500149,CUST101684,560108,0.10106250269992674,0.3345971676330574,0
ORD503835,CUST100453,560058,0.26335659719559446,0.20486674986456038,0
ORD500486,CUST100194,560057,0.36187966998918064,0.06751530873316719,1
ORD502168,CUST101516,560077,0.14480130003921363,0.48289222403515625,1
ORD506676,CUST101274,560045,0.15821299473968672,0.2009380398079108,0
ORD506090,CUST101509,560087,0.06243964797763099,0.2319307941510612,0
ORD507377,CUST100110,560090,0.4143300984213656,0.0937263908731933,0
ORD502389,CUST101246,560011,0.32724707914173723,0.26287102465088363,0
ORD505890,CUST100228,560034,0.19264547693073103,0.2969408870047299,0
ORD506045,CUST100321,560040,0.42296540799688903,0.13792726590918689,0
ORD502016,CUST101858,560054,0.43879665490804126,0.10632638057233394,0
ORD501838,CUST100853,560078,0.23276971294098137,0.14596790446960203,0
ORD501003,CUST100860,560074,0.28458392516216463,0.07273808090514074,0
ORD504976,CUST101189,560048,0.34298483911634053,0.48509059761807705,1
ORD502461,CUST100818,560082,0.1350269344441865,0.4036521734896382,0
ORD500180,CUST101592,560019,0.06097123207784671,0.048751952975078075,0
ORD507329,CUST101029,560079,0.33902909698202466,0.17876544501708239,1
ORD500599,CUST100962,560012,0.26922230243613665,0.08031914452505755,0
ORD501884,CUST101523,560059,0.2860307141102213,0.06343485879816538,0
ORD505125,CUST101951,560008,0.43899429025255043,0.3291430834854005,1
ORD500082,CUST101916,560079,0.24230976527158388,0.17876544501708239,0
ORD503376,CUST100796,560110,0.061270943487710575,0.4429461963712056,0
ORD501089,CUST100367,560090,0.2881986119409372,0.0937263908731933,0
ORD504428,CUST100386,560085,0.25827168717093074,0.24590610537959195,1
ORD503664,CUST101785,560028,0.14011262016786832,0.033656118245986556,0
ORD502278,CUST101357,560035,0.09949881432562784,0.44644714587366313,1
ORD502326,CUST100689,560037,0.07765630758757154,0.20052614877754213,0
ORD504394,CUST101579,560042,0.48168131853356183,0.20272897456368089,0
ORD504523,CUST101884,560031,0.47645555276211093,0.1918817018934806,1
ORD504543,CUST100248,560090,0.07981520295766234,0.0937263908731933,0
ORD506533,CUST100935,560080,0.48051431524057286,0.35705055052060225,1
ORD500242,CUST100672,560063,0.32582118715095015,0.19220896367361404,0
ORD506954,CUST101968,560020,0.11744459089058115,0.2587614293950907,0
ORD507077,CUST101153,560041,0.08192303219110879,0.1311386209542706,0
ORD503850,CUST101255,560117,0.499030903679795,0.07519208933625972,0
ORD500095,CUST101341,560018,0.3414779893178841,0.15888837338663903,0
ORD503015,CUST100191,560006,0.5811731376045629,0.0359397910518748,0
ORD503345,CUST100742,560001,0.1631917746791551,0.4276493248809966,0
ORD502252,CUST100950,560066,0.20346252240671756,0.44863880467564937,0
ORD501628,CUST101847,560026,0.27933272773235657,0.06415183632714254,0
ORD506240,CUST101800,560007,0.09640968683203537,0.4115118018852822,0
ORD502963,CUST100582,560113,0.6823689291324807,0.05073967111486112,0
ORD502654,CUST101536,560077,0.4085082636820127,0.48289222403515625,1
ORD504658,CUST101628,560096,0.5060698046512045,0.13143597660081374,1
ORD500571,CUST100452,560061,0.4369142138857339,0.14659676401055344,0
ORD505898,CUST101972,560009,0.4004308402028242,0.26522522319557623,1
ORD504780,CUST100453,560074,0.26335659719559446,0.07273808090514074,0
ORD506174,CUST100888,560068,0.46669449990302514,0.12357375658063682,0
ORD500150,CUST100746,560004,0.2616303277944666,0.19762853761721605,0
ORD503759,CUST100485,560112,0.06329685196438278,0.10046769389686781,0
ORD507757,CUST101377,560056,0.15168052257429876,0.1311151942786954,0
ORD503117,CUST101135,560035,0.17862210645797233,0.44644714587366313,0
ORD505720,CUST101762,560062,0.3039523629091911,0.36167936673581547,0
ORD502079,CUST101668,560035,0.17451849438903222,0.44644714587366313,0
ORD503049,CUST100464,560032,0.5362129046914219,0.2652671681157216,1
ORD503320,CUST100247,560067,0.23069756686430742,0.2626412720928802,0
ORD500014,CUST101335,560053,0.2437877142910798,0.2746954160023574,0
ORD506864,CUST100360,560036,0.5777434668907969,0.033224141114804616,1
ORD503318,CUST101035,560025,0.15300387400549803,0.12731929297945457,0
ORD503439,CUST101620,560091,0.2229674740875284,0.363756533272939,0
ORD503245,CUST101390,560002,0.08909689827440144,0.06816617099651445,0
ORD507533,CUST101982,560046,0.4027719019933716,0.30307755392063607,0
ORD502449,CUST100193,560116,0.3017312798128869,0.21263077921125112,0
ORD505377,CUST100830,560010,0.2567955028288095,0.26331848167006455,0
ORD500516,CUST100950,560002,0.20346252240671756,0.06816617099651445,0
ORD502675,CUST100539,560118,0.354621720738092,0.21889163644714124,0
ORD506526,CUST101465,560007,0.2855087147460683,0.4115118018852822,1
ORD502284,CUST101198,560091,0.2881500103318511,0.363756533272939,0
ORD505147,CUST101203,560105,0.2125095205336983,0.2610606417315302,0
ORD504868,CUST100474,560112,0.40080141861945334,0.10046769389686781,1
ORD505415,CUST100971,560103,0.22252391801658059,0.2331908497366693,0
ORD500581,CUST100494,560001,0.1701013638867513,0.4276493248809966,0
ORD505255,CUST101183,560103,0.5778690550660062,0.2331908497366693,1
ORD504606,CUST101035,560074,0.15300387400549803,0.07273808090514074,0
ORD502580,CUST101505,560119,0.327820315683397,0.23009324809977014,1
ORD503214,CUST101789,560072,0.23223035599885355,0.0983469859236676,0
ORD500371,CUST100713,560023,0.13711908445634313,0.028472335602004763,0
ORD507725,CUST100928,560093,0.25199964349216575,0.1005035939480502,0
ORD507211,CUST101748,560100,0.18154225768423612,0.3742111996543805,0
ORD504497,CUST101819,560089,0.1665935345577435,0.19467065107163697,0
ORD503811,CUST100039,560064,0.23107398565158901,0.4107390138477389,0
ORD500873,CUST101048,560107,0.1441161872280649,0.4249338442310718,0
ORD506856,CUST101811,560030,0.1925519667542777,0.07698134180032012,0
ORD504416,CUST101183,560096,0.5778690550660062,0.13143597660081374,1
ORD500727,CUST101458,560049,0.0894720664531702,0.10008282781565703,0
ORD503375,CUST100436,560077,0.10716924450824651,0.48289222403515625,0
ORD504996,CUST101657,560093,0.1638237871995477,0.1005035939480502,0
ORD506351,CUST101335,560107,0.2437877142910798,0.4249338442310718,1
ORD504598,CUST101211,560018,0.16597882724428165,0.15888837338663903,0
ORD501788,CUST101413,560021,0.22383973927785594,0.07930465192162388,0
ORD507897,CUST101569,560055,0.16555004783123753,0.24304583988795897,0
ORD501285,CUST100038,560004,0.21082490652703922,0.19762853761721605,0
ORD504245,CUST101250,560038,0.12834587113286433,0.4922123466288645,1
ORD503473,CUST101045,560099,0.14850656263461232,0.15847855826528787,0
ORD501476,CUST100988,560077,0.13672265930414002,0.48289222403515625,0
ORD500248,CUST100235,560028,0.38559486575544727,0.033656118245986556,0
ORD505971,CUST101082,560115,0.45189780435831306,0.23129979364443987,0
ORD505018,CUST100541,560101,0.16757657415686808,0.2210289590416924,1
ORD502320,CUST100792,560073,0.22353861829749067,0.40608187581223554,0
ORD505751,CUST100742,560022,0.1631917746791551,0.12028576980936151,0
ORD504899,CUST100485,560102,0.06329685196438278,0.3116574064541478,0
ORD507801,CUST100472,560046,0.38183286991587256,0.30307755392063607,0
ORD507016,CUST100818,560040,0.1350269344441865,0.13792726590918689,0
ORD503099,CUST100731,560095,0.7213996648786654,0.1770255930012656,0
ORD506687,CUST101858,560014,0.43879665490804126,0.32405610103166854,0
ORD503714,CUST100157,560091,0.1548544510371693,0.363756533272939,0
ORD506554,CUST101990,560045,0.25756979532098145,0.2009380398079108,0
ORD504088,CUST101677,560012,0.3461736398572702,0.08031914452505755,0
ORD505030,CUST100948,560019,0.5927907795530653,0.048751952975078075,0
ORD500561,CUST101250,560021,0.12834587113286433,0.07930465192162388,0
ORD506732,CUST101929,560119,0.32197007802918726,0.23009324809977014,1
ORD504644,CUST101786,560064,0.24032215738837232,0.4107390138477389,1
ORD503685,CUST101884,560015,0.47645555276211093,0.2930958901877522,0
ORD504842,CUST100150,560030,0.2732031279049196,0.07698134180032012,0
ORD502553,CUST101048,560002,0.1441161872280649,0.06816617099651445,0
ORD503913,CUST100225,560079,0.23555814035267542,0.17876544501708239,0
ORD500469,CUST101259,560010,0.1318881000419318,0.26331848167006455,0
ORD505953,CUST101580,560092,0.19821631109298093,0.4652541447815074,1
ORD506103,CUST100795,560113,0.10366830092965595,0.05073967111486112,0
ORD506555,CUST100405,560061,0.16177634634701885,0.14659676401055344,0
ORD503082,CUST101995,560018,0.07807759993705618,0.15888837338663903,0
ORD501466,CUST101045,560021,0.14850656263461232,0.07930465192162388,0
ORD502899,CUST100515,560057,0.1354858514772503,0.06751530873316719,0
ORD506437,CUST100708,560070,0.3167306496511369,0.20224062701049086,1
ORD507672,CUST101592,560110,0.06097123207784671,0.4429461963712056,0
ORD504623,CUST100962,560023,0.26922230243613665,0.028472335602004763,0
ORD507046,CUST100983,560113,0.4188419817280566,0.05073967111486112,0
ORD506280,CUST101294,560113,0.06184401095130109,0.05073967111486112,0
ORD507851,CUST100006,560052,0.2677657562695904,0.10086571587923499,0
ORD505522,CUST100156,560084,0.3901665947912998,0.3632584085729479,1
ORD503306,CUST101615,560006,0.4393910371116672,0.0359397910518748,0
ORD507047,CUST100440,560116,0.3049431715733594,0.21263077921125112,1
ORD501833,CUST101823,560060,0.19005319499583676,0.148778104232636,0
ORD501727,CUST101547,560118,0.4871625286573606,0.21889163644714124,1
ORD505175,CUST101251,560094,0.07393941178427549,0.3010387326878104,0
ORD506430,CUST101450,560099,0.1557828750079239,0.15847855826528787,0
ORD502991,CUST101797,560073,0.0708647381692925,0.40608187581223554,0
ORD507279,CUST100785,560101,0.34624496400516935,0.2210289590416924,0
ORD505064,CUST100872,560040,0.3932300760602047,0.13792726590918689,0
ORD502883,CUST101106,560089,0.1941016350133047,0.19467065107163697,0
ORD501921,CUST100442,560008,0.16399293522662764,0.3291430834854005,0
ORD502115,CUST100490,560021,0.3031590335061441,0.07930465192162388,0
ORD504609,CUST100861,560105,0.3626697249106457,0.2610606417315302,0
ORD504693,CUST101291,560078,0.025823703401377854,0.14596790446960203,0
ORD503153,CUST101771,560112,0.38952211246813145,0.10046769389686781,0
ORD505166,CUST101628,560056,0.5060698046512045,0.1311151942786954,0
ORD504255,CUST100684,560032,0.44186887226166205,0.2652671681157216,0
ORD501554,CUST100440,560093,0.3049431715733594,0.1005035939480502,0
ORD501598,CUST100191,560016,0.5811731376045629,0.21649401012539535,0
ORD500252,CUST101200,560032,0.28561236380859273,0.2652671681157216,0
ORD500840,CUST101294,560115,0.06184401095130109,0.23129979364443987,0
ORD505679,CUST101335,560088,0.2437877142910798,0.14077625183446615,0
ORD501893,CUST101439,560049,0.16655036959510433,0.10008282781565703,0
ORD502780,CUST100834,560048,0.3606103729463374,0.48509059761807705,1
ORD503332,CUST101429,560067,0.06293286811999019,0.2626412720928802,0
ORD502776,CUST100398,560007,0.11565315745837781,0.4115118018852822,0
ORD503653,CUST100849,560099,0.04753759575732664,0.15847855826528787,1
ORD503299,CUST100580,560003,0.30696088944893785,0.21762362723276713,0
ORD507453,CUST100204,560017,0.23310699843617838,0.14572183941573405,0
ORD501828,CUST100844,560089,0.49837168382017244,0.19467065107163697,0
ORD502914,CUST100339,560025,0.2765406569294239,0.12731929297945457,0
ORD507477,CUST101739,560076,0.3451011613890368,0.1112464586243946,1
ORD501707,CUST100324,560119,0.372235180820969,0.23009324809977014,1
ORD506867,CUST101013,560073,0.12990699426254682,0.40608187581223554,1
ORD502879,CUST101989,560096,0.2402731156078704,0.13143597660081374,0
ORD506939,CUST101163,560083,0.1740495049002498,0.09761538384380626,0
ORD506243,CUST100406,560114,0.25774521074598095,0.11153289416689233,0
ORD502095,CUST100315,560041,0.1494736716851247,0.1311386209542706,0
ORD507871,CUST101878,560088,0.24266907923144335,0.14077625183446615,0
ORD502507,CUST101836,560006,0.3244384271345049,0.0359397910518748,0
ORD504357,CUST101916,560100,0.24230976527158388,0.3742111996543805,0
ORD502158,CUST100532,560013,0.11716756530475335,0.18703349260237212,0
ORD501926,CUST100397,560095,0.2810349509629501,0.1770255930012656,0
ORD506998,CUST100247,560063,0.23069756686430742,0.19220896367361404,0
ORD500821,CUST101174,560043,0.24288612464795906,0.10924789759182774,0
ORD506349,CUST100554,560054,0.0920841435969077,0.10632638057233394,0
ORD500151,CUST100116,560011,0.24874291058771908,0.26287102465088363,1
ORD504648,CUST100444,560084,0.4375803082647143,0.3632584085729479,1
ORD505849,CUST101998,560071,0.055224922653398546,0.2846659660343278,0
ORD500146,CUST101779,560082,0.22408257784367006,0.4036521734896382,0
ORD500480,CUST101048,560093,0.1441161872280649,0.1005035939480502,0
ORD506826,CUST101203,560094,0.2125095205336983,0.3010387326878104,0
ORD507990,CUST100976,560047,0.3107796822198419,0.2140654816693931,0
ORD503740,CUST100088,560102,0.20401397040683977,0.3116574064541478,0
ORD504722,CUST101317,560106,0.26026096398636983,0.19267676572383044,0
ORD505363,CUST100949,560114,0.21962670394386594,0.11153289416689233,0
ORD503352,CUST100988,560066,0.13672265930414002,0.44863880467564937,0
ORD503717,CUST100428,560110,0.021184252375003435,0.4429461963712056,0
ORD505817,CUST100173,560101,0.45142648803811186,0.2210289590416924,0
ORD506377,CUST101628,560042,0.5060698046512045,0.20272897456368089,0
ORD501382,CUST100768,560082,0.11839475609653823,0.4036521734896382,0
ORD507438,CUST100062,560106,0.03745152246394023,0.19267676572383044,0
ORD506850,CUST101125,560040,0.3282776363453346,0.13792726590918689,0
ORD500642,CUST101265,560106,0.12254366674898377,0.19267676572383044,0
ORD501258,CUST100116,560054,0.24874291058771908,0.10632638057233394,0
ORD501386,CUST101997,560013,0.22853820821676843,0.18703349260237212,0
ORD501324,CUST101390,560083,0.08909689827440144,0.09761538384380626,0
ORD502588,CUST101804,560039,0.23198383898700856,0.08257987664945507,0
ORD502823,CUST100132,560110,0.29458700556517403,0.4429461963712056,1
ORD507774,CUST101974,560107,0.34912978504838177,0.4249338442310718,1
ORD506383,CUST100532,560081,0.11716756530475335,0.1954421444622332,0
ORD506964,CUST100398,560072,0.11565315745837781,0.0983469859236676,0
ORD501857,CUST101477,560112,0.1869156754887675,0.10046769389686781,0
ORD505526,CUST101897,560067,0.07089841369613321,0.2626412720928802,0
ORD500718,CUST100444,560006,0.4375803082647143,0.0359397910518748,0
ORD500055,CUST101941,560063,0.501867651370405,0.19220896367361404,1
ORD502033,CUST100532,560049,0.11716756530475335,0.10008282781565703,0
ORD504982,CUST101703,560111,0.15056749322595378,0.1318273625407665,0
ORD507938,CUST101230,560105,0.39659824148256273,0.2610606417315302,0
ORD503193,CUST101110,560013,0.24730913991277673,0.18703349260237212,0
ORD504678,CUST100872,560060,0.3932300760602047,0.148778104232636,1
ORD505016,CUST100935,560049,0.48051431524057286,0.10008282781565703,1
ORD503018,CUST101880,560008,0.5413499784734443,0.3291430834854005,1
ORD503559,CUST100720,560115,0.15907916050519422,0.23129979364443987,0
ORD503710,CUST101216,560040,0.17029144689173453,0.13792726590918689,0
ORD503659,CUST100267,560069,0.21143427414909952,0.11654125384957931,0
ORD505717,CUST101420,560079,0.30627834967617024,0.17876544501708239,0
ORD507588,CUST100807,560031,0.2451703788287927,0.1918817018934806,0
ORD500898,CUST101536,560109,0.4085082636820127,0.5252484997618413,1
ORD504226,CUST101067,560118,0.11183608210562623,0.21889163644714124,0
ORD507194,CUST100165,560041,0.3355449419523954,0.1311386209542706,0
ORD504195,CUST100194,560086,0.36187966998918064,0.007482278722774853,0
ORD500962,CUST100763,560036,0.2415737336452884,0.033224141114804616,0
ORD507694,CUST101087,560050,0.14969822486595233,0.39804978962446785,0
ORD505684,CUST101199,560112,0.3902154867000258,0.10046769389686781,0
ORD506127,CUST100954,560087,0.32671402849596715,0.2319307941510612,1
ORD503293,CUST101361,560058,0.2387851902657723,0.20486674986456038,0
ORD502666,CUST100146,560052,0.443593609971502,0.10086571587923499,0
ORD501468,CUST100828,560080,0.3675495468595292,0.35705055052060225,1
ORD501406,CUST100760,560108,0.5339292911487254,0.3345971676330574,0
ORD502015,CUST100301,560076,0.12241533806316059,0.1112464586243946,0
ORD504918,CUST100447,560116,0.5866676553486984,0.21263077921125112,1
ORD503854,CUST101540,560109,0.09330510844222421,0.5252484997618413,0
ORD503506,CUST100653,560039,0.13085373507915285,0.08257987664945507,0
ORD505578,CUST101391,560060,0.365393155319265,0.148778104232636,0
ORD507248,CUST100047,560033,0.5115239173587337,0.2000167013897961,0
ORD500920,CUST100297,560020,0.46818673352621776,0.2587614293950907,0
ORD503445,CUST100620,560093,0.27762091119656535,0.1005035939480502,0
ORD505049,CUST100663,560011,0.24008664330811114,0.26287102465088363,0
ORD503616,CUST101869,560051,0.15014274497728494,0.06321104945248114,0
ORD503668,CUST100602,560048,0.02235684262044825,0.48509059761807705,0
ORD503290,CUST101447,560049,0.37463673070772235,0.10008282781565703,1
ORD503125,CUST100888,560113,0.46669449990302514,0.05073967111486112,0
ORD503770,CUST101233,560054,0.161843131269114,0.10632638057233394,0
ORD506974,CUST101964,560040,0.13242696735352705,0.13792726590918689,0
ORD500238,CUST100901,560116,0.18779275691082997,0.21263077921125112,0
ORD504390,CUST100355,560077,0.08621449582989908,0.48289222403515625,0
ORD500167,CUST100129,560075,0.05662677973259444,0.04994448821558866,0
ORD502136,CUST100713,560075,0.13711908445634313,0.04994448821558866,0
ORD502358,CUST100113,560036,0.28318456286061405,0.033224141114804616,0
ORD500788,CUST100147,560100,0.14849469586761202,0.3742111996543805,1
ORD505246,CUST100520,560105,0.3820936747712913,0.2610606417315302,1
ORD501854,CUST101553,560075,0.10497605305635782,0.04994448821558866,0
ORD507868,CUST101564,560074,0.3713254962644568,0.07273808090514074,0
ORD503998,CUST101474,560061,0.19205908179129014,0.14659676401055344,0
ORD500312,CUST100270,560014,0.07319325355511432,0.32405610103166854,0
ORD507836,CUST101141,560033,0.12217237295002849,0.2000167013897961,0
ORD507338,CUST100888,560029,0.46669449990302514,0.13120234612701753,0
ORD507821,CUST101495,560027,0.14408399009348308,0.3964081708913591,0
ORD500063,CUST100500,560104,0.511775030466044,0.1241972485306535,1
ORD505206,CUST100460,560064,0.3753463445849248,0.4107390138477389,1
ORD507463,CUST100583,560065,0.35941268307576457,0.12481245587380058,0
ORD506667,CUST101203,560014,0.2125095205336983,0.32405610103166854,0
ORD506193,CUST100206,560052,0.17068626302318904,0.10086571587923499,0
ORD500219,CUST101113,560107,0.2700560988650155,0.4249338442310718,0
ORD503144,CUST100962,560103,0.26922230243613665,0.2331908497366693,0
ORD502973,CUST101183,560105,0.5778690550660062,0.2610606417315302,1
ORD501741,CUST100947,560025,0.2828425674187171,0.12731929297945457,0
ORD500083,CUST100213,560038,0.4606189281415165,0.4922123466288645,1
ORD502915,CUST100758,560084,0.24914756669541444,0.3632584085729479,0
ORD502391,CUST100249,560016,0.21619857349767982,0.21649401012539535,0
ORD500102,CUST101542,560063,0.32804805966922695,0.19220896367361404,0
ORD505600,CUST100997,560034,0.17268896478830423,0.2969408870047299,0
ORD507717,CUST101858,560002,0.43879665490804126,0.06816617099651445,1
ORD501637,CUST100377,560001,0.23491334035445868,0.4276493248809966,1
ORD500510,CUST100503,560092,0.12149518069965874,0.4652541447815074,0
ORD505784,CUST101611,560078,0.14038090777632725,0.14596790446960203,0
ORD505027,CUST100557,560060,0.29966387224425906,0.148778104232636,0
ORD505459,CUST100510,560101,0.08979930230446,0.2210289590416924,0
ORD503184,CUST100872,560108,0.3932300760602047,0.3345971676330574,0
ORD507653,CUST100459,560073,0.26371837835861184,0.40608187581223554,0
ORD507009,CUST101465,560018,0.2855087147460683,0.15888837338663903,0
ORD504449,CUST101620,560062,0.2229674740875284,0.36167936673581547,0
ORD501875,CUST101390,560020,0.08909689827440144,0.2587614293950907,0
ORD500558,CUST101441,560089,0.1714778898070714,0.19467065107163697,0
ORD506747,CUST100047,560087,0.5115239173587337,0.2319307941510612,0
ORD500213,CUST101878,560036,0.24266907923144335,0.033224141114804616,0
ORD507406,CUST101573,560110,0.15145870832118505,0.4429461963712056,0
ORD500708,CUST101564,560100,0.3713254962644568,0.3742111996543805,1
ORD501189,CUST101479,560087,0.29635193170568336,0.2319307941510612,0
ORD501671,CUST101169,560071,0.3732382241958619,0.2846659660343278,1
ORD500260,CUST101086,560004,0.07702572977124005,0.19762853761721605,0
ORD500147,CUST100453,560090,0.26335659719559446,0.0937263908731933,0
ORD502741,CUST101893,560082,0.5724355175123372,0.4036521734896382,1
ORD502354,CUST100983,560000,0.4188419817280566,0.0499470929340503,0
ORD505646,CUST100913,560116,0.2579616654090884,0.21263077921125112,0
ORD503715,CUST101138,560069,0.28394012327509494,0.11654125384957931,0
ORD504568,CUST100783,560084,0.5999950483916111,0.3632584085729479,1
ORD505307,CUST101244,560092,0.3330318576765023,0.4652541447815074,0
ORD506544,CUST101960,560064,0.6044540246515703,0.4107390138477389,0
ORD507898,CUST101580,560067,0.19821631109298093,0.2626412720928802,0
ORD500927,CUST101269,560063,0.45385437384610405,0.19220896367361404,1
ORD500209,CUST101620,560050,0.2229674740875284,0.39804978962446785,0
ORD507805,CUST101080,560101,0.34499302364627743,0.2210289590416924,0
ORD502540,CUST100593,560026,0.5074769095568444,0.06415183632714254,1
ORD502756,CUST101211,560024,0.16597882724428165,0.08499988471741125,0
ORD507288,CUST101166,560094,0.28441006833999144,0.3010387326878104,0
ORD501972,CUST101290,560049,0.5570337202790928,0.10008282781565703,0
ORD503001,CUST101246,560103,0.32724707914173723,0.2331908497366693,0
ORD503684,CUST100805,560050,0.14603763063941222,0.39804978962446785,0
ORD505833,CUST101430,560018,0.3599162346721973,0.15888837338663903,1
ORD501306,CUST100243,560056,0.14258967185168278,0.1311151942786954,0
ORD504589,CUST100205,560008,0.1840815893241802,0.3291430834854005,0
ORD506530,CUST101547,560042,0.4871625286573606,0.20272897456368089,0
ORD505879,CUST101747,560012,0.1511299192506436,0.08031914452505755,0
ORD501214,CUST100162,560034,0.03093946774227127,0.2969408870047299,0
ORD500206,CUST101877,560109,0.3426870595261319,0.5252484997618413,1
ORD504512,CUST101494,560108,0.2134341407978907,0.3345971676330574,0
ORD503525,CUST100150,560116,0.2732031279049196,0.21263077921125112,1
ORD503430,CUST101087,560081,0.14969822486595233,0.1954421444622332,0
ORD505097,CUST101458,560087,0.0894720664531702,0.2319307941510612,0
ORD501300,CUST101430,560082,0.3599162346721973,0.4036521734896382,0
ORD502058,CUST101735,560087,0.14806668407680584,0.2319307941510612,0
ORD500487,CUST100495,560069,0.24671647255501258,0.11654125384957931,0
ORD504541,CUST101964,560066,0.13242696735352705,0.44863880467564937,1
ORD507230,CUST100593,560080,0.5074769095568444,0.35705055052060225,1
ORD501369,CUST100208,560109,0.19975800750299405,0.5252484997618413,1
ORD505293,CUST101645,560044,0.2610257906047728,0.24271947144386585,0
ORD500215,CUST101499,560053,0.24244302477569035,0.2746954160023574,0
ORD505972,CUST100324,560045,0.372235180820969,0.2009380398079108,0
ORD501107,CUST100964,560102,0.2696262010069623,0.3116574064541478,0
ORD505507,CUST100671,560067,0.1303770637866477,0.2626412720928802,0
ORD500040,CUST101467,560057,0.16625647957893838,0.06751530873316719,0
ORD500261,CUST101808,560012,0.25584393344022194,0.08031914452505755,0
ORD500232,CUST101104,560088,0.26618539797610186,0.14077625183446615,0
ORD500077,CUST100139,560017,0.25703386186733934,0.14572183941573405,0
ORD506644,CUST101858,560077,0.43879665490804126,0.48289222403515625,0
ORD506853,CUST100969,560034,0.2242568503464618,0.2969408870047299,0
ORD502978,CUST101250,560058,0.12834587113286433,0.20486674986456038,0
ORD502956,CUST100380,560098,0.1720539793002365,0.20695366556821226,0
ORD505435,CUST100131,560100,0.46001324343588723,0.3742111996543805,1
ORD507407,CUST100542,560105,0.24680180551951414,0.2610606417315302,0
ORD504300,CUST100770,560117,0.43527420177541787,0.07519208933625972,1
ORD504751,CUST101783,560074,0.13443385430935925,0.07273808090514074,0
ORD506195,CUST101061,560058,0.2549543426849578,0.20486674986456038,0
ORD504267,CUST100347,560025,0.19886391020651462,0.12731929297945457,0
ORD505376,CUST100042,560097,0.170527023331992,0.2209193286304174,0
ORD501790,CUST101270,560029,0.19279182743191678,0.13120234612701753,0
ORD503953,CUST100171,560093,0.1822357329755217,0.1005035939480502,0
ORD506075,CUST101129,560007,0.3496004715922704,0.4115118018852822,0
ORD502242,CUST100427,560108,0.27701546047133413,0.3345971676330574,0
ORD506883,CUST100381,560070,0.142405855423258,0.20224062701049086,0
ORD507997,CUST100006,560031,0.2677657562695904,0.1918817018934806,0
ORD503388,CUST100663,560070,0.24008664330811114,0.20224062701049086,0
ORD505615,CUST101771,560005,0.38952211246813145,0.3717167319646953,1
ORD500122,CUST100767,560113,0.032184328914809754,0.05073967111486112,0
ORD503513,CUST100461,560030,0.049577018851452645,0.07698134180032012,0
ORD507933,CUST101294,560088,0.06184401095130109,0.14077625183446615,0
ORD505549,CUST101022,560105,0.14866291869075507,0.2610606417315302,1
ORD507281,CUST101084,560051,0.1018175796945336,0.06321104945248114,0
ORD504934,CUST101240,560070,0.3215409058637328,0.20224062701049086,0
ORD505301,CUST100148,560100,0.08260669207550075,0.3742111996543805,0
ORD503698,CUST100301,560105,0.12241533806316059,0.2610606417315302,0
ORD501619,CUST100471,560061,0.2484904830770941,0.14659676401055344,1
ORD500127,CUST100532,560007,0.11716756530475335,0.4115118018852822,0
ORD503750,CUST100601,560015,0.10784218495956682,0.2930958901877522,1
ORD501047,CUST100008,560067,0.2798243783472397,0.2626412720928802,0
ORD507581,CUST100007,560007,0.130383422505818,0.4115118018852822,0
ORD502709,CUST100256,560058,0.16298051973655406,0.20486674986456038,0
ORD501330,CUST100173,560099,0.45142648803811186,0.15847855826528787,1
ORD505786,CUST100964,560064,0.2696262010069623,0.4107390138477389,0
ORD506413,CUST100160,560023,0.19434600150643108,0.028472335602004763,1
ORD506780,CUST100742,560055,0.1631917746791551,0.24304583988795897,0
ORD502266,CUST100861,560048,0.3626697249106457,0.48509059761807705,1
ORD502894,CUST101884,560040,0.47645555276211093,0.13792726590918689,0
ORD506552,CUST101233,560116,0.161843131269114,0.21263077921125112,0
ORD504043,CUST101218,560010,0.1151748373209678,0.26331848167006455,0
ORD502420,CUST101762,560004,0.3039523629091911,0.19762853761721605,0
ORD507422,CUST101556,560090,0.22829920586186425,0.0937263908731933,0
ORD504684,CUST101085,560113,0.1947137905700154,0.05073967111486112,0
ORD502609,CUST101553,560114,0.10497605305635782,0.11153289416689233,0
ORD504468,CUST101260,560100,0.025626651592133984,0.3742111996543805,0
ORD506680,CUST100088,560077,0.20401397040683977,0.48289222403515625,1
ORD503615,CUST100192,560059,0.22287364608691065,0.06343485879816538,0
ORD500342,CUST101273,560018,0.2185557515336479,0.15888837338663903,0
ORD502759,CUST100863,560007,0.36926212838838024,0.4115118018852822,0
ORD507060,CUST100064,560088,0.1683531119228636,0.14077625183446615,0
ORD500413,CUST100297,560046,0.46818673352621776,0.30307755392063607,0
ORD507419,CUST101431,560102,0.218617277433771,0.3116574064541478,0
ORD500027,CUST100563,560101,0.015741543537136977,0.2210289590416924,0
ORD505969,CUST100926,560034,0.3150303929365189,0.2969408870047299,0
ORD503390,CUST101791,560006,0.48764193212685075,0.0359397910518748,0
ORD502208,CUST100530,560012,0.48914444803003615,0.08031914452505755,1
ORD507011,CUST100794,560026,0.09880204662638824,0.06415183632714254,0
ORD505767,CUST101579,560017,0.48168131853356183,0.14572183941573405,1
ORD506065,CUST101431,560119,0.218617277433771,0.23009324809977014,0
ORD501297,CUST101717,560079,0.4059438794550481,0.17876544501708239,0
ORD506520,CUST100679,560087,0.1894589634974572,0.2319307941510612,0
ORD505925,CUST101019,560019,0.6232471313126572,0.048751952975078075,0
ORD501849,CUST100935,560057,0.48051431524057286,0.06751530873316719,1
ORD503068,CUST100059,560015,0.04047509547806022,0.2930958901877522,1
ORD501848,CUST100116,560112,0.24874291058771908,0.10046769389686781,0
ORD506906,CUST100324,560041,0.372235180820969,0.1311386209542706,0
ORD504833,CUST101900,560063,0.25692733289880665,0.19220896367361404,0
ORD501532,CUST101724,560013,0.1584756573347015,0.18703349260237212,0
ORD506410,CUST100467,560085,0.3098477304837669,0.24590610537959195,0
ORD503888,CUST101508,560024,0.20799931281215192,0.08499988471741125,0
ORD507739,CUST101129,560110,0.3496004715922704,0.4429461963712056,1
ORD507343,CUST101183,560056,0.5778690550660062,0.1311151942786954,1
ORD505169,CUST100332,560077,0.04088977977161757,0.48289222403515625,0
ORD506945,CUST101772,560027,0.10334794649716562,0.3964081708913591,0
ORD504900,CUST100872,560012,0.3932300760602047,0.08031914452505755,0
ORD500196,CUST100761,560003,0.3181818500563173,0.21762362723276713,0
ORD507341,CUST101978,560032,0.07231311689360838,0.2652671681157216,0
ORD507792,CUST101937,560011,0.47338558630702754,0.26287102465088363,1
ORD505080,CUST100047,560037,0.5115239173587337,0.20052614877754213,1
ORD501523,CUST100935,560105,0.48051431524057286,0.2610606417315302,0
ORD502254,CUST100763,560096,0.2415737336452884,0.13143597660081374,0
ORD507727,CUST100969,560075,0.2242568503464618,0.04994448821558866,1
ORD500791,CUST101184,560063,0.09769555583740164,0.19220896367361404,0
ORD500401,CUST100343,560031,0.32801543383093573,0.1918817018934806,0
ORD506439,CUST101467,560071,0.16625647957893838,0.2846659660343278,0
ORD502677,CUST100571,560027,0.20459557629689876,0.3964081708913591,1
ORD502808,CUST101974,560099,0.34912978504838177,0.15847855826528787,1
ORD506565,CUST100906,560003,0.32608688428099614,0.21762362723276713,1
ORD500541,CUST100583,560002,0.35941268307576457,0.06816617099651445,0
ORD501585,CUST100713,560031,0.13711908445634313,0.1918817018934806,0
ORD507340,CUST100444,560002,0.4375803082647143,0.06816617099651445,0
ORD506790,CUST100847,560004,0.40212913700698694,0.19762853761721605,0
ORD507499,CUST101250,560070,0.12834587113286433,0.20224062701049086,0
ORD506096,CUST101717,560102,0.4059438794550481,0.3116574064541478,0
ORD504922,CUST101939,560118,0.3599787465654824,0.21889163644714124,0
ORD500211,CUST100413,560014,0.32438169600546557,0.32405610103166854,1
ORD504846,CUST101589,560037,0.37009554759082086,0.20052614877754213,0
ORD504980,CUST100967,560085,0.1762552470657897,0.24590610537959195,0
ORD505576,CUST100161,560107,0.16676799610424997,0.4249338442310718,0
ORD500610,CUST100861,560015,0.3626697249106457,0.2930958901877522,0
ORD500859,CUST100955,560057,0.11811596545419961,0.06751530873316719,0
ORD503079,CUST101657,560022,0.1638237871995477,0.12028576980936151,0
ORD501042,CUST100076,560067,0.3870026797871902,0.2626412720928802,0
ORD503678,CUST101701,560056,0.3061840886816502,0.1311151942786954,0
ORD501740,CUST101938,560068,0.09397801877335996,0.12357375658063682,0
ORD504595,CUST101125,560010,0.3282776363453346,0.26331848167006455,0
ORD504750,CUST100693,560028,0.09951530110540431,0.033656118245986556,0
ORD505022,CUST100570,560024,0.20370978877684995,0.08499988471741125,1
ORD502455,CUST100699,560077,0.44921160864002563,0.48289222403515625,0
ORD501888,CUST101045,560056,0.14850656263461232,0.1311151942786954,1
ORD502828,CUST100852,560033,0.34967740116682094,0.2000167013897961,0
ORD505721,CUST100672,560068,0.32582118715095015,0.12357375658063682,0
ORD506488,CUST100794,560061,0.09880204662638824,0.14659676401055344,0
ORD502397,CUST101859,560052,0.06496970239762072,0.10086571587923499,0
ORD507536,CUST100469,560036,0.668440832463893,0.033224141114804616,1
ORD504624,CUST101300,560049,0.25477385091470894,0.10008282781565703,0
ORD500604,CUST100643,560102,0.33315409272597374,0.3116574064541478,0
ORD500987,CUST100095,560091,0.7642110094338409,0.363756533272939,0
ORD507104,CUST101556,560038,0.22829920586186425,0.4922123466288645,1
ORD502222,CUST100304,560068,0.21199326223067969,0.12357375658063682,0
ORD500112,CUST100903,560039,0.10280718986234678,0.08257987664945507,0
ORD505041,CUST100774,560021,0.22369831123924852,0.07930465192162388,0
ORD504309,CUST100672,560005,0.32582118715095015,0.3717167319646953,1
ORD507537,CUST100557,560058,0.29966387224425906,0.20486674986456038,0
ORD505685,CUST100964,560053,0.2696262010069623,0.2746954160023574,0
ORD503020,CUST100381,560105,0.142405855423258,0.2610606417315302,0
ORD506002,CUST101434,560071,0.15704974541258893,0.2846659660343278,0
ORD506546,CUST101789,560006,0.23223035599885355,0.0359397910518748,1
ORD505761,CUST100508,560077,0.34116143905998736,0.48289222403515625,1
ORD500408,CUST100247,560039,0.23069756686430742,0.08257987664945507,0
ORD504206,CUST101582,560084,0.15209305585769578,0.3632584085729479,0
ORD501290,CUST100684,560089,0.44186887226166205,0.19467065107163697,1
ORD500848,CUST101543,560107,0.4487444125680534,0.4249338442310718,0
ORD501225,CUST100487,560027,0.21181038098956262,0.3964081708913591,1
ORD506206,CUST101881,560012,0.4020012134087885,0.08031914452505755,0
ORD500222,CUST100431,560016,0.4862266497306529,0.21649401012539535,0
ORD506942,CUST101857,560006,0.022665690955439185,0.0359397910518748,0
ORD500789,CUST101431,560089,0.218617277433771,0.19467065107163697,0
ORD501995,CUST101702,560071,0.21626868713213782,0.2846659660343278,1
ORD506414,CUST101237,560087,0.39578552080530405,0.2319307941510612,1
ORD506183,CUST101359,560054,0.1421011840376648,0.10632638057233394,0
ORD501962,CUST101064,560038,0.08564040394082703,0.4922123466288645,0
ORD507599,CUST101373,560032,0.20763196458988345,0.2652671681157216,0
ORD501877,CUST101579,560073,0.48168131853356183,0.40608187581223554,0
ORD500389,CUST100444,560071,0.4375803082647143,0.2846659660343278,0
ORD506517,CUST100929,560040,0.36354469517161425,0.13792726590918689,0
ORD506033,CUST101869,560078,0.15014274497728494,0.14596790446960203,0
ORD502023,CUST101125,560090,0.3282776363453346,0.0937263908731933,1
ORD507432,CUST101461,560116,0.14389940636283058,0.21263077921125112,0
ORD501615,CUST101211,560105,0.16597882724428165,0.2610606417315302,0
ORD503169,CUST100901,560093,0.18779275691082997,0.1005035939480502,1
ORD500812,CUST100270,560118,0.07319325355511432,0.21889163644714124,0
ORD501376,CUST101239,560104,0.37912574798973386,0.1241972485306535,0
ORD503463,CUST101826,560006,0.11251270016100487,0.0359397910518748,0
ORD504297,CUST100008,560057,0.2798243783472397,0.06751530873316719,0
ORD501582,CUST100924,560015,0.16110498237076418,0.2930958901877522,1
ORD500588,CUST101367,560119,0.3082416536394819,0.23009324809977014,0
ORD507579,CUST101950,560070,0.3717602270173535,0.20224062701049086,0
ORD500893,CUST101024,560105,0.3690005830043022,0.2610606417315302,0
ORD506406,CUST101377,560058,0.15168052257429876,0.20486674986456038,0
ORD500749,CUST101729,560076,0.11591316379338053,0.1112464586243946,0
ORD505857,CUST100738,560069,0.07309679270924137,0.11654125384957931,0
ORD501608,CUST100307,560024,0.2923331864352393,0.08499988471741125,0
ORD501393,CUST100359,560103,0.21989011196511407,0.2331908497366693,0
ORD505174,CUST100532,560097,0.11716756530475335,0.2209193286304174,0
ORD503869,CUST101062,560119,0.41201621260086296,0.23009324809977014,0
ORD503012,CUST101214,560023,0.08168352213688031,0.028472335602004763,0
ORD500298,CUST101038,560074,0.3699262684805696,0.07273808090514074,1
ORD503371,CUST101382,560028,0.3114812131057777,0.033656118245986556,0
ORD506332,CUST101991,560036,0.2777818209511354,0.033224141114804616,0
ORD500042,CUST100924,560026,0.16110498237076418,0.06415183632714254,0
ORD503200,CUST101369,560116,0.3482141120840275,0.21263077921125112,0
ORD504979,CUST101638,560032,0.1155768135052856,0.2652671681157216,0
ORD506973,CUST100954,560034,0.32671402849596715,0.2969408870047299,0
ORD506889,CUST101771,560087,0.38952211246813145,0.2319307941510612,0
ORD503847,CUST100585,560039,0.3299635449412858,0.08257987664945507,1
ORD501425,CUST101429,560097,0.06293286811999019,0.2209193286304174,0
ORD502815,CUST101940,560088,0.2622218360153778,0.14077625183446615,0
ORD505524,CUST101920,560008,0.15428968622240669,0.3291430834854005,1
ORD507556,CUST101967,560017,0.26408118652298557,0.14572183941573405,0
ORD504735,CUST101771,560003,0.38952211246813145,0.21762362723276713,1
ORD502742,CUST100689,560106,0.07765630758757154,0.19267676572383044,0
ORD505391,CUST100906,560029,0.32608688428099614,0.13120234612701753,0
ORD503712,CUST101579,560094,0.48168131853356183,0.3010387326878104,1
ORD501252,CUST101836,560026,0.3244384271345049,0.06415183632714254,0
ORD501799,CUST101084,560103,0.1018175796945336,0.2331908497366693,0
ORD503547,CUST100315,560001,0.1494736716851247,0.4276493248809966,1
ORD503785,CUST101589,560040,0.37009554759082086,0.13792726590918689,0
ORD505606,CUST101216,560003,0.17029144689173453,0.21762362723276713,0
ORD504018,CUST100541,560073,0.16757657415686808,0.40608187581223554,1
ORD502380,CUST101072,560114,0.5120294647033987,0.11153289416689233,0
ORD506965,CUST100037,560035,0.36643236650295463,0.44644714587366313,0
ORD504504,CUST100182,560051,0.18723773115835693,0.06321104945248114,0
ORD501869,CUST101797,560108,0.0708647381692925,0.3345971676330574,0
ORD502505,CUST100315,560064,0.1494736716851247,0.4107390138477389,0
ORD507926,CUST100713,560010,0.13711908445634313,0.26331848167006455,0
ORD504557,CUST100376,560052,0.11496764830095485,0.10086571587923499,0
ORD501913,CUST101505,560092,0.327820315683397,0.4652541447815074,0
ORD507269,CUST100860,560056,0.28458392516216463,0.1311151942786954,0
ORD504573,CUST101717,560063,0.4059438794550481,0.19220896367361404,0
ORD504251,CUST101676,560013,0.245614240605698,0.18703349260237212,0
ORD505139,CUST101983,560034,0.15642283784240985,0.2969408870047299,0
ORD501826,CUST100690,560110,0.28642167611106567,0.4429461963712056,0
ORD507520,CUST100589,560108,0.18270874579895838,0.3345971676330574,0
ORD501283,CUST100901,560093,0.18779275691082997,0.1005035939480502,0
ORD506352,CUST100190,560015,0.31973660715339725,0.2930958901877522,0
ORD507091,CUST100787,560076,0.24481154446006492,0.1112464586243946,0
ORD504020,CUST100057,560002,0.21714365268202862,0.06816617099651445,0
ORD507962,CUST101114,560103,0.3322750053957769,0.2331908497366693,0
ORD501943,CUST100611,560100,0.5885383197450833,0.3742111996543805,1
ORD502948,CUST101022,560098,0.14866291869075507,0.20695366556821226,0
ORD500160,CUST100041,560016,0.3750474517068999,0.21649401012539535,1
ORD502258,CUST101763,560037,0.054387999196184734,0.20052614877754213,0
ORD502653,CUST101724,560054,0.1584756573347015,0.10632638057233394,0
ORD507987,CUST101390,560102,0.08909689827440144,0.3116574064541478,0
ORD505066,CUST101462,560094,0.3125179502823467,0.3010387326878104,0
ORD501859,CUST100853,560036,0.23276971294098137,0.033224141114804616,0
ORD500544,CUST101000,560107,0.1585329808903738,0.4249338442310718,0
ORD506165,CUST101703,560003,0.15056749322595378,0.21762362723276713,0
ORD506996,CUST101869,560002,0.15014274497728494,0.06816617099651445,0
ORD503522,CUST101080,560062,0.34499302364627743,0.36167936673581547,1
ORD506873,CUST101064,560003,0.08564040394082703,0.21762362723276713,0
ORD500860,CUST101413,560020,0.22383973927785594,0.2587614293950907,0
ORD504129,CUST100001,560111,0.24614417619698423,0.1318273625407665,0
ORD507903,CUST100141,560088,0.10315842761541319,0.14077625183446615,0
ORD502085,CUST101250,560101,0.12834587113286433,0.2210289590416924,0
ORD504397,CUST101125,560020,0.3282776363453346,0.2587614293950907,1
ORD503689,CUST100251,560016,0.24989906497225137,0.21649401012539535,0
ORD505059,CUST101423,560037,0.5106095399953449,0.20052614877754213,1
ORD505183,CUST101467,560045,0.16625647957893838,0.2009380398079108,0
ORD501594,CUST101361,560105,0.2387851902657723,0.2610606417315302,0
ORD507362,CUST100759,560007,0.14931459557255047,0.4115118018852822,0
ORD503443,CUST101657,560103,0.1638237871995477,0.2331908497366693,0
ORD502983,CUST100467,560048,0.3098477304837669,0.48509059761807705,1
ORD506399,CUST100377,560018,0.23491334035445868,0.15888837338663903,0
ORD505639,CUST100573,560015,0.158432901455159,0.2930958901877522,0
ORD501332,CUST101397,560019,0.16569683789447415,0.048751952975078075,1
ORD500630,CUST101239,560004,0.37912574798973386,0.19762853761721605,0
ORD505859,CUST100360,560086,0.5777434668907969,0.007482278722774853,0
ORD507143,CUST100639,560078,0.09634270484326586,0.14596790446960203,0
ORD501894,CUST101902,560114,0.23730033189639171,0.11153289416689233,0
ORD504031,CUST100621,560074,0.394675253137179,0.07273808090514074,0
ORD502444,CUST100324,560079,0.372235180820969,0.17876544501708239,1
ORD507815,CUST101376,560119,0.09560966711544208,0.23009324809977014,0
ORD503545,CUST101384,560023,0.36405865595752274,0.028472335602004763,0
ORD500294,CUST101992,560111,0.11597398110114387,0.1318273625407665,0
ORD502138,CUST101587,560066,0.22811637086575837,0.44863880467564937,0
ORD501618,CUST101878,560065,0.24266907923144335,0.12481245587380058,0
ORD506187,CUST101990,560112,0.25756979532098145,0.10046769389686781,0
ORD504564,CUST101608,560048,0.17874359530435505,0.48509059761807705,0
ORD500854,CUST101789,560085,0.23223035599885355,0.24590610537959195,0
ORD507993,CUST100227,560115,0.2560233812776348,0.23129979364443987,0
ORD501878,CUST101116,560053,0.30721251020367246,0.2746954160023574,0
ORD504452,CUST100136,560009,0.03542903995029727,0.26522522319557623,1
ORD501205,CUST100487,560078,0.21181038098956262,0.14596790446960203,0
ORD502078,CUST101903,560051,0.17179315066483036,0.06321104945248114,0
ORD506200,CUST101688,560029,0.09533373145424004,0.13120234612701753,0
ORD503259,CUST100906,560006,0.32608688428099614,0.0359397910518748,1
ORD500569,CUST101740,560079,0.12380485100140662,0.17876544501708239,0
ORD500822,CUST101680,560011,0.21070586416647988,0.26287102465088363,0
ORD502484,CUST101268,560116,0.3633623231742147,0.21263077921125112,0
ORD500379,CUST100713,560072,0.13711908445634313,0.0983469859236676,0
ORD504434,CUST100758,560071,0.24914756669541444,0.2846659660343278,0
ORD507764,CUST101412,560049,0.12399667191772946,0.10008282781565703,0
ORD503946,CUST100774,560061,0.22369831123924852,0.14659676401055344,0
ORD506821,CUST101250,560064,0.12834587113286433,0.4107390138477389,0
ORD502301,CUST101981,560034,0.2900814919469702,0.2969408870047299,1
ORD506682,CUST101123,560082,0.3100531060522249,0.4036521734896382,0
ORD503496,CUST100395,560073,0.26234867347983615,0.40608187581223554,0
ORD501548,CUST101094,560113,0.337384091504478,0.05073967111486112,0
ORD506247,CUST100973,560104,0.1877613483299769,0.1241972485306535,0
ORD502125,CUST100321,560065,0.42296540799688903,0.12481245587380058,0
ORD501936,CUST100591,560113,0.29435576014073195,0.05073967111486112,0
ORD500773,CUST101996,560015,0.25966018217996967,0.2930958901877522,0
ORD502255,CUST100380,560058,0.1720539793002365,0.20486674986456038,1
ORD503964,CUST101164,560068,0.3221577863292197,0.12357375658063682,0
ORD503161,CUST101118,560062,0.20566279538085244,0.36167936673581547,0
ORD500038,CUST101762,560049,0.3039523629091911,0.10008282781565703,0
ORD507078,CUST101215,560078,0.04373699234051615,0.14596790446960203,0
ORD505129,CUST100089,560064,0.2779937156072131,0.4107390138477389,0
ORD507920,CUST100707,560034,0.2531798586102482,0.2969408870047299,0
ORD501204,CUST100474,560046,0.40080141861945334,0.30307755392063607,1
ORD506600,CUST101228,560056,0.6024628659946172,0.1311151942786954,1
ORD503331,CUST101467,560028,0.16625647957893838,0.033656118245986556,0
ORD501837,CUST100794,560084,0.09880204662638824,0.3632584085729479,0
ORD504616,CUST100194,560079,0.36187966998918064,0.17876544501708239,0
ORD503965,CUST100035,560031,0.03696830256968456,0.1918817018934806,0
ORD500608,CUST101462,560065,0.3125179502823467,0.12481245587380058,0
ORD503075,CUST101301,560015,0.2771388724478905,0.2930958901877522,0
ORD504929,CUST101967,560094,0.26408118652298557,0.3010387326878104,0
ORD501547,CUST100401,560040,0.4006136338939826,0.13792726590918689,0
ORD507643,CUST100156,560117,0.3901665947912998,0.07519208933625972,0
ORD500518,CUST100453,560084,0.26335659719559446,0.3632584085729479,1
ORD507619,CUST100474,560005,0.40080141861945334,0.3717167319646953,0
ORD507995,CUST101840,560069,0.20562139849958486,0.11654125384957931,0
ORD506453,CUST101026,560068,0.17601086434245247,0.12357375658063682,0
ORD501370,CUST100580,560066,0.30696088944893785,0.44863880467564937,0
ORD506934,CUST100774,560013,0.22369831123924852,0.18703349260237212,0
ORD502966,CUST100247,560061,0.23069756686430742,0.14659676401055344,0
ORD507181,CUST100689,560081,0.07765630758757154,0.1954421444622332,0
ORD503128,CUST101203,560078,0.2125095205336983,0.14596790446960203,0
ORD506210,CUST100452,560053,0.4369142138857339,0.2746954160023574,0
ORD506589,CUST101008,560104,0.21766848354063473,0.1241972485306535,0
ORD502192,CUST101105,560053,0.1854958612320391,0.2746954160023574,0
ORD503626,CUST100515,560009,0.1354858514772503,0.26522522319557623,0
ORD501147,CUST100779,560098,0.2710023330573775,0.20695366556821226,0
ORD502720,CUST101161,560113,0.16621613591190618,0.05073967111486112,0
ORD502241,CUST101597,560108,0.05355953612978514,0.3345971676330574,0
ORD507054,CUST100571,560000,0.20459557629689876,0.0499470929340503,0
ORD507913,CUST101553,560089,0.10497605305635782,0.19467065107163697,0
ORD507668,CUST100740,560079,0.41041654651832793,0.17876544501708239,0
ORD505756,CUST100226,560086,0.26241881723183863,0.007482278722774853,0
ORD504560,CUST100151,560103,0.14720873128711998,0.2331908497366693,0
ORD503413,CUST100898,560024,0.3575549854513887,0.08499988471741125,1
ORD506696,CUST100544,560094,0.04915448350944119,0.3010387326878104,0
ORD507312,CUST101858,560001,0.43879665490804126,0.4276493248809966,1
ORD503175,CUST100206,560098,0.17068626302318904,0.20695366556821226,0
ORD500175,CUST101267,560065,0.08855690793325809,0.12481245587380058,0
ORD502967,CUST101535,560092,0.12309958652800959,0.4652541447815074,1
ORD501787,CUST100307,560117,0.2923331864352393,0.07519208933625972,1
ORD502334,CUST101106,560054,0.1941016350133047,0.10632638057233394,0
ORD506194,CUST100674,560012,0.5430110256129925,0.08031914452505755,0
ORD505644,CUST101701,560065,0.3061840886816502,0.12481245587380058,0
ORD503997,CUST100541,560081,0.16757657415686808,0.1954421444622332,0
ORD501022,CUST100872,560001,0.3932300760602047,0.4276493248809966,0
ORD500926,CUST101430,560017,0.3599162346721973,0.14572183941573405,0
ORD505934,CUST100228,560059,0.19264547693073103,0.06343485879816538,0
ORD504453,CUST100651,560087,0.22367316697863052,0.2319307941510612,0
ORD503658,CUST101273,560022,0.2185557515336479,0.12028576980936151,0
ORD501562,CUST100311,560080,0.5597936769680356,0.35705055052060225,1
ORD500094,CUST100604,560086,0.37339241588022004,0.007482278722774853,0
ORD505245,CUST100171,560019,0.1822357329755217,0.048751952975078075,0
ORD503903,CUST101430,560062,0.3599162346721973,0.36167936673581547,1
ORD500257,CUST101639,560016,0.16882341312566285,0.21649401012539535,1
ORD505591,CUST100194,560038,0.36187966998918064,0.4922123466288645,1
ORD501035,CUST101265,560000,0.12254366674898377,0.0499470929340503,0
ORD507241,CUST100212,560081,0.3168272953486334,0.1954421444622332,0
ORD505176,CUST101900,560101,0.25692733289880665,0.2210289590416924,0
ORD501439,CUST101766,560111,0.21411012904289228,0.1318273625407665,0
ORD507115,CUST100448,560058,0.3724144400903301,0.20486674986456038,1
ORD507702,CUST101995,560023,0.07807759993705618,0.028472335602004763,0
ORD501349,CUST100307,560052,0.2923331864352393,0.10086571587923499,0
ORD507294,CUST100453,560028,0.26335659719559446,0.033656118245986556,0
ORD503401,CUST101579,560045,0.48168131853356183,0.2009380398079108,0
ORD500999,CUST101608,560028,0.17874359530435505,0.033656118245986556,0
ORD500699,CUST100471,560065,0.2484904830770941,0.12481245587380058,0
ORD503879,CUST101408,560077,0.5599391908775743,0.48289222403515625,1
ORD504124,CUST100593,560028,0.5074769095568444,0.033656118245986556,1
ORD500797,CUST100476,560103,0.08675067656491325,0.2331908497366693,0
ORD505061,CUST101823,560112,0.19005319499583676,0.10046769389686781,0
ORD500101,CUST101431,560117,0.218617277433771,0.07519208933625972,0
ORD506204,CUST100444,560115,0.4375803082647143,0.23129979364443987,0
ORD500300,CUST101106,560030,0.1941016350133047,0.07698134180032012,0
ORD500152,CUST100557,560078,0.29966387224425906,0.14596790446960203,1
ORD500004,CUST100048,560084,0.07638737713356161,0.3632584085729479,0
ORD504165,CUST100740,560060,0.41041654651832793,0.148778104232636,0
ORD501278,CUST101998,560115,0.055224922653398546,0.23129979364443987,0
ORD500296,CUST101711,560061,0.4337508221702622,0.14659676401055344,0
ORD504653,CUST100514,560043,0.06067469417646223,0.10924789759182774,0
ORD502257,CUST100751,560103,0.1736281430138669,0.2331908497366693,0
ORD502859,CUST101628,560021,0.5060698046512045,0.07930465192162388,0
ORD503691,CUST101389,560013,0.18808142018776278,0.18703349260237212,0
ORD503819,CUST101657,560091,0.1638237871995477,0.363756533272939,1
ORD507991,CUST101286,560047,0.4513118446692681,0.2140654816693931,0
ORD507390,CUST101969,560059,0.3615433730343218,0.06343485879816538,1
ORD503323,CUST100407,560064,0.47099044798312795,0.4107390138477389,1
ORD506752,CUST101461,560004,0.14389940636283058,0.19762853761721605,0
ORD502236,CUST100057,560070,0.21714365268202862,0.20224062701049086,0
ORD507139,CUST101852,560116,0.10508599985494056,0.21263077921125112,0
ORD507297,CUST100001,560063,0.24614417619698423,0.19220896367361404,0
ORD504864,CUST101335,560082,0.2437877142910798,0.4036521734896382,0
ORD500462,CUST101461,560019,0.14389940636283058,0.048751952975078075,0
ORD504134,CUST101723,560084,0.1413329596051048,0.3632584085729479,1
ORD500551,CUST100453,560076,0.26335659719559446,0.1112464586243946,0
ORD500613,CUST100836,560034,0.36457848331947124,0.2969408870047299,0
ORD506722,CUST101608,560084,0.17874359530435505,0.3632584085729479,0
ORD505793,CUST100314,560035,0.4117868133302571,0.44644714587366313,0
ORD503552,CUST101756,560108,0.21745545662907453,0.3345971676330574,0
ORD506318,CUST101639,560067,0.16882341312566285,0.2626412720928802,0
ORD507200,CUST100767,560085,0.032184328914809754,0.24590610537959195,0
ORD503870,CUST101462,560103,0.3125179502823467,0.2331908497366693,1
ORD503284,CUST101408,560067,0.5599391908775743,0.2626412720928802,1
ORD501846,CUST101246,560086,0.32724707914173723,0.007482278722774853,0
ORD501211,CUST100884,560103,0.11446434852532913,0.2331908497366693,0
ORD500523,CUST101744,560074,0.5032027940698182,0.07273808090514074,0
ORD504237,CUST101481,560004,0.7211015611648152,0.19762853761721605,0
ORD507711,CUST100684,560077,0.44186887226166205,0.48289222403515625,0
ORD506773,CUST100414,560055,0.22490754943212576,0.24304583988795897,0
ORD501603,CUST101892,560068,0.22566982488398443,0.12357375658063682,0
ORD504933,CUST100120,560111,0.23228588338828865,0.1318273625407665,0
ORD506313,CUST100542,560116,0.24680180551951414,0.21263077921125112,0
ORD503923,CUST100948,560080,0.5927907795530653,0.35705055052060225,1
ORD503433,CUST100524,560018,0.15250618963621082,0.15888837338663903,0
ORD500434,CUST101596,560008,0.04440262156441277,0.3291430834854005,0
ORD506179,CUST100281,560000,0.10820090543681238,0.0499470929340503,0
ORD501363,CUST100860,560102,0.28458392516216463,0.3116574064541478,1
ORD501011,CUST101505,560093,0.327820315683397,0.1005035939480502,0
ORD506232,CUST101505,560033,0.327820315683397,0.2000167013897961,1
ORD500161,CUST100212,560073,0.3168272953486334,0.40608187581223554,1
ORD503279,CUST100557,560093,0.29966387224425906,0.1005035939480502,0
ORD505637,CUST101620,560018,0.2229674740875284,0.15888837338663903,0
ORD500394,CUST100367,560035,0.2881986119409372,0.44644714587366313,1
ORD500771,CUST100582,560001,0.6823689291324807,0.4276493248809966,1
ORD500500,CUST101466,560105,0.1239382463524116,0.2610606417315302,0
ORD501337,CUST101992,560098,0.11597398110114387,0.20695366556821226,0
ORD502716,CUST100405,560019,0.16177634634701885,0.048751952975078075,1
ORD504455,CUST100576,560074,0.09342709211833844,0.07273808090514074,0
ORD506798,CUST101416,560054,0.138266238016098,0.10632638057233394,0
ORD500982,CUST100193,560073,0.3017312798128869,0.40608187581223554,1
ORD507504,CUST100935,560003,0.48051431524057286,0.21762362723276713,1
ORD507984,CUST101629,560108,0.07966664930718766,0.3345971676330574,0
ORD502647,CUST100872,560005,0.3932300760602047,0.3717167319646953,0
ORD501066,CUST101318,560077,0.18922519933701823,0.48289222403515625,1
ORD500452,CUST100813,560068,0.26907836938802265,0.12357375658063682,0
ORD507567,CUST101466,560118,0.1239382463524116,0.21889163644714124,0
ORD504196,CUST101794,560082,0.25410635275941446,0.4036521734896382,0
ORD501451,CUST100231,560008,0.45454338905514596,0.3291430834854005,1
ORD504712,CUST100666,560018,0.2651400660439152,0.15888837338663903,0
ORD500437,CUST101013,560051,0.12990699426254682,0.06321104945248114,0
ORD505902,CUST100872,560058,0.3932300760602047,0.20486674986456038,0
ORD505610,CUST101998,560088,0.055224922653398546,0.14077625183446615,0
ORD503824,CUST101997,560084,0.22853820821676843,0.3632584085729479,0
ORD503874,CUST100679,560050,0.1894589634974572,0.39804978962446785,1
ORD502040,CUST100935,560006,0.48051431524057286,0.0359397910518748,0
ORD507902,CUST100364,560012,0.3358319706571889,0.08031914452505755,0
ORD500506,CUST101628,560052,0.5060698046512045,0.10086571587923499,0
ORD505172,CUST101884,560007,0.47645555276211093,0.4115118018852822,0
ORD506848,CUST101701,560002,0.3061840886816502,0.06816617099651445,0
ORD503480,CUST101460,560040,0.2698170096825014,0.13792726590918689,1
ORD505355,CUST100057,560069,0.21714365268202862,0.11654125384957931,0
ORD500119,CUST101349,560042,0.24252121289004466,0.20272897456368089,0
ORD503804,CUST101183,560014,0.5778690550660062,0.32405610103166854,1
ORD504507,CUST101929,560105,0.32197007802918726,0.2610606417315302,0
ORD505450,CUST101893,560060,0.5724355175123372,0.148778104232636,1
ORD504401,CUST100830,560069,0.2567955028288095,0.11654125384957931,0
ORD505222,CUST101491,560046,0.5825453081141901,0.30307755392063607,1
ORD503891,CUST100933,560093,0.10610819226493166,0.1005035939480502,0
ORD505919,CUST100410,560027,0.34134778732339127,0.3964081708913591,0
ORD507361,CUST100839,560004,0.22119532955938428,0.19762853761721605,0
ORD506093,CUST101356,560096,0.16088320279202084,0.13143597660081374,0
ORD504029,CUST100985,560004,0.29603896954268677,0.19762853761721605,0
ORD503719,CUST100530,560057,0.48914444803003615,0.06751530873316719,1
ORD505951,CUST101431,560042,0.218617277433771,0.20272897456368089,0
ORD501824,CUST101473,560002,0.2833169040198567,0.06816617099651445,0
ORD504783,CUST101221,560004,0.2702196956443796,0.19762853761721605,0
ORD505447,CUST100278,560097,0.09566624421358363,0.2209193286304174,0
ORD501253,CUST100515,560011,0.1354858514772503,0.26287102465088363,1
ORD501009,CUST100307,560084,0.2923331864352393,0.3632584085729479,0
ORD507018,CUST100717,560116,0.13778741012241738,0.21263077921125112,0
ORD502157,CUST101167,560034,0.13447679373695556,0.2969408870047299,0
ORD505920,CUST101230,560054,0.39659824148256273,0.10632638057233394,0
ORD504274,CUST101614,560029,0.27618691334981427,0.13120234612701753,0
ORD501499,CUST100488,560079,0.11081812330422901,0.17876544501708239,0
ORD500148,CUST101045,560034,0.14850656263461232,0.2969408870047299,1
ORD500826,CUST100308,560016,0.12605441282590366,0.21649401012539535,0
ORD500187,CUST100367,560094,0.2881986119409372,0.3010387326878104,0
ORD500705,CUST100091,560101,0.18284841178251302,0.2210289590416924,0
ORD503156,CUST100343,560112,0.32801543383093573,0.10046769389686781,0
ORD507565,CUST100995,560019,0.2336410115856832,0.048751952975078075,0
ORD505331,CUST100049,560060,0.20321741031586962,0.148778104232636,0
ORD500805,CUST101672,560084,0.10382806887576394,0.3632584085729479,0
ORD501660,CUST100192,560002,0.22287364608691065,0.06816617099651445,0
ORD506076,CUST101833,560096,0.15774023097194656,0.13143597660081374,0
ORD501907,CUST101778,560111,0.16586663782675837,0.1318273625407665,0
ORD504997,CUST101586,560044,0.41790976805842955,0.24271947144386585,1
ORD500353,CUST100467,560091,0.3098477304837669,0.363756533272939,0
ORD507112,CUST100936,560029,0.38428268208916083,0.13120234612701753,0
ORD501674,CUST101826,560012,0.11251270016100487,0.08031914452505755,0
ORD504716,CUST100412,560013,0.2414560380735231,0.18703349260237212,0
ORD504269,CUST101905,560059,0.36080780998669715,0.06343485879816538,0
ORD503422,CUST100988,560031,0.13672265930414002,0.1918817018934806,0
ORD506616,CUST101203,560046,0.2125095205336983,0.30307755392063607,0
ORD503603,CUST100575,560003,0.3734683492632352,0.21762362723276713,1
ORD502837,CUST101640,560014,0.20197096566295353,0.32405610103166854,0
ORD500384,CUST101326,560024,0.4277705308887651,0.08499988471741125,0
ORD503145,CUST100693,560003,0.09951530110540431,0.21762362723276713,0
ORD501919,CUST101444,560000,0.5596547478691576,0.0499470929340503,1
ORD505530,CUST101620,560055,0.2229674740875284,0.24304583988795897,0
ORD502114,CUST100297,560023,0.46818673352621776,0.028472335602004763,0
ORD506329,CUST100643,560090,0.33315409272597374,0.0937263908731933,0
ORD505002,CUST101112,560091,0.17850104022127003,0.363756533272939,0
ORD507524,CUST101192,560097,0.05875192265508402,0.2209193286304174,0
ORD500672,CUST100312,560092,0.1551769252887446,0.4652541447815074,0
ORD502692,CUST101923,560014,0.2187608136465921,0.32405610103166854,0
ORD505367,CUST100510,560070,0.08979930230446,0.20224062701049086,0
ORD504276,CUST100879,560085,0.10017523767782194,0.24590610537959195,0
ORD503218,CUST100451,560018,0.3269451502115473,0.15888837338663903,0
ORD506006,CUST100146,560004,0.443593609971502,0.19762853761721605,0
ORD505075,CUST101954,560101,0.23365228177850622,0.2210289590416924,0
ORD506728,CUST100296,560017,0.2216976101384966,0.14572183941573405,0
ORD503392,CUST101714,560081,0.13940452811239296,0.1954421444622332,0
ORD506629,CUST100037,560054,0.36643236650295463,0.10632638057233394,0
ORD504202,CUST101125,560082,0.3282776363453346,0.4036521734896382,0
ORD507679,CUST101350,560098,0.051569656372369065,0.20695366556821226,0
ORD503027,CUST101216,560110,0.17029144689173453,0.4429461963712056,0
ORD506791,CUST100722,560018,0.18463474910495414,0.15888837338663903,0
ORD501522,CUST100835,560066,0.33694071508209505,0.44863880467564937,1
ORD507497,CUST101373,560014,0.20763196458988345,0.32405610103166854,1
ORD503058,CUST100088,560046,0.20401397040683977,0.30307755392063607,0
ORD507681,CUST100206,560000,0.17068626302318904,0.0499470929340503,0
ORD506908,CUST101022,560028,0.14866291869075507,0.033656118245986556,0
ORD506914,CUST100180,560007,0.3176453119835616,0.4115118018852822,1
ORD504838,CUST101984,560052,0.4273083669621512,0.10086571587923499,1
ORD503578,CUST101207,560022,0.5611873074821642,0.12028576980936151,1
ORD506863,CUST100467,560042,0.3098477304837669,0.20272897456368089,0
ORD502663,CUST100928,560005,0.25199964349216575,0.3717167319646953,0
ORD503324,CUST101494,560071,0.2134341407978907,0.2846659660343278,0
ORD505923,CUST101974,560050,0.34912978504838177,0.39804978962446785,1
ORD501630,CUST101085,560070,0.1947137905700154,0.20224062701049086,0
ORD507155,CUST100423,560027,0.24706696213115537,0.3964081708913591,0
ORD504002,CUST101209,560055,0.01997628607250876,0.24304583988795897,0
ORD507313,CUST100520,560088,0.3820936747712913,0.14077625183446615,0
ORD504307,CUST101767,560029,0.49167863541992063,0.13120234612701753,1
ORD501755,CUST101628,560033,0.5060698046512045,0.2000167013897961,0
ORD503479,CUST101284,560078,0.16325719751516396,0.14596790446960203,0
ORD501666,CUST101873,560106,0.1946959083595782,0.19267676572383044,0
ORD506001,CUST101620,560005,0.2229674740875284,0.3717167319646953,0
ORD503045,CUST100011,560094,0.2916477929418046,0.3010387326878104,0
ORD505480,CUST101246,560051,0.32724707914173723,0.06321104945248114,0
ORD506369,CUST100002,560097,0.34580639956730186,0.2209193286304174,0
ORD507304,CUST101125,560060,0.3282776363453346,0.148778104232636,0
ORD501079,CUST100467,560048,0.3098477304837669,0.48509059761807705,0
ORD505234,CUST101390,560079,0.08909689827440144,0.17876544501708239,0
ORD505434,CUST100810,560073,0.07001658722546926,0.40608187581223554,0
ORD506650,CUST101184,560058,0.09769555583740164,0.20486674986456038,0
ORD502708,CUST101893,560045,0.5724355175123372,0.2009380398079108,0
ORD507521,CUST101465,560073,0.2855087147460683,0.40608187581223554,0
ORD506761,CUST100482,560099,0.2754386295631827,0.15847855826528787,0
ORD502996,CUST101651,560119,0.16939112268015957,0.23009324809977014,0
ORD501763,CUST100157,560085,0.1548544510371693,0.24590610537959195,0
ORD503123,CUST101647,560017,0.22198703508830298,0.14572183941573405,0
ORD500104,CUST100485,560008,0.06329685196438278,0.3291430834854005,0
ORD507593,CUST101551,560096,0.2522211494965068,0.13143597660081374,0
ORD501209,CUST100872,560047,0.3932300760602047,0.2140654816693931,1
ORD501796,CUST100593,560073,0.5074769095568444,0.40608187581223554,1
ORD501446,CUST101224,560099,0.28728184136073764,0.15847855826528787,0
ORD505505,CUST100032,560019,0.14213974082226472,0.048751952975078075,0
ORD501537,CUST100896,560081,0.14264265612981553,0.1954421444622332,0
ORD503853,CUST101974,560110,0.34912978504838177,0.4429461963712056,0
ORD505083,CUST100620,560099,0.27762091119656535,0.15847855826528787,0
ORD500698,CUST100671,560057,0.1303770637866477,0.06751530873316719,0
ORD505305,CUST100533,560037,0.27966983742156076,0.20052614877754213,0
ORD502349,CUST100264,560028,0.08097222048102413,0.033656118245986556,0
ORD507632,CUST101306,560017,0.3057637068881142,0.14572183941573405,0
ORD506088,CUST101411,560078,0.23663332798459988,0.14596790446960203,0
ORD505497,CUST100194,560086,0.36187966998918064,0.007482278722774853,0
ORD507879,CUST101164,560051,0.3221577863292197,0.06321104945248114,0
ORD506010,CUST101261,560065,0.1063774454507707,0.12481245587380058,0
ORD501402,CUST100759,560042,0.14931459557255047,0.20272897456368089,0
ORD500780,CUST100455,560075,0.28099909876364537,0.04994448821558866,0
ORD506426,CUST101427,560096,0.35523850783832206,0.13143597660081374,0
ORD506592,CUST100742,560107,0.1631917746791551,0.4249338442310718,0
ORD506994,CUST101543,560099,0.4487444125680534,0.15847855826528787,1
ORD506748,CUST101087,560012,0.14969822486595233,0.08031914452505755,0
ORD503865,CUST101852,560083,0.10508599985494056,0.09761538384380626,0
ORD501758,CUST100906,560021,0.32608688428099614,0.07930465192162388,0
ORD500802,CUST101662,560098,0.10650735560052575,0.20695366556821226,0
ORD500217,CUST101949,560103,0.31374774876901823,0.2331908497366693,0
ORD504323,CUST101962,560001,0.48873587026245635,0.4276493248809966,1
ORD500579,CUST100029,560023,0.5692182601492508,0.028472335602004763,0
ORD505737,CUST101553,560071,0.10497605305635782,0.2846659660343278,0
ORD502280,CUST100760,560032,0.5339292911487254,0.2652671681157216,0
ORD504430,CUST100225,560019,0.23555814035267542,0.048751952975078075,0
ORD502401,CUST101633,560042,0.5594111463404374,0.20272897456368089,0
ORD507943,CUST101301,560031,0.2771388724478905,0.1918817018934806,0
ORD503515,CUST100034,560100,0.46365026623247513,0.3742111996543805,1
ORD501847,CUST100654,560106,0.12936071938754626,0.19267676572383044,0
ORD504799,CUST100057,560110,0.21714365268202862,0.4429461963712056,0
ORD503212,CUST101798,560033,0.15392637218821703,0.2000167013897961,1
ORD501556,CUST101269,560107,0.45385437384610405,0.4249338442310718,1
ORD505393,CUST101714,560047,0.13940452811239296,0.2140654816693931,0
ORD507008,CUST101839,560077,0.11557458377752818,0.48289222403515625,0
ORD502419,CUST100888,560006,0.46669449990302514,0.0359397910518748,0
ORD500863,CUST100261,560060,0.44367742457242815,0.148778104232636,0
ORD501840,CUST100542,560036,0.24680180551951414,0.033224141114804616,0
ORD500045,CUST100500,560063,0.511775030466044,0.19220896367361404,1
ORD504402,CUST101121,560103,0.19032803455723113,0.2331908497366693,0
ORD507998,CUST100440,560021,0.3049431715733594,0.07930465192162388,0
ORD503905,CUST101430,560112,0.3599162346721973,0.10046769389686781,0
ORD506868,CUST101662,560005,0.10650735560052575,0.3717167319646953,0
ORD500214,CUST100715,560046,0.3748825685786026,0.30307755392063607,0
ORD505141,CUST101553,560115,0.10497605305635782,0.23129979364443987,0
ORD507761,CUST101113,560001,0.2700560988650155,0.4276493248809966,0
ORD504422,CUST100236,560044,0.3408921063238981,0.24271947144386585,0
ORD507784,CUST101843,560094,0.0432952187308296,0.3010387326878104,0
ORD506207,CUST101668,560118,0.17451849438903222,0.21889163644714124,0
ORD505490,CUST100478,560095,0.5424554488796087,0.1770255930012656,0
ORD506730,CUST101551,560018,0.2522211494965068,0.15888837338663903,1
ORD502655,CUST100217,560074,0.11140768335427466,0.07273808090514074,0
ORD502454,CUST100370,560061,0.3389478327833424,0.14659676401055344,1
ORD505372,CUST101661,560087,0.0824280304679669,0.2319307941510612,0
ORD504713,CUST101280,560068,0.21980135274451498,0.12357375658063682,0
ORD506764,CUST100227,560015,0.2560233812776348,0.2930958901877522,0
ORD505738,CUST101638,560079,0.1155768135052856,0.17876544501708239,0
ORD506440,CUST101706,560076,0.19013727606296876,0.1112464586243946,0
ORD501309,CUST100759,560055,0.14931459557255047,0.24304583988795897,0
ORD505110,CUST101987,560049,0.14215871192130625,0.10008282781565703,0
ORD505677,CUST101268,560057,0.3633623231742147,0.06751530873316719,0
ORD502805,CUST100527,560032,0.29048499029100583,0.2652671681157216,0
ORD500976,CUST101663,560016,0.12207735692990353,0.21649401012539535,0
ORD500787,CUST101579,560100,0.48168131853356183,0.3742111996543805,1
ORD505384,CUST100050,560048,0.46524312849146254,0.48509059761807705,1
ORD504797,CUST100219,560017,0.13825855892486977,0.14572183941573405,0
ORD501091,CUST100182,560034,0.18723773115835693,0.2969408870047299,0
ORD504876,CUST101202,560031,0.15083749133112767,0.1918817018934806,0
ORD504169,CUST100208,560085,0.19975800750299405,0.24590610537959195,0
ORD507996,CUST101843,560009,0.0432952187308296,0.26522522319557623,0
ORD507026,CUST100274,560029,0.11488476521704623,0.13120234612701753,0
ORD501461,CUST101500,560081,0.19830566249322965,0.1954421444622332,0
ORD505567,CUST101505,560113,0.327820315683397,0.05073967111486112,0
ORD501308,CUST101189,560048,0.34298483911634053,0.48509059761807705,1
ORD502589,CUST100514,560090,0.06067469417646223,0.0937263908731933,0
ORD503321,CUST100216,560014,0.23983923810393037,0.32405610103166854,1
ORD505722,CUST100511,560005,0.1562196164642481,0.3717167319646953,0
ORD506940,CUST101244,560096,0.3330318576765023,0.13143597660081374,0
ORD507108,CUST101834,560065,0.31670530758886617,0.12481245587380058,1
ORD502503,CUST100604,560052,0.37339241588022004,0.10086571587923499,1
ORD506604,CUST100453,560104,0.26335659719559446,0.1241972485306535,0
ORD502922,CUST101201,560119,0.08802933448471553,0.23009324809977014,0
ORD506751,CUST101481,560038,0.7211015611648152,0.4922123466288645,1
ORD501174,CUST101834,560050,0.31670530758886617,0.39804978962446785,0
ORD503272,CUST101776,560077,0.2301728320733622,0.48289222403515625,1
ORD502721,CUST100964,560014,0.2696262010069623,0.32405610103166854,0
ORD506230,CUST100024,560068,0.3173771501855524,0.12357375658063682,0
ORD507273,CUST101711,560033,0.4337508221702622,0.2000167013897961,0
ORD505692,CUST101497,560031,0.4930330773387671,0.1918817018934806,1
ORD502942,CUST100359,560075,0.21989011196511407,0.04994448821558866,0
ORD502256,CUST101592,560104,0.06097123207784671,0.1241972485306535,0
ORD505929,CUST101263,560063,0.2529589627356025,0.19220896367361404,0
ORD504103,CUST100834,560047,0.3606103729463374,0.2140654816693931,0
ORD501591,CUST101122,560087,0.031070089624300228,0.2319307941510612,0
ORD502336,CUST100034,560059,0.46365026623247513,0.06343485879816538,1
ORD506472,CUST101543,560096,0.4487444125680534,0.13143597660081374,1
ORD506046,CUST101036,560014,0.37305617832980714,0.32405610103166854,0
ORD507819,CUST100452,560031,0.4369142138857339,0.1918817018934806,0
ORD500892,CUST101334,560041,0.31159267331599777,0.1311386209542706,0
ORD503054,CUST100520,560017,0.3820936747712913,0.14572183941573405,0
ORD507481,CUST100464,560049,0.5362129046914219,0.10008282781565703,1
ORD504715,CUST100231,560010,0.45454338905514596,0.26331848167006455,1
ORD501071,CUST101663,560027,0.12207735692990353,0.3964081708913591,0
ORD504095,CUST100459,560061,0.26371837835861184,0.14659676401055344,0
ORD501496,CUST101830,560017,0.47289832436853624,0.14572183941573405,1
ORD503573,CUST100360,560057,0.5777434668907969,0.06751530873316719,1
ORD507894,CUST101408,560066,0.5599391908775743,0.44863880467564937,0
ORD500862,CUST101680,560068,0.21070586416647988,0.12357375658063682,0
ORD501196,CUST101763,560048,0.054387999196184734,0.48509059761807705,1
ORD501866,CUST100405,560114,0.16177634634701885,0.11153289416689233,0
ORD505840,CUST100906,560042,0.32608688428099614,0.20272897456368089,0
ORD506531,CUST101467,560003,0.16625647957893838,0.21762362723276713,1
ORD504431,CUST101298,560007,0.23476857957985725,0.4115118018852822,0
ORD507321,CUST101626,560069,0.2982984597689781,0.11654125384957931,0
ORD502210,CUST100520,560003,0.3820936747712913,0.21762362723276713,1
ORD505416,CUST100906,560074,0.32608688428099614,0.07273808090514074,0
ORD501115,CUST101771,560033,0.38952211246813145,0.2000167013897961,0
ORD504674,CUST101580,560118,0.19821631109298093,0.21889163644714124,0
ORD506818,CUST101751,560103,0.30769139596883865,0.2331908497366693,0
ORD503747,CUST101328,560104,0.29860864297316236,0.1241972485306535,0
ORD507237,CUST101763,560080,0.054387999196184734,0.35705055052060225,0
ORD507874,CUST100820,560072,0.49413920814343104,0.0983469859236676,0
ORD505963,CUST100151,560060,0.14720873128711998,0.148778104232636,0
ORD507081,CUST100725,560007,0.17751620465362142,0.4115118018852822,1
ORD506913,CUST101430,560000,0.3599162346721973,0.0499470929340503,0
ORD504375,CUST101819,560108,0.1665935345577435,0.3345971676330574,0
ORD503224,CUST101740,560045,0.12380485100140662,0.2009380398079108,0
ORD505632,CUST100725,560107,0.17751620465362142,0.4249338442310718,0
ORD500906,CUST101167,560117,0.13447679373695556,0.07519208933625972,0
ORD506101,CUST101730,560099,0.20257060460374818,0.15847855826528787,0
ORD502337,CUST101717,560074,0.4059438794550481,0.07273808090514074,0
ORD501294,CUST101527,560118,0.12591046457884456,0.21889163644714124,0
ORD506229,CUST100772,560017,0.11715758970115171,0.14572183941573405,0
ORD507457,CUST100813,560096,0.26907836938802265,0.13143597660081374,0
ORD502848,CUST100944,560004,0.10354233522846332,0.19762853761721605,0
ORD500241,CUST101149,560028,0.15672595130491704,0.033656118245986556,1
ORD504660,CUST101923,560112,0.2187608136465921,0.10046769389686781,0
ORD500701,CUST101681,560035,0.39531078164283623,0.44644714587366313,0
ORD501743,CUST101261,560022,0.1063774454507707,0.12028576980936151,0
ORD502671,CUST100395,560038,0.26234867347983615,0.4922123466288645,0
ORD503176,CUST101998,560021,0.055224922653398546,0.07930465192162388,0
ORD502733,CUST101439,560081,0.16655036959510433,0.1954421444622332,0
ORD504856,CUST101251,560078,0.07393941178427549,0.14596790446960203,0
ORD501669,CUST100409,560102,0.3860272639174304,0.3116574064541478,0
ORD504847,CUST101227,560046,0.11503655846878144,0.30307755392063607,1
ORD502658,CUST100278,560060,0.09566624421358363,0.148778104232636,0
ORD503280,CUST100725,560010,0.17751620465362142,0.26331848167006455,0
ORD507319,CUST100884,560096,0.11446434852532913,0.13143597660081374,0
ORD507545,CUST100753,560051,0.5243767189229487,0.06321104945248114,1
ORD505921,CUST100881,560070,0.3674545555138409,0.20224062701049086,0
ORD506115,CUST101228,560019,0.6024628659946172,0.048751952975078075,1
ORD500420,CUST100374,560019,0.32003705418313455,0.048751952975078075,0
ORD507889,CUST100444,560057,0.4375803082647143,0.06751530873316719,1
ORD503551,CUST100733,560035,0.4378436970054313,0.44644714587366313,1
ORD506545,CUST100007,560053,0.130383422505818,0.2746954160023574,0
ORD500011,CUST100320,560113,0.13954174495960747,0.05073967111486112,0
ORD500819,CUST101923,560102,0.2187608136465921,0.3116574064541478,1
ORD502267,CUST101144,560069,0.17187442297671035,0.11654125384957931,0
ORD505341,CUST100120,560048,0.23228588338828865,0.48509059761807705,1
ORD506871,CUST100830,560003,0.2567955028288095,0.21762362723276713,0
ORD507911,CUST100376,560002,0.11496764830095485,0.06816617099651445,0
ORD505596,CUST101473,560032,0.2833169040198567,0.2652671681157216,1
ORD504398,CUST100109,560112,0.10843217168086294,0.10046769389686781,0
ORD507162,CUST100983,560075,0.4188419817280566,0.04994448821558866,0
ORD505351,CUST100557,560060,0.29966387224425906,0.148778104232636,0
ORD507352,CUST101495,560075,0.14408399009348308,0.04994448821558866,0
ORD507290,CUST101117,560056,0.1403338536758354,0.1311151942786954,0
ORD502270,CUST101499,560046,0.24244302477569035,0.30307755392063607,0
ORD504334,CUST100354,560048,0.41400072201775984,0.48509059761807705,0
ORD502205,CUST101639,560032,0.16882341312566285,0.2652671681157216,0
ORD504880,CUST100410,560066,0.34134778732339127,0.44863880467564937,0
ORD500729,CUST100708,560074,0.3167306496511369,0.07273808090514074,0
ORD505924,CUST100485,560049,0.06329685196438278,0.10008282781565703,0
ORD503663,CUST100543,560112,0.7296899354667504,0.10046769389686781,1
ORD500869,CUST100772,560031,0.11715758970115171,0.1918817018934806,0
ORD502502,CUST100266,560068,0.2557434906898539,0.12357375658063682,0
ORD505135,CUST101294,560024,0.06184401095130109,0.08499988471741125,0
ORD502432,CUST101987,560054,0.14215871192130625,0.10632638057233394,0
ORD507848,CUST100120,560052,0.23228588338828865,0.10086571587923499,0
ORD507586,CUST100699,560013,0.44921160864002563,0.18703349260237212,1
ORD505825,CUST101013,560094,0.12990699426254682,0.3010387326878104,0
ORD504015,CUST101747,560119,0.1511299192506436,0.23009324809977014,0
ORD503812,CUST100563,560100,0.015741543537136977,0.3742111996543805,0
ORD500866,CUST100380,560025,0.1720539793002365,0.12731929297945457,0
ORD503349,CUST100169,560055,0.06816197410621759,0.24304583988795897,0
ORD502748,CUST100684,560069,0.44186887226166205,0.11654125384957931,0
ORD506505,CUST101269,560007,0.45385437384610405,0.4115118018852822,1
ORD504742,CUST100194,560080,0.36187966998918064,0.35705055052060225,0
ORD505698,CUST100916,560075,0.017477886986586533,0.04994448821558866,0
ORD502434,CUST101684,560012,0.10106250269992674,0.08031914452505755,0
ORD506132,CUST101891,560056,0.30792891537429207,0.1311151942786954,0
ORD505843,CUST101715,560099,0.2315040745023709,0.15847855826528787,0
ORD505104,CUST100872,560056,0.3932300760602047,0.1311151942786954,0
ORD502699,CUST100573,560019,0.158432901455159,0.048751952975078075,0
ORD501754,CUST100973,560044,0.1877613483299769,0.24271947144386585,0
ORD500396,CUST101551,560115,0.2522211494965068,0.23129979364443987,0
ORD501201,CUST101431,560102,0.218617277433771,0.3116574064541478,0
ORD503936,CUST101902,560043,0.23730033189639171,0.10924789759182774,0
ORD505973,CUST100980,560029,0.22141041762290936,0.13120234612701753,1
ORD501696,CUST101417,560070,0.3312490089029119,0.20224062701049086,1
ORD500263,CUST100066,560013,0.22427206235251892,0.18703349260237212,0
ORD505259,CUST100677,560038,0.3529689970289334,0.4922123466288645,0
ORD505113,CUST100515,560075,0.1354858514772503,0.04994448821558866,0
ORD505252,CUST100410,560024,0.34134778732339127,0.08499988471741125,0
ORD506588,CUST101665,560015,0.15993845447034097,0.2930958901877522,0
ORD507190,CUST101239,560082,0.37912574798973386,0.4036521734896382,1
ORD502905,CUST100302,560040,0.2676344641423701,0.13792726590918689,0
ORD501222,CUST100975,560088,0.24375656389178965,0.14077625183446615,1
ORD504857,CUST100057,560028,0.21714365268202862,0.033656118245986556,0
ORD504745,CUST100256,560010,0.16298051973655406,0.26331848167006455,0
ORD500810,CUST100541,560007,0.16757657415686808,0.4115118018852822,0
ORD501795,CUST100939,560098,0.16248280794119022,0.20695366556821226,0
ORD506159,CUST101995,560096,0.07807759993705618,0.13143597660081374,0
ORD501945,CUST100295,560042,0.052918216172000036,0.20272897456368089,0
ORD506429,CUST100455,560112,0.28099909876364537,0.10046769389686781,0
ORD504408,CUST101899,560046,0.46001392254571255,0.30307755392063607,0
ORD505835,CUST100305,560033,0.1965713354260339,0.2000167013897961,0
ORD504213,CUST101397,560048,0.16569683789447415,0.48509059761807705,0
ORD506949,CUST100485,560022,0.06329685196438278,0.12028576980936151,0
ORD501414,CUST101624,560052,0.1916520225857227,0.10086571587923499,0
ORD505729,CUST101975,560103,0.15868901601441882,0.2331908497366693,0
ORD501336,CUST101115,560090,0.16775992148714,0.0937263908731933,0
ORD500629,CUST101588,560073,0.15386671998751833,0.40608187581223554,0
ORD507443,CUST100575,560119,0.3734683492632352,0.23009324809977014,0
ORD505746,CUST101948,560038,0.5223261796068243,0.4922123466288645,1
ORD506100,CUST100684,560118,0.44186887226166205,0.21889163644714124,0
ORD505210,CUST100491,560039,0.3702859929902147,0.08257987664945507,0
ORD500993,CUST100745,560114,0.3262085168617317,0.11153289416689233,0
ORD507496,CUST101249,560095,0.25442971860667596,0.1770255930012656,1
ORD503897,CUST101258,560115,0.08993275694608767,0.23129979364443987,0
ORD507220,CUST101535,560101,0.12309958652800959,0.2210289590416924,0
ORD507936,CUST101927,560060,0.5477119569753789,0.148778104232636,0
ORD502564,CUST101938,560112,0.09397801877335996,0.10046769389686781,0
ORD506804,CUST100577,560101,0.2042925306906814,0.2210289590416924,0
ORD505436,CUST101826,560079,0.11251270016100487,0.17876544501708239,0
ORD505731,CUST100541,560042,0.16757657415686808,0.20272897456368089,0
ORD505619,CUST100677,560068,0.3529689970289334,0.12357375658063682,0
ORD505582,CUST101596,560013,0.04440262156441277,0.18703349260237212,0
ORD500971,CUST101267,560072,0.08855690793325809,0.0983469859236676,0
ORD506324,CUST101608,560043,0.17874359530435505,0.10924789759182774,0
ORD501135,CUST100002,560037,0.34580639956730186,0.20052614877754213,1
ORD500688,CUST101656,560022,0.1408327055539838,0.12028576980936151,0
ORD505984,CUST100774,560114,0.22369831123924852,0.11153289416689233,0
ORD501326,CUST100640,560007,0.2426758876131097,0.4115118018852822,0
ORD503621,CUST100906,560083,0.32608688428099614,0.09761538384380626,0
ORD502525,CUST100674,560088,0.5430110256129925,0.14077625183446615,0
ORD507197,CUST100988,560042,0.13672265930414002,0.20272897456368089,0
ORD506345,CUST101875,560077,0.20866604375382167,0.48289222403515625,0
ORD501850,CUST101007,560107,0.3070825401363213,0.4249338442310718,0
ORD507929,CUST101729,560022,0.11591316379338053,0.12028576980936151,0
ORD505195,CUST101909,560106,0.2835465556445335,0.19267676572383044,0
ORD500992,CUST101701,560115,0.3061840886816502,0.23129979364443987,0
ORD506637,CUST101444,560114,0.5596547478691576,0.11153289416689233,0
ORD500731,CUST101499,560078,0.24244302477569035,0.14596790446960203,0
ORD505942,CUST100534,560068,0.6645072620284929,0.12357375658063682,0
ORD507569,CUST100536,560077,0.2901295476709541,0.48289222403515625,0
ORD506866,CUST100136,560119,0.03542903995029727,0.23009324809977014,0
ORD501535,CUST100278,560063,0.09566624421358363,0.19220896367361404,0
ORD500651,CUST100557,560119,0.29966387224425906,0.23009324809977014,1
ORD507859,CUST100613,560097,0.16336018873064242,0.2209193286304174,0
ORD503561,CUST101121,560115,0.19032803455723113,0.23129979364443987,0
ORD501780,CUST100208,560034,0.19975800750299405,0.2969408870047299,0
ORD507515,CUST100406,560091,0.25774521074598095,0.363756533272939,0
ORD506858,CUST100091,560008,0.18284841178251302,0.3291430834854005,0
ORD502377,CUST101657,560074,0.1638237871995477,0.07273808090514074,0
ORD502843,CUST100541,560104,0.16757657415686808,0.1241972485306535,1
ORD500489,CUST101427,560002,0.35523850783832206,0.06816617099651445,0
ORD501310,CUST101075,560022,0.26907765391546296,0.12028576980936151,0
ORD505168,CUST101129,560035,0.3496004715922704,0.44644714587366313,0
ORD501017,CUST101307,560002,0.3269813814577853,0.06816617099651445,0
ORD503537,CUST101423,560019,0.5106095399953449,0.048751952975078075,0
ORD507335,CUST100759,560090,0.14931459557255047,0.0937263908731933,0
ORD505404,CUST100397,560016,0.2810349509629501,0.21649401012539535,0
ORD506085,CUST101805,560062,0.2050351585477618,0.36167936673581547,0
ORD500665,CUST100353,560059,0.27580452681496,0.06343485879816538,0
ORD507317,CUST100374,560086,0.32003705418313455,0.007482278722774853,0
ORD504302,CUST100811,560031,0.1625632200246186,0.1918817018934806,0
ORD505017,CUST100524,560117,0.15250618963621082,0.07519208933625972,0
ORD501385,CUST101892,560040,0.22566982488398443,0.13792726590918689,0
ORD504579,CUST100116,560066,0.24874291058771908,0.44863880467564937,1
ORD505847,CUST100053,560116,0.3259641018177863,0.21263077921125112,0
ORD502408,CUST101930,560117,0.10390544432784944,0.07519208933625972,0
ORD500833,CUST101988,560118,0.20122849670534113,0.21889163644714124,0
ORD506943,CUST100849,560093,0.04753759575732664,0.1005035939480502,0
ORD502928,CUST101151,560008,0.17064912335076665,0.3291430834854005,1
ORD502496,CUST101480,560052,0.31237461897038005,0.10086571587923499,0
ORD505708,CUST100901,560113,0.18779275691082997,0.05073967111486112,0
ORD500387,CUST100610,560069,0.34213038061806744,0.11654125384957931,0
ORD506098,CUST101013,560078,0.12990699426254682,0.14596790446960203,1
ORD503956,CUST101550,560030,0.0804044795592246,0.07698134180032012,0
ORD505981,CUST100735,560081,0.324376255869673,0.1954421444622332,0
ORD501890,CUST100545,560034,0.43544254381347786,0.2969408870047299,1
ORD507747,CUST100688,560010,0.03927644821490522,0.26331848167006455,0
ORD507182,CUST100474,560043,0.40080141861945334,0.10924789759182774,0
ORD504550,CUST101543,560104,0.4487444125680534,0.1241972485306535,0
ORD505055,CUST100377,560052,0.23491334035445868,0.10086571587923499,0
ORD506626,CUST101534,560009,0.445110893697529,0.26522522319557623,0
ORD506107,CUST100324,560059,0.372235180820969,0.06343485879816538,0
ORD501346,CUST101762,560041,0.3039523629091911,0.1311386209542706,0
ORD506713,CUST100036,560094,0.1036578444265268,0.3010387326878104,0
ORD505236,CUST101065,560049,0.07052430012811775,0.10008282781565703,0
ORD502216,CUST101828,560082,0.2245352895470603,0.4036521734896382,0
ORD504704,CUST101389,560081,0.18808142018776278,0.1954421444622332,0
ORD504289,CUST100928,560095,0.25199964349216575,0.1770255930012656,0
ORD507466,CUST100024,560013,0.3173771501855524,0.18703349260237212,0
ORD501353,CUST100470,560030,0.4187693037372645,0.07698134180032012,0
ORD502704,CUST100780,560027,0.3418955096204382,0.3964081708913591,0
ORD503362,CUST100190,560006,0.31973660715339725,0.0359397910518748,0
ORD507479,CUST100324,560056,0.372235180820969,0.1311151942786954,0
ORD502046,CUST101183,560091,0.5778690550660062,0.363756533272939,1
ORD500018,CUST101657,560068,0.1638237871995477,0.12357375658063682,0
ORD500758,CUST100034,560118,0.46365026623247513,0.21889163644714124,0
ORD507157,CUST101888,560099,0.170079789831775,0.15847855826528787,0
ORD507723,CUST100759,560077,0.14931459557255047,0.48289222403515625,0
ORD507442,CUST100799,560048,0.1633484322415078,0.48509059761807705,0
ORD505744,CUST101125,560035,0.3282776363453346,0.44644714587366313,1
ORD504444,CUST101578,560027,0.30010531142324876,0.3964081708913591,0
ORD505548,CUST100924,560003,0.16110498237076418,0.21762362723276713,1
ORD502519,CUST101380,560101,0.2839498560754046,0.2210289590416924,0
ORD505541,CUST100089,560091,0.2779937156072131,0.363756533272939,0
ORD504358,CUST101408,560077,0.5599391908775743,0.48289222403515625,0
ORD507807,CUST101250,560048,0.12834587113286433,0.48509059761807705,0
ORD505137,CUST101268,560099,0.3633623231742147,0.15847855826528787,0
ORD503814,CUST100857,560033,0.160511974349972,0.2000167013897961,0
ORD500565,CUST101680,560102,0.21070586416647988,0.3116574064541478,0
ORD503848,CUST101446,560002,0.0915692606834209,0.06816617099651445,0
ORD506976,CUST101215,560006,0.04373699234051615,0.0359397910518748,0
ORD504691,CUST101569,560104,0.16555004783123753,0.1241972485306535,0
ORD501014,CUST101216,560034,0.17029144689173453,0.2969408870047299,1
ORD500430,CUST101437,560086,0.057332321813472586,0.007482278722774853,0
ORD502493,CUST101105,560077,0.1854958612320391,0.48289222403515625,1
ORD504995,CUST101373,560062,0.20763196458988345,0.36167936673581547,0
ORD501935,CUST101193,560073,0.42038115564156164,0.40608187581223554,0
ORD504514,CUST101717,560018,0.4059438794550481,0.15888837338663903,0
ORD504700,CUST101905,560091,0.36080780998669715,0.363756533272939,0
ORD500899,CUST101405,560094,0.10805585097920675,0.3010387326878104,0
ORD504399,CUST100500,560117,0.511775030466044,0.07519208933625972,1
ORD505212,CUST101135,560050,0.17862210645797233,0.39804978962446785,0
ORD504496,CUST100063,560002,0.10212483545629032,0.06816617099651445,0
ORD502199,CUST100635,560057,0.30707185083804733,0.06751530873316719,0
ORD504026,CUST100405,560073,0.16177634634701885,0.40608187581223554,0
ORD507639,CUST100906,560113,0.32608688428099614,0.05073967111486112,0
ORD500916,CUST100416,560080,0.3747717369370184,0.35705055052060225,1
ORD505229,CUST100461,560073,0.049577018851452645,0.40608187581223554,0
ORD507326,CUST101447,560086,0.37463673070772235,0.007482278722774853,0
ORD501672,CUST101337,560118,0.35218332075171865,0.21889163644714124,0
ORD505069,CUST100039,560100,0.23107398565158901,0.3742111996543805,0
ORD507058,CUST101880,560020,0.5413499784734443,0.2587614293950907,1
ORD500768,CUST100973,560031,0.1877613483299769,0.1918817018934806,0
ORD505388,CUST101757,560011,0.5081883091584374,0.26287102465088363,1
ORD500012,CUST100604,560103,0.37339241588022004,0.2331908497366693,0
ORD501086,CUST101377,560043,0.15168052257429876,0.10924789759182774,0
ORD505904,CUST100988,560075,0.13672265930414002,0.04994448821558866,0
ORD506285,CUST101586,560089,0.41790976805842955,0.19467065107163697,0
ORD502755,CUST100792,560045,0.22353861829749067,0.2009380398079108,0
ORD503080,CUST100520,560069,0.3820936747712913,0.11654125384957931,0
ORD505745,CUST100431,560005,0.4862266497306529,0.3717167319646953,0
ORD504695,CUST101592,560041,0.06097123207784671,0.1311386209542706,0
ORD506660,CUST101592,560056,0.06097123207784671,0.1311151942786954,0
ORD506536,CUST100251,560085,0.24989906497225137,0.24590610537959195,0
ORD506015,CUST101324,560110,0.10814779048836926,0.4429461963712056,0
ORD507735,CUST101019,560067,0.6232471313126572,0.2626412720928802,0
ORD504563,CUST100398,560034,0.11565315745837781,0.2969408870047299,0
ORD507114,CUST100453,560007,0.26335659719559446,0.4115118018852822,0
ORD503249,CUST101997,560108,0.22853820821676843,0.3345971676330574,1
ORD503089,CUST101276,560083,0.3794418666273992,0.09761538384380626,1
ORD504456,CUST101175,560009,0.5531198981182217,0.26522522319557623,0
ORD500369,CUST100901,560108,0.18779275691082997,0.3345971676330574,0
ORD501595,CUST100573,560102,0.158432901455159,0.3116574064541478,0
ORD504217,CUST100725,560080,0.17751620465362142,0.35705055052060225,0
ORD507683,CUST100053,560099,0.3259641018177863,0.15847855826528787,0
ORD501420,CUST100240,560029,0.16482652189748134,0.13120234612701753,0
ORD507873,CUST101349,560033,0.24252121289004466,0.2000167013897961,0
ORD506283,CUST100058,560086,0.33946126851350195,0.007482278722774853,0
ORD500424,CUST100502,560001,0.2145242588320448,0.4276493248809966,0
ORD503737,CUST101586,560054,0.41790976805842955,0.10632638057233394,0
ORD507544,CUST101884,560100,0.47645555276211093,0.3742111996543805,1
ORD504328,CUST101639,560101,0.16882341312566285,0.2210289590416924,0
ORD505665,CUST101117,560068,0.1403338536758354,0.12357375658063682,0
ORD507951,CUST100088,560046,0.20401397040683977,0.30307755392063607,0
ORD506831,CUST101312,560102,0.2806836874022699,0.3116574064541478,0
ORD501609,CUST100314,560088,0.4117868133302571,0.14077625183446615,0
ORD505264,CUST100451,560007,0.3269451502115473,0.4115118018852822,1
ORD501428,CUST100928,560073,0.25199964349216575,0.40608187581223554,1
ORD500185,CUST100725,560105,0.17751620465362142,0.2610606417315302,0
ORD502052,CUST101268,560092,0.3633623231742147,0.4652541447815074,0
ORD500028,CUST100498,560042,0.10854267231058526,0.20272897456368089,0
ORD507854,CUST100872,560048,0.3932300760602047,0.48509059761807705,1
ORD504107,CUST100335,560068,0.42268110363427963,0.12357375658063682,1
ORD504105,CUST101207,560081,0.5611873074821642,0.1954421444622332,1
ORD505165,CUST101893,560093,0.5724355175123372,0.1005035939480502,1
ORD507605,CUST101183,560030,0.5778690550660062,0.07698134180032012,1
ORD507571,CUST100490,560020,0.3031590335061441,0.2587614293950907,0
ORD507066,CUST100345,560053,0.26357426902472036,0.2746954160023574,0
ORD500172,CUST101407,560111,0.21227410215681433,0.1318273625407665,0
ORD507760,CUST101810,560066,0.2579481505380474,0.44863880467564937,0
ORD501249,CUST100376,560073,0.11496764830095485,0.40608187581223554,1
ORD507173,CUST101450,560074,0.1557828750079239,0.07273808090514074,0
ORD502939,CUST100659,560068,0.24535700380139852,0.12357375658063682,0
ORD507692,CUST101246,560092,0.32724707914173723,0.4652541447815074,1
ORD502202,CUST101327,560089,0.5294491042064734,0.19467065107163697,0
ORD501492,CUST100995,560069,0.2336410115856832,0.11654125384957931,0
ORD507585,CUST100878,560092,0.15268590073282468,0.4652541447815074,0
ORD504801,CUST101869,560013,0.15014274497728494,0.18703349260237212,0
ORD500572,CUST100798,560060,0.29584822305361935,0.148778104232636,0
ORD503230,CUST100448,560110,0.3724144400903301,0.4429461963712056,1
ORD501431,CUST101203,560021,0.2125095205336983,0.07930465192162388,0
ORD505463,CUST101116,560011,0.30721251020367246,0.26287102465088363,1
ORD500513,CUST101551,560049,0.2522211494965068,0.10008282781565703,0
ORD506485,CUST100520,560057,0.3820936747712913,0.06751530873316719,0
ORD501109,CUST101022,560071,0.14866291869075507,0.2846659660343278,0
ORD504472,CUST101491,560072,0.5825453081141901,0.0983469859236676,1
ORD505607,CUST100064,560037,0.1683531119228636,0.20052614877754213,0
ORD502163,CUST101432,560113,0.03170648536110114,0.05073967111486112,0
ORD506151,CUST101558,560077,0.2362087605142643,0.48289222403515625,0
ORD507654,CUST100424,560100,0.14393935494351567,0.3742111996543805,0
ORD505265,CUST100168,560066,0.12077324934022764,0.44863880467564937,0
ORD507033,CUST100860,560078,0.28458392516216463,0.14596790446960203,0
ORD502406,CUST100798,560045,0.29584822305361935,0.2009380398079108,0
ORD503683,CUST101125,560045,0.3282776363453346,0.2009380398079108,0
ORD504488,CUST100607,560087,0.32492766544731544,0.2319307941510612,0
ORD503195,CUST100962,560075,0.26922230243613665,0.04994448821558866,0
ORD500126,CUST101089,560064,0.30217144256017153,0.4107390138477389,1
ORD503353,CUST101140,560029,0.0019976809791618253,0.13120234612701753,0
ORD504569,CUST101657,560015,0.1638237871995477,0.2930958901877522,0
ORD505987,CUST100872,560099,0.3932300760602047,0.15847855826528787,0
ORD506543,CUST101866,560105,0.31025973457147965,0.2610606417315302,0
ORD504499,CUST101221,560027,0.2702196956443796,0.3964081708913591,1
ORD503827,CUST101055,560044,0.07203533156178242,0.24271947144386585,0
ORD507264,CUST101977,560043,0.10308490365182771,0.10924789759182774,0
ORD505205,CUST101390,560101,0.08909689827440144,0.2210289590416924,0
ORD503716,CUST101480,560059,0.31237461897038005,0.06343485879816538,0
ORD507511,CUST100556,560072,0.1171182105953482,0.0983469859236676,0
ORD507037,CUST100532,560074,0.11716756530475335,0.07273808090514074,0
ORD505112,CUST100688,560044,0.03927644821490522,0.24271947144386585,0
ORD504483,CUST101261,560095,0.1063774454507707,0.1770255930012656,0
ORD504538,CUST100370,560117,0.3389478327833424,0.07519208933625972,0
ORD505523,CUST101764,560062,0.28926297392974754,0.36167936673581547,0
ORD502162,CUST100478,560103,0.5424554488796087,0.2331908497366693,1
ORD501530,CUST100085,560082,0.07704457522442643,0.4036521734896382,0
ORD507896,CUST101749,560055,0.08901478934350472,0.24304583988795897,0
ORD503868,CUST100453,560072,0.26335659719559446,0.0983469859236676,0
ORD507374,CUST101335,560111,0.2437877142910798,0.1318273625407665,1
ORD502799,CUST101794,560006,0.25410635275941446,0.0359397910518748,0
ORD502147,CUST101681,560116,0.39531078164283623,0.21263077921125112,1
ORD501714,CUST101363,560110,0.11479083324554261,0.4429461963712056,0
ORD502142,CUST100212,560004,0.3168272953486334,0.19762853761721605,0
ORD507325,CUST100774,560052,0.22369831123924852,0.10086571587923499,0
ORD504090,CUST100888,560080,0.46669449990302514,0.35705055052060225,0
ORD503713,CUST101815,560052,0.23825396659276094,0.10086571587923499,0
ORD506757,CUST100517,560054,0.03256332504746043,0.10632638057233394,1
ORD501989,CUST101291,560037,0.025823703401377854,0.20052614877754213,0
ORD506053,CUST101118,560092,0.20566279538085244,0.4652541447815074,0
ORD504418,CUST100621,560029,0.394675253137179,0.13120234612701753,0
ORD505779,CUST101072,560102,0.5120294647033987,0.3116574064541478,1
ORD507682,CUST101830,560023,0.47289832436853624,0.028472335602004763,0
ORD503225,CUST100968,560101,0.3973618457745203,0.2210289590416924,1
ORD503839,CUST100145,560038,0.2486017792851423,0.4922123466288645,1
ORD503157,CUST101495,560106,0.14408399009348308,0.19267676572383044,0
ORD500509,CUST100976,560072,0.3107796822198419,0.0983469859236676,0
ORD504153,CUST100708,560070,0.3167306496511369,0.20224062701049086,0
ORD502137,CUST100774,560018,0.22369831123924852,0.15888837338663903,0
ORD505827,CUST101335,560059,0.2437877142910798,0.06343485879816538,0
ORD501996,CUST101551,560115,0.2522211494965068,0.23129979364443987,0
ORD505194,CUST100151,560015,0.14720873128711998,0.2930958901877522,1
ORD504268,CUST100602,560040,0.02235684262044825,0.13792726590918689,0
ORD502868,CUST100017,560009,0.11826527161057414,0.26522522319557623,0
ORD505154,CUST100678,560059,0.3927228897844673,0.06343485879816538,0
ORD500624,CUST101754,560108,0.29613475476055007,0.3345971676330574,0
ORD500331,CUST100759,560102,0.14931459557255047,0.3116574064541478,0
ORD507947,CUST100458,560116,0.27780100478810504,0.21263077921125112,0
ORD507205,CUST100416,560014,0.3747717369370184,0.32405610103166854,0
ORD507758,CUST100185,560075,0.24645297721478737,0.04994448821558866,0
ORD506067,CUST101806,560041,0.2686247494587073,0.1311386209542706,1
ORD506311,CUST100035,560005,0.03696830256968456,0.3717167319646953,0
ORD507688,CUST101876,560104,0.25977387407984437,0.1241972485306535,0
ORD507244,CUST101834,560088,0.31670530758886617,0.14077625183446615,0
ORD502543,CUST100003,560008,0.2625171002989132,0.3291430834854005,0
ORD504299,CUST100107,560038,0.20995383460968203,0.4922123466288645,0
ORD503458,CUST100380,560032,0.1720539793002365,0.2652671681157216,0
ORD504130,CUST101085,560079,0.1947137905700154,0.17876544501708239,0
ORD501104,CUST101246,560026,0.32724707914173723,0.06415183632714254,0
ORD503887,CUST100374,560089,0.32003705418313455,0.19467065107163697,0
ORD501069,CUST101038,560088,0.3699262684805696,0.14077625183446615,0
ORD500740,CUST101586,560052,0.41790976805842955,0.10086571587923499,1
ORD506293,CUST100085,560041,0.07704457522442643,0.1311386209542706,1
ORD502786,CUST100516,560107,0.33375713618452035,0.4249338442310718,0
ORD501924,CUST101117,560102,0.1403338536758354,0.3116574064541478,0
ORD501000,CUST100713,560113,0.13711908445634313,0.05073967111486112,0
ORD504154,CUST100347,560078,0.19886391020651462,0.14596790446960203,0
ORD507797,CUST100131,560040,0.46001324343588723,0.13792726590918689,0
ORD501778,CUST101022,560071,0.14866291869075507,0.2846659660343278,0
ORD504492,CUST101268,560054,0.3633623231742147,0.10632638057233394,1
ORD501611,CUST100460,560067,0.3753463445849248,0.2626412720928802,1
ORD505534,CUST100147,560013,0.14849469586761202,0.18703349260237212,1
ORD506638,CUST101850,560110,0.233641088810736,0.4429461963712056,0
ORD506284,CUST100079,560043,0.3923137330147234,0.10924789759182774,0
ORD502969,CUST100924,560046,0.16110498237076418,0.30307755392063607,1
ORD502293,CUST100692,560038,0.24075359089905976,0.4922123466288645,1
ORD502424,CUST101638,560117,0.1155768135052856,0.07519208933625972,0
ORD505103,CUST101184,560065,0.09769555583740164,0.12481245587380058,0
ORD502718,CUST100272,560102,0.278455179805805,0.3116574064541478,0
ORD502043,CUST101461,560066,0.14389940636283058,0.44863880467564937,0
ORD503650,CUST100667,560002,0.26144358598698514,0.06816617099651445,0
ORD500785,CUST100034,560049,0.46365026623247513,0.10008282781565703,0
ORD504809,CUST100699,560109,0.44921160864002563,0.5252484997618413,0
ORD506336,CUST100814,560054,0.4154643193987724,0.10632638057233394,0
ORD501360,CUST101714,560093,0.13940452811239296,0.1005035939480502,0
ORD506832,CUST100935,560077,0.48051431524057286,0.48289222403515625,1
ORD504895,CUST101751,560039,0.30769139596883865,0.08257987664945507,1
ORD502180,CUST100547,560028,0.21839807662579255,0.033656118245986556,0
ORD501942,CUST101969,560062,0.3615433730343218,0.36167936673581547,0
ORD504212,CUST101502,560051,0.03986856808464904,0.06321104945248114,0
ORD507409,CUST101674,560077,0.21621103592139168,0.48289222403515625,0
ORD500537,CUST100693,560110,0.09951530110540431,0.4429461963712056,0
ORD506933,CUST100964,560014,0.2696262010069623,0.32405610103166854,1
ORD501490,CUST101740,560023,0.12380485100140662,0.028472335602004763,0
ORD502599,CUST101717,560043,0.4059438794550481,0.10924789759182774,0
ORD503976,CUST101278,560011,0.3820645343334161,0.26287102465088363,0
ORD506789,CUST101742,560050,0.3705498308342294,0.39804978962446785,1
ORD506219,CUST100949,560015,0.21962670394386594,0.2930958901877522,0
ORD504634,CUST101884,560061,0.47645555276211093,0.14659676401055344,1
ORD505337,CUST100969,560061,0.2242568503464618,0.14659676401055344,0
ORD502854,CUST101250,560040,0.12834587113286433,0.13792726590918689,0
ORD505556,CUST100872,560118,0.3932300760602047,0.21889163644714124,0
ORD503790,CUST100431,560014,0.4862266497306529,0.32405610103166854,0
ORD503772,CUST101914,560081,0.4546068198322104,0.1954421444622332,1
ORD503363,CUST100475,560111,0.3926881472493449,0.1318273625407665,1
ORD507232,CUST101608,560072,0.17874359530435505,0.0983469859236676,0
ORD506598,CUST101838,560033,0.14345088018268304,0.2000167013897961,1
ORD506619,CUST101055,560030,0.07203533156178242,0.07698134180032012,0
ORD502886,CUST100087,560095,0.5259008100699633,0.1770255930012656,0
ORD504767,CUST101580,560032,0.19821631109298093,0.2652671681157216,0
ORD503421,CUST101892,560101,0.22566982488398443,0.2210289590416924,0
ORD502557,CUST100515,560055,0.1354858514772503,0.24304583988795897,0
ORD504919,CUST101551,560096,0.2522211494965068,0.13143597660081374,0
ORD504474,CUST101215,560071,0.04373699234051615,0.2846659660343278,0
ORD506830,CUST100270,560037,0.07319325355511432,0.20052614877754213,0
ORD501045,CUST101389,560061,0.18808142018776278,0.14659676401055344,0
ORD502367,CUST101472,560104,0.305233244840429,0.1241972485306535,1
ORD504585,CUST100148,560118,0.08260669207550075,0.21889163644714124,0
ORD506231,CUST101072,560051,0.5120294647033987,0.06321104945248114,0
ORD503481,CUST100027,560059,0.3442859159134522,0.06343485879816538,0
ORD500266,CUST101467,560049,0.16625647957893838,0.10008282781565703,0
ORD503798,CUST100708,560027,0.3167306496511369,0.3964081708913591,0
ORD500128,CUST100057,560027,0.21714365268202862,0.3964081708913591,0
ORD505378,CUST100405,560023,0.16177634634701885,0.028472335602004763,0
ORD502064,CUST100208,560040,0.19975800750299405,0.13792726590918689,0
ORD503326,CUST100881,560023,0.3674545555138409,0.028472335602004763,0
ORD500621,CUST100222,560039,0.3666490656306323,0.08257987664945507,0
ORD504262,CUST100684,560106,0.44186887226166205,0.19267676572383044,1
ORD504331,CUST100906,560089,0.32608688428099614,0.19467065107163697,0
ORD501454,CUST100173,560088,0.45142648803811186,0.14077625183446615,1
ORD504952,CUST100173,560027,0.45142648803811186,0.3964081708913591,0
ORD507525,CUST100915,560064,0.20865320189735773,0.4107390138477389,0
ORD504843,CUST100420,560029,0.07875622019451736,0.13120234612701753,0
ORD507776,CUST100779,560054,0.2710023330573775,0.10632638057233394,0
ORD507408,CUST101604,560033,0.03414947489079951,0.2000167013897961,0
ORD506659,CUST101667,560105,0.0449428616784368,0.2610606417315302,0
ORD507957,CUST101604,560078,0.03414947489079951,0.14596790446960203,0
ORD507675,CUST100034,560074,0.46365026623247513,0.07273808090514074,1
ORD505226,CUST100687,560087,0.21032372896200763,0.2319307941510612,0
ORD506803,CUST100361,560038,0.3522819979765525,0.4922123466288645,0
ORD504911,CUST100341,560055,0.14314615018899832,0.24304583988795897,0
ORD503019,CUST100863,560064,0.36926212838838024,0.4107390138477389,0
ORD505884,CUST101356,560081,0.16088320279202084,0.1954421444622332,0
ORD504939,CUST100034,560083,0.46365026623247513,0.09761538384380626,0
ORD503383,CUST100545,560004,0.43544254381347786,0.19762853761721605,1
ORD504913,CUST101499,560027,0.24244302477569035,0.3964081708913591,0
ORD507056,CUST101344,560116,0.13353911012011205,0.21263077921125112,0
ORD503510,CUST100005,560001,0.44640490282899387,0.4276493248809966,0
ORD502670,CUST100232,560056,0.2568909066288726,0.1311151942786954,1
ORD506209,CUST100758,560066,0.24914756669541444,0.44863880467564937,1
ORD502116,CUST101868,560022,0.3525270186186858,0.12028576980936151,1
ORD507193,CUST100809,560065,0.237137494601605,0.12481245587380058,0
ORD505791,CUST100059,560072,0.04047509547806022,0.0983469859236676,0
ORD500301,CUST101674,560082,0.21621103592139168,0.4036521734896382,0
ORD500587,CUST100675,560091,0.16855368959133205,0.363756533272939,0
ORD507696,CUST101701,560055,0.3061840886816502,0.24304583988795897,0
ORD500271,CUST101759,560064,0.05262839186400578,0.4107390138477389,0
ORD503438,CUST101096,560029,0.08936628196357682,0.13120234612701753,0
ORD507468,CUST101657,560081,0.1638237871995477,0.1954421444622332,0
ORD507543,CUST100660,560091,0.7587990740316559,0.363756533272939,1
ORD504803,CUST101013,560116,0.12990699426254682,0.21263077921125112,0
ORD502497,CUST100408,560093,0.15960867264431888,0.1005035939480502,0
ORD507782,CUST100777,560044,0.31685202048831695,0.24271947144386585,1
ORD500275,CUST100557,560065,0.29966387224425906,0.12481245587380058,0
ORD504486,CUST101084,560009,0.1018175796945336,0.26522522319557623,0
ORD503462,CUST101072,560102,0.5120294647033987,0.3116574064541478,1
ORD500436,CUST101156,560004,0.22259275431068676,0.19762853761721605,0
ORD505444,CUST100935,560092,0.48051431524057286,0.4652541447815074,1
ORD505716,CUST100194,560042,0.36187966998918064,0.20272897456368089,0
ORD505164,CUST101659,560113,0.35999575520451765,0.05073967111486112,0
ORD504189,CUST101608,560019,0.17874359530435505,0.048751952975078075,0
ORD502888,CUST101423,560071,0.5106095399953449,0.2846659660343278,1
ORD504639,CUST100059,560033,0.04047509547806022,0.2000167013897961,0
ORD506082,CUST100577,560021,0.2042925306906814,0.07930465192162388,0
ORD507089,CUST100888,560063,0.46669449990302514,0.19220896367361404,1
ORD504009,CUST100924,560021,0.16110498237076418,0.07930465192162388,0
ORD506988,CUST100424,560003,0.14393935494351567,0.21762362723276713,1
ORD503414,CUST101810,560058,0.2579481505380474,0.20486674986456038,0
ORD505998,CUST101390,560074,0.08909689827440144,0.07273808090514074,0
ORD503900,CUST100615,560017,0.3607060487773846,0.14572183941573405,1
ORD507923,CUST100199,560109,0.3325622338548419,0.5252484997618413,0
ORD503957,CUST101390,560048,0.08909689827440144,0.48509059761807705,0
ORD501647,CUST100758,560093,0.24914756669541444,0.1005035939480502,0
ORD502048,CUST101407,560100,0.21227410215681433,0.3742111996543805,0
ORD507963,CUST101377,560057,0.15168052257429876,0.06751530873316719,0
ORD506656,CUST101153,560054,0.08192303219110879,0.10632638057233394,0
ORD502451,CUST101493,560114,0.13169122632323976,0.11153289416689233,0
ORD506077,CUST101265,560000,0.12254366674898377,0.0499470929340503,0
ORD507452,CUST101868,560105,0.3525270186186858,0.2610606417315302,1
ORD506744,CUST100321,560051,0.42296540799688903,0.06321104945248114,1
ORD503119,CUST100613,560111,0.16336018873064242,0.1318273625407665,1
ORD505099,CUST101742,560065,0.3705498308342294,0.12481245587380058,1
ORD507690,CUST101044,560082,0.44027129726710196,0.4036521734896382,1
ORD504928,CUST101373,560039,0.20763196458988345,0.08257987664945507,0
ORD504814,CUST101183,560033,0.5778690550660062,0.2000167013897961,1
ORD506004,CUST101762,560013,0.3039523629091911,0.18703349260237212,0
ORD506564,CUST101045,560113,0.14850656263461232,0.05073967111486112,0
ORD500057,CUST101118,560025,0.20566279538085244,0.12731929297945457,0
ORD505437,CUST101467,560086,0.16625647957893838,0.007482278722774853,0
ORD502310,CUST101967,560042,0.26408118652298557,0.20272897456368089,0
ORD505604,CUST100622,560021,0.12950940053657903,0.07930465192162388,0
ORD502226,CUST100975,560010,0.24375656389178965,0.26331848167006455,0
ORD500049,CUST100275,560088,0.18587087319682674,0.14077625183446615,0
ORD502279,CUST100901,560076,0.18779275691082997,0.1112464586243946,0
ORD507999,CUST101363,560000,0.11479083324554261,0.0499470929340503,0
ORD506959,CUST101579,560046,0.48168131853356183,0.30307755392063607,1
ORD500425,CUST101865,560106,0.16618064762524468,0.19267676572383044,0
ORD501713,CUST101657,560066,0.1638237871995477,0.44863880467564937,1
ORD500921,CUST101989,560088,0.2402731156078704,0.14077625183446615,0
ORD504720,CUST100708,560030,0.3167306496511369,0.07698134180032012,0
ORD502105,CUST100444,560016,0.4375803082647143,0.21649401012539535,0
ORD507243,CUST101096,560073,0.08936628196357682,0.40608187581223554,0
ORD507812,CUST101324,560087,0.10814779048836926,0.2319307941510612,0
ORD503417,CUST101551,560019,0.2522211494965068,0.048751952975078075,0
ORD504628,CUST101606,560040,0.16218260861802136,0.13792726590918689,0
ORD502749,CUST100302,560042,0.2676344641423701,0.20272897456368089,0
ORD504335,CUST101227,560006,0.11503655846878144,0.0359397910518748,0
ORD506921,CUST100112,560011,0.3082745733551808,0.26287102465088363,1
ORD506670,CUST101859,560041,0.06496970239762072,0.1311386209542706,0
ORD504461,CUST101166,560035,0.28441006833999144,0.44644714587366313,0
ORD506303,CUST101579,560105,0.48168131853356183,0.2610606417315302,1
ORD507866,CUST100976,560060,0.3107796822198419,0.148778104232636,0
ORD500427,CUST101164,560047,0.3221577863292197,0.2140654816693931,1
ORD507623,CUST101191,560070,0.5091446892358839,0.20224062701049086,0
ORD504368,CUST100918,560115,0.3490767652545195,0.23129979364443987,1
ORD500549,CUST101865,560070,0.16618064762524468,0.20224062701049086,0
ORD500943,CUST100901,560115,0.18779275691082997,0.23129979364443987,0
ORD503553,CUST100834,560103,0.3606103729463374,0.2331908497366693,0
ORD500997,CUST101805,560081,0.2050351585477618,0.1954421444622332,0
ORD505015,CUST101072,560091,0.5120294647033987,0.363756533272939,1
ORD505682,CUST101974,560020,0.34912978504838177,0.2587614293950907,0
ORD507771,CUST101922,560001,0.334261153302771,0.4276493248809966,1
ORD507206,CUST101431,560024,0.218617277433771,0.08499988471741125,0
ORD505136,CUST101936,560056,0.24736486048564243,0.1311151942786954,0
ORD502763,CUST100588,560017,0.46219689800581915,0.14572183941573405,0
ORD503456,CUST101787,560068,0.18866085009648215,0.12357375658063682,0
ORD506663,CUST101511,560026,0.28057291959922925,0.06415183632714254,0
ORD506054,CUST100872,560038,0.3932300760602047,0.4922123466288645,1
ORD505116,CUST101940,560035,0.2622218360153778,0.44644714587366313,0
ORD504773,CUST101184,560112,0.09769555583740164,0.10046769389686781,0
ORD503437,CUST100975,560109,0.24375656389178965,0.5252484997618413,0
ORD505122,CUST100740,560043,0.41041654651832793,0.10924789759182774,0
ORD504111,CUST100276,560090,0.3459632919107951,0.0937263908731933,0
ORD501852,CUST101249,560056,0.25442971860667596,0.1311151942786954,0
ORD505223,CUST101129,560026,0.3496004715922704,0.06415183632714254,0
ORD502550,CUST101129,560087,0.3496004715922704,0.2319307941510612,0
ORD502509,CUST100453,560080,0.26335659719559446,0.35705055052060225,0
ORD501203,CUST100906,560088,0.32608688428099614,0.14077625183446615,0
ORD506057,CUST101139,560042,0.23322461400002217,0.20272897456368089,0
ORD502773,CUST100725,560090,0.17751620465362142,0.0937263908731933,0
ORD506401,CUST100364,560001,0.3358319706571889,0.4276493248809966,1
ORD507360,CUST101552,560033,0.33298947052367206,0.2000167013897961,0
ORD502760,CUST100194,560103,0.36187966998918064,0.2331908497366693,0
ORD505077,CUST101543,560010,0.4487444125680534,0.26331848167006455,0
ORD500388,CUST100699,560014,0.44921160864002563,0.32405610103166854,0
ORD505967,CUST100863,560049,0.36926212838838024,0.10008282781565703,0
ORD503635,CUST100247,560076,0.23069756686430742,0.1112464586243946,0
ORD500955,CUST100520,560109,0.3820936747712913,0.5252484997618413,1
ORD500570,CUST100014,560071,0.23564858214539242,0.2846659660343278,0
ORD504249,CUST100684,560013,0.44186887226166205,0.18703349260237212,0
ORD507354,CUST100684,560090,0.44186887226166205,0.0937263908731933,0
ORD504602,CUST100410,560083,0.34134778732339127,0.09761538384380626,0
ORD506056,CUST101377,560076,0.15168052257429876,0.1112464586243946,0
ORD503894,CUST101657,560103,0.1638237871995477,0.2331908497366693,0
ORD503987,CUST101467,560034,0.16625647957893838,0.2969408870047299,0
ORD505340,CUST100206,560099,0.17068626302318904,0.15847855826528787,0
ORD504073,CUST100531,560092,0.27177374067259585,0.4652541447815074,0
ORD504723,CUST101122,560078,0.031070089624300228,0.14596790446960203,0
ORD504686,CUST101013,560096,0.12990699426254682,0.13143597660081374,0
ORD502680,CUST100485,560077,0.06329685196438278,0.48289222403515625,0
ORD501820,CUST101192,560023,0.05875192265508402,0.028472335602004763,0
ORD501197,CUST101251,560095,0.07393941178427549,0.1770255930012656,0
ORD501255,CUST100713,560103,0.13711908445634313,0.2331908497366693,0
ORD502055,CUST100001,560107,0.24614417619698423,0.4249338442310718,0
ORD506048,CUST100681,560048,0.19294509639750945,0.48509059761807705,0
ORD503529,CUST101666,560014,0.22460217308535657,0.32405610103166854,0
ORD501233,CUST100448,560119,0.3724144400903301,0.23009324809977014,1
ORD507833,CUST101203,560099,0.2125095205336983,0.15847855826528787,0
ORD500182,CUST101055,560116,0.07203533156178242,0.21263077921125112,0
ORD502800,CUST100520,560100,0.3820936747712913,0.3742111996543805,0
ORD501960,CUST101534,560023,0.445110893697529,0.028472335602004763,0
ORD507695,CUST101164,560063,0.3221577863292197,0.19220896367361404,0
ORD507120,CUST100165,560115,0.3355449419523954,0.23129979364443987,0
ORD501182,CUST101467,560009,0.16625647957893838,0.26522522319557623,1
ORD501287,CUST101203,560102,0.2125095205336983,0.3116574064541478,0
ORD503076,CUST101032,560024,0.22659941467826966,0.08499988471741125,0
ORD506766,CUST100677,560080,0.3529689970289334,0.35705055052060225,0
ORD502793,CUST100144,560089,0.46341394989494955,0.19467065107163697,0
ORD505320,CUST101519,560058,0.12767387611839967,0.20486674986456038,0
ORD503441,CUST100159,560093,0.05881659853496958,0.1005035939480502,0
ORD500813,CUST101701,560082,0.3061840886816502,0.4036521734896382,1
ORD501994,CUST100485,560023,0.06329685196438278,0.028472335602004763,0
ORD506618,CUST101161,560071,0.16621613591190618,0.2846659660343278,0
ORD504140,CUST100199,560038,0.3325622338548419,0.4922123466288645,1
ORD504405,CUST100901,560096,0.18779275691082997,0.13143597660081374,0
ORD505478,CUST101294,560100,0.06184401095130109,0.3742111996543805,0
ORD504291,CUST101164,560003,0.3221577863292197,0.21762362723276713,0
ORD504516,CUST100321,560106,0.42296540799688903,0.19267676572383044,0
ORD506609,CUST100906,560035,0.32608688428099614,0.44644714587366313,1
ORD504235,CUST101661,560060,0.0824280304679669,0.148778104232636,0
ORD501474,CUST101323,560036,0.26603876877990845,0.033224141114804616,0
ORD503064,CUST100231,560052,0.45454338905514596,0.10086571587923499,1
ORD500239,CUST100435,560115,0.15409376748987197,0.23129979364443987,0
ORD504529,CUST100227,560093,0.2560233812776348,0.1005035939480502,0
ORD500910,CUST100674,560013,0.5430110256129925,0.18703349260237212,1
ORD503945,CUST101430,560104,0.3599162346721973,0.1241972485306535,0
ORD503427,CUST100723,560056,0.08763097456402634,0.1311151942786954,0
ORD500782,CUST100801,560069,0.08818720269213687,0.11654125384957931,0
ORD501081,CUST100906,560065,0.32608688428099614,0.12481245587380058,0
ORD500221,CUST101976,560114,0.4315591773016445,0.11153289416689233,0
ORD506877,CUST101295,560096,0.1933314703424993,0.13143597660081374,0
ORD502539,CUST101966,560070,0.2834169609687111,0.20224062701049086,0
ORD505198,CUST101791,560063,0.48764193212685075,0.19220896367361404,1
ORD500611,CUST101939,560053,0.3599787465654824,0.2746954160023574,0
ORD504199,CUST100114,560065,0.11388016972116154,0.12481245587380058,0
ORD502442,CUST100924,560085,0.16110498237076418,0.24590610537959195,0
ORD502884,CUST101556,560042,0.22829920586186425,0.20272897456368089,0
ORD503872,CUST100018,560071,0.2828521239790615,0.2846659660343278,1
ORD506673,CUST101913,560086,0.4485734741088779,0.007482278722774853,1
ORD503931,CUST100428,560073,0.021184252375003435,0.40608187581223554,1
ORD502385,CUST101865,560119,0.16618064762524468,0.23009324809977014,0
ORD502809,CUST100566,560068,0.3692350826198513,0.12357375658063682,0
ORD501938,CUST100192,560029,0.22287364608691065,0.13120234612701753,0
ORD507883,CUST101618,560081,0.4347791548077604,0.1954421444622332,0
ORD504427,CUST100393,560109,0.342931829566947,0.5252484997618413,1
ORD503604,CUST100872,560047,0.3932300760602047,0.2140654816693931,0
ORD506142,CUST100424,560078,0.14393935494351567,0.14596790446960203,1
ORD503810,CUST100177,560037,0.07820534188507672,0.20052614877754213,0
ORD507073,CUST101741,560026,0.24208089541522598,0.06415183632714254,0
ORD503656,CUST101465,560113,0.2855087147460683,0.05073967111486112,0
ORD506016,CUST101189,560061,0.34298483911634053,0.14659676401055344,0
ORD504256,CUST101527,560111,0.12591046457884456,0.1318273625407665,0
ORD506549,CUST101335,560075,0.2437877142910798,0.04994448821558866,0
ORD500356,CUST100070,560027,0.1838032082155034,0.3964081708913591,0
ORD503569,CUST101976,560055,0.4315591773016445,0.24304583988795897,0
ORD507336,CUST100903,560119,0.10280718986234678,0.23009324809977014,0
ORD507038,CUST101154,560051,0.08618414001595866,0.06321104945248114,0
ORD506612,CUST100532,560063,0.11716756530475335,0.19220896367361404,0
ORD502960,CUST100482,560031,0.2754386295631827,0.1918817018934806,1
ORD504893,CUST101048,560064,0.1441161872280649,0.4107390138477389,0
ORD501436,CUST101898,560050,0.06489025014638872,0.39804978962446785,0
ORD507754,CUST100018,560040,0.2828521239790615,0.13792726590918689,0
ORD501303,CUST101594,560037,0.19948088577074655,0.20052614877754213,0
ORD505353,CUST101959,560107,0.23676533290086588,0.4249338442310718,1
ORD500468,CUST101013,560053,0.12990699426254682,0.2746954160023574,0
ORD505417,CUST101640,560018,0.20197096566295353,0.15888837338663903,0
ORD502277,CUST100359,560114,0.21989011196511407,0.11153289416689233,0
ORD503274,CUST101561,560109,0.09845495808053623,0.5252484997618413,1
ORD506032,CUST101997,560014,0.22853820821676843,0.32405610103166854,0
ORD505440,CUST100551,560022,0.5069207836417344,0.12028576980936151,1
ORD502407,CUST100047,560082,0.5115239173587337,0.4036521734896382,1
ORD501483,CUST101031,560056,0.11231085257644866,0.1311151942786954,0
ORD502339,CUST101551,560025,0.2522211494965068,0.12731929297945457,0
ORD507437,CUST100054,560011,0.3169418867271463,0.26287102465088363,0
ORD500883,CUST100684,560026,0.44186887226166205,0.06415183632714254,1
ORD500939,CUST101892,560098,0.22566982488398443,0.20695366556821226,0
ORD502672,CUST101594,560075,0.19948088577074655,0.04994448821558866,0
ORD501455,CUST100759,560116,0.14931459557255047,0.21263077921125112,0
ORD504442,CUST100911,560063,0.298266440698924,0.19220896367361404,1
ORD503932,CUST100913,560072,0.2579616654090884,0.0983469859236676,0
ORD502971,CUST100319,560104,0.3958288561774479,0.1241972485306535,0
ORD506017,CUST100991,560062,0.30345695285609264,0.36167936673581547,0
ORD502970,CUST101886,560020,0.30734925482671877,0.2587614293950907,1
ORD501648,CUST100375,560074,0.15399488329390626,0.07273808090514074,0
ORD505354,CUST100354,560104,0.41400072201775984,0.1241972485306535,0
ORD507552,CUST100969,560082,0.2242568503464618,0.4036521734896382,0
ORD502130,CUST100307,560111,0.2923331864352393,0.1318273625407665,0
ORD506264,CUST100381,560003,0.142405855423258,0.21762362723276713,0
ORD506035,CUST100296,560109,0.2216976101384966,0.5252484997618413,0
ORD507746,CUST101581,560021,0.2208754307182698,0.07930465192162388,0
ORD507061,CUST101508,560059,0.20799931281215192,0.06343485879816538,1
ORD504225,CUST101964,560045,0.13242696735352705,0.2009380398079108,0
ORD501675,CUST101893,560013,0.5724355175123372,0.18703349260237212,1
ORD500025,CUST101628,560040,0.5060698046512045,0.13792726590918689,1
ORD500836,CUST101602,560095,0.24275649572448044,0.1770255930012656,0
ORD505358,CUST100772,560052,0.11715758970115171,0.10086571587923499,0
ORD503980,CUST100057,560067,0.21714365268202862,0.2626412720928802,0
ORD504536,CUST101213,560021,0.5360332729494283,0.07930465192162388,0
ORD501246,CUST100361,560087,0.3522819979765525,0.2319307941510612,1
ORD502312,CUST100304,560114,0.21199326223067969,0.11153289416689233,0
ORD503341,CUST101153,560081,0.08192303219110879,0.1954421444622332,0
ORD503541,CUST100872,560100,0.3932300760602047,0.3742111996543805,1
ORD502831,CUST101730,560101,0.20257060460374818,0.2210289590416924,0
ORD504577,CUST101086,560089,0.07702572977124005,0.19467065107163697,0
ORD503651,CUST100095,560118,0.7642110094338409,0.21889163644714124,1
ORD502754,CUST101628,560005,0.5060698046512045,0.3717167319646953,1
ORD507096,CUST101237,560029,0.39578552080530405,0.13120234612701753,0
ORD507572,CUST100541,560092,0.16757657415686808,0.4652541447815074,1
ORD505527,CUST100543,560049,0.7296899354667504,0.10008282781565703,1
ORD507370,CUST101182,560006,0.2858027617189823,0.0359397910518748,0
ORD505725,CUST100116,560043,0.24874291058771908,0.10924789759182774,0
ORD501543,CUST101898,560078,0.06489025014638872,0.14596790446960203,0
ORD505861,CUST101397,560024,0.16569683789447415,0.08499988471741125,0
ORD500684,CUST101267,560090,0.08855690793325809,0.0937263908731933,0
ORD507800,CUST101294,560017,0.06184401095130109,0.14572183941573405,0
ORD507912,CUST101298,560023,0.23476857957985725,0.028472335602004763,0
ORD501667,CUST101435,560091,0.03298639032249153,0.363756533272939,0
ORD500382,CUST101789,560016,0.23223035599885355,0.21649401012539535,0
ORD501072,CUST101930,560061,0.10390544432784944,0.14659676401055344,0
ORD503497,CUST100897,560117,0.09638284267483184,0.07519208933625972,0
ORD504046,CUST100228,560056,0.19264547693073103,0.1311151942786954,0
ORD502381,CUST101237,560075,0.39578552080530405,0.04994448821558866,0
ORD506104,CUST100571,560083,0.20459557629689876,0.09761538384380626,0
ORD503247,CUST100746,560038,0.2616303277944666,0.4922123466288645,0
ORD500423,CUST101429,560094,0.06293286811999019,0.3010387326878104,0
ORD504052,CUST101513,560114,0.17514621066660485,0.11153289416689233,0
ORD506925,CUST101465,560097,0.2855087147460683,0.2209193286304174,0
ORD500548,CUST101924,560058,0.2637622447361595,0.20486674986456038,0
ORD507404,CUST101916,560004,0.24230976527158388,0.19762853761721605,0
ORD506983,CUST100063,560110,0.10212483545629032,0.4429461963712056,0
ORD500694,CUST101430,560047,0.3599162346721973,0.2140654816693931,0
ORD500717,CUST100037,560056,0.36643236650295463,0.1311151942786954,0
ORD506291,CUST101657,560099,0.1638237871995477,0.15847855826528787,0
ORD501782,CUST100789,560058,0.3320938373777742,0.20486674986456038,0
ORD500643,CUST100381,560038,0.142405855423258,0.4922123466288645,0
ORD507307,CUST100242,560104,0.10839420542924075,0.1241972485306535,0
ORD503791,CUST100309,560109,0.09221080951028436,0.5252484997618413,0
ORD501023,CUST100949,560013,0.21962670394386594,0.18703349260237212,0
ORD505723,CUST101783,560106,0.13443385430935925,0.19267676572383044,0
ORD505943,CUST101201,560097,0.08802933448471553,0.2209193286304174,0
ORD500429,CUST101757,560110,0.5081883091584374,0.4429461963712056,1
ORD501352,CUST100995,560048,0.2336410115856832,0.48509059761807705,0
ORD500216,CUST101841,560057,0.2681187828107988,0.06751530873316719,0
ORD506447,CUST101096,560113,0.08936628196357682,0.05073967111486112,0
ORD506646,CUST100305,560076,0.1965713354260339,0.1112464586243946,0
ORD505851,CUST101007,560072,0.3070825401363213,0.0983469859236676,0
ORD501910,CUST100381,560037,0.142405855423258,0.20052614877754213,0
ORD503047,CUST101391,560013,0.365393155319265,0.18703349260237212,0
ORD503985,CUST101203,560095,0.2125095205336983,0.1770255930012656,0
ORD506717,CUST101837,560034,0.3294886807091838,0.2969408870047299,0
ORD504758,CUST101428,560052,0.31554979772742214,0.10086571587923499,0
ORD503005,CUST101412,560097,0.12399667191772946,0.2209193286304174,0
ORD501751,CUST100424,560040,0.14393935494351567,0.13792726590918689,0
ORD501941,CUST101139,560039,0.23322461400002217,0.08257987664945507,0
ORD503435,CUST101116,560083,0.30721251020367246,0.09761538384380626,1
ORD501345,CUST101335,560096,0.2437877142910798,0.13143597660081374,0
ORD501052,CUST101422,560030,0.3855996470092261,0.07698134180032012,0
ORD501721,CUST100270,560067,0.07319325355511432,0.2626412720928802,0
ORD503867,CUST101681,560001,0.39531078164283623,0.4276493248809966,1
ORD507450,CUST101072,560024,0.5120294647033987,0.08499988471741125,0
ORD506105,CUST101272,560065,0.4077998154371647,0.12481245587380058,0
ORD503273,CUST100901,560081,0.18779275691082997,0.1954421444622332,0
ORD502007,CUST100151,560096,0.14720873128711998,0.13143597660081374,0
ORD506137,CUST100111,560013,0.1546812577925307,0.18703349260237212,0
ORD506950,CUST101591,560015,0.25964178669823756,0.2930958901877522,0
ORD503467,CUST100231,560116,0.45454338905514596,0.21263077921125112,1
ORD501054,CUST101267,560065,0.08855690793325809,0.12481245587380058,0
ORD506122,CUST101596,560053,0.04440262156441277,0.2746954160023574,1
ORD503787,CUST101233,560064,0.161843131269114,0.4107390138477389,0
ORD504737,CUST101062,560115,0.41201621260086296,0.23129979364443987,0
ORD505173,CUST101243,560050,0.16073899591578056,0.39804978962446785,0
ORD505299,CUST100577,560086,0.2042925306906814,0.007482278722774853,0
ORD500519,CUST100696,560054,0.1273977253721659,0.10632638057233394,0
ORD505983,CUST101270,560048,0.19279182743191678,0.48509059761807705,0
ORD504051,CUST101117,560108,0.1403338536758354,0.3345971676330574,1
ORD500933,CUST101246,560046,0.32724707914173723,0.30307755392063607,1
ORD503179,CUST101123,560072,0.3100531060522249,0.0983469859236676,0
ORD505899,CUST101608,560087,0.17874359530435505,0.2319307941510612,0
ORD500670,CUST101022,560098,0.14866291869075507,0.20695366556821226,0
ORD500677,CUST101480,560052,0.31237461897038005,0.10086571587923499,0
ORD503201,CUST101772,560070,0.10334794649716562,0.20224062701049086,0
ORD503039,CUST101663,560053,0.12207735692990353,0.2746954160023574,0
ORD504391,CUST100846,560113,0.1366520057743699,0.05073967111486112,0
ORD501067,CUST101317,560009,0.26026096398636983,0.26522522319557623,1
ORD505671,CUST100960,560031,0.45832686197594585,0.1918817018934806,0
ORD506707,CUST100824,560113,0.31890171190990224,0.05073967111486112,0
ORD507752,CUST100557,560014,0.29966387224425906,0.32405610103166854,1
ORD503442,CUST100973,560067,0.1877613483299769,0.2626412720928802,0
ORD502838,CUST100825,560010,0.3704709414578122,0.26331848167006455,0
ORD500404,CUST101424,560035,0.29835639825248184,0.44644714587366313,1
ORD504950,CUST100514,560003,0.06067469417646223,0.21762362723276713,0
ORD507517,CUST100577,560051,0.2042925306906814,0.06321104945248114,0
ORD504539,CUST101579,560113,0.48168131853356183,0.05073967111486112,0
ORD504802,CUST100725,560048,0.17751620465362142,0.48509059761807705,0
ORD507085,CUST101679,560091,0.5059292603318867,0.363756533272939,1
ORD504927,CUST101587,560000,0.22811637086575837,0.0499470929340503,0
ORD501186,CUST100380,560100,0.1720539793002365,0.3742111996543805,0
ORD507333,CUST101918,560048,0.5175305503664878,0.48509059761807705,0
ORD502473,CUST100692,560019,0.24075359089905976,0.048751952975078075,0
ORD503833,CUST100635,560061,0.30707185083804733,0.14659676401055344,0
ORD505545,CUST100936,560115,0.38428268208916083,0.23129979364443987,1
ORD507843,CUST101532,560096,0.23704685594461086,0.13143597660081374,0
ORD500715,CUST100180,560058,0.3176453119835616,0.20486674986456038,0
ORD506861,CUST100954,560118,0.32671402849596715,0.21889163644714124,0
ORD507292,CUST100536,560063,0.2901295476709541,0.19220896367361404,0
ORD506512,CUST101246,560081,0.32724707914173723,0.1954421444622332,0
ORD507455,CUST100771,560095,0.20039473636740185,0.1770255930012656,0
ORD501153,CUST100308,560052,0.12605441282590366,0.10086571587923499,0
ORD501803,CUST101106,560082,0.1941016350133047,0.4036521734896382,0
ORD501613,CUST101006,560020,0.13541873503354337,0.2587614293950907,0
ORD503563,CUST101273,560082,0.2185557515336479,0.4036521734896382,0
ORD505802,CUST101974,560043,0.34912978504838177,0.10924789759182774,0
ORD506213,CUST101637,560088,0.24806500572124585,0.14077625183446615,0
ORD500649,CUST101400,560056,0.16176637533562205,0.1311151942786954,0
ORD502400,CUST100570,560004,0.20370978877684995,0.19762853761721605,0
ORD505705,CUST101638,560049,0.1155768135052856,0.10008282781565703,0
ORD502005,CUST101157,560045,0.19581630906596817,0.2009380398079108,0
ORD507638,CUST101326,560058,0.4277705308887651,0.20486674986456038,0
ORD507768,CUST101490,560084,0.10307140940276524,0.3632584085729479,0
ORD504822,CUST100116,560004,0.24874291058771908,0.19762853761721605,0
ORD503744,CUST101693,560084,0.21089802743849947,0.3632584085729479,0
ORD503951,CUST101730,560082,0.20257060460374818,0.4036521734896382,0
ORD507113,CUST101246,560035,0.32724707914173723,0.44644714587366313,0
ORD504242,CUST100047,560074,0.5115239173587337,0.07273808090514074,0
ORD500249,CUST101998,560111,0.055224922653398546,0.1318273625407665,0
ORD502249,CUST100057,560105,0.21714365268202862,0.2610606417315302,0
ORD500086,CUST100545,560076,0.43544254381347786,0.1112464586243946,1
ORD505240,CUST100148,560045,0.08260669207550075,0.2009380398079108,1
ORD507813,CUST100669,560060,0.2662137094395429,0.148778104232636,0
ORD504973,CUST100834,560098,0.3606103729463374,0.20695366556821226,0
ORD505193,CUST100988,560105,0.13672265930414002,0.2610606417315302,0
ORD507550,CUST100047,560087,0.5115239173587337,0.2319307941510612,0
ORD502601,CUST100067,560017,0.2445339867991523,0.14572183941573405,0
ORD500891,CUST101307,560058,0.3269813814577853,0.20486674986456038,1
ORD504645,CUST101643,560111,0.13728638218163264,0.1318273625407665,0
ORD507295,CUST101814,560005,0.43976406813205154,0.3717167319646953,1
ORD505303,CUST100978,560020,0.09443693428091177,0.2587614293950907,0
ORD504599,CUST100406,560090,0.25774521074598095,0.0937263908731933,0
ORD507057,CUST101022,560088,0.14866291869075507,0.14077625183446615,0
ORD501077,CUST101431,560002,0.218617277433771,0.06816617099651445,0
ORD502035,CUST100048,560077,0.07638737713356161,0.48289222403515625,0
ORD506160,CUST101872,560071,0.11711795300575256,0.2846659660343278,0
ORD505150,CUST101906,560010,0.16743381205899463,0.26331848167006455,0
ORD505382,CUST100566,560105,0.3692350826198513,0.2610606417315302,1
ORD507423,CUST101467,560083,0.16625647957893838,0.09761538384380626,0
ORD503979,CUST101467,560044,0.16625647957893838,0.24271947144386585,0
ORD503254,CUST101117,560073,0.1403338536758354,0.40608187581223554,0
ORD506665,CUST100485,560049,0.06329685196438278,0.10008282781565703,0
ORD504784,CUST100862,560043,0.2791166848150765,0.10924789759182774,0
ORD507256,CUST100291,560029,0.08058041829298626,0.13120234612701753,0
ORD504920,CUST101335,560043,0.2437877142910798,0.10924789759182774,0
ORD507557,CUST101875,560075,0.20866604375382167,0.04994448821558866,0
ORD505079,CUST100838,560035,0.10748194757639341,0.44644714587366313,0
ORD501829,CUST100693,560068,0.09951530110540431,0.12357375658063682,0
ORD504448,CUST100063,560031,0.10212483545629032,0.1918817018934806,0
ORD507576,CUST100070,560084,0.1838032082155034,0.3632584085729479,1
ORD504793,CUST101887,560090,0.40496611312649683,0.0937263908731933,0
ORD503222,CUST101858,560017,0.43879665490804126,0.14572183941573405,1
ORD500631,CUST101608,560082,0.17874359530435505,0.4036521734896382,0
ORD501753,CUST100515,560038,0.1354858514772503,0.4922123466288645,0
ORD502980,CUST101203,560017,0.2125095205336983,0.14572183941573405,0
ORD506040,CUST101033,560044,0.01988411474478299,0.24271947144386585,0
ORD500835,CUST101793,560107,0.2076640234705369,0.4249338442310718,0
ORD502483,CUST101298,560040,0.23476857957985725,0.13792726590918689,0
ORD507641,CUST101793,560047,0.2076640234705369,0.2140654816693931,0
ORD501134,CUST101356,560089,0.16088320279202084,0.19467065107163697,0
ORD500948,CUST100395,560012,0.26234867347983615,0.08031914452505755,0
ORD505787,CUST101019,560015,0.6232471313126572,0.2930958901877522,0
ORD504478,CUST100879,560019,0.10017523767782194,0.048751952975078075,0
ORD504990,CUST101850,560003,0.233641088810736,0.21762362723276713,0
ORD507101,CUST101430,560004,0.3599162346721973,0.19762853761721605,1
ORD503801,CUST101547,560018,0.4871625286573606,0.15888837338663903,0
ORD501952,CUST100573,560035,0.158432901455159,0.44644714587366313,0
ORD505603,CUST101324,560004,0.10814779048836926,0.19762853761721605,0
ORD500364,CUST101297,560013,0.08514238127043966,0.18703349260237212,0
ORD501653,CUST101040,560012,0.16203598004927997,0.08031914452505755,0
ORD501019,CUST100684,560063,0.44186887226166205,0.19220896367361404,0
ORD504981,CUST101312,560003,0.2806836874022699,0.21762362723276713,0
ORD507356,CUST100814,560087,0.4154643193987724,0.2319307941510612,0
ORD500912,CUST100851,560061,0.1611250694185004,0.14659676401055344,1
ORD504756,CUST100569,560097,0.24797209991031588,0.2209193286304174,0
ORD502275,CUST100515,560087,0.1354858514772503,0.2319307941510612,0
ORD505749,CUST101974,560064,0.34912978504838177,0.4107390138477389,0
ORD507444,CUST101009,560118,0.3171853520459572,0.21889163644714124,0
ORD504849,CUST100556,560053,0.1171182105953482,0.2746954160023574,0
ORD506094,CUST100264,560107,0.08097222048102413,0.4249338442310718,0
ORD502920,CUST101199,560043,0.3902154867000258,0.10924789759182774,1
ORD507628,CUST101982,560002,0.4027719019933716,0.06816617099651445,0
ORD500066,CUST101100,560105,0.35888350596233515,0.2610606417315302,1
ORD501670,CUST101265,560030,0.12254366674898377,0.07698134180032012,0
ORD504204,CUST101265,560003,0.12254366674898377,0.21762362723276713,0
ORD504373,CUST100725,560075,0.17751620465362142,0.04994448821558866,0
ORD500328,CUST101786,560103,0.24032215738837232,0.2331908497366693,1
ORD504549,CUST100314,560104,0.4117868133302571,0.1241972485306535,0
ORD501459,CUST100515,560115,0.1354858514772503,0.23129979364443987,0
ORD504344,CUST100640,560022,0.2426758876131097,0.12028576980936151,0
ORD506392,CUST101875,560013,0.20866604375382167,0.18703349260237212,0
ORD504354,CUST100416,560014,0.3747717369370184,0.32405610103166854,0
ORD505130,CUST100774,560074,0.22369831123924852,0.07273808090514074,0
ORD504200,CUST101550,560057,0.0804044795592246,0.06751530873316719,0
ORD505078,CUST100963,560107,0.07666895142110197,0.4249338442310718,0
ORD506338,CUST100133,560022,0.40770299645353353,0.12028576980936151,0
ORD506106,CUST101612,560053,0.12829411880779212,0.2746954160023574,0
ORD507391,CUST101068,560082,0.3812362871009065,0.4036521734896382,0
ORD500478,CUST101763,560066,0.054387999196184734,0.44863880467564937,0
ORD505960,CUST101556,560015,0.22829920586186425,0.2930958901877522,1
ORD500750,CUST100459,560065,0.26371837835861184,0.12481245587380058,0
ORD502343,CUST100871,560040,0.11900029028742974,0.13792726590918689,0
ORD507231,CUST100092,560106,0.06025214601248902,0.19267676572383044,0
ORD500692,CUST100267,560000,0.21143427414909952,0.0499470929340503,0
ORD506455,CUST100577,560024,0.2042925306906814,0.08499988471741125,0
ORD501039,CUST100684,560061,0.44186887226166205,0.14659676401055344,0
ORD502890,CUST101771,560095,0.38952211246813145,0.1770255930012656,0
ORD505366,CUST101203,560110,0.2125095205336983,0.4429461963712056,0
ORD505005,CUST101201,560008,0.08802933448471553,0.3291430834854005,0
ORD501277,CUST100102,560046,0.14594410347412967,0.30307755392063607,0
ORD507187,CUST100834,560038,0.3606103729463374,0.4922123466288645,0
ORD504681,CUST100009,560090,0.46015210405281526,0.0937263908731933,1
ORD501577,CUST100725,560022,0.17751620465362142,0.12028576980936151,0
ORD506081,CUST101283,560089,0.13673513430713977,0.19467065107163697,0
ORD506784,CUST101216,560058,0.17029144689173453,0.20486674986456038,0
ORD504892,CUST101246,560022,0.32724707914173723,0.12028576980936151,0
ORD507489,CUST100710,560077,0.25021990793546545,0.48289222403515625,0
ORD506478,CUST100620,560095,0.27762091119656535,0.1770255930012656,0
ORD501041,CUST101893,560111,0.5724355175123372,0.1318273625407665,1
ORD500828,CUST100906,560077,0.32608688428099614,0.48289222403515625,0
ORD502858,CUST100638,560058,0.13908231984528782,0.20486674986456038,0
ORD503914,CUST100879,560022,0.10017523767782194,0.12028576980936151,0
ORD502686,CUST100901,560106,0.18779275691082997,0.19267676572383044,0
ORD506361,CUST101940,560032,0.2622218360153778,0.2652671681157216,0
ORD507607,CUST100532,560094,0.11716756530475335,0.3010387326878104,0
ORD505911,CUST101931,560103,0.16151890919267575,0.2331908497366693,0
ORD502891,CUST100906,560108,0.32608688428099614,0.3345971676330574,0
ORD502919,CUST100967,560008,0.1762552470657897,0.3291430834854005,0
ORD506727,CUST101089,560009,0.30217144256017153,0.26522522319557623,0
ORD506754,CUST101549,560047,0.12607618410544932,0.2140654816693931,0
ORD503634,CUST101850,560053,0.233641088810736,0.2746954160023574,0
ORD501400,CUST101637,560019,0.24806500572124585,0.048751952975078075,1
ORD500431,CUST101564,560004,0.3713254962644568,0.19762853761721605,0
ORD502947,CUST100337,560082,0.07564649186667005,0.4036521734896382,1
ORD501759,CUST100767,560049,0.032184328914809754,0.10008282781565703,0
ORD505349,CUST100007,560092,0.130383422505818,0.4652541447815074,0
ORD506709,CUST100557,560098,0.29966387224425906,0.20695366556821226,0
ORD505010,CUST101026,560049,0.17601086434245247,0.10008282781565703,0
ORD506457,CUST101717,560075,0.4059438794550481,0.04994448821558866,0
ORD504621,CUST100557,560018,0.29966387224425906,0.15888837338663903,0
ORD506735,CUST101211,560098,0.16597882724428165,0.20695366556821226,0
ORD507210,CUST100474,560108,0.40080141861945334,0.3345971676330574,0
ORD507846,CUST100844,560049,0.49837168382017244,0.10008282781565703,0
ORD500757,CUST100714,560081,0.04817716291662054,0.1954421444622332,0
ORD500831,CUST101175,560076,0.5531198981182217,0.1112464586243946,0
ORD506129,CUST101139,560093,0.23322461400002217,0.1005035939480502,0
ORD507790,CUST101242,560114,0.14752668249537118,0.11153289416689233,0
ORD507852,CUST100649,560086,0.12664862946612027,0.007482278722774853,0
ORD507082,CUST101294,560024,0.06184401095130109,0.08499988471741125,0
ORD505683,CUST101430,560010,0.3599162346721973,0.26331848167006455,0
ORD500207,CUST101922,560050,0.334261153302771,0.39804978962446785,0
ORD504574,CUST100717,560004,0.13778741012241738,0.19762853761721605,0
ORD504293,CUST100949,560079,0.21962670394386594,0.17876544501708239,0
ORD507098,CUST100037,560074,0.36643236650295463,0.07273808090514074,0
ORD500525,CUST100556,560001,0.1171182105953482,0.4276493248809966,0
ORD506511,CUST101608,560002,0.17874359530435505,0.06816617099651445,0
ORD501183,CUST101388,560119,0.2809313224070838,0.23009324809977014,0
ORD507322,CUST101471,560087,0.39340380421741983,0.2319307941510612,0
ORD503486,CUST100858,560083,0.49735146312055917,0.09761538384380626,0
ORD503732,CUST100645,560108,0.1725244850189034,0.3345971676330574,0
ORD502707,CUST100565,560089,0.2365731909103324,0.19467065107163697,0
ORD505531,CUST101662,560094,0.10650735560052575,0.3010387326878104,0
ORD506427,CUST101389,560038,0.18808142018776278,0.4922123466288645,1
ORD505557,CUST100862,560092,0.2791166848150765,0.4652541447815074,1
ORD505795,CUST101786,560019,0.24032215738837232,0.048751952975078075,0
ORD507176,CUST100935,560025,0.48051431524057286,0.12731929297945457,1
ORD507769,CUST100611,560016,0.5885383197450833,0.21649401012539535,1
ORD505054,CUST101884,560065,0.47645555276211093,0.12481245587380058,1
ORD503343,CUST100223,560047,0.06291718247910795,0.2140654816693931,0
ORD502803,CUST101967,560059,0.26408118652298557,0.06343485879816538,0
ORD507380,CUST100725,560025,0.17751620465362142,0.12731929297945457,0
ORD500190,CUST101782,560040,0.07770880438752555,0.13792726590918689,0
ORD505660,CUST101089,560031,0.30217144256017153,0.1918817018934806,0
ORD503837,CUST100445,560093,0.16468907167168612,0.1005035939480502,0
ORD500039,CUST100959,560035,0.16233150386687864,0.44644714587366313,0
ORD502794,CUST100403,560002,0.20115272590154482,0.06816617099651445,0
ORD505699,CUST101833,560008,0.15774023097194656,0.3291430834854005,0
ORD507327,CUST101436,560063,0.2662186570183969,0.19220896367361404,0
ORD506890,CUST101918,560003,0.5175305503664878,0.21762362723276713,0
ORD504744,CUST101164,560088,0.3221577863292197,0.14077625183446615,1
ORD504184,CUST100759,560033,0.14931459557255047,0.2000167013897961,0
ORD503901,CUST101749,560074,0.08901478934350472,0.07273808090514074,0
ORD502844,CUST101280,560043,0.21980135274451498,0.10924789759182774,0
ORD501749,CUST100883,560058,0.2641982590775291,0.20486674986456038,0
ORD500552,CUST101657,560079,0.1638237871995477,0.17876544501708239,0
ORD504770,CUST100225,560051,0.23555814035267542,0.06321104945248114,0
ORD502560,CUST101024,560030,0.3690005830043022,0.07698134180032012,0
ORD502900,CUST101700,560098,0.2366263238485956,0.20695366556821226,0
ORD502010,CUST100807,560085,0.2451703788287927,0.24590610537959195,1
ORD505029,CUST101700,560101,0.2366263238485956,0.2210289590416924,0
ORD502784,CUST101083,560048,0.2607381111786071,0.48509059761807705,0
ORD504652,CUST100935,560106,0.48051431524057286,0.19267676572383044,1
ORD500139,CUST100988,560001,0.13672265930414002,0.4276493248809966,0
ORD506489,CUST101089,560116,0.30217144256017153,0.21263077921125112,0
ORD501601,CUST101212,560006,0.15194422756564285,0.0359397910518748,0
ORD503960,CUST100918,560107,0.3490767652545195,0.4249338442310718,0
ORD507837,CUST101019,560007,0.6232471313126572,0.4115118018852822,0
ORD506171,CUST101431,560048,0.218617277433771,0.48509059761807705,1
ORD502477,CUST100375,560085,0.15399488329390626,0.24590610537959195,0
ORD507712,CUST100275,560075,0.18587087319682674,0.04994448821558866,0
ORD501760,CUST100455,560027,0.28099909876364537,0.3964081708913591,0
ORD501006,CUST100834,560076,0.3606103729463374,0.1112464586243946,0
ORD506765,CUST101129,560069,0.3496004715922704,0.11654125384957931,0
ORD501593,CUST101247,560112,0.07419525778714033,0.10046769389686781,0
ORD503276,CUST101581,560078,0.2208754307182698,0.14596790446960203,1
ORD504510,CUST101159,560018,0.13008211503878966,0.15888837338663903,0
ORD504294,CUST100360,560057,0.5777434668907969,0.06751530873316719,0
ORD501487,CUST100444,560009,0.4375803082647143,0.26522522319557623,1
ORD500145,CUST101705,560090,0.4885772979702219,0.0937263908731933,1
ORD502789,CUST100217,560099,0.11140768335427466,0.15847855826528787,0
ORD504037,CUST100173,560107,0.45142648803811186,0.4249338442310718,1
ORD504070,CUST101143,560064,0.14091475548575,0.4107390138477389,0
ORD504748,CUST100236,560027,0.3408921063238981,0.3964081708913591,1
ORD501236,CUST100209,560041,0.15829274806408117,0.1311386209542706,0
ORD501545,CUST100541,560039,0.16757657415686808,0.08257987664945507,0
ORD506042,CUST101203,560081,0.2125095205336983,0.1954421444622332,0
ORD505719,CUST101774,560049,0.05265299103232271,0.10008282781565703,0
ORD507215,CUST100881,560102,0.3674545555138409,0.3116574064541478,0
ORD506418,CUST101096,560052,0.08936628196357682,0.10086571587923499,0
ORD507789,CUST100558,560034,0.5633005631276558,0.2969408870047299,1
ORD503498,CUST101890,560066,0.2534276255534896,0.44863880467564937,0
ORD507305,CUST100534,560033,0.6645072620284929,0.2000167013897961,0
ORD501327,CUST100879,560111,0.10017523767782194,0.1318273625407665,0
ORD504572,CUST101183,560060,0.5778690550660062,0.148778104232636,0
ORD507961,CUST100836,560032,0.36457848331947124,0.2652671681157216,0
ORD503728,CUST100264,560109,0.08097222048102413,0.5252484997618413,0
ORD503807,CUST101111,560119,0.13997744358612718,0.23009324809977014,0
ORD502746,CUST100774,560108,0.22369831123924852,0.3345971676330574,1
ORD503583,CUST101357,560119,0.09949881432562784,0.23009324809977014,1
ORD502917,CUST100374,560048,0.32003705418313455,0.48509059761807705,0
ORD506903,CUST101893,560079,0.5724355175123372,0.17876544501708239,1
ORD502364,CUST100828,560083,0.3675495468595292,0.09761538384380626,1
ORD500904,CUST100805,560003,0.14603763063941222,0.21762362723276713,0
ORD501627,CUST101783,560007,0.13443385430935925,0.4115118018852822,0
ORD505220,CUST100545,560053,0.43544254381347786,0.2746954160023574,0
ORD500362,CUST101701,560117,0.3061840886816502,0.07519208933625972,0
ORD504580,CUST100906,560026,0.32608688428099614,0.06415183632714254,0
ORD500064,CUST101178,560056,0.447102133784315,0.1311151942786954,0
ORD505664,CUST101620,560101,0.2229674740875284,0.2210289590416924,0
ORD506259,CUST101496,560090,0.014481848169528367,0.0937263908731933,0
ORD502290,CUST100485,560024,0.06329685196438278,0.08499988471741125,0
ORD503549,CUST100202,560074,0.46479456251644435,0.07273808090514074,0
ORD505950,CUST101016,560076,0.12135892854671987,0.1112464586243946,0
ORD502717,CUST101133,560101,0.30072878223267924,0.2210289590416924,0
ORD502856,CUST101580,560051,0.19821631109298093,0.06321104945248114,0
ORD502785,CUST100445,560043,0.16468907167168612,0.10924789759182774,0
ORD507349,CUST101762,560096,0.3039523629091911,0.13143597660081374,0
ORD504890,CUST101446,560080,0.0915692606834209,0.35705055052060225,0
ORD505714,CUST100406,560019,0.25774521074598095,0.048751952975078075,1
ORD507783,CUST100182,560023,0.18723773115835693,0.028472335602004763,0
ORD503916,CUST100161,560093,0.16676799610424997,0.1005035939480502,0
ORD503726,CUST101520,560051,0.602019510642507,0.06321104945248114,0
ORD504769,CUST101355,560063,0.1414551301413531,0.19220896367361404,0
ORD507542,CUST100205,560097,0.1840815893241802,0.2209193286304174,0
ORD500959,CUST101062,560083,0.41201621260086296,0.09761538384380626,0
ORD504004,CUST101535,560046,0.12309958652800959,0.30307755392063607,0
ORD500336,CUST101916,560086,0.24230976527158388,0.007482278722774853,0
ORD506378,CUST100842,560021,0.18512997553852148,0.07930465192162388,0
ORD500107,CUST101800,560110,0.09640968683203537,0.4429461963712056,0
ORD501775,CUST101390,560006,0.08909689827440144,0.0359397910518748,0
ORD502331,CUST101228,560025,0.6024628659946172,0.12731929297945457,1
ORD504596,CUST100455,560067,0.28099909876364537,0.2626412720928802,0
ORD503364,CUST101801,560067,0.3368818273770813,0.2626412720928802,1
ORD504106,CUST100060,560012,0.6281196686103381,0.08031914452505755,1
ORD506131,CUST101252,560018,0.49698115041587704,0.15888837338663903,0
ORD505438,CUST101350,560029,0.051569656372369065,0.13120234612701753,0
ORD500932,CUST100888,560090,0.46669449990302514,0.0937263908731933,0
ORD502211,CUST101665,560063,0.15993845447034097,0.19220896367361404,0
ORD503141,CUST100639,560109,0.09634270484326586,0.5252484997618413,1
ORD505844,CUST100027,560049,0.3442859159134522,0.10008282781565703,0
ORD501600,CUST101434,560015,0.15704974541258893,0.2930958901877522,0
ORD507092,CUST101341,560094,0.3414779893178841,0.3010387326878104,0
ORD507870,CUST101966,560057,0.2834169609687111,0.06751530873316719,0
ORD502070,CUST101893,560032,0.5724355175123372,0.2652671681157216,0
ORD502262,CUST100759,560053,0.14931459557255047,0.2746954160023574,1
ORD506700,CUST100297,560082,0.46818673352621776,0.4036521734896382,1
ORD502574,CUST100025,560091,0.2510628995968812,0.363756533272939,0
ORD507640,CUST101854,560101,0.40287012606097367,0.2210289590416924,0
ORD503933,CUST100393,560078,0.342931829566947,0.14596790446960203,0
ORD503238,CUST100515,560065,0.1354858514772503,0.12481245587380058,0
ORD507703,CUST100418,560056,0.26428705277408854,0.1311151942786954,0
ORD503219,CUST100762,560117,0.18539814981763497,0.07519208933625972,0
ORD500980,CUST101144,560069,0.17187442297671035,0.11654125384957931,0
ORD507869,CUST101417,560017,0.3312490089029119,0.14572183941573405,0
ORD501750,CUST101748,560060,0.18154225768423612,0.148778104232636,0
ORD507840,CUST101811,560040,0.1925519667542777,0.13792726590918689,1
ORD505158,CUST100364,560105,0.3358319706571889,0.2610606417315302,0
ORD500092,CUST101505,560101,0.327820315683397,0.2210289590416924,0
ORD504311,CUST101969,560102,0.3615433730343218,0.3116574064541478,0
ORD503298,CUST101815,560085,0.23825396659276094,0.24590610537959195,0
ORD505730,CUST100708,560032,0.3167306496511369,0.2652671681157216,0
ORD506144,CUST101209,560035,0.01997628607250876,0.44644714587366313,0
ORD503101,CUST101013,560095,0.12990699426254682,0.1770255930012656,0
ORD503856,CUST100274,560117,0.11488476521704623,0.07519208933625972,0
ORD506851,CUST100301,560084,0.12241533806316059,0.3632584085729479,0
ORD500978,CUST100593,560055,0.5074769095568444,0.24304583988795897,1
ORD504275,CUST101556,560048,0.22829920586186425,0.48509059761807705,1
ORD506064,CUST100413,560047,0.32438169600546557,0.2140654816693931,1
ORD501215,CUST101987,560052,0.14215871192130625,0.10086571587923499,0
ORD501984,CUST100047,560065,0.5115239173587337,0.12481245587380058,1
ORD501418,CUST101666,560009,0.22460217308535657,0.26522522319557623,0
ORD505710,CUST100256,560072,0.16298051973655406,0.0983469859236676,0
ORD503365,CUST101986,560072,0.34261362152512154,0.0983469859236676,0
ORD504914,CUST101700,560100,0.2366263238485956,0.3742111996543805,1
ORD506907,CUST100370,560025,0.3389478327833424,0.12731929297945457,0
ORD505446,CUST100048,560061,0.07638737713356161,0.14659676401055344,0
ORD504898,CUST101430,560069,0.3599162346721973,0.11654125384957931,1
ORD501587,CUST100364,560097,0.3358319706571889,0.2209193286304174,0
ORD507448,CUST100713,560083,0.13711908445634313,0.09761538384380626,0
ORD500072,CUST100760,560069,0.5339292911487254,0.11654125384957931,0
ORD500495,CUST101633,560057,0.5594111463404374,0.06751530873316719,1
ORD501450,CUST100301,560033,0.12241533806316059,0.2000167013897961,1
ORD503786,CUST101930,560080,0.10390544432784944,0.35705055052060225,0
ORD500030,CUST101588,560013,0.15386671998751833,0.18703349260237212,0
ORD502911,CUST100907,560069,0.5725062258587501,0.11654125384957931,1
ORD507535,CUST100759,560090,0.14931459557255047,0.0937263908731933,0
ORD506138,CUST101304,560041,0.34101917464814796,0.1311386209542706,1
ORD504853,CUST100001,560017,0.24614417619698423,0.14572183941573405,1
ORD501001,CUST101412,560048,0.12399667191772946,0.48509059761807705,0
ORD507040,CUST100131,560098,0.46001324343588723,0.20695366556821226,0
ORD503590,CUST101938,560080,0.09397801877335996,0.35705055052060225,0
ORD505465,CUST101441,560045,0.1714778898070714,0.2009380398079108,0
ORD506326,CUST101748,560098,0.18154225768423612,0.20695366556821226,0
ORD501959,CUST101487,560109,0.2604012890461884,0.5252484997618413,1
ORD507709,CUST100132,560003,0.29458700556517403,0.21762362723276713,0
ORD501505,CUST101628,560054,0.5060698046512045,0.10632638057233394,0
ORD505608,CUST100872,560082,0.3932300760602047,0.4036521734896382,1
ORD506260,CUST100398,560092,0.11565315745837781,0.4652541447815074,1
ORD507136,CUST100205,560067,0.1840815893241802,0.2626412720928802,0
ORD502602,CUST100231,560019,0.45454338905514596,0.048751952975078075,0
ORD507418,CUST101467,560106,0.16625647957893838,0.19267676572383044,0
ORD506370,CUST100882,560079,0.28582980299841654,0.17876544501708239,1
ORD503244,CUST101605,560108,0.49601195214072946,0.3345971676330574,1
ORD505995,CUST100988,560074,0.13672265930414002,0.07273808090514074,0
ORD500714,CUST100725,560007,0.17751620465362142,0.4115118018852822,1
ORD504356,CUST101139,560082,0.23322461400002217,0.4036521734896382,1
ORD501448,CUST100023,560012,0.08902327951143335,0.08031914452505755,0
ORD500400,CUST100962,560016,0.26922230243613665,0.21649401012539535,0
ORD501060,CUST100332,560037,0.04088977977161757,0.20052614877754213,0
ORD505894,CUST100037,560017,0.36643236650295463,0.14572183941573405,0
ORD507401,CUST100619,560005,0.399926813908544,0.3717167319646953,1
ORD504144,CUST100171,560036,0.1822357329755217,0.033224141114804616,0
ORD502319,CUST101125,560063,0.3282776363453346,0.19220896367361404,0
ORD501700,CUST101087,560107,0.14969822486595233,0.4249338442310718,1
ORD502379,CUST101892,560066,0.22566982488398443,0.44863880467564937,1
ORD505298,CUST100459,560058,0.26371837835861184,0.20486674986456038,0
ORD501552,CUST101372,560094,0.6044293074191073,0.3010387326878104,0
ORD506641,CUST100973,560085,0.1877613483299769,0.24590610537959195,0
ORD503906,CUST100297,560104,0.46818673352621776,0.1241972485306535,1
ORD500197,CUST100248,560008,0.07981520295766234,0.3291430834854005,0
ORD504459,CUST100192,560052,0.22287364608691065,0.10086571587923499,0
ORD506124,CUST100182,560001,0.18723773115835693,0.4276493248809966,0
ORD503028,CUST101285,560016,0.30591590034618255,0.21649401012539535,0
ORD504771,CUST100645,560057,0.1725244850189034,0.06751530873316719,0
ORD500269,CUST101262,560086,0.20693806503826653,0.007482278722774853,0
ORD500966,CUST100236,560096,0.3408921063238981,0.13143597660081374,0
ORD501443,CUST101608,560036,0.17874359530435505,0.033224141114804616,0
ORD506097,CUST100970,560025,0.10853436036414955,0.12731929297945457,0
ORD505882,CUST101378,560036,0.4506597268122047,0.033224141114804616,0
ORD505327,CUST101893,560067,0.5724355175123372,0.2626412720928802,1
ORD506368,CUST101733,560114,0.5116861564869277,0.11153289416689233,0
ORD503241,CUST101806,560033,0.2686247494587073,0.2000167013897961,1
ORD505310,CUST101789,560056,0.23223035599885355,0.1311151942786954,0
ORD502687,CUST100679,560076,0.1894589634974572,0.1112464586243946,0
ORD503139,CUST100534,560029,0.6645072620284929,0.13120234612701753,1
ORD507344,CUST101923,560038,0.2187608136465921,0.4922123466288645,0
ORD506454,CUST100524,560006,0.15250618963621082,0.0359397910518748,0
ORD505185,CUST101209,560089,0.01997628607250876,0.19467065107163697,0
ORD503711,CUST101445,560119,0.4427018962298214,0.23009324809977014,0
ORD505167,CUST100001,560051,0.24614417619698423,0.06321104945248114,0
ORD506181,CUST100231,560086,0.45454338905514596,0.007482278722774853,0
ORD504086,CUST100963,560020,0.07666895142110197,0.2587614293950907,0
ORD503374,CUST100988,560029,0.13672265930414002,0.13120234612701753,0
ORD506542,CUST100111,560108,0.1546812577925307,0.3345971676330574,0
ORD504754,CUST101779,560023,0.22408257784367006,0.028472335602004763,0
ORD502204,CUST101199,560027,0.3902154867000258,0.3964081708913591,0
ORD501343,CUST101741,560103,0.24208089541522598,0.2331908497366693,0
ORD506772,CUST101620,560119,0.2229674740875284,0.23009324809977014,0
ORD507483,CUST101550,560059,0.0804044795592246,0.06343485879816538,0
ORD504469,CUST101701,560059,0.3061840886816502,0.06343485879816538,0
ORD507271,CUST100236,560033,0.3408921063238981,0.2000167013897961,0
ORD501304,CUST101841,560035,0.2681187828107988,0.44644714587366313,0
ORD501982,CUST100566,560035,0.3692350826198513,0.44644714587366313,1
ORD504281,CUST100684,560085,0.44186887226166205,0.24590610537959195,0
ORD502662,CUST100447,560042,0.5866676553486984,0.20272897456368089,0
ORD500357,CUST101620,560043,0.2229674740875284,0.10924789759182774,1
ORD500650,CUST100337,560108,0.07564649186667005,0.3345971676330574,0
ORD504800,CUST101164,560072,0.3221577863292197,0.0983469859236676,1
ORD504145,CUST100219,560081,0.13825855892486977,0.1954421444622332,0
ORD507698,CUST100393,560117,0.342931829566947,0.07519208933625972,0
ORD503758,CUST101998,560025,0.055224922653398546,0.12731929297945457,0
ORD506499,CUST101038,560016,0.3699262684805696,0.21649401012539535,0
ORD500615,CUST100301,560100,0.12241533806316059,0.3742111996543805,0
ORD504985,CUST101488,560015,0.04641629345391304,0.2930958901877522,0
ORD503792,CUST100414,560079,0.22490754943212576,0.17876544501708239,0
ORD504845,CUST100224,560025,0.14508620262612762,0.12731929297945457,0
ORD503395,CUST101135,560060,0.17862210645797233,0.148778104232636,0
ORD501261,CUST101209,560105,0.01997628607250876,0.2610606417315302,0
ORD503920,CUST100689,560091,0.07765630758757154,0.363756533272939,0
ORD502528,CUST101239,560119,0.37912574798973386,0.23009324809977014,0
ORD505948,CUST101907,560037,0.2995860769488845,0.20052614877754213,0
ORD507553,CUST100692,560058,0.24075359089905976,0.20486674986456038,0
ORD507597,CUST100954,560083,0.32671402849596715,0.09761538384380626,0
ORD500493,CUST101989,560098,0.2402731156078704,0.20695366556821226,0
ORD500047,CUST101723,560002,0.1413329596051048,0.06816617099651445,0
ORD507075,CUST100872,560109,0.3932300760602047,0.5252484997618413,1
ORD506483,CUST100602,560027,0.02235684262044825,0.3964081708913591,0
ORD503189,CUST100639,560049,0.09634270484326586,0.10008282781565703,0
ORD503623,CUST100305,560119,0.1965713354260339,0.23009324809977014,0
ORD506113,CUST101084,560051,0.1018175796945336,0.06321104945248114,0
ORD507117,CUST100557,560099,0.29966387224425906,0.15847855826528787,0
ORD507348,CUST100447,560047,0.5866676553486984,0.2140654816693931,1
ORD505199,CUST101144,560059,0.17187442297671035,0.06343485879816538,0
ORD505968,CUST100671,560088,0.1303770637866477,0.14077625183446615,0
ORD506393,CUST100324,560023,0.372235180820969,0.028472335602004763,0
ORD505620,CUST101047,560004,0.015279960627097446,0.19762853761721605,0
ORD502029,CUST100643,560025,0.33315409272597374,0.12731929297945457,0
ORD500022,CUST100374,560032,0.32003705418313455,0.2652671681157216,0
ORD505201,CUST100307,560098,0.2923331864352393,0.20695366556821226,0
ORD504146,CUST101551,560115,0.2522211494965068,0.23129979364443987,0
ORD503110,CUST101741,560054,0.24208089541522598,0.10632638057233394,0
ORD504475,CUST101324,560095,0.10814779048836926,0.1770255930012656,0
ORD500351,CUST101164,560095,0.3221577863292197,0.1770255930012656,0
ORD502840,CUST101701,560046,0.3061840886816502,0.30307755392063607,0
ORD507426,CUST100547,560028,0.21839807662579255,0.033656118245986556,0
ORD502188,CUST101246,560119,0.32724707914173723,0.23009324809977014,1
ORD506449,CUST101949,560027,0.31374774876901823,0.3964081708913591,0
ORD507427,CUST100034,560042,0.46365026623247513,0.20272897456368089,0
ORD506436,CUST100738,560018,0.07309679270924137,0.15888837338663903,0
ORD503642,CUST101111,560078,0.13997744358612718,0.14596790446960203,0
ORD502862,CUST101209,560056,0.01997628607250876,0.1311151942786954,0
ORD507298,CUST101086,560098,0.07702572977124005,0.20695366556821226,1
ORD505019,CUST100120,560059,0.23228588338828865,0.06343485879816538,0
ORD503535,CUST101995,560089,0.07807759993705618,0.19467065107163697,0
ORD506944,CUST100868,560106,0.11697910832251292,0.19267676572383044,0
ORD505347,CUST101062,560093,0.41201621260086296,0.1005035939480502,0
ORD502068,CUST101855,560070,0.12981812782450455,0.20224062701049086,0
ORD504860,CUST101356,560098,0.16088320279202084,0.20695366556821226,0
ORD501456,CUST100497,560050,0.32814923883527064,0.39804978962446785,0
ORD507355,CUST100779,560089,0.2710023330573775,0.19467065107163697,1
ORD503459,CUST100607,560026,0.32492766544731544,0.06415183632714254,0
ORD506255,CUST101341,560016,0.3414779893178841,0.21649401012539535,0
ORD500443,CUST100037,560041,0.36643236650295463,0.1311386209542706,0
ORD505577,CUST101996,560051,0.25966018217996967,0.06321104945248114,0
ORD502723,CUST100993,560042,0.061984715726437614,0.20272897456368089,0
ORD502173,CUST100551,560034,0.5069207836417344,0.2969408870047299,1
ORD503256,CUST100757,560038,0.21950001447884124,0.4922123466288645,1
ORD500485,CUST100963,560050,0.07666895142110197,0.39804978962446785,0
ORD504393,CUST100114,560056,0.11388016972116154,0.1311151942786954,0
ORD506290,CUST101160,560102,0.15017886247881426,0.3116574064541478,0
ORD502643,CUST100901,560118,0.18779275691082997,0.21889163644714124,0
ORD505728,CUST101374,560008,0.3995571765478618,0.3291430834854005,0
ORD501394,CUST100650,560040,0.05655306904883348,0.13792726590918689,0
ORD500981,CUST101974,560089,0.34912978504838177,0.19467065107163697,0
ORD507071,CUST101553,560020,0.10497605305635782,0.2587614293950907,0
ORD506882,CUST100139,560013,0.25703386186733934,0.18703349260237212,0
ORD507207,CUST101639,560108,0.16882341312566285,0.3345971676330574,0
ORD505539,CUST101875,560075,0.20866604375382167,0.04994448821558866,1
ORD500473,CUST101539,560072,0.6673096423708894,0.0983469859236676,0
ORD506476,CUST100398,560054,0.11565315745837781,0.10632638057233394,0
ORD503419,CUST101691,560025,0.42419021693662995,0.12731929297945457,1
ORD506228,CUST100759,560043,0.14931459557255047,0.10924789759182774,0
ORD504233,CUST101408,560080,0.5599391908775743,0.35705055052060225,1
ORD507532,CUST100150,560034,0.2732031279049196,0.2969408870047299,1
ORD500875,CUST101543,560027,0.4487444125680534,0.3964081708913591,1
ORD502715,CUST101062,560006,0.41201621260086296,0.0359397910518748,0
ORD503209,CUST100041,560106,0.3750474517068999,0.19267676572383044,0
ORD502534,CUST101772,560061,0.10334794649716562,0.14659676401055344,0
ORD506271,CUST100568,560094,0.34129841122598414,0.3010387326878104,1
ORD502925,CUST100830,560035,0.2567955028288095,0.44644714587366313,0
ORD507164,CUST101940,560002,0.2622218360153778,0.06816617099651445,0
ORD507922,CUST101143,560049,0.14091475548575,0.10008282781565703,0
ORD505260,CUST101480,560033,0.31237461897038005,0.2000167013897961,0
ORD504941,CUST101451,560084,0.35637367711066115,0.3632584085729479,1
ORD500590,CUST101642,560040,0.08360337172579327,0.13792726590918689,0
ORD505695,CUST101796,560043,0.22868809183843242,0.10924789759182774,0
ORD506028,CUST100257,560107,0.5318032893846185,0.4249338442310718,1
ORD501187,CUST100687,560077,0.21032372896200763,0.48289222403515625,0
ORD507685,CUST100759,560007,0.14931459557255047,0.4115118018852822,0
ORD506319,CUST101850,560110,0.233641088810736,0.4429461963712056,0
ORD505980,CUST101237,560114,0.39578552080530405,0.11153289416689233,0
ORD500543,CUST101189,560081,0.34298483911634053,0.1954421444622332,0
ORD500131,CUST101955,560042,0.46590838362476883,0.20272897456368089,0
ORD503310,CUST100872,560067,0.3932300760602047,0.2626412720928802,1
ORD501314,CUST100182,560000,0.18723773115835693,0.0499470929340503,0
ORD504122,CUST100469,560030,0.668440832463893,0.07698134180032012,1
ORD504135,CUST101142,560118,0.1976098307923854,0.21889163644714124,0
ORD506083,CUST101997,560052,0.22853820821676843,0.10086571587923499,0
ORD506528,CUST100003,560009,0.2625171002989132,0.26522522319557623,0
ORD500009,CUST101657,560053,0.1638237871995477,0.2746954160023574,0
ORD507387,CUST101016,560102,0.12135892854671987,0.3116574064541478,0
ORD504440,CUST101123,560002,0.3100531060522249,0.06816617099651445,0
ORD505081,CUST101437,560063,0.057332321813472586,0.19220896367361404,0
ORD507291,CUST101294,560086,0.06184401095130109,0.007482278722774853,0
ORD503155,CUST100962,560050,0.26922230243613665,0.39804978962446785,1
ORD501710,CUST101608,560063,0.17874359530435505,0.19220896367361404,0
ORD503738,CUST100901,560118,0.18779275691082997,0.21889163644714124,0
ORD501064,CUST101390,560053,0.08909689827440144,0.2746954160023574,1
ORD501746,CUST101161,560059,0.16621613591190618,0.06343485879816538,0
ORD502063,CUST101269,560001,0.45385437384610405,0.4276493248809966,1
ORD506309,CUST101714,560058,0.13940452811239296,0.20486674986456038,0
ORD503485,CUST101906,560049,0.16743381205899463,0.10008282781565703,0
ORD506854,CUST100227,560023,0.2560233812776348,0.028472335602004763,0
ORD502360,CUST101552,560077,0.33298947052367206,0.48289222403515625,0
ORD505076,CUST100191,560057,0.5811731376045629,0.06751530873316719,1
ORD502333,CUST100297,560064,0.46818673352621776,0.4107390138477389,1
ORD503571,CUST100729,560024,0.3291714982648717,0.08499988471741125,0
ORD501389,CUST101292,560071,0.37264010089287714,0.2846659660343278,1
ORD506484,CUST100474,560028,0.40080141861945334,0.033656118245986556,0
ORD500578,CUST100687,560100,0.21032372896200763,0.3742111996543805,1
ORD500013,CUST100524,560052,0.15250618963621082,0.10086571587923499,0
ORD507030,CUST100541,560110,0.16757657415686808,0.4429461963712056,0
ORD503205,CUST100410,560045,0.34134778732339127,0.2009380398079108,0
ORD503420,CUST101465,560018,0.2855087147460683,0.15888837338663903,0
ORD501015,CUST101127,560014,0.3745044727737293,0.32405610103166854,1
ORD503381,CUST100539,560074,0.354621720738092,0.07273808090514074,0
ORD501251,CUST101296,560027,0.25907141723816696,0.3964081708913591,0
ORD500153,CUST100476,560068,0.08675067656491325,0.12357375658063682,0
ORD506019,CUST101049,560094,0.16436196255917573,0.3010387326878104,0
ORD504901,CUST100759,560055,0.14931459557255047,0.24304583988795897,0
ORD501356,CUST100988,560004,0.13672265930414002,0.19762853761721605,0
ORD506305,CUST100064,560016,0.1683531119228636,0.21649401012539535,0
ORD504162,CUST101649,560115,0.07741109747149849,0.23129979364443987,0
ORD502999,CUST100728,560119,0.3162289739357557,0.23009324809977014,0
ORD504221,CUST100547,560018,0.21839807662579255,0.15888837338663903,0
ORD507007,CUST101246,560073,0.32724707914173723,0.40608187581223554,0
ORD504228,CUST101534,560058,0.445110893697529,0.20486674986456038,1
ORD504188,CUST100935,560037,0.48051431524057286,0.20052614877754213,1
ORD500106,CUST100423,560069,0.24706696213115537,0.11654125384957931,0
ORD500386,CUST101907,560009,0.2995860769488845,0.26522522319557623,0
ORD507932,CUST101888,560085,0.170079789831775,0.24590610537959195,1
ORD505468,CUST101899,560042,0.46001392254571255,0.20272897456368089,1
ORD501471,CUST100302,560008,0.2676344641423701,0.3291430834854005,0
ORD504565,CUST100491,560080,0.3702859929902147,0.35705055052060225,1
ORD502032,CUST101100,560114,0.35888350596233515,0.11153289416689233,0
ORD506961,CUST100961,560029,0.3481057296007663,0.13120234612701753,1
ORD501745,CUST101608,560018,0.17874359530435505,0.15888837338663903,0
ORD503425,CUST101390,560097,0.08909689827440144,0.2209193286304174,0
ORD507624,CUST100076,560025,0.3870026797871902,0.12731929297945457,0
ORD507178,CUST101000,560007,0.1585329808903738,0.4115118018852822,0
ORD500786,CUST101786,560073,0.24032215738837232,0.40608187581223554,0
ORD502218,CUST100524,560026,0.15250618963621082,0.06415183632714254,0
ORD500130,CUST101377,560114,0.15168052257429876,0.11153289416689233,0
ORD506495,CUST101472,560019,0.305233244840429,0.048751952975078075,0
ORD500881,CUST100474,560090,0.40080141861945334,0.0937263908731933,0
ORD506611,CUST100001,560002,0.24614417619698423,0.06816617099651445,0
ORD502901,CUST100290,560081,0.1542229457137064,0.1954421444622332,0
ORD507138,CUST100139,560013,0.25703386186733934,0.18703349260237212,0
ORD502513,CUST100024,560103,0.3173771501855524,0.2331908497366693,0
ORD506382,CUST100685,560009,0.37220024375998584,0.26522522319557623,0
ORD501901,CUST100975,560015,0.24375656389178965,0.2930958901877522,0
ORD500697,CUST101078,560071,0.09382497807491072,0.2846659660343278,0
ORD505339,CUST100686,560116,0.357514630525329,0.21263077921125112,0
ORD504173,CUST100809,560058,0.237137494601605,0.20486674986456038,0
ORD507570,CUST100834,560071,0.3606103729463374,0.2846659660343278,0
ORD501885,CUST101161,560019,0.16621613591190618,0.048751952975078075,0
ORD502622,CUST100341,560113,0.14314615018899832,0.05073967111486112,0
ORD502182,CUST101115,560088,0.16775992148714,0.14077625183446615,0
ORD504787,CUST101315,560051,0.2600840834681693,0.06321104945248114,0
ORD503947,CUST101836,560050,0.3244384271345049,0.39804978962446785,0
ORD506930,CUST101022,560049,0.14866291869075507,0.10008282781565703,0
ORD502465,CUST100515,560108,0.1354858514772503,0.3345971676330574,0
ORD503974,CUST101829,560107,0.07001027239228465,0.4249338442310718,1
ORD507538,CUST100633,560022,0.22490603406589493,0.12028576980936151,0
ORD502548,CUST101796,560083,0.22868809183843242,0.09761538384380626,0
ORD500942,CUST100799,560062,0.1633484322415078,0.36167936673581547,0
ORD503258,CUST100541,560007,0.16757657415686808,0.4115118018852822,0
ORD500365,CUST101203,560111,0.2125095205336983,0.1318273625407665,0
ORD506223,CUST101339,560032,0.22935615168350634,0.2652671681157216,0
ORD500137,CUST101124,560097,0.5673340470809881,0.2209193286304174,1
ORD506855,CUST101116,560037,0.30721251020367246,0.20052614877754213,0
ORD505451,CUST100356,560110,0.24733755276936278,0.4429461963712056,0
ORD506769,CUST100474,560103,0.40080141861945334,0.2331908497366693,0
ORD507384,CUST101013,560001,0.12990699426254682,0.4276493248809966,0
ORD502771,CUST101620,560082,0.2229674740875284,0.4036521734896382,0
ORD504183,CUST101527,560111,0.12591046457884456,0.1318273625407665,0
ORD506693,CUST100339,560050,0.2765406569294239,0.39804978962446785,1
ORD503890,CUST101411,560114,0.23663332798459988,0.11153289416689233,0
ORD500360,CUST100315,560087,0.1494736716851247,0.2319307941510612,0
ORD507482,CUST101310,560076,0.10455647633282088,0.1112464586243946,0
ORD503591,CUST100391,560038,0.13845962298865533,0.4922123466288645,0
ORD503629,CUST101832,560061,0.37680305773960615,0.14659676401055344,0
ORD501958,CUST101364,560057,0.2802844245164098,0.06751530873316719,0
ORD501804,CUST100163,560035,0.1486689431184178,0.44644714587366313,0
ORD507906,CUST101199,560106,0.3902154867000258,0.19267676572383044,0
ORD502224,CUST101579,560076,0.48168131853356183,0.1112464586243946,0
ORD501951,CUST101250,560029,0.12834587113286433,0.13120234612701753,0
ORD502491,CUST101459,560062,0.15080042837673704,0.36167936673581547,0
ORD500742,CUST101224,560025,0.28728184136073764,0.12731929297945457,1
ORD507704,CUST100202,560028,0.46479456251644435,0.033656118245986556,1
ORD503202,CUST101523,560089,0.2860307141102213,0.19467065107163697,0
ORD505308,CUST100924,560053,0.16110498237076418,0.2746954160023574,0
ORD500490,CUST101318,560011,0.18922519933701823,0.26287102465088363,0
ORD504966,CUST101239,560037,0.37912574798973386,0.20052614877754213,0
ORD505114,CUST101597,560045,0.05355953612978514,0.2009380398079108,1
ORD503504,CUST101622,560048,0.09247216495160374,0.48509059761807705,0
ORD501368,CUST101384,560097,0.36405865595752274,0.2209193286304174,0
ORD502332,CUST101281,560091,0.2724860058300181,0.363756533272939,1
ORD506839,CUST100013,560028,0.183269198067007,0.033656118245986556,0
ORD505072,CUST101269,560106,0.45385437384610405,0.19267676572383044,0
ORD506537,CUST101215,560080,0.04373699234051615,0.35705055052060225,1
ORD507488,CUST100095,560091,0.7642110094338409,0.363756533272939,1
ORD502436,CUST100262,560062,0.40428580651687857,0.36167936673581547,0
ORD503883,CUST101048,560036,0.1441161872280649,0.033224141114804616,0
ORD507144,CUST101071,560027,0.25835687511761124,0.3964081708913591,0
ORD503990,CUST101893,560100,0.5724355175123372,0.3742111996543805,0
ORD505257,CUST101148,560040,0.21433476247472724,0.13792726590918689,0
ORD505161,CUST100976,560076,0.3107796822198419,0.1112464586243946,0
ORD507744,CUST100901,560007,0.18779275691082997,0.4115118018852822,0
ORD506963,CUST101937,560041,0.47338558630702754,0.1311386209542706,0
ORD506716,CUST100533,560065,0.27966983742156076,0.12481245587380058,0
ORD504832,CUST100503,560063,0.12149518069965874,0.19220896367361404,0
ORD505952,CUST100318,560106,0.2709409123393363,0.19267676572383044,0
ORD504319,CUST101620,560074,0.2229674740875284,0.07273808090514074,0
ORD501331,CUST101265,560064,0.12254366674898377,0.4107390138477389,0
ORD506916,CUST100401,560002,0.4006136338939826,0.06816617099651445,0
ORD506366,CUST100139,560004,0.25703386186733934,0.19762853761721605,0
ORD507309,CUST101062,560066,0.41201621260086296,0.44863880467564937,0
ORD503536,CUST100797,560082,0.23022453315656305,0.4036521734896382,0
ORD505051,CUST101553,560023,0.10497605305635782,0.028472335602004763,0
ORD506039,CUST100877,560058,0.2886910483536643,0.20486674986456038,0
ORD504768,CUST101854,560089,0.40287012606097367,0.19467065107163697,0
ORD507351,CUST100728,560103,0.3162289739357557,0.2331908497366693,0
ORD505087,CUST101207,560058,0.5611873074821642,0.20486674986456038,1
ORD504614,CUST101776,560030,0.2301728320733622,0.07698134180032012,0
ORD505753,CUST100081,560054,0.33153779940461287,0.10632638057233394,0
ORD506258,CUST101892,560059,0.22566982488398443,0.06343485879816538,1
ORD501442,CUST100577,560009,0.2042925306906814,0.26522522319557623,0
ORD506066,CUST100270,560055,0.07319325355511432,0.24304583988795897,1
ORD501622,CUST100095,560015,0.7642110094338409,0.2930958901877522,1
ORD504635,CUST100648,560042,0.4069919336009818,0.20272897456368089,0
ORD505324,CUST101179,560072,0.32407502035644925,0.0983469859236676,0
ORD507191,CUST101509,560064,0.06243964797763099,0.4107390138477389,0
ORD503146,CUST101007,560086,0.3070825401363213,0.007482278722774853,0
ORD505473,CUST101003,560072,0.15480933362544444,0.0983469859236676,1
ORD504421,CUST100301,560012,0.12241533806316059,0.08031914452505755,1
ORD501725,CUST100152,560050,0.2072500016580332,0.39804978962446785,0
ORD506892,CUST101115,560015,0.16775992148714,0.2930958901877522,0
ORD505180,CUST100308,560096,0.12605441282590366,0.13143597660081374,0
ORD504065,CUST100134,560009,0.21026090580847182,0.26522522319557623,0
ORD506932,CUST101164,560094,0.3221577863292197,0.3010387326878104,0
ORD507367,CUST101267,560050,0.08855690793325809,0.39804978962446785,0
ORD507885,CUST101164,560081,0.3221577863292197,0.1954421444622332,0
ORD504079,CUST101884,560093,0.47645555276211093,0.1005035939480502,1
ORD500056,CUST100299,560049,0.30369779202070374,0.10008282781565703,0
ORD505145,CUST101628,560109,0.5060698046512045,0.5252484997618413,1
ORD504149,CUST101626,560021,0.2982984597689781,0.07930465192162388,0
ORD506857,CUST100677,560076,0.3529689970289334,0.1112464586243946,0
ORD507022,CUST101237,560057,0.39578552080530405,0.06751530873316719,0
ORD500524,CUST101087,560000,0.14969822486595233,0.0499470929340503,0
ORD505268,CUST101564,560076,0.3713254962644568,0.1112464586243946,0
ORD501005,CUST100557,560085,0.29966387224425906,0.24590610537959195,0
ORD505897,CUST100786,560092,0.2720762543490238,0.4652541447815074,1
ORD501533,CUST100359,560111,0.21989011196511407,0.1318273625407665,0
ORD506948,CUST100520,560013,0.3820936747712913,0.18703349260237212,0
ORD507648,CUST101899,560021,0.46001392254571255,0.07930465192162388,0
ORD503908,CUST100551,560024,0.5069207836417344,0.08499988471741125,0
ORD502160,CUST101573,560053,0.15145870832118505,0.2746954160023574,0
ORD505818,CUST100414,560068,0.22490754943212576,0.12357375658063682,0
ORD506477,CUST101007,560020,0.3070825401363213,0.2587614293950907,0
ORD500716,CUST101481,560064,0.7211015611648152,0.4107390138477389,1
ORD502565,CUST101767,560105,0.49167863541992063,0.2610606417315302,0
ORD501293,CUST101228,560004,0.6024628659946172,0.19762853761721605,0
ORD500762,CUST101040,560110,0.16203598004927997,0.4429461963712056,0
ORD501742,CUST101701,560078,0.3061840886816502,0.14596790446960203,0
ORD502556,CUST100015,560098,0.20019100806330278,0.20695366556821226,0
ORD507915,CUST100455,560059,0.28099909876364537,0.06343485879816538,0
ORD504824,CUST101203,560075,0.2125095205336983,0.04994448821558866,0
ORD501068,CUST101203,560037,0.2125095205336983,0.20052614877754213,0
ORD500667,CUST100835,560113,0.33694071508209505,0.05073967111486112,0
ORD503237,CUST101620,560022,0.2229674740875284,0.12028576980936151,0
ORD500535,CUST100405,560092,0.16177634634701885,0.4652541447815074,0
ORD504396,CUST101123,560117,0.3100531060522249,0.07519208933625972,0
ORD500265,CUST101941,560048,0.501867651370405,0.48509059761807705,1
ORD505343,CUST101390,560056,0.08909689827440144,0.1311151942786954,0
ORD503367,CUST100624,560061,0.3571737769623766,0.14659676401055344,0
ORD502004,CUST100407,560092,0.47099044798312795,0.4652541447815074,1
ORD503526,CUST101367,560009,0.3082416536394819,0.26522522319557623,0
ORD500755,CUST100343,560008,0.32801543383093573,0.3291430834854005,0
ORD504288,CUST100510,560115,0.08979930230446,0.23129979364443987,0
ORD501358,CUST100759,560112,0.14931459557255047,0.10046769389686781,0
ORD501302,CUST100135,560010,0.07293918209014336,0.26331848167006455,0
ORD501800,CUST101698,560024,0.31772193192196085,0.08499988471741125,0
ORD505000,CUST100240,560067,0.16482652189748134,0.2626412720928802,1
ORD504661,CUST100532,560022,0.11716756530475335,0.12028576980936151,0
ORD500230,CUST101186,560060,0.1579094389149947,0.148778104232636,0
ORD503468,CUST101499,560094,0.24244302477569035,0.3010387326878104,0
ORD505266,CUST100206,560020,0.17068626302318904,0.2587614293950907,0
ORD502897,CUST100424,560013,0.14393935494351567,0.18703349260237212,0
ORD507629,CUST101048,560061,0.1441161872280649,0.14659676401055344,0
ORD500722,CUST100983,560093,0.4188419817280566,0.1005035939480502,0
ORD507626,CUST100297,560061,0.46818673352621776,0.14659676401055344,0
ORD504047,CUST100834,560107,0.3606103729463374,0.4249338442310718,1
ORD501997,CUST101990,560076,0.25756979532098145,0.1112464586243946,0
ORD502298,CUST101864,560091,0.23877414280120013,0.363756533272939,1
ORD507880,CUST101048,560032,0.1441161872280649,0.2652671681157216,0
ORD507303,CUST101852,560099,0.10508599985494056,0.15847855826528787,0
ORD504040,CUST101832,560051,0.37680305773960615,0.06321104945248114,0
ORD501992,CUST101874,560076,0.18391844137022226,0.1112464586243946,0
ORD500941,CUST100717,560036,0.13778741012241738,0.033224141114804616,0
ORD500827,CUST100872,560097,0.3932300760602047,0.2209193286304174,1
ORD505681,CUST100277,560075,0.2447413991389511,0.04994448821558866,0
ORD500247,CUST100441,560016,0.1072782582698679,0.21649401012539535,0
ORD500778,CUST101974,560117,0.34912978504838177,0.07519208933625972,0
ORD500245,CUST100282,560085,0.21474519574388043,0.24590610537959195,1
ORD504287,CUST101404,560036,0.3466570984479526,0.033224141114804616,0
ORD502876,CUST101730,560116,0.20257060460374818,0.21263077921125112,0
ORD500158,CUST100571,560019,0.20459557629689876,0.048751952975078075,0
ORD503988,CUST101062,560056,0.41201621260086296,0.1311151942786954,0
ORD506596,CUST100047,560089,0.5115239173587337,0.19467065107163697,1
ORD506265,CUST101916,560095,0.24230976527158388,0.1770255930012656,0
ORD501063,CUST100818,560003,0.1350269344441865,0.21762362723276713,0
ORD503594,CUST100151,560094,0.14720873128711998,0.3010387326878104,0
ORD503386,CUST101250,560102,0.12834587113286433,0.3116574064541478,1
ORD506152,CUST100314,560056,0.4117868133302571,0.1311151942786954,0
ORD504470,CUST100607,560091,0.32492766544731544,0.363756533272939,0
ORD504414,CUST101657,560057,0.1638237871995477,0.06751530873316719,0
ORD503187,CUST101023,560026,0.008808106350501124,0.06415183632714254,0
ORD505189,CUST101344,560117,0.13353911012011205,0.07519208933625972,0
ORD506343,CUST100713,560002,0.13711908445634313,0.06816617099651445,0
ORD501438,CUST100888,560063,0.46669449990302514,0.19220896367361404,1
ORD500287,CUST101420,560074,0.30627834967617024,0.07273808090514074,0
ORD503815,CUST101608,560007,0.17874359530435505,0.4115118018852822,0
ORD506869,CUST100257,560108,0.5318032893846185,0.3345971676330574,1
ORD501373,CUST100872,560059,0.3932300760602047,0.06343485879816538,0
ORD504525,CUST100515,560043,0.1354858514772503,0.10924789759182774,0
ORD500922,CUST101534,560105,0.445110893697529,0.2610606417315302,0
ORD506580,CUST100759,560021,0.14931459557255047,0.07930465192162388,0
ORD503669,CUST101239,560057,0.37912574798973386,0.06751530873316719,0
ORD507513,CUST100370,560118,0.3389478327833424,0.21889163644714124,0
ORD502935,CUST100393,560094,0.342931829566947,0.3010387326878104,1
ORD500006,CUST101534,560067,0.445110893697529,0.2626412720928802,0
ORD502857,CUST100930,560004,0.21092814683746283,0.19762853761721605,0
ORD506238,CUST100067,560080,0.2445339867991523,0.35705055052060225,0
ORD505219,CUST101267,560111,0.08855690793325809,0.1318273625407665,0
ORD503240,CUST101951,560013,0.43899429025255043,0.18703349260237212,0
ORD501404,CUST101701,560109,0.3061840886816502,0.5252484997618413,1
ORD506603,CUST100742,560111,0.1631917746791551,0.1318273625407665,0
ORD505107,CUST100654,560056,0.12936071938754626,0.1311151942786954,1
ORD501500,CUST101943,560065,0.2185525057773884,0.12481245587380058,0
ORD502758,CUST100520,560053,0.3820936747712913,0.2746954160023574,0
ORD507810,CUST100638,560092,0.13908231984528782,0.4652541447815074,0
ORD503566,CUST101863,560102,0.23162278173503886,0.3116574064541478,0
ORD503348,CUST100008,560076,0.2798243783472397,0.1112464586243946,0
ORD505877,CUST101628,560096,0.5060698046512045,0.13143597660081374,0
ORD501808,CUST101675,560007,0.12744330011312757,0.4115118018852822,0
ORD503871,CUST101962,560001,0.48873587026245635,0.4276493248809966,1
ORD504762,CUST101176,560092,0.2929508722787919,0.4652541447815074,0
ORD506371,CUST101161,560110,0.16621613591190618,0.4429461963712056,0
ORD502372,CUST100834,560020,0.3606103729463374,0.2587614293950907,0
ORD507732,CUST100889,560068,0.3552853943161781,0.12357375658063682,1
ORD500989,CUST101368,560068,0.16031144631830624,0.12357375658063682,0
ORD506787,CUST100796,560050,0.061270943487710575,0.39804978962446785,0
ORD507598,CUST100582,560011,0.6823689291324807,0.26287102465088363,1
ORD503672,CUST100687,560095,0.21032372896200763,0.1770255930012656,0
ORD507791,CUST100054,560037,0.3169418867271463,0.20052614877754213,0
ORD503406,CUST101132,560075,0.25419168914367346,0.04994448821558866,0
ORD501150,CUST101580,560060,0.19821631109298093,0.148778104232636,0
ORD506068,CUST101227,560071,0.11503655846878144,0.2846659660343278,0
ORD504234,CUST100872,560013,0.3932300760602047,0.18703349260237212,0
ORD500765,CUST101203,560037,0.2125095205336983,0.20052614877754213,0
ORD503172,CUST101321,560110,0.36001033146235056,0.4429461963712056,0
ORD501247,CUST100573,560115,0.158432901455159,0.23129979364443987,0
ORD507254,CUST101315,560009,0.2600840834681693,0.26522522319557623,0
ORD500286,CUST100478,560004,0.5424554488796087,0.19762853761721605,1
ORD502024,CUST100872,560055,0.3932300760602047,0.24304583988795897,0
ORD500236,CUST101199,560075,0.3902154867000258,0.04994448821558866,0
ORD500679,CUST101014,560088,0.20903020090102148,0.14077625183446615,0
ORD502902,CUST100264,560007,0.08097222048102413,0.4115118018852822,0
ORD501422,CUST100040,560018,0.4395738617127692,0.15888837338663903,0
ORD506749,CUST100505,560004,0.21438054858203234,0.19762853761721605,0
ORD500626,CUST101233,560092,0.161843131269114,0.4652541447815074,1
ORD503261,CUST100928,560115,0.25199964349216575,0.23129979364443987,0
ORD503423,CUST101225,560043,0.12139816424380817,0.10924789759182774,0
ORD502740,CUST101497,560075,0.4930330773387671,0.04994448821558866,1
ORD502494,CUST101314,560088,0.4581820867735219,0.14077625183446615,0
ORD500967,CUST100868,560003,0.11697910832251292,0.21762362723276713,0
ORD501127,CUST101154,560109,0.08618414001595866,0.5252484997618413,0
ORD503077,CUST101939,560039,0.3599787465654824,0.08257987664945507,0
ORD503357,CUST100755,560099,0.22260359167547175,0.15847855826528787,0
ORD506463,CUST100133,560021,0.40770299645353353,0.07930465192162388,0
ORD501973,CUST100455,560028,0.28099909876364537,0.033656118245986556,0
ORD505395,CUST100397,560100,0.2810349509629501,0.3742111996543805,0
ORD501605,CUST101747,560004,0.1511299192506436,0.19762853761721605,0
ORD505003,CUST101065,560115,0.07052430012811775,0.23129979364443987,0
ORD503008,CUST101701,560065,0.3061840886816502,0.12481245587380058,0
ORD501912,CUST100270,560055,0.07319325355511432,0.24304583988795897,0
ORD500134,CUST101620,560001,0.2229674740875284,0.4276493248809966,0
ORD501716,CUST101056,560039,0.2618715870997655,0.08257987664945507,0
ORD505023,CUST101989,560094,0.2402731156078704,0.3010387326878104,0
ORD507467,CUST100703,560033,0.36984356858905076,0.2000167013897961,0
ORD505014,CUST100988,560104,0.13672265930414002,0.1241972485306535,0
ORD504370,CUST100924,560060,0.16110498237076418,0.148778104232636,0
ORD505871,CUST101701,560016,0.3061840886816502,0.21649401012539535,0
ORD503450,CUST101465,560071,0.2855087147460683,0.2846659660343278,0
ORD502962,CUST101729,560079,0.11591316379338053,0.17876544501708239,0
ORD504904,CUST100684,560061,0.44186887226166205,0.14659676401055344,1
ORD500193,CUST101565,560023,0.11969820107385248,0.028472335602004763,0
ORD502714,CUST100727,560041,0.3958008976746133,0.1311386209542706,1
ORD500288,CUST100037,560027,0.36643236650295463,0.3964081708913591,1
ORD507417,CUST100576,560034,0.09342709211833844,0.2969408870047299,1
ORD505917,CUST101556,560029,0.22829920586186425,0.13120234612701753,0
ORD506508,CUST100161,560010,0.16676799610424997,0.26331848167006455,0
ORD500903,CUST100150,560067,0.2732031279049196,0.2626412720928802,0
ORD501809,CUST100398,560029,0.11565315745837781,0.13120234612701753,0
ORD506551,CUST101060,560025,0.16318059278927063,0.12731929297945457,0
ORD502143,CUST101354,560057,0.36188555066290623,0.06751530873316719,0
ORD501219,CUST100262,560006,0.40428580651687857,0.0359397910518748,0
ORD503206,CUST100114,560107,0.11388016972116154,0.4249338442310718,0
ORD503114,CUST100532,560008,0.11716756530475335,0.3291430834854005,0
ORD501967,CUST101639,560096,0.16882341312566285,0.13143597660081374,0
ORD502478,CUST101875,560092,0.20866604375382167,0.4652541447815074,0
ORD502294,CUST100236,560063,0.3408921063238981,0.19220896367361404,0
ORD507228,CUST101826,560070,0.11251270016100487,0.20224062701049086,0
ORD505458,CUST101123,560050,0.3100531060522249,0.39804978962446785,0
ORD500597,CUST100057,560030,0.21714365268202862,0.07698134180032012,0
ORD502431,CUST100452,560119,0.4369142138857339,0.23009324809977014,0
ORD500171,CUST101858,560062,0.43879665490804126,0.36167936673581547,0
ORD501897,CUST101295,560057,0.1933314703424993,0.06751530873316719,0
ORD501027,CUST100131,560030,0.46001324343588723,0.07698134180032012,1
ORD505143,CUST100870,560039,0.3550097873823574,0.08257987664945507,0
ORD503919,CUST100663,560049,0.24008664330811114,0.10008282781565703,0
ORD501257,CUST101596,560029,0.04440262156441277,0.13120234612701753,0
ORD502390,CUST101123,560015,0.3100531060522249,0.2930958901877522,0
ORD506842,CUST100384,560004,0.06565876288364696,0.19762853761721605,0
ORD501238,CUST100143,560081,0.37075169622686466,0.1954421444622332,0
ORD507841,CUST100667,560062,0.26144358598698514,0.36167936673581547,0
ORD501644,CUST101542,560034,0.32804805966922695,0.2969408870047299,0
ORD505580,CUST100834,560031,0.3606103729463374,0.1918817018934806,0
ORD506315,CUST100557,560093,0.29966387224425906,0.1005035939480502,0
ORD502558,CUST100877,560054,0.2886910483536643,0.10632638057233394,0
ORD506917,CUST101460,560074,0.2698170096825014,0.07273808090514074,0
ORD502510,CUST101748,560013,0.18154225768423612,0.18703349260237212,1
ORD505628,CUST100839,560028,0.22119532955938428,0.033656118245986556,0
ORD503720,CUST101139,560067,0.23322461400002217,0.2626412720928802,0
ORD507185,CUST100988,560081,0.13672265930414002,0.1954421444622332,0
ORD505544,CUST100593,560114,0.5074769095568444,0.11153289416689233,0
ORD502099,CUST100557,560108,0.29966387224425906,0.3345971676330574,0
ORD501141,CUST101212,560075,0.15194422756564285,0.04994448821558866,0
ORD501902,CUST101134,560102,0.10966045330543371,0.3116574064541478,0
ORD502668,CUST100355,560094,0.08621449582989908,0.3010387326878104,0
ORD505025,CUST101019,560026,0.6232471313126572,0.06415183632714254,0
ORD501144,CUST101171,560119,0.2350625650671586,0.23009324809977014,0
ORD507382,CUST101367,560036,0.3082416536394819,0.033224141114804616,0
ORD500482,CUST100729,560017,0.3291714982648717,0.14572183941573405,0
ORD507364,CUST100315,560083,0.1494736716851247,0.09761538384380626,0
ORD504113,CUST101467,560009,0.16625647957893838,0.26522522319557623,0
ORD502347,CUST101439,560051,0.16655036959510433,0.06321104945248114,0
ORD501030,CUST100019,560078,0.2767647537778325,0.14596790446960203,0
ORD506991,CUST100907,560074,0.5725062258587501,0.07273808090514074,0
ORD503065,CUST101115,560090,0.16775992148714,0.0937263908731933,0
ORD503501,CUST100009,560068,0.46015210405281526,0.12357375658063682,0
ORD507299,CUST101236,560076,0.4265528616071661,0.1112464586243946,0
ORD501123,CUST101994,560105,0.13017679525807624,0.2610606417315302,0
ORD500585,CUST101701,560079,0.3061840886816502,0.17876544501708239,0
ORD503418,CUST101467,560012,0.16625647957893838,0.08031914452505755,0
ORD500068,CUST100557,560028,0.29966387224425906,0.033656118245986556,0
ORD504821,CUST101929,560073,0.32197007802918726,0.40608187581223554,0
ORD505418,CUST100509,560013,0.3983115828087851,0.18703349260237212,1
ORD505060,CUST100006,560037,0.2677657562695904,0.20052614877754213,0
ORD507578,CUST100039,560092,0.23107398565158901,0.4652541447815074,1
ORD506221,CUST100354,560027,0.41400072201775984,0.3964081708913591,0
ORD506984,CUST101390,560097,0.08909689827440144,0.2209193286304174,0
ORD504172,CUST100515,560058,0.1354858514772503,0.20486674986456038,0
ORD505263,CUST100722,560118,0.18463474910495414,0.21889163644714124,0
ORD507981,CUST100321,560029,0.42296540799688903,0.13120234612701753,0
ORD502770,CUST100534,560026,0.6645072620284929,0.06415183632714254,1
ORD506481,CUST100876,560003,0.13027054687992426,0.21762362723276713,0
ORD502829,CUST100296,560103,0.2216976101384966,0.2331908497366693,0
ORD501489,CUST101015,560119,0.27131363461829233,0.23009324809977014,0
ORD503478,CUST101743,560002,0.1752426436464719,0.06816617099651445,0
ORD507645,CUST101199,560090,0.3902154867000258,0.0937263908731933,0
ORD504699,CUST101007,560031,0.3070825401363213,0.1918817018934806,0
ORD504505,CUST101919,560025,0.051059705610584816,0.12731929297945457,0
ORD503233,CUST100566,560007,0.3692350826198513,0.4115118018852822,0
ORD502545,CUST100474,560052,0.40080141861945334,0.10086571587923499,0
ORD504059,CUST100235,560013,0.38559486575544727,0.18703349260237212,0
ORD504662,CUST100557,560099,0.29966387224425906,0.15847855826528787,0
ORD500074,CUST100574,560026,0.3342089746862077,0.06415183632714254,0
ORD500089,CUST101052,560021,0.2133109451459792,0.07930465192162388,0
ORD501635,CUST100022,560027,0.36242851871884985,0.3964081708913591,0
ORD504788,CUST100888,560063,0.46669449990302514,0.19220896367361404,1
ORD503934,CUST101075,560022,0.26907765391546296,0.12028576980936151,1
ORD502542,CUST100596,560023,0.2135570560405219,0.028472335602004763,0
ORD504109,CUST100888,560106,0.46669449990302514,0.19267676572383044,1
ORD507965,CUST100532,560045,0.11716756530475335,0.2009380398079108,0
ORD506125,CUST100222,560066,0.3666490656306323,0.44863880467564937,0
ORD503160,CUST100767,560004,0.032184328914809754,0.19762853761721605,0
ORD505279,CUST101360,560018,0.27271275192114813,0.15888837338663903,0
ORD503325,CUST100758,560029,0.24914756669541444,0.13120234612701753,0
ORD507799,CUST101608,560054,0.17874359530435505,0.10632638057233394,0
ORD502549,CUST101939,560043,0.3599787465654824,0.10924789759182774,0
ORD501871,CUST101676,560026,0.245614240605698,0.06415183632714254,0
ORD504627,CUST101785,560026,0.14011262016786832,0.06415183632714254,0
ORD505285,CUST101255,560087,0.499030903679795,0.2319307941510612,0
ORD505057,CUST101351,560095,0.07071630951057738,0.1770255930012656,0
ORD502982,CUST101048,560025,0.1441161872280649,0.12731929297945457,0
ORD502617,CUST101115,560100,0.16775992148714,0.3742111996543805,0
ORD505250,CUST100121,560024,0.21229487492335847,0.08499988471741125,0
ORD503557,CUST101757,560018,0.5081883091584374,0.15888837338663903,0
ORD502682,CUST100759,560085,0.14931459557255047,0.24590610537959195,0
ORD504318,CUST101592,560114,0.06097123207784671,0.11153289416689233,0
ORD500186,CUST100566,560077,0.3692350826198513,0.48289222403515625,1
ORD503053,CUST101706,560083,0.19013727606296876,0.09761538384380626,0
ORD502084,CUST100124,560047,0.2301005659589465,0.2140654816693931,0
ORD505457,CUST101141,560092,0.12217237295002849,0.4652541447815074,0
ORD506527,CUST101118,560040,0.20566279538085244,0.13792726590918689,0
ORD503633,CUST100679,560020,0.1894589634974572,0.2587614293950907,0
ORD505759,CUST101579,560057,0.48168131853356183,0.06751530873316719,0
ORD500117,CUST100538,560021,0.3745706193331196,0.07930465192162388,0
ORD505514,CUST100916,560108,0.017477886986586533,0.3345971676330574,0
ORD503288,CUST101047,560103,0.015279960627097446,0.2331908497366693,0
ORD503823,CUST101858,560002,0.43879665490804126,0.06816617099651445,0
ORD506185,CUST101463,560005,0.31218816463367893,0.3717167319646953,0
ORD507659,CUST100906,560028,0.32608688428099614,0.033656118245986556,0
ORD505850,CUST101586,560105,0.41790976805842955,0.2610606417315302,1
ORD502613,CUST101767,560043,0.49167863541992063,0.10924789759182774,0
ORD505519,CUST100177,560040,0.07820534188507672,0.13792726590918689,0
ORD504947,CUST100544,560025,0.04915448350944119,0.12731929297945457,0
ORD501978,CUST101047,560042,0.015279960627097446,0.20272897456368089,0
ORD502802,CUST100225,560091,0.23555814035267542,0.363756533272939,0
ORD505065,CUST101977,560039,0.10308490365182771,0.08257987664945507,0
ORD504586,CUST101850,560105,0.233641088810736,0.2610606417315302,0
ORD506977,CUST101318,560021,0.18922519933701823,0.07930465192162388,0
ORD501518,CUST101394,560006,0.3487700718949944,0.0359397910518748,0
ORD507055,CUST100286,560108,0.4893639098666145,0.3345971676330574,0
ORD501819,CUST100575,560037,0.3734683492632352,0.20052614877754213,0
ORD505945,CUST101219,560094,0.313067169341089,0.3010387326878104,0
ORD501810,CUST100161,560018,0.16676799610424997,0.15888837338663903,0
ORD505867,CUST100225,560052,0.23555814035267542,0.10086571587923499,0
ORD502317,CUST100482,560080,0.2754386295631827,0.35705055052060225,0
ORD501524,CUST100911,560077,0.298266440698924,0.48289222403515625,1
ORD500059,CUST100583,560106,0.35941268307576457,0.19267676572383044,1
ORD501026,CUST101875,560004,0.20866604375382167,0.19762853761721605,0
ORD503928,CUST100106,560103,0.20764438235860783,0.2331908497366693,0
ORD507941,CUST101250,560008,0.12834587113286433,0.3291430834854005,0
ORD507283,CUST101650,560073,0.25885286008050734,0.40608187581223554,1
ORD504312,CUST101677,560021,0.3461736398572702,0.07930465192162388,0
ORD505550,CUST100071,560084,0.22452854262691951,0.3632584085729479,0
ORD503211,CUST100898,560029,0.3575549854513887,0.13120234612701753,0
ORD502025,CUST101429,560003,0.06293286811999019,0.21762362723276713,0
ORD501807,CUST101500,560053,0.19830566249322965,0.2746954160023574,0
ORD501845,CUST101484,560052,0.09201587903452282,0.10086571587923499,0
ORD501930,CUST100835,560065,0.33694071508209505,0.12481245587380058,0
ORD506236,CUST101970,560038,0.19779315867429847,0.4922123466288645,1
ORD503641,CUST100978,560079,0.09443693428091177,0.17876544501708239,0
ORD505903,CUST100713,560056,0.13711908445634313,0.1311151942786954,0
ORD503752,CUST101516,560062,0.14480130003921363,0.36167936673581547,0
ORD503882,CUST101203,560108,0.2125095205336983,0.3345971676330574,0
ORD501573,CUST100989,560096,0.05355460713855942,0.13143597660081374,0
ORD501384,CUST100396,560030,0.03833526651775298,0.07698134180032012,0
ORD502410,CUST101018,560061,0.14875128750341032,0.14659676401055344,0
ORD501447,CUST100763,560097,0.2415737336452884,0.2209193286304174,0
ORD504870,CUST100429,560084,0.2897378778415542,0.3632584085729479,0
ORD500218,CUST101893,560001,0.5724355175123372,0.4276493248809966,1
ORD501409,CUST101534,560040,0.445110893697529,0.13792726590918689,0
ORD502034,CUST101377,560021,0.15168052257429876,0.07930465192162388,0
ORD500675,CUST101114,560000,0.3322750053957769,0.0499470929340503,0
ORD502253,CUST100860,560102,0.28458392516216463,0.3116574064541478,0
ORD506610,CUST100297,560051,0.46818673352621776,0.06321104945248114,1
ORD506556,CUST100011,560035,0.2916477929418046,0.44644714587366313,0
ORD507068,CUST100354,560083,0.41400072201775984,0.09761538384380626,0
ORD500108,CUST101402,560085,0.18377901292066523,0.24590610537959195,0
ORD502807,CUST101593,560000,0.5083785936171782,0.0499470929340503,0
ORD507020,CUST100480,560096,0.1339182046543242,0.13143597660081374,0
ORD501511,CUST100835,560036,0.33694071508209505,0.033224141114804616,0
ORD506119,CUST101513,560085,0.17514621066660485,0.24590610537959195,0
ORD504508,CUST101606,560010,0.16218260861802136,0.26331848167006455,0
ORD503842,CUST101543,560111,0.4487444125680534,0.1318273625407665,1
ORD507839,CUST100173,560040,0.45142648803811186,0.13792726590918689,0
ORD504615,CUST101461,560093,0.14389940636283058,0.1005035939480502,0
ORD505443,CUST101466,560011,0.1239382463524116,0.26287102465088363,0
ORD504975,CUST101412,560009,0.12399667191772946,0.26522522319557623,0
ORD507165,CUST100372,560097,0.35032981142098496,0.2209193286304174,0
ORD502885,CUST101987,560016,0.14215871192130625,0.21649401012539535,0
ORD502633,CUST101019,560101,0.6232471313126572,0.2210289590416924,1
ORD505836,CUST101802,560118,0.2956765991988735,0.21889163644714124,0
ORD503531,CUST101072,560117,0.5120294647033987,0.07519208933625972,0
ORD501874,CUST100256,560073,0.16298051973655406,0.40608187581223554,1
ORD505935,CUST100725,560028,0.17751620465362142,0.033656118245986556,0
ORD507561,CUST100393,560031,0.342931829566947,0.1918817018934806,0
ORD507656,CUST100692,560027,0.24075359089905976,0.3964081708913591,1
ORD504871,CUST101125,560106,0.3282776363453346,0.19267676572383044,0
ORD506043,CUST101701,560097,0.3061840886816502,0.2209193286304174,0
ORD507296,CUST100860,560050,0.28458392516216463,0.39804978962446785,1
ORD501794,CUST100742,560038,0.1631917746791551,0.4922123466288645,0
ORD503753,CUST101397,560040,0.16569683789447415,0.13792726590918689,0
ORD500554,CUST100324,560091,0.372235180820969,0.363756533272939,0
ORD504273,CUST100577,560067,0.2042925306906814,0.2626412720928802,0
ORD505525,CUST100071,560031,0.22452854262691951,0.1918817018934806,0
ORD507899,CUST101608,560112,0.17874359530435505,0.10046769389686781,1
ORD507710,CUST100872,560033,0.3932300760602047,0.2000167013897961,0
ORD507462,CUST101628,560034,0.5060698046512045,0.2969408870047299,1
ORD505739,CUST100962,560112,0.26922230243613665,0.10046769389686781,1
ORD506350,CUST101029,560072,0.33902909698202466,0.0983469859236676,0
ORD506061,CUST100978,560117,0.09443693428091177,0.07519208933625972,0
ORD500580,CUST101368,560039,0.16031144631830624,0.08257987664945507,0
ORD505712,CUST101519,560054,0.12767387611839967,0.10632638057233394,0
ORD504048,CUST101712,560017,0.2581257378289746,0.14572183941573405,1
ORD502804,CUST100326,560116,0.2595265118239566,0.21263077921125112,0
ORD507476,CUST101766,560098,0.21411012904289228,0.20695366556821226,0
ORD506435,CUST100515,560065,0.1354858514772503,0.12481245587380058,0
ORD502345,CUST101228,560005,0.6024628659946172,0.3717167319646953,1
ORD506362,CUST100545,560000,0.43544254381347786,0.0499470929340503,0
ORD503632,CUST101246,560113,0.32724707914173723,0.05073967111486112,0
ORD500576,CUST100213,560106,0.4606189281415165,0.19267676572383044,0
ORD503311,CUST100088,560074,0.20401397040683977,0.07273808090514074,0
ORD506198,CUST101558,560064,0.2362087605142643,0.4107390138477389,0
ORD504520,CUST100395,560114,0.26234867347983615,0.11153289416689233,0
ORD505559,CUST101929,560092,0.32197007802918726,0.4652541447815074,0
ORD504385,CUST101586,560095,0.41790976805842955,0.1770255930012656,0
ORD500988,CUST100906,560105,0.32608688428099614,0.2610606417315302,0
ORD507568,CUST101200,560008,0.28561236380859273,0.3291430834854005,0
ORD507767,CUST101294,560000,0.06184401095130109,0.0499470929340503,0
ORD506782,CUST100924,560119,0.16110498237076418,0.23009324809977014,0
ORD503940,CUST100261,560036,0.44367742457242815,0.033224141114804616,0
ORD507410,CUST101681,560030,0.39531078164283623,0.07698134180032012,0
ORD503630,CUST101869,560026,0.15014274497728494,0.06415183632714254,0
ORD500627,CUST101842,560019,0.15821184443750103,0.048751952975078075,0
ORD503864,CUST101118,560061,0.20566279538085244,0.14659676401055344,0
ORD501665,CUST100774,560118,0.22369831123924852,0.21889163644714124,0
ORD502614,CUST101450,560100,0.1557828750079239,0.3742111996543805,0
ORD505741,CUST100719,560056,0.25799975137506986,0.1311151942786954,0
ORD503081,CUST101602,560013,0.24275649572448044,0.18703349260237212,0
ORD501424,CUST100349,560013,0.391147140695262,0.18703349260237212,0
ORD505509,CUST100140,560110,0.2773816073359342,0.4429461963712056,0
ORD505510,CUST100761,560063,0.3181818500563173,0.19220896367361404,1
ORD506220,CUST101520,560067,0.602019510642507,0.2626412720928802,1
ORD504527,CUST100037,560087,0.36643236650295463,0.2319307941510612,0
ORD502627,CUST100474,560077,0.40080141861945334,0.48289222403515625,1
ORD501282,CUST100541,560031,0.16757657415686808,0.1918817018934806,0
ORD506572,CUST101401,560094,0.324633255331386,0.3010387326878104,0
ORD507992,CUST101785,560057,0.14011262016786832,0.06751530873316719,0
ORD504647,CUST101154,560053,0.08618414001595866,0.2746954160023574,0
ORD502243,CUST100151,560032,0.14720873128711998,0.2652671681157216,1
ORD507519,CUST101061,560081,0.2549543426849578,0.1954421444622332,0
ORD507759,CUST101250,560053,0.12834587113286433,0.2746954160023574,0
ORD504022,CUST100746,560115,0.2616303277944666,0.23129979364443987,0
ORD502283,CUST100891,560077,0.2817392455595164,0.48289222403515625,1
ORD501348,CUST101237,560004,0.39578552080530405,0.19762853761721605,0
ORD500281,CUST101349,560058,0.24252121289004466,0.20486674986456038,0
ORD505853,CUST101405,560021,0.10805585097920675,0.07930465192162388,0
ORD502269,CUST100861,560094,0.3626697249106457,0.3010387326878104,0
ORD507829,CUST100532,560081,0.11716756530475335,0.1954421444622332,0
ORD501034,CUST100678,560102,0.3927228897844673,0.3116574064541478,0
ORD505235,CUST100906,560003,0.32608688428099614,0.21762362723276713,0
ORD501166,CUST100542,560091,0.24680180551951414,0.363756533272939,0
ORD501789,CUST100016,560056,0.13620156896909216,0.1311151942786954,0
ORD503432,CUST101657,560045,0.1638237871995477,0.2009380398079108,0
ORD500724,CUST101268,560008,0.3633623231742147,0.3291430834854005,1
ORD507393,CUST100007,560051,0.130383422505818,0.06321104945248114,0
ORD506726,CUST101228,560084,0.6024628659946172,0.3632584085729479,1
ORD506690,CUST101157,560098,0.19581630906596817,0.20695366556821226,0
ORD501469,CUST100650,560052,0.05655306904883348,0.10086571587923499,0
ORD502355,CUST101506,560098,0.1832126756546978,0.20695366556821226,0
ORD500961,CUST101608,560117,0.17874359530435505,0.07519208933625972,0
ORD504739,CUST101588,560053,0.15386671998751833,0.2746954160023574,0
ORD505356,CUST101893,560015,0.5724355175123372,0.2930958901877522,1
ORD502555,CUST100388,560026,0.22359865383939137,0.06415183632714254,0
ORD503825,CUST101553,560024,0.10497605305635782,0.08499988471741125,0
ORD503152,CUST101833,560063,0.15774023097194656,0.19220896367361404,0
ORD504163,CUST100794,560105,0.09880204662638824,0.2610606417315302,0
ORD505832,CUST101246,560011,0.32724707914173723,0.26287102465088363,0
ORD501156,CUST100057,560091,0.21714365268202862,0.363756533272939,0
ORD507584,CUST101620,560048,0.2229674740875284,0.48509059761807705,0
ORD500664,CUST100328,560116,0.4390524811910615,0.21263077921125112,0
ORD504740,CUST100227,560013,0.2560233812776348,0.18703349260237212,0
ORD502730,CUST100301,560086,0.12241533806316059,0.007482278722774853,0
ORD504384,CUST100297,560048,0.46818673352621776,0.48509059761807705,0
ORD503042,CUST100785,560045,0.34624496400516935,0.2009380398079108,0
ORD504016,CUST101852,560019,0.10508599985494056,0.048751952975078075,0
ORD506620,CUST101221,560036,0.2702196956443796,0.033224141114804616,0
ORD501980,CUST100780,560117,0.3418955096204382,0.07519208933625972,0
ORD501177,CUST101620,560109,0.2229674740875284,0.5252484997618413,0
ORD502881,CUST101405,560036,0.10805585097920675,0.033224141114804616,0
ORD507721,CUST101045,560066,0.14850656263461232,0.44863880467564937,0
ORD507766,CUST101294,560043,0.06184401095130109,0.10924789759182774,1
ORD504493,CUST101759,560044,0.05262839186400578,0.24271947144386585,0
ORD501108,CUST101523,560050,0.2860307141102213,0.39804978962446785,0
ORD502340,CUST101431,560108,0.218617277433771,0.3345971676330574,0
ORD506091,CUST101267,560093,0.08855690793325809,0.1005035939480502,0
ORD507451,CUST101644,560104,0.1334980946873658,0.1241972485306535,0
ORD506504,CUST100229,560093,0.10949310651314134,0.1005035939480502,0
ORD506277,CUST100038,560082,0.21082490652703922,0.4036521734896382,0
ORD503917,CUST100228,560047,0.19264547693073103,0.2140654816693931,0
ORD505208,CUST100018,560114,0.2828521239790615,0.11153289416689233,0
ORD501636,CUST100367,560054,0.2881986119409372,0.10632638057233394,0
ORD506823,CUST101608,560087,0.17874359530435505,0.2319307941510612,0
ORD507606,CUST101457,560022,0.40440684690595213,0.12028576980936151,0
ORD503695,CUST101743,560018,0.1752426436464719,0.15888837338663903,0
ORD507041,CUST100621,560004,0.394675253137179,0.19762853761721605,1
ORD503112,CUST100982,560085,0.17455896480941777,0.24590610537959195,1
ORD502036,CUST100935,560032,0.48051431524057286,0.2652671681157216,1
ORD507935,CUST101250,560110,0.12834587113286433,0.4429461963712056,0
ORD506978,CUST100975,560105,0.24375656389178965,0.2610606417315302,1
ORD502091,CUST100272,560031,0.278455179805805,0.1918817018934806,0
ORD506246,CUST101160,560035,0.15017886247881426,0.44644714587366313,0
ORD503147,CUST101135,560031,0.17862210645797233,0.1918817018934806,0
ORD507729,CUST100177,560049,0.07820534188507672,0.10008282781565703,0
ORD500504,CUST100995,560102,0.2336410115856832,0.3116574064541478,0
ORD505426,CUST100172,560043,0.22055559831700278,0.10924789759182774,0
ORD504074,CUST101730,560009,0.20257060460374818,0.26522522319557623,0
ORD505755,CUST101294,560033,0.06184401095130109,0.2000167013897961,0
