order_id,customer_id,delivery_pincode,order_timestamp,order_value,discount_pct,item_category,order_hour,distance_km,is_returned
ORD504133,CUST101875,560024,2025-01-01 00:21:30,306.63,24.4,Electronics,5,2.2,0
ORD503820,CUST100297,560059,2025-01-01 00:32:28,1194.39,14.6,Electronics,21,7.2,0
ORD503580,CUST101215,560060,2025-01-01 01:51:03,1337.22,11.3,Beauty,14,4.8,0
ORD504992,CUST100835,560062,2025-01-01 02:49:36,816.37,4.7,Home,23,3.2,1
ORD502203,CUST100898,560038,2025-01-01 03:05:11,887.46,2.4,Beauty,20,28.8,0
ORD501555,CUST101237,560030,2025-01-01 03:14:01,830.04,55.7,Fashion,22,10.3,0
ORD505516,CUST100360,560065,2025-01-01 03:18:31,592.1,10.3,Fashion,8,7.3,1
ORD500405,CUST100047,560046,2025-01-01 03:43:04,708.68,3.2,Electronics,6,7.1,1
ORD500494,CUST100103,560116,2025-01-01 04:12:18,995.82,9.6,Fashion,19,10.0,0
ORD501858,CUST101916,560065,2025-01-01 04:35:17,737.81,11.8,Home,4,1.6,0
ORD507267,CUST101509,560015,2025-01-01 04:45:43,1012.62,16.6,Grocery,18,17.8,0
ORD504603,CUST101969,560052,2025-01-01 05:02:31,1361.03,9.6,Grocery,15,10.7,0
ORD504411,CUST101892,560092,2025-01-01 05:12:58,1568.5,10.6,Home,9,22.6,0
ORD502225,CUST101521,560076,2025-01-01 06:55:40,816.98,35.6,Fashion,15,20.9,0
ORD502584,CUST101543,560102,2025-01-01 07:31:51,150.0,16.2,Beauty,13,1.3,0
ORD506807,CUST100274,560104,2025-01-01 08:03:48,2023.23,15.5,Home,19,1.0,0
ORD506962,CUST101541,560067,2025-01-01 08:04:41,617.99,21.9,Fashion,11,13.5,1
ORD502304,CUST100222,560027,2025-01-01 08:47:08,498.88,25.6,Other,11,24.2,1
ORD502961,CUST100119,560099,2025-01-01 09:04:18,281.74,14.9,Grocery,15,6.7,0
ORD503598,CUST100872,560082,2025-01-01 09:14:26,992.84,16.4,Electronics,7,27.5,1
ORD505453,CUST100102,560014,2025-01-01 11:28:45,275.26,6.3,Fashion,20,33.8,0
ORD502107,CUST101062,560078,2025-01-01 11:31:43,795.11,29.0,Home,22,14.6,1
ORD504306,CUST101160,560067,2025-01-01 12:57:27,540.91,36.8,Other,23,7.2,0
ORD505513,CUST101390,560020,2025-01-01 13:15:50,1130.73,24.8,Home,20,9.5,0
ORD502111,CUST101209,560009,2025-01-01 13:19:31,2295.06,19.4,Other,3,23.7,0
ORD505128,CUST100962,560026,2025-01-01 14:28:35,1087.46,9.0,Home,23,10.5,0
ORD507129,CUST100390,560014,2025-01-01 14:33:22,675.81,17.0,Home,17,11.2,1
ORD501599,CUST101028,560034,2025-01-01 15:04:26,931.63,16.0,Beauty,10,13.1,0
ORD500861,CUST100182,560101,2025-01-01 15:05:22,1025.86,32.6,Beauty,0,12.2,0
ORD501657,CUST100742,560119,2025-01-01 15:25:37,256.87,14.6,Home,4,13.3,0
ORD507720,CUST101639,560056,2025-01-01 16:08:08,1928.72,24.4,Grocery,9,14.1,0
ORD500696,CUST101026,560044,2025-01-01 17:27:04,626.21,31.2,Beauty,20,4.9,0
ORD501374,CUST101458,560047,2025-01-01 17:30:37,992.1,13.2,Other,11,20.9,0
ORD504588,CUST100541,560040,2025-01-01 18:33:38,420.94,4.8,Electronics,6,16.9,0
ORD505488,CUST101974,560077,2025-01-01 18:52:09,506.08,19.6,Beauty,8,19.5,1
ORD507959,CUST101312,560055,2025-01-01 19:28:18,1502.84,17.7,Grocery,15,14.8,0
ORD505765,CUST101441,560093,2025-01-01 19:47:02,785.6,26.6,Beauty,6,12.2,0
ORD505697,CUST101405,560058,2025-01-01 19:49:35,594.6,32.3,Home,23,10.6,0
ORD505584,CUST100398,560004,2025-01-01 20:58:22,322.62,26.1,Electronics,4,15.3,0
ORD501693,CUST101693,560035,2025-01-01 23:41:10,235.98,15.7,Other,17,10.8,0
ORD507151,CUST100742,560094,2025-01-02 00:13:30,1619.77,29.7,Fashion,7,22.2,0
ORD503667,CUST101752,560009,2025-01-02 00:23:21,654.67,41.9,Fashion,13,33.7,1
ORD506569,CUST101921,560110,2025-01-02 00:30:51,778.73,45.3,Fashion,5,11.5,0
ORD500974,CUST100194,560057,2025-01-02 01:42:17,1436.75,9.0,Electronics,22,15.9,0
ORD500530,CUST100089,560101,2025-01-02 01:45:38,499.45,19.3,Fashion,0,23.5,1
ORD507186,CUST101929,560074,2025-01-02 02:03:03,342.08,27.4,Beauty,20,4.6,0
ORD504515,CUST100474,560079,2025-01-02 02:04:03,517.17,10.8,Beauty,1,3.2,0
ORD504707,CUST100684,560117,2025-01-02 02:39:17,1282.59,27.2,Electronics,11,13.3,1
ORD503251,CUST100440,560022,2025-01-02 03:25:37,1221.89,7.5,Beauty,3,14.6,0
ORD501242,CUST101035,560027,2025-01-02 04:03:25,489.96,23.9,Fashion,17,6.9,0
ORD505532,CUST101968,560065,2025-01-02 04:08:43,665.84,26.1,Fashion,1,4.6,1
ORD506460,CUST100772,560014,2025-01-02 05:07:49,1628.29,18.0,Beauty,0,14.4,0
ORD503516,CUST101804,560100,2025-01-02 05:57:17,500.51,6.9,Home,19,17.3,0
ORD506725,CUST100455,560100,2025-01-02 06:11:15,526.93,13.6,Fashion,12,11.6,1
ORD504197,CUST100047,560095,2025-01-02 07:40:57,759.58,21.3,Beauty,22,11.5,1
ORD504633,CUST100101,560006,2025-01-02 07:46:14,406.94,21.4,Home,8,4.4,0
ORD505657,CUST100541,560072,2025-01-02 07:53:11,505.49,36.3,Beauty,10,26.2,1
ORD501825,CUST101884,560049,2025-01-02 08:05:28,502.54,22.2,Fashion,22,1.7,0
ORD505433,CUST100151,560111,2025-01-02 08:27:36,935.66,2.1,Fashion,0,18.7,1
ORD500201,CUST101833,560006,2025-01-02 08:30:23,1750.25,26.3,Beauty,3,10.8,0
ORD506087,CUST101106,560053,2025-01-02 08:34:13,1058.68,11.7,Home,15,6.4,0
ORD507132,CUST101819,560074,2025-01-02 08:41:57,768.08,5.6,Fashion,9,29.6,0
ORD500496,CUST101467,560003,2025-01-02 09:08:20,999.25,1.6,Home,3,8.9,0
ORD504012,CUST100380,560108,2025-01-02 09:29:38,661.03,17.1,Fashion,22,13.3,0
ORD504377,CUST101061,560052,2025-01-02 09:37:06,621.96,12.9,Fashion,6,26.7,0
ORD500087,CUST101265,560114,2025-01-02 09:44:35,740.21,20.8,Fashion,21,3.7,0
ORD506256,CUST100532,560034,2025-01-02 10:12:50,530.56,28.5,Fashion,1,1.8,0
ORD500772,CUST100534,560092,2025-01-02 10:31:05,389.97,9.9,Beauty,14,5.3,1
ORD501529,CUST100343,560069,2025-01-02 10:56:46,308.21,12.9,Fashion,22,14.9,0
ORD501367,CUST101258,560097,2025-01-02 11:17:18,2151.29,9.3,Beauty,23,15.5,0
ORD500872,CUST100152,560111,2025-01-02 11:48:09,270.24,18.1,Fashion,22,22.9,0
ORD503999,CUST101007,560053,2025-01-02 12:00:29,537.8,1.9,Grocery,0,20.3,0
ORD507461,CUST100207,560015,2025-01-02 13:52:10,846.55,39.4,Fashion,5,1.6,0
ORD502661,CUST100414,560053,2025-01-02 15:10:52,589.57,29.9,Fashion,17,8.5,1
ORD500517,CUST100089,560056,2025-01-02 15:46:38,657.82,26.2,Home,16,15.3,0
ORD501856,CUST101239,560058,2025-01-02 18:25:46,595.83,24.0,Grocery,15,11.4,0
ORD506145,CUST100551,560095,2025-01-02 19:03:28,349.03,21.3,Other,20,13.4,0
ORD507495,CUST101480,560027,2025-01-02 19:32:32,569.98,6.1,Fashion,0,23.6,0
ORD500511,CUST101058,560097,2025-01-02 19:57:00,854.44,22.6,Fashion,18,1.0,0
ORD506678,CUST100231,560079,2025-01-02 20:52:33,800.18,44.8,Beauty,19,13.3,1
ORD501291,CUST101019,560088,2025-01-02 21:29:01,1382.8,49.9,Other,12,12.4,1
ORD507748,CUST101731,560092,2025-01-02 22:02:51,1477.91,3.9,Other,12,4.8,0
ORD503319,CUST100742,560116,2025-01-02 22:11:35,1263.29,17.1,Beauty,1,1.0,0
ORD502921,CUST100243,560064,2025-01-02 23:02:58,1180.03,15.7,Home,16,11.7,0
ORD504631,CUST100569,560073,2025-01-02 23:13:44,623.96,33.2,Electronics,20,14.8,1
ORD501544,CUST101916,560010,2025-01-02 23:30:14,615.28,39.1,Fashion,14,18.6,0
ORD504365,CUST100046,560071,2025-01-02 23:50:49,460.21,20.2,Electronics,5,13.2,1
ORD500001,CUST100747,560038,2025-01-02 23:52:42,1112.67,26.9,Fashion,10,1.0,0
ORD505151,CUST100204,560004,2025-01-03 00:25:56,294.41,18.9,Grocery,16,1.6,0
ORD502412,CUST101463,560014,2025-01-03 00:35:18,1163.14,14.5,Beauty,21,2.1,1
ORD504381,CUST100837,560055,2025-01-03 01:19:38,343.86,22.2,Grocery,10,13.2,0
ORD505499,CUST100988,560069,2025-01-03 02:46:08,1146.06,7.8,Other,7,18.5,0
ORD500547,CUST100550,560080,2025-01-03 02:47:07,1342.19,24.6,Beauty,3,32.4,1
ORD501777,CUST101477,560084,2025-01-03 03:58:02,158.41,10.9,Fashion,17,11.0,0
ORD507595,CUST101959,560052,2025-01-03 04:24:47,395.52,14.0,Grocery,21,8.7,0
ORD503724,CUST101273,560021,2025-01-03 05:49:02,479.42,9.4,Fashion,3,15.4,0
ORD500071,CUST101875,560065,2025-01-03 06:44:39,659.72,25.0,Fashion,3,16.4,0
ORD506781,CUST101637,560073,2025-01-03 07:35:13,705.91,7.3,Fashion,20,11.7,1
ORD501065,CUST101467,560005,2025-01-03 07:54:12,465.72,3.3,Fashion,1,2.1,0
ORD506515,CUST100403,560045,2025-01-03 09:31:25,590.72,43.3,Home,19,11.1,0
ORD507731,CUST100835,560075,2025-01-03 09:58:44,532.44,26.1,Beauty,13,13.3,0
ORD504155,CUST101669,560119,2025-01-03 10:15:26,358.62,16.8,Fashion,1,25.9,1
ORD506982,CUST101390,560042,2025-01-03 10:53:14,874.2,9.6,Grocery,3,21.4,1
ORD501231,CUST100663,560023,2025-01-03 11:20:07,632.23,16.6,Home,7,12.9,0
ORD501082,CUST101561,560017,2025-01-03 11:22:16,1605.25,3.9,Home,2,10.3,0
ORD500188,CUST101117,560067,2025-01-03 11:37:11,1031.74,22.5,Fashion,16,15.3,1
ORD502042,CUST100203,560042,2025-01-03 12:35:48,275.64,32.7,Home,7,16.8,0
ORD504096,CUST101777,560085,2025-01-03 12:51:13,718.6,39.4,Fashion,14,22.0,0
ORD502149,CUST100465,560075,2025-01-03 13:00:03,247.68,5.5,Other,8,2.2,0
ORD505837,CUST100632,560014,2025-01-03 13:56:56,625.51,8.6,Grocery,6,1.0,0
ORD506003,CUST101261,560113,2025-01-03 14:22:12,642.67,34.8,Home,0,1.0,0
ORD504902,CUST100059,560066,2025-01-03 14:51:51,1061.15,9.5,Fashion,8,2.4,1
ORD507150,CUST101684,560079,2025-01-03 15:42:03,664.83,13.7,Grocery,2,21.6,0
ORD500062,CUST100206,560002,2025-01-03 15:51:31,1574.21,52.2,Grocery,3,22.1,0
ORD502233,CUST100774,560022,2025-01-03 16:10:17,183.33,13.0,Home,0,4.1,0
ORD504955,CUST101563,560087,2025-01-03 16:20:40,486.46,34.7,Fashion,12,13.1,0
ORD506972,CUST101904,560019,2025-01-03 17:29:32,1009.88,46.6,Electronics,6,1.0,1
ORD506514,CUST101990,560067,2025-01-03 17:40:05,597.73,13.9,Home,10,18.9,1
ORD503490,CUST101541,560105,2025-01-03 17:40:41,337.84,29.6,Electronics,7,26.0,0
ORD500212,CUST100759,560008,2025-01-03 19:19:01,1428.22,16.4,Fashion,21,4.0,0
ORD502075,CUST100524,560019,2025-01-03 20:36:01,1403.93,10.1,Electronics,4,7.3,0
ORD502744,CUST100523,560106,2025-01-03 22:29:48,918.54,13.3,Grocery,4,9.2,1
ORD505625,CUST100918,560013,2025-01-03 22:30:03,352.62,23.7,Beauty,3,18.9,0
ORD503970,CUST101061,560040,2025-01-03 23:08:02,447.55,18.1,Fashion,2,10.9,0
ORD501213,CUST100891,560077,2025-01-03 23:36:50,1047.94,25.8,Beauty,17,6.6,0
ORD501685,CUST100014,560025,2025-01-03 23:49:20,428.57,30.8,Fashion,17,7.5,0
ORD500461,CUST100194,560063,2025-01-04 00:00:24,908.53,5.3,Fashion,13,20.3,0
ORD502852,CUST100068,560050,2025-01-04 00:41:36,811.57,5.4,Other,19,16.5,0
ORD501632,CUST101786,560021,2025-01-04 00:58:37,178.39,11.8,Other,2,5.1,0
ORD504687,CUST100773,560086,2025-01-04 01:16:09,1111.47,31.9,Fashion,13,1.2,0
ORD506060,CUST100872,560053,2025-01-04 02:43:37,200.65,28.0,Beauty,21,21.0,1
ORD506813,CUST100271,560109,2025-01-04 02:48:30,343.49,17.3,Home,7,9.5,0
ORD501887,CUST101161,560106,2025-01-04 03:03:26,342.14,2.2,Beauty,22,1.0,0
ORD505405,CUST101993,560004,2025-01-04 03:22:20,674.79,9.3,Beauty,5,11.2,0
ORD502787,CUST100204,560081,2025-01-04 03:28:55,803.16,21.7,Fashion,2,12.6,0
ORD503514,CUST101405,560016,2025-01-04 04:09:49,664.52,14.4,Electronics,17,12.6,0
ORD505322,CUST101013,560078,2025-01-04 05:30:32,778.34,15.7,Home,18,23.1,0
ORD506496,CUST101034,560108,2025-01-04 05:30:54,418.32,10.6,Home,8,15.3,0
ORD503002,CUST101087,560005,2025-01-04 06:23:20,1147.69,18.6,Other,19,10.2,0
ORD507886,CUST100774,560102,2025-01-04 06:36:55,610.93,16.5,Beauty,8,5.8,0
ORD502747,CUST101730,560044,2025-01-04 09:23:17,628.73,12.4,Grocery,23,8.4,0
ORD502645,CUST100045,560098,2025-01-04 10:57:11,842.09,10.9,Electronics,9,13.3,0
ORD503264,CUST101330,560080,2025-01-04 12:24:20,1793.5,21.8,Fashion,12,7.6,1
ORD503434,CUST101207,560011,2025-01-04 13:04:06,314.37,21.3,Beauty,0,9.0,1
ORD504362,CUST101239,560073,2025-01-04 13:17:26,513.0,14.3,Electronics,1,31.3,0
ORD501655,CUST100103,560070,2025-01-04 15:10:32,1102.48,12.1,Fashion,1,5.5,0
ORD506235,CUST100177,560099,2025-01-04 15:35:42,675.62,25.3,Other,15,18.1,0
ORD502896,CUST101488,560110,2025-01-04 16:04:54,315.96,44.0,Electronics,8,15.8,0
ORD507039,CUST100572,560031,2025-01-04 16:20:41,731.42,19.1,Beauty,21,24.9,1
ORD501329,CUST101932,560092,2025-01-04 16:35:18,479.14,9.1,Fashion,7,11.7,0
ORD500837,CUST100131,560080,2025-01-04 17:34:31,652.07,32.5,Grocery,18,1.0,0
ORD502934,CUST100410,560115,2025-01-04 20:40:01,294.46,5.8,Fashion,11,4.0,1
ORD504386,CUST100980,560050,2025-01-04 21:18:39,437.53,29.6,Grocery,8,19.7,1
ORD504511,CUST100240,560097,2025-01-04 22:22:39,260.25,14.5,Fashion,7,3.5,0
ORD506810,CUST101084,560004,2025-01-04 23:05:01,488.93,1.6,Fashion,14,14.9,0
ORD505626,CUST100617,560118,2025-01-05 00:30:02,522.4,43.9,Home,15,9.3,0
ORD505068,CUST101633,560106,2025-01-05 01:32:52,323.2,10.2,Fashion,16,11.6,0
ORD504907,CUST100296,560082,2025-01-05 01:36:42,2481.57,34.2,Fashion,12,15.0,0
ORD506583,CUST101417,560064,2025-01-05 03:09:19,448.11,9.3,Fashion,4,1.7,0
ORD500798,CUST100989,560051,2025-01-05 03:37:41,497.67,4.7,Other,20,28.1,0
ORD502409,CUST100306,560014,2025-01-05 04:11:47,559.6,9.9,Electronics,10,13.3,0
ORD501597,CUST100975,560093,2025-01-05 05:05:24,549.13,31.4,Grocery,12,13.7,0
ORD503327,CUST101183,560072,2025-01-05 06:15:41,244.09,32.2,Home,13,8.2,1
ORD506987,CUST101372,560048,2025-01-05 06:21:50,1108.82,7.7,Fashion,12,6.0,0
ORD501379,CUST101429,560076,2025-01-05 06:30:33,666.01,21.2,Home,5,13.3,0
ORD501976,CUST100307,560095,2025-01-05 07:53:25,344.98,10.9,Electronics,0,10.8,0
ORD503652,CUST101335,560063,2025-01-05 07:56:16,917.25,27.7,Other,5,22.0,0
ORD507222,CUST101011,560043,2025-01-05 08:10:40,325.81,6.8,Electronics,5,4.4,0
ORD504258,CUST101154,560080,2025-01-05 09:00:10,434.56,19.2,Electronics,12,8.6,0
ORD504879,CUST100404,560097,2025-01-05 10:36:30,2278.79,6.2,Home,2,5.9,0
ORD504776,CUST100324,560043,2025-01-05 11:57:26,742.75,48.5,Fashion,18,4.6,0
ORD507686,CUST101298,560048,2025-01-05 12:12:33,626.75,45.2,Electronics,19,15.3,1
ORD504494,CUST100515,560029,2025-01-05 12:22:34,625.58,23.4,Beauty,3,11.5,0
ORD501029,CUST101495,560068,2025-01-05 12:50:30,359.86,17.5,Home,23,13.7,0
ORD502985,CUST101479,560013,2025-01-05 12:53:09,299.34,46.5,Grocery,9,18.8,0
ORD502639,CUST101467,560117,2025-01-05 13:31:58,410.31,6.5,Grocery,12,3.5,0
ORD500737,CUST100045,560079,2025-01-05 14:02:11,1671.79,7.4,Other,19,20.9,0
ORD501559,CUST100064,560018,2025-01-05 14:20:28,314.65,22.7,Electronics,12,10.6,0
ORD501528,CUST101013,560079,2025-01-05 14:49:02,310.11,9.9,Electronics,1,26.2,0
ORD500483,CUST101265,560084,2025-01-05 14:50:39,359.27,0.6,Electronics,21,16.2,0
ORD502127,CUST101754,560072,2025-01-05 15:01:58,1205.53,8.8,Other,10,11.4,0
ORD501074,CUST101869,560070,2025-01-05 15:10:58,558.85,11.9,Fashion,7,3.9,0
ORD506595,CUST101659,560058,2025-01-05 15:37:36,217.06,37.0,Fashion,7,3.0,0
ORD505866,CUST101228,560004,2025-01-05 15:41:35,561.32,4.1,Beauty,6,17.4,0
ORD500946,CUST101666,560010,2025-01-05 16:04:56,1202.59,31.8,Grocery,6,21.3,0
ORD507733,CUST101511,560030,2025-01-05 16:16:20,446.89,33.3,Beauty,7,6.8,1
ORD504049,CUST101765,560030,2025-01-05 17:22:19,455.51,25.0,Electronics,20,17.9,0
ORD505493,CUST101696,560071,2025-01-05 18:22:17,1785.32,28.2,Home,2,5.9,0
ORD507472,CUST100318,560116,2025-01-05 18:51:38,341.29,13.3,Fashion,9,1.0,0
ORD502576,CUST100355,560037,2025-01-05 19:01:56,586.94,8.0,Electronics,13,8.7,0
ORD505012,CUST100094,560101,2025-01-05 19:29:26,721.36,29.5,Electronics,21,22.5,1
ORD503426,CUST100206,560079,2025-01-05 20:00:12,432.17,8.2,Beauty,23,3.0,0
ORD501410,CUST100395,560110,2025-01-05 20:10:10,885.38,21.0,Fashion,7,4.8,0
ORD506192,CUST101780,560095,2025-01-05 20:10:26,812.4,35.9,Electronics,19,10.9,0
ORD500950,CUST101182,560041,2025-01-05 20:19:28,326.67,18.1,Home,1,14.9,0
ORD501811,CUST100766,560018,2025-01-05 20:24:00,703.63,28.7,Fashion,8,12.3,0
ORD501802,CUST100633,560093,2025-01-05 20:43:39,445.15,11.0,Fashion,2,5.9,0
ORD507261,CUST100610,560071,2025-01-05 21:27:25,951.13,12.9,Grocery,5,23.9,0
ORD505108,CUST100604,560028,2025-01-05 21:28:03,335.74,19.3,Electronics,4,5.2,0
ORD507756,CUST100651,560005,2025-01-05 22:27:06,1096.58,12.8,Grocery,19,3.0,0
ORD507808,CUST100255,560032,2025-01-05 23:30:35,458.09,10.1,Beauty,19,10.4,0
ORD501311,CUST101392,560054,2025-01-05 23:51:25,1864.42,24.0,Home,12,27.7,0
ORD503131,CUST101811,560114,2025-01-06 00:59:36,288.97,20.7,Electronics,5,4.8,0
ORD505042,CUST100037,560111,2025-01-06 01:08:04,569.94,33.4,Grocery,23,12.3,0
ORD502506,CUST100570,560053,2025-01-06 01:17:49,836.07,24.5,Fashion,6,23.6,0
ORD500877,CUST100297,560083,2025-01-06 01:24:09,365.78,17.6,Fashion,23,9.2,0
ORD502155,CUST100236,560023,2025-01-06 01:29:43,513.35,28.7,Beauty,15,6.8,0
ORD506184,CUST101620,560035,2025-01-06 01:30:41,568.6,42.4,Grocery,12,16.0,0
ORD500124,CUST100571,560003,2025-01-06 02:02:24,277.65,23.4,Other,1,14.1,0
ORD504944,CUST100048,560100,2025-01-06 02:18:03,356.73,27.1,Electronics,7,3.0,0
ORD503921,CUST100504,560112,2025-01-06 02:28:48,619.25,18.0,Fashion,0,5.5,0
ORD501016,CUST101300,560069,2025-01-06 04:14:30,630.27,19.3,Fashion,4,2.0,0
ORD507087,CUST101783,560108,2025-01-06 05:27:23,445.82,25.6,Fashion,19,12.3,1
ORD504389,CUST100374,560097,2025-01-06 06:34:00,817.24,14.1,Home,11,4.2,0
ORD502933,CUST101850,560074,2025-01-06 07:32:39,697.15,10.9,Home,9,20.7,0
ORD504443,CUST101592,560105,2025-01-06 08:14:08,518.02,4.6,Fashion,18,20.6,0
ORD501836,CUST101196,560102,2025-01-06 08:37:22,466.83,13.9,Fashion,4,14.5,1
ORD504317,CUST101726,560058,2025-01-06 09:04:27,813.31,10.6,Home,7,21.8,0
ORD504248,CUST101705,560045,2025-01-06 09:43:07,1564.77,6.9,Fashion,8,8.6,0
ORD507397,CUST100356,560039,2025-01-06 10:25:17,694.6,5.1,Fashion,21,11.6,1
ORD505101,CUST101377,560031,2025-01-06 11:33:03,658.2,59.2,Home,10,14.5,0
ORD500272,CUST101125,560032,2025-01-06 13:02:47,2936.89,25.3,Beauty,7,15.7,1
ORD500251,CUST101783,560102,2025-01-06 13:26:07,346.64,11.6,Electronics,17,15.2,1
ORD502421,CUST100057,560040,2025-01-06 13:27:38,1770.23,30.9,Home,12,8.4,0
ORD503701,CUST101405,560005,2025-01-06 13:59:10,775.53,23.7,Electronics,19,12.3,1
ORD505810,CUST100433,560104,2025-01-06 14:03:10,809.85,29.5,Beauty,0,26.5,1
ORD503783,CUST100573,560113,2025-01-06 15:14:16,309.37,6.2,Electronics,19,12.2,0
ORD500183,CUST101268,560051,2025-01-06 16:04:18,1139.19,23.3,Electronics,16,13.1,0
ORD507123,CUST101620,560040,2025-01-06 17:20:51,664.13,25.5,Beauty,17,4.0,0
ORD500091,CUST100876,560006,2025-01-06 17:23:50,1090.22,7.4,Electronics,10,14.6,0
ORD506156,CUST100146,560010,2025-01-06 18:05:19,524.81,4.9,Other,15,10.9,0
ORD502245,CUST101199,560006,2025-01-06 18:09:17,355.06,20.1,Fashion,17,2.8,0
ORD505937,CUST101834,560083,2025-01-06 18:14:28,476.17,27.2,Home,7,10.1,0
ORD505781,CUST101292,560063,2025-01-06 18:32:18,1134.8,22.2,Fashion,18,21.5,0
ORD506092,CUST100541,560021,2025-01-06 18:46:24,152.87,10.1,Fashion,4,17.0,0
ORD500465,CUST100361,560053,2025-01-06 19:56:24,411.83,15.8,Electronics,3,18.9,1
ORD504983,CUST100037,560038,2025-01-06 20:12:05,338.18,20.0,Electronics,18,18.1,1
ORD502906,CUST100454,560090,2025-01-06 20:31:18,985.1,30.3,Beauty,18,17.3,0
ORD504858,CUST100057,560019,2025-01-06 21:30:06,608.62,17.1,Fashion,20,6.0,0
ORD502060,CUST101118,560048,2025-01-06 21:38:20,389.04,37.2,Fashion,5,16.9,1
ORD507431,CUST101579,560057,2025-01-06 22:06:28,831.94,18.3,Fashion,23,13.2,0
ORD500560,CUST101459,560000,2025-01-06 22:22:37,1369.46,31.1,Grocery,16,12.6,0
ORD505267,CUST101921,560065,2025-01-06 22:50:52,1577.16,20.8,Electronics,2,20.8,0
ORD500422,CUST100376,560048,2025-01-07 00:45:47,263.38,6.1,Grocery,23,18.9,0
ORD505037,CUST101671,560006,2025-01-07 01:10:02,807.0,25.9,Fashion,11,8.7,0
ORD501520,CUST100602,560079,2025-01-07 01:21:28,692.93,18.3,Electronics,4,1.0,0
ORD505939,CUST100759,560102,2025-01-07 02:11:02,674.88,18.2,Home,23,6.9,1
ORD505887,CUST101386,560098,2025-01-07 02:14:11,413.81,35.4,Home,8,21.8,1
ORD500656,CUST101730,560030,2025-01-07 02:58:38,908.95,40.8,Fashion,21,5.8,0
ORD505727,CUST101505,560047,2025-01-07 03:04:51,474.72,4.1,Fashion,5,11.8,1
ORD506202,CUST101701,560106,2025-01-07 03:44:49,568.33,30.7,Other,13,18.7,0
ORD504400,CUST101496,560092,2025-01-07 03:53:40,1746.6,13.9,Electronics,3,8.5,0
ORD506669,CUST100640,560082,2025-01-07 04:16:13,601.65,8.3,Grocery,10,11.2,0
ORD500407,CUST101335,560014,2025-01-07 05:10:29,758.8,5.9,Fashion,16,18.1,0
ORD501709,CUST101192,560036,2025-01-07 05:36:35,1066.24,9.6,Electronics,19,18.3,0
ORD503043,CUST101974,560111,2025-01-07 05:38:38,751.1,18.6,Electronics,15,12.5,0
ORD507434,CUST101858,560028,2025-01-07 06:20:49,1037.29,27.3,Grocery,13,5.1,0
ORD505736,CUST101022,560042,2025-01-07 06:44:38,1250.22,52.3,Beauty,11,10.6,0
ORD504587,CUST100610,560097,2025-01-07 06:51:06,862.61,27.3,Fashion,1,4.1,1
ORD500162,CUST100322,560085,2025-01-07 07:26:20,657.46,33.4,Grocery,6,4.0,0
ORD506239,CUST101480,560019,2025-01-07 07:55:51,2002.02,8.4,Fashion,11,12.5,0
ORD501853,CUST101730,560025,2025-01-07 08:29:20,892.46,16.2,Fashion,12,14.2,0
ORD500527,CUST100274,560117,2025-01-07 08:41:26,224.36,12.2,Home,16,4.5,0
ORD501264,CUST100146,560034,2025-01-07 08:58:56,1362.36,13.5,Fashion,23,19.7,0
ORD502022,CUST101620,560105,2025-01-07 09:15:21,523.56,5.1,Other,13,18.6,0
ORD507546,CUST101543,560024,2025-01-07 09:17:21,444.91,13.8,Fashion,23,15.8,0
ORD504457,CUST101487,560072,2025-01-07 09:33:52,1312.54,25.4,Grocery,11,6.2,0
ORD502425,CUST100308,560099,2025-01-07 09:41:18,855.64,45.5,Electronics,0,14.2,0
ORD501542,CUST100064,560112,2025-01-07 09:54:42,682.42,3.5,Electronics,5,11.4,0
ORD502086,CUST101273,560051,2025-01-07 10:35:37,322.62,24.1,Fashion,22,10.3,0
ORD507622,CUST101185,560081,2025-01-07 11:05:52,388.84,16.2,Beauty,1,9.0,0
ORD506635,CUST100988,560014,2025-01-07 11:37:04,285.98,38.2,Electronics,17,16.4,1
ORD501805,CUST101089,560031,2025-01-07 11:38:12,334.76,17.6,Electronics,14,23.1,1
ORD505209,CUST100545,560105,2025-01-07 12:11:51,1163.71,36.6,Fashion,10,5.5,1
ORD506380,CUST101930,560116,2025-01-07 13:10:37,370.59,37.4,Electronics,21,12.4,0
ORD502597,CUST100753,560048,2025-01-07 13:36:15,450.1,22.5,Other,19,5.3,1
ORD504540,CUST101714,560017,2025-01-07 14:18:28,210.54,48.4,Grocery,17,27.9,0
ORD503451,CUST101657,560049,2025-01-07 15:00:46,296.13,14.6,Other,13,5.1,0
ORD504889,CUST101227,560092,2025-01-07 16:42:58,488.23,30.8,Fashion,21,17.2,0
ORD502472,CUST101435,560059,2025-01-07 16:53:07,427.35,21.6,Fashion,4,18.4,0
ORD500995,CUST100236,560004,2025-01-07 17:17:30,566.81,3.9,Fashion,12,13.5,1
ORD501872,CUST101339,560103,2025-01-07 17:43:00,264.96,15.3,Electronics,10,24.2,0
ORD502087,CUST101657,560084,2025-01-07 17:47:29,1820.33,8.5,Fashion,1,9.8,1
ORD504136,CUST100836,560108,2025-01-07 18:26:03,489.66,35.2,Other,4,23.7,0
ORD506841,CUST100820,560014,2025-01-07 19:14:13,575.11,41.3,Electronics,12,19.1,0
ORD500080,CUST100524,560035,2025-01-07 19:25:43,1093.06,40.1,Fashion,22,2.3,1
ORD503022,CUST100906,560073,2025-01-07 19:32:44,1147.57,23.4,Electronics,12,13.6,0
ORD505362,CUST101373,560043,2025-01-07 19:32:50,200.73,0.9,Grocery,20,14.9,0
ORD506388,CUST100656,560111,2025-01-07 19:33:28,306.1,5.5,Home,17,5.5,0
ORD502394,CUST100684,560118,2025-01-07 19:53:47,474.38,9.5,Home,17,6.3,0
ORD505775,CUST101516,560048,2025-01-07 21:07:48,408.68,8.8,Grocery,17,20.7,0
ORD507531,CUST101335,560087,2025-01-07 21:32:02,831.61,1.2,Electronics,13,11.9,0
ORD505381,CUST101592,560115,2025-01-07 21:54:05,585.81,9.6,Beauty,10,21.8,0
ORD507888,CUST100876,560061,2025-01-07 22:09:16,491.41,9.0,Electronics,3,4.5,0
ORD500748,CUST101908,560018,2025-01-08 01:05:06,220.3,5.9,Home,14,14.5,1
ORD502774,CUST101482,560104,2025-01-08 01:37:18,692.92,23.2,Fashion,15,1.6,0
ORD504873,CUST100806,560005,2025-01-08 02:15:02,611.65,9.6,Home,18,9.3,1
ORD505801,CUST100224,560106,2025-01-08 02:52:44,1003.86,19.5,Beauty,2,18.1,0
ORD504710,CUST101843,560094,2025-01-08 03:41:13,322.91,9.3,Home,15,4.9,0
ORD505491,CUST101811,560030,2025-01-08 03:53:34,2488.6,23.1,Fashion,17,17.0,0
ORD507691,CUST101015,560098,2025-01-08 05:06:41,450.67,4.5,Electronics,9,12.4,0
ORD504182,CUST100948,560093,2025-01-08 05:07:24,748.39,18.8,Electronics,21,18.2,0
ORD504023,CUST101062,560091,2025-01-08 05:19:30,607.13,13.3,Electronics,15,8.7,0
ORD505100,CUST101893,560032,2025-01-08 05:47:23,925.21,12.1,Fashion,23,2.2,0
ORD502378,CUST101087,560052,2025-01-08 05:47:35,601.89,7.8,Fashion,10,19.3,0
ORD505360,CUST100798,560011,2025-01-08 06:04:55,292.93,21.0,Beauty,11,2.8,0
ORD503746,CUST100997,560049,2025-01-08 06:12:36,1339.6,16.4,Electronics,0,9.8,0
ORD500438,CUST100861,560019,2025-01-08 06:34:56,446.45,42.3,Electronics,3,12.3,1
ORD500973,CUST100103,560036,2025-01-08 06:45:04,681.98,29.3,Beauty,8,16.6,1
ORD503520,CUST100834,560087,2025-01-08 07:28:40,939.42,9.6,Beauty,2,13.1,0
ORD507669,CUST100906,560016,2025-01-08 08:14:56,225.44,24.5,Beauty,18,19.4,1
ORD505074,CUST100640,560025,2025-01-08 08:37:12,308.9,21.5,Fashion,5,18.6,0
ORD506872,CUST100057,560096,2025-01-08 09:47:01,681.92,10.3,Fashion,15,6.9,0
ORD506099,CUST100794,560054,2025-01-08 10:21:20,505.02,7.2,Electronics,19,11.7,0
ORD507967,CUST100872,560085,2025-01-08 10:30:29,935.86,24.0,Fashion,17,14.2,1
ORD501096,CUST100530,560054,2025-01-08 12:00:56,719.66,24.5,Electronics,3,23.6,1
ORD501235,CUST100626,560001,2025-01-08 12:02:00,1026.17,2.8,Electronics,16,12.3,1
ORD505515,CUST100139,560028,2025-01-08 12:10:48,498.19,12.5,Home,3,11.2,0
ORD505131,CUST101826,560115,2025-01-08 12:35:35,277.72,15.4,Beauty,2,14.1,0
ORD501762,CUST101462,560116,2025-01-08 14:44:36,731.36,40.4,Fashion,4,17.2,0
ORD503309,CUST101876,560016,2025-01-08 16:06:26,1155.12,15.1,Electronics,8,1.3,0
ORD503301,CUST100596,560046,2025-01-08 16:33:25,568.34,16.2,Electronics,9,1.0,0
ORD505961,CUST101875,560054,2025-01-08 16:40:56,608.58,46.9,Other,3,15.6,0
ORD501169,CUST101608,560069,2025-01-08 17:31:10,497.19,5.3,Home,16,14.7,0
ORD500534,CUST101918,560074,2025-01-08 17:34:23,344.66,26.1,Other,11,1.0,0
ORD502219,CUST100807,560076,2025-01-08 17:40:26,1859.28,7.8,Fashion,14,7.9,0
ORD501668,CUST101055,560102,2025-01-08 19:00:22,577.97,1.1,Fashion,20,6.6,0
ORD507127,CUST101183,560010,2025-01-08 19:06:10,984.13,10.6,Beauty,7,17.8,1
ORD507573,CUST100635,560091,2025-01-08 19:15:26,232.61,9.2,Fashion,23,2.1,0
ORD504962,CUST101811,560011,2025-01-08 21:33:07,981.03,15.6,Electronics,21,13.5,0
ORD504017,CUST101592,560019,2025-01-08 22:40:53,483.75,56.6,Fashion,14,18.1,1
ORD506806,CUST101227,560104,2025-01-08 22:47:54,894.55,12.7,Fashion,14,7.8,0
ORD500115,CUST101431,560119,2025-01-08 22:58:43,598.69,22.2,Home,20,6.1,0
ORD501224,CUST101494,560047,2025-01-08 23:15:26,2749.88,16.6,Home,9,17.9,0
ORD501606,CUST101587,560048,2025-01-08 23:21:52,1231.81,30.4,Fashion,17,1.0,0
ORD506375,CUST101556,560002,2025-01-09 00:11:53,156.04,37.2,Fashion,7,9.2,0
ORD501168,CUST101209,560057,2025-01-09 01:40:12,402.78,33.9,Beauty,7,10.9,0
ORD502698,CUST100658,560119,2025-01-09 01:40:42,820.26,7.9,Fashion,1,16.8,0
ORD503948,CUST100447,560001,2025-01-09 02:17:29,751.11,23.9,Fashion,7,2.2,1
ORD504503,CUST101589,560013,2025-01-09 02:25:30,890.14,4.9,Home,21,20.0,1
ORD501350,CUST100141,560000,2025-01-09 02:26:18,615.39,9.3,Beauty,5,8.0,0
ORD506532,CUST100011,560035,2025-01-09 02:40:46,752.33,19.0,Electronics,16,6.7,0
ORD501295,CUST100308,560107,2025-01-09 03:06:08,268.6,32.0,Electronics,5,13.6,0
ORD500284,CUST101933,560010,2025-01-09 03:54:27,1520.07,12.6,Beauty,1,8.5,0
ORD503625,CUST101139,560011,2025-01-09 04:08:27,725.81,5.1,Fashion,6,26.1,0
ORD503851,CUST100901,560029,2025-01-09 04:09:12,1915.58,16.7,Home,15,18.9,0
ORD506824,CUST101747,560090,2025-01-09 04:50:05,573.0,26.2,Electronics,1,10.7,0
ORD503606,CUST100678,560004,2025-01-09 04:59:37,625.12,19.7,Home,6,5.4,0
ORD500764,CUST100935,560100,2025-01-09 07:41:35,361.56,47.2,Fashion,1,11.1,1
ORD506047,CUST101122,560112,2025-01-09 07:41:55,783.4,16.1,Other,13,24.0,0
ORD502791,CUST101183,560030,2025-01-09 08:00:55,1100.54,16.8,Electronics,23,4.5,0
ORD502632,CUST100047,560033,2025-01-09 08:03:24,877.88,30.4,Fashion,18,1.0,1
ORD503100,CUST101008,560117,2025-01-09 08:28:01,1425.75,6.6,Grocery,5,8.7,0
ORD502955,CUST100433,560048,2025-01-09 08:54:19,349.62,12.5,Fashion,19,8.8,1
ORD501097,CUST101705,560082,2025-01-09 09:05:13,530.54,26.0,Electronics,18,5.0,0
ORD502656,CUST100124,560053,2025-01-09 11:22:53,766.41,5.2,Home,15,11.9,0
ORD507505,CUST100924,560083,2025-01-09 11:39:31,1974.37,4.5,Electronics,2,19.8,0
ORD500661,CUST101967,560106,2025-01-09 11:43:23,1195.84,7.4,Other,20,25.1,0
ORD505427,CUST100143,560011,2025-01-09 11:52:10,335.94,18.2,Home,12,14.5,1
ORD504303,CUST101628,560080,2025-01-09 11:56:58,999.03,3.0,Home,9,15.4,1
ORD502986,CUST101677,560087,2025-01-09 13:20:06,765.88,6.2,Other,13,8.9,0
ORD503855,CUST101826,560101,2025-01-09 14:12:55,775.96,1.2,Other,7,11.9,0
ORD504728,CUST101749,560048,2025-01-09 14:54:27,1169.33,16.9,Fashion,15,15.9,0
ORD505039,CUST101981,560118,2025-01-09 15:03:44,1068.1,26.2,Electronics,0,4.9,0
ORD500498,CUST100886,560097,2025-01-09 16:21:13,321.14,48.9,Home,14,1.8,0
ORD506041,CUST100062,560056,2025-01-09 16:23:09,832.17,27.4,Beauty,19,15.5,0
ORD502191,CUST101183,560036,2025-01-09 17:08:41,720.73,20.4,Fashion,13,14.7,0
ORD500403,CUST100557,560119,2025-01-09 17:26:00,818.46,15.3,Other,9,23.0,0
ORD504641,CUST101717,560086,2025-01-09 18:25:04,515.15,31.3,Home,5,7.2,0
ORD503935,CUST100918,560100,2025-01-09 18:39:18,593.87,6.9,Electronics,8,5.8,0
ORD505144,CUST100557,560097,2025-01-09 19:19:27,431.21,24.9,Electronics,13,12.7,0
ORD506289,CUST100524,560088,2025-01-09 21:05:15,1319.72,18.1,Fashion,5,32.8,0
ORD504841,CUST100918,560119,2025-01-09 21:27:14,430.2,44.0,Home,18,17.7,0
ORD501263,CUST100696,560075,2025-01-09 23:19:33,1122.27,7.7,Electronics,3,7.8,0
ORD502392,CUST101268,560049,2025-01-09 23:36:48,501.77,11.9,Grocery,0,21.9,0
ORD507802,CUST101429,560032,2025-01-09 23:42:22,259.01,33.1,Other,5,5.4,0
ORD506896,CUST101998,560045,2025-01-10 00:34:29,347.83,9.6,Beauty,9,4.9,0
ORD500020,CUST101858,560037,2025-01-10 01:37:34,734.18,53.5,Fashion,7,14.3,1
ORD505573,CUST101505,560094,2025-01-10 01:57:51,699.3,31.3,Electronics,1,10.4,0
ORD503447,CUST100314,560068,2025-01-10 04:01:18,447.8,23.8,Fashion,2,15.2,0
ORD506147,CUST100515,560006,2025-01-10 05:47:25,818.47,6.9,Fashion,10,15.0,0
ORD506794,CUST100374,560068,2025-01-10 08:37:30,682.24,13.0,Beauty,15,18.2,0
ORD505589,CUST101246,560077,2025-01-10 08:46:41,164.96,33.7,Beauty,13,8.3,1
ORD503457,CUST101543,560086,2025-01-10 09:47:09,790.51,12.1,Fashion,8,4.5,1
ORD501429,CUST101989,560087,2025-01-10 10:04:36,699.7,26.4,Electronics,18,4.0,0
ORD503655,CUST101774,560016,2025-01-10 10:33:25,683.31,2.1,Grocery,15,14.0,1
ORD502194,CUST100949,560050,2025-01-10 10:49:05,640.58,1.9,Electronics,21,16.6,0
ORD501357,CUST100764,560057,2025-01-10 11:17:28,979.47,4.0,Grocery,2,23.1,0
ORD507106,CUST101481,560102,2025-01-10 12:13:15,683.5,12.7,Fashion,8,12.1,1
ORD504071,CUST100007,560108,2025-01-10 12:56:00,409.32,10.1,Other,0,7.7,0
ORD501673,CUST101551,560104,2025-01-10 13:08:15,535.47,9.5,Beauty,12,19.2,0
ORD507000,CUST100928,560005,2025-01-10 13:27:25,896.61,17.8,Other,2,21.4,0
ORD506374,CUST100126,560095,2025-01-10 13:42:24,912.91,12.5,Home,3,22.5,0
ORD504152,CUST101995,560009,2025-01-10 14:07:24,1043.72,41.7,Fashion,2,1.6,0
ORD505487,CUST100879,560093,2025-01-10 15:08:05,553.61,13.4,Home,21,5.3,0
ORD507363,CUST101265,560012,2025-01-10 15:45:59,652.11,9.3,Grocery,17,19.6,0
ORD500830,CUST100890,560085,2025-01-10 16:05:37,1432.65,31.3,Grocery,3,10.5,0
ORD505119,CUST100182,560029,2025-01-10 16:42:14,1590.58,15.9,Electronics,5,14.6,0
ORD501136,CUST101019,560018,2025-01-10 17:13:34,536.09,8.8,Electronics,12,13.7,0
ORD503207,CUST101576,560095,2025-01-10 18:05:24,652.84,27.4,Home,5,10.1,0
ORD507620,CUST100234,560103,2025-01-10 19:15:47,469.88,2.8,Electronics,11,9.6,1
ORD500426,CUST101638,560020,2025-01-10 19:30:01,724.11,20.2,Grocery,13,3.6,0
ORD502183,CUST101844,560104,2025-01-10 20:19:10,705.01,42.0,Electronics,4,3.0,0
ORD506294,CUST101122,560110,2025-01-10 21:47:58,825.27,18.1,Beauty,2,17.0,0
ORD506025,CUST100060,560113,2025-01-10 23:08:06,803.27,25.0,Beauty,19,9.1,0
ORD502171,CUST100040,560099,2025-01-10 23:24:07,581.9,20.1,Fashion,2,12.0,0
ORD503210,CUST101893,560086,2025-01-11 00:36:11,1252.16,11.6,Fashion,17,7.1,1
ORD500189,CUST101834,560096,2025-01-11 00:44:54,504.76,3.8,Electronics,21,8.4,0
ORD502764,CUST101125,560119,2025-01-11 00:52:46,1464.71,3.6,Electronics,15,6.5,0
ORD502690,CUST100360,560004,2025-01-11 01:33:06,954.02,29.2,Electronics,23,3.9,1
ORD504343,CUST101092,560082,2025-01-11 02:09:00,688.76,22.1,Electronics,16,7.1,0
ORD505652,CUST101666,560025,2025-01-11 02:12:23,441.59,8.8,Fashion,9,6.9,0
ORD505045,CUST100424,560060,2025-01-11 03:28:09,240.94,18.3,Beauty,19,18.2,0
ORD503494,CUST101580,560003,2025-01-11 03:43:01,628.49,23.2,Other,11,3.9,0
ORD507403,CUST100988,560049,2025-01-11 04:48:31,443.18,0.3,Fashion,12,1.6,0
ORD507174,CUST100508,560015,2025-01-11 06:20:58,552.18,17.9,Fashion,0,17.0,1
ORD505994,CUST101268,560100,2025-01-11 06:32:51,653.91,7.8,Electronics,19,21.3,1
ORD500598,CUST100485,560051,2025-01-11 07:12:53,891.64,29.3,Electronics,13,14.5,0
ORD507223,CUST101858,560084,2025-01-11 07:38:58,585.56,1.6,Fashion,16,8.5,0
ORD501098,CUST101048,560044,2025-01-11 07:52:17,1225.55,11.3,Home,4,23.9,0
ORD500447,CUST100777,560018,2025-01-11 08:21:17,854.55,6.1,Fashion,13,10.3,0
ORD500120,CUST101323,560026,2025-01-11 09:50:53,174.2,10.8,Beauty,5,15.7,1
ORD502743,CUST100324,560001,2025-01-11 10:49:32,1933.37,8.2,Beauty,1,12.8,1
ORD500385,CUST100151,560104,2025-01-11 11:13:09,855.08,8.7,Fashion,0,3.0,0
ORD507226,CUST100872,560069,2025-01-11 11:24:30,533.47,8.6,Beauty,7,14.4,0
ORD507378,CUST100541,560109,2025-01-11 12:22:49,522.48,31.0,Fashion,6,11.8,0
ORD507234,CUST100520,560092,2025-01-11 12:53:23,683.76,18.6,Fashion,5,1.3,0
ORD502965,CUST101047,560004,2025-01-11 14:09:38,1459.83,9.2,Home,6,13.2,0
ORD503322,CUST100307,560008,2025-01-11 15:55:03,882.02,12.6,Home,0,2.5,0
ORD500760,CUST101062,560031,2025-01-11 16:15:45,1521.07,14.3,Beauty,12,14.7,1
ORD502144,CUST100620,560086,2025-01-11 16:16:02,383.68,8.7,Beauty,20,8.7,0
ORD504332,CUST100037,560077,2025-01-11 16:17:00,721.82,12.1,Fashion,6,18.6,1
ORD501207,CUST101239,560062,2025-01-11 17:33:01,513.9,10.5,Grocery,12,12.5,0
ORD502296,CUST100006,560105,2025-01-11 17:49:28,925.12,25.5,Home,22,5.3,1
ORD502598,CUST100231,560104,2025-01-11 18:10:42,363.0,26.4,Fashion,3,9.0,0
ORD503780,CUST100182,560086,2025-01-11 18:53:21,1385.65,36.9,Fashion,23,15.9,0
ORD504649,CUST100424,560058,2025-01-11 19:43:50,916.65,8.8,Fashion,9,8.1,0
ORD504100,CUST101055,560019,2025-01-11 19:51:16,1289.48,10.6,Fashion,7,5.7,0
ORD504367,CUST101267,560000,2025-01-11 20:20:05,1132.53,16.8,Electronics,9,12.0,0
ORD506617,CUST101998,560040,2025-01-11 20:56:22,471.86,5.6,Fashion,18,23.8,0
ORD501228,CUST101430,560107,2025-01-11 21:32:38,546.49,17.8,Grocery,12,1.0,0
ORD504069,CUST100007,560096,2025-01-11 21:36:15,344.89,11.4,Fashion,23,9.6,0
ORD506981,CUST100713,560002,2025-01-11 21:47:29,709.75,23.9,Fashion,17,4.6,0
ORD506742,CUST100794,560107,2025-01-11 23:18:12,2337.07,34.2,Fashion,8,15.5,1
ORD503226,CUST101660,560103,2025-01-12 00:21:26,306.07,9.1,Grocery,16,11.3,0
ORD501870,CUST100607,560118,2025-01-12 00:27:35,1202.01,8.3,Beauty,14,20.3,1
ORD501498,CUST101335,560112,2025-01-12 01:14:07,731.16,12.6,Home,8,23.4,0
ORD500497,CUST101169,560008,2025-01-12 01:42:13,237.11,34.8,Fashion,23,7.2,1
ORD505215,CUST100447,560059,2025-01-12 01:47:47,962.09,2.0,Electronics,13,6.4,0
ORD501684,CUST100967,560005,2025-01-12 01:58:25,1092.98,11.3,Home,11,6.6,0
ORD501380,CUST100139,560072,2025-01-12 02:51:10,703.41,21.1,Electronics,21,10.9,0
ORD503007,CUST101740,560019,2025-01-12 02:51:51,637.86,24.1,Fashion,22,14.5,0
ORD507762,CUST100713,560000,2025-01-12 04:24:36,275.45,19.9,Other,4,10.9,0
ORD502974,CUST101969,560080,2025-01-12 04:44:46,706.76,2.3,Other,19,18.9,0
ORD503699,CUST101384,560071,2025-01-12 05:45:17,487.22,11.8,Grocery,1,5.8,1
ORD505631,CUST100541,560015,2025-01-12 05:47:47,320.52,31.3,Other,13,31.9,0
ORD505986,CUST101608,560009,2025-01-12 06:22:34,533.14,24.4,Electronics,2,14.5,0
ORD504562,CUST100247,560025,2025-01-12 07:27:59,808.29,34.3,Fashion,14,5.2,0
ORD506441,CUST100053,560019,2025-01-12 07:45:51,1035.24,9.1,Grocery,13,17.3,0
ORD500200,CUST100744,560040,2025-01-12 07:48:28,436.52,47.5,Fashion,5,22.7,0
ORD502554,CUST101268,560000,2025-01-12 08:15:55,1516.59,6.3,Fashion,18,14.6,0
ORD501515,CUST100046,560059,2025-01-12 08:59:43,1775.32,9.4,Beauty,11,15.5,0
ORD504554,CUST101433,560056,2025-01-12 09:18:36,417.99,9.1,Fashion,7,10.7,0
ORD502827,CUST101465,560047,2025-01-12 09:55:49,545.57,8.5,Fashion,21,28.0,0
ORD504063,CUST101328,560096,2025-01-12 09:59:45,232.84,2.3,Electronics,4,2.9,0
ORD500743,CUST101224,560024,2025-01-12 10:03:11,603.46,2.1,Fashion,19,5.7,0
ORD500934,CUST100954,560017,2025-01-12 11:54:22,1496.87,5.4,Home,9,19.0,0
ORD501199,CUST101998,560112,2025-01-12 13:35:06,486.35,6.7,Electronics,7,1.0,0
ORD501426,CUST100139,560049,2025-01-12 15:57:26,162.61,4.8,Fashion,6,8.3,0
ORD505098,CUST100264,560062,2025-01-12 16:00:29,615.64,18.7,Beauty,21,16.9,0
ORD505860,CUST101667,560086,2025-01-12 16:11:38,835.1,1.6,Grocery,2,15.4,0
ORD501152,CUST100972,560006,2025-01-12 17:02:47,957.46,1.4,Fashion,16,11.3,0
ORD507330,CUST101851,560114,2025-01-12 17:08:06,680.85,22.0,Electronics,6,21.3,0
ORD501262,CUST101036,560099,2025-01-12 17:42:49,393.31,9.9,Home,15,5.7,1
ORD500076,CUST100205,560114,2025-01-12 18:09:29,511.46,16.2,Electronics,17,15.3,0
ORD502200,CUST101511,560046,2025-01-12 18:11:33,842.43,18.6,Grocery,3,30.6,0
ORD506037,CUST101781,560107,2025-01-12 18:12:40,727.14,2.4,Other,15,7.6,0
ORD507660,CUST101795,560116,2025-01-12 18:20:47,438.14,26.5,Grocery,14,13.1,0
ORD505096,CUST100048,560016,2025-01-12 18:48:52,1619.52,22.2,Fashion,11,13.1,0
ORD505314,CUST101972,560062,2025-01-12 19:33:49,244.78,4.3,Electronics,3,1.2,0
ORD501272,CUST101909,560054,2025-01-12 19:38:54,258.48,40.2,Electronics,4,1.9,0
ORD506234,CUST101769,560019,2025-01-12 19:39:47,529.78,10.6,Other,11,4.4,0
ORD503178,CUST100129,560063,2025-01-12 20:37:38,852.65,3.7,Fashion,14,7.9,0
ORD505869,CUST100542,560026,2025-01-12 23:16:13,162.75,8.5,Fashion,19,8.9,0
ORD500709,CUST100514,560006,2025-01-12 23:21:10,1407.86,13.2,Beauty,5,9.1,0
ORD501396,CUST101728,560068,2025-01-13 00:28:03,667.4,43.4,Beauty,15,23.6,1
ORD505021,CUST100534,560030,2025-01-13 00:58:04,828.02,7.9,Grocery,12,20.9,1
ORD507925,CUST101294,560037,2025-01-13 01:06:04,689.31,19.3,Electronics,23,10.5,0
ORD500938,CUST100566,560038,2025-01-13 02:25:38,1088.06,7.0,Grocery,1,14.7,0
ORD506018,CUST100508,560119,2025-01-13 03:04:32,830.86,10.9,Fashion,23,20.9,1
ORD502071,CUST100558,560075,2025-01-13 03:39:14,737.34,38.0,Fashion,5,9.2,0
ORD506686,CUST101766,560038,2025-01-13 04:39:37,1104.96,20.8,Electronics,15,14.8,0
ORD506358,CUST100606,560047,2025-01-13 05:11:13,902.05,10.1,Fashion,14,17.9,0
ORD503335,CUST101126,560109,2025-01-13 06:34:38,609.19,7.3,Beauty,0,5.5,0
ORD503066,CUST101177,560065,2025-01-13 07:59:51,662.76,24.9,Electronics,12,4.8,0
ORD501286,CUST101270,560113,2025-01-13 08:27:29,486.29,15.5,Grocery,12,15.7,0
ORD501055,CUST100359,560110,2025-01-13 09:39:43,430.94,7.7,Fashion,13,6.3,0
ORD500856,CUST100835,560012,2025-01-13 09:49:36,874.08,8.0,Fashion,11,19.7,0
ORD501979,CUST101454,560038,2025-01-13 09:57:34,2097.88,16.6,Home,22,13.7,1
ORD506519,CUST100642,560056,2025-01-13 10:03:18,1095.61,29.6,Beauty,10,5.6,0
ORD507796,CUST100653,560076,2025-01-13 10:48:46,1201.99,7.0,Fashion,8,5.4,0
ORD505171,CUST100872,560022,2025-01-13 10:59:52,294.72,2.6,Fashion,8,2.0,1
ORD501898,CUST100009,560093,2025-01-13 11:38:02,907.37,32.3,Fashion,19,19.4,1
ORD501276,CUST100767,560007,2025-01-13 11:38:51,453.84,16.4,Other,8,1.0,0
ORD505188,CUST101628,560079,2025-01-13 11:55:48,1266.82,1.1,Beauty,2,10.9,0
ORD503159,CUST100684,560071,2025-01-13 12:58:10,675.59,7.8,Home,7,13.7,0
ORD506177,CUST100872,560007,2025-01-13 13:07:47,403.89,15.9,Beauty,15,11.6,1
ORD504329,CUST101608,560011,2025-01-13 13:22:50,457.6,8.7,Grocery,0,1.7,0
ORD503196,CUST101509,560113,2025-01-13 13:23:34,1130.04,19.4,Electronics,12,6.4,0
ORD504417,CUST101586,560062,2025-01-13 14:23:57,658.07,52.1,Fashion,7,5.6,1
ORD505587,CUST100988,560029,2025-01-13 14:25:04,767.39,36.7,Fashion,23,14.0,0
ORD504045,CUST101616,560012,2025-01-13 14:34:13,880.58,14.0,Grocery,4,19.8,0
ORD506796,CUST100297,560072,2025-01-13 14:48:32,633.85,28.1,Home,17,10.1,1
ORD502615,CUST101462,560072,2025-01-13 15:35:34,879.78,20.9,Beauty,18,1.0,0
ORD501641,CUST100511,560096,2025-01-13 16:29:47,256.02,9.8,Fashion,15,17.5,0
ORD503922,CUST101261,560073,2025-01-13 16:39:40,846.91,14.3,Grocery,7,13.6,0
ORD502325,CUST101923,560038,2025-01-13 17:06:35,298.2,21.3,Electronics,17,3.5,0
ORD506058,CUST101116,560088,2025-01-13 18:08:59,460.85,9.7,Fashion,14,10.8,0
ORD500299,CUST100906,560019,2025-01-13 19:09:11,872.32,9.6,Fashion,5,14.0,0
ORD500344,CUST100384,560010,2025-01-13 19:18:19,1538.38,27.3,Other,15,9.7,0
ORD504839,CUST100087,560110,2025-01-13 21:31:13,594.4,24.0,Fashion,14,20.4,1
ORD502849,CUST101553,560049,2025-01-13 22:04:24,1122.87,7.5,Electronics,8,27.6,0
ORD501344,CUST100637,560076,2025-01-13 22:11:50,716.9,15.8,Home,7,24.2,0
ORD502039,CUST100034,560030,2025-01-13 22:58:05,630.18,4.7,Other,2,12.8,1
ORD505163,CUST100620,560113,2025-01-14 00:21:11,512.06,3.3,Home,20,18.2,0
ORD502931,CUST101408,560103,2025-01-14 00:44:41,963.01,11.1,Fashion,7,14.0,0
ORD501983,CUST100194,560088,2025-01-14 00:51:06,1048.26,11.0,Electronics,3,16.9,0
ORD502619,CUST100169,560017,2025-01-14 00:55:24,534.39,41.4,Home,2,19.3,0
ORD501120,CUST101209,560021,2025-01-14 01:16:14,587.29,18.3,Electronics,22,5.1,0
ORD506705,CUST101390,560078,2025-01-14 01:48:46,504.24,21.9,Fashion,22,14.6,0
ORD503393,CUST101917,560046,2025-01-14 02:30:56,725.4,17.0,Other,5,25.6,0
ORD506836,CUST101164,560031,2025-01-14 03:18:36,601.97,36.1,Other,5,1.5,0
ORD504646,CUST100216,560111,2025-01-14 03:51:06,432.01,11.9,Grocery,7,2.0,0
ORD507224,CUST100774,560081,2025-01-14 04:04:56,2634.81,32.2,Beauty,1,11.6,0
ORD506126,CUST101730,560090,2025-01-14 05:19:35,458.73,3.8,Home,23,13.0,0
ORD500601,CUST100430,560070,2025-01-14 05:57:53,351.1,27.2,Electronics,7,12.4,0
ORD501018,CUST101921,560011,2025-01-14 07:08:17,598.16,23.6,Beauty,7,13.1,0
ORD501661,CUST101170,560114,2025-01-14 08:08:14,1383.34,23.6,Electronics,19,18.8,0
ORD504219,CUST100624,560072,2025-01-14 08:21:19,1229.59,5.4,Home,3,8.7,0
ORD501835,CUST100500,560081,2025-01-14 08:22:22,1574.63,6.8,Fashion,1,8.6,1
ORD507872,CUST101161,560101,2025-01-14 08:28:48,365.12,8.6,Grocery,8,7.4,0
ORD503749,CUST101619,560034,2025-01-14 08:55:01,884.41,25.2,Electronics,6,11.0,0
ORD502893,CUST101698,560013,2025-01-14 09:47:09,269.89,15.7,Other,5,9.0,0
ORD500355,CUST100742,560016,2025-01-14 10:37:51,598.91,31.4,Fashion,8,2.4,0
ORD506316,CUST100964,560009,2025-01-14 11:05:06,445.27,17.2,Home,1,5.9,1
ORD502103,CUST100828,560057,2025-01-14 12:20:40,498.37,10.5,Home,2,22.4,0
ORD502691,CUST101942,560027,2025-01-14 13:18:20,511.76,15.4,Home,11,22.1,1
ORD501724,CUST100256,560098,2025-01-14 14:29:51,367.48,28.3,Electronics,16,2.6,0
ORD503530,CUST101239,560001,2025-01-14 14:49:27,935.9,17.8,Fashion,9,8.0,0
ORD506008,CUST100208,560111,2025-01-14 15:02:32,482.39,6.2,Home,0,16.9,0
ORD507614,CUST101127,560119,2025-01-14 15:06:13,720.97,10.1,Home,23,26.3,1
ORD500399,CUST101801,560104,2025-01-14 16:18:19,412.93,3.2,Grocery,10,21.6,0
ORD500290,CUST100987,560108,2025-01-14 16:23:30,432.76,18.8,Electronics,20,18.1,0
ORD501955,CUST100557,560031,2025-01-14 16:55:38,1252.16,16.4,Home,21,10.0,0
ORD503918,CUST101989,560019,2025-01-14 16:55:39,294.51,21.7,Fashion,14,3.8,0
ORD501990,CUST100879,560056,2025-01-14 18:21:53,1137.2,21.2,Home,15,9.7,0
ORD505425,CUST100289,560015,2025-01-14 19:01:06,424.15,13.0,Beauty,1,6.3,0
ORD502126,CUST101203,560050,2025-01-14 19:04:28,363.99,41.3,Home,23,12.6,1
ORD506170,CUST100901,560010,2025-01-14 19:14:04,889.06,53.1,Electronics,1,4.1,1
ORD501118,CUST100444,560015,2025-01-14 21:10:50,1312.31,14.2,Other,14,4.6,0
ORD502001,CUST101417,560040,2025-01-14 21:53:24,996.76,19.4,Other,3,1.0,0
ORD502600,CUST101390,560116,2025-01-14 22:54:37,474.18,7.5,Home,22,19.8,0
ORD503877,CUST100076,560109,2025-01-14 23:13:48,405.11,38.6,Fashion,5,8.0,1
ORD506422,CUST101580,560019,2025-01-14 23:44:10,844.61,35.8,Electronics,1,14.8,0
ORD504836,CUST101013,560031,2025-01-15 00:07:22,1130.31,23.2,Other,16,4.2,0
ORD504884,CUST100575,560022,2025-01-15 00:55:01,225.44,5.3,Electronics,9,6.0,0
ORD503768,CUST101534,560000,2025-01-15 01:05:45,392.45,15.6,Electronics,15,15.5,0
ORD501103,CUST101701,560016,2025-01-15 01:05:59,652.41,18.6,Home,0,16.0,0
ORD506683,CUST101246,560097,2025-01-15 01:28:53,755.41,13.2,Fashion,0,13.7,0
ORD503368,CUST101523,560034,2025-01-15 01:46:31,732.93,64.1,Fashion,5,16.0,1
ORD503911,CUST101267,560103,2025-01-15 02:27:27,628.34,7.0,Electronics,16,1.0,0
ORD503627,CUST101543,560061,2025-01-15 03:19:50,368.48,21.9,Home,6,11.8,0
ORD500928,CUST101390,560067,2025-01-15 03:31:13,1135.57,1.7,Grocery,16,14.7,0
ORD505182,CUST100001,560010,2025-01-15 04:17:27,644.75,11.0,Electronics,9,23.2,0
ORD502637,CUST101802,560107,2025-01-15 05:15:40,996.49,29.3,Electronics,0,16.2,0
ORD500693,CUST100057,560100,2025-01-15 07:25:47,869.95,24.7,Home,4,19.8,1
ORD500984,CUST101172,560119,2025-01-15 07:53:30,297.94,5.6,Beauty,1,15.2,0
ORD505748,CUST101211,560036,2025-01-15 08:12:49,1494.52,39.1,Home,6,11.4,0
ORD502073,CUST101287,560001,2025-01-15 08:17:32,576.96,15.0,Fashion,15,4.6,0
ORD507208,CUST100677,560099,2025-01-15 08:56:27,761.46,5.3,Fashion,14,15.5,0
ORD503403,CUST100359,560002,2025-01-15 11:05:32,256.08,26.4,Fashion,15,4.4,1
ORD504014,CUST100717,560043,2025-01-15 12:13:08,684.3,4.7,Beauty,9,18.0,0
ORD503452,CUST100114,560052,2025-01-15 12:29:14,381.41,19.2,Fashion,0,1.0,0
ORD502673,CUST100461,560018,2025-01-15 12:43:42,525.67,25.3,Beauty,15,16.2,0
ORD501387,CUST101620,560108,2025-01-15 13:51:33,1225.28,36.3,Fashion,12,6.6,1
ORD505565,CUST100834,560106,2025-01-15 14:12:49,543.75,24.3,Fashion,20,25.3,1
ORD505686,CUST101408,560016,2025-01-15 14:46:00,1145.54,11.1,Grocery,23,20.7,1
ORD501551,CUST100674,560102,2025-01-15 14:49:13,934.95,4.6,Beauty,11,14.3,1
ORD506111,CUST100809,560119,2025-01-15 15:21:31,260.53,16.5,Grocery,12,18.3,0
ORD505034,CUST101324,560018,2025-01-15 15:48:47,443.51,34.7,Fashion,8,8.6,0
ORD502386,CUST101869,560029,2025-01-15 16:13:33,1252.05,42.0,Electronics,2,13.0,0
ORD505613,CUST100983,560023,2025-01-15 17:27:01,301.58,32.5,Home,9,1.9,0
ORD506723,CUST100503,560013,2025-01-15 18:55:16,1350.57,6.1,Electronics,8,12.1,0
ORD505289,CUST101998,560030,2025-01-15 19:19:00,797.8,18.5,Electronics,16,8.9,0
ORD500915,CUST101123,560057,2025-01-15 21:37:36,338.38,17.3,Beauty,18,4.8,0
ORD500178,CUST100868,560101,2025-01-15 21:39:24,327.48,38.3,Fashion,13,18.7,0
ORD507772,CUST101139,560111,2025-01-15 21:47:07,289.09,18.6,Home,18,1.0,0
ORD507664,CUST100206,560031,2025-01-15 21:55:57,556.85,33.8,Fashion,13,16.6,0
ORD501221,CUST100410,560097,2025-01-15 21:56:30,780.41,42.8,Home,21,25.6,1
ORD501640,CUST101550,560040,2025-01-15 22:42:31,679.71,25.2,Beauty,0,10.9,0
ORD504553,CUST100187,560106,2025-01-15 22:45:23,1399.84,40.8,Electronics,21,15.8,0
ORD500502,CUST101579,560105,2025-01-16 00:10:33,2893.69,6.8,Beauty,8,16.1,1
ORD507171,CUST101850,560008,2025-01-16 00:13:41,373.25,2.6,Electronics,0,7.5,0
ORD505975,CUST101089,560001,2025-01-16 00:19:49,515.78,16.3,Electronics,2,12.0,1
ORD503127,CUST100251,560084,2025-01-16 01:40:47,1816.13,5.4,Fashion,20,17.6,1
ORD507858,CUST100367,560025,2025-01-16 02:11:39,150.0,5.5,Fashion,19,6.7,0
ORD507908,CUST100667,560020,2025-01-16 03:07:32,499.5,22.3,Fashion,22,9.9,0
ORD507838,CUST101263,560055,2025-01-16 03:10:19,273.43,29.0,Grocery,0,12.2,0
ORD505643,CUST100654,560074,2025-01-16 03:30:58,242.69,5.9,Grocery,15,19.6,0
ORD504692,CUST101575,560036,2025-01-16 03:32:29,1074.87,30.1,Home,10,12.8,0
ORD506967,CUST100798,560075,2025-01-16 03:47:03,329.73,10.5,Home,0,16.9,0
ORD504310,CUST101280,560117,2025-01-16 04:55:10,1520.12,6.5,Fashion,15,18.1,0
ORD500293,CUST100520,560041,2025-01-16 05:57:08,373.05,31.9,Fashion,17,26.9,0
ORD502930,CUST101227,560001,2025-01-16 06:05:14,1976.53,26.6,Fashion,22,22.5,0
ORD502753,CUST101543,560082,2025-01-16 06:30:19,318.47,4.4,Electronics,4,15.3,0
ORD502797,CUST100906,560000,2025-01-16 06:37:10,312.56,25.7,Electronics,11,1.4,0
ORD506573,CUST100395,560076,2025-01-16 07:16:31,381.74,11.7,Grocery,8,23.1,0
ORD503460,CUST101875,560110,2025-01-16 08:30:03,1180.36,18.9,Electronics,22,14.0,1
ORD504372,CUST100408,560012,2025-01-16 08:57:08,1194.85,10.3,Fashion,8,17.5,0
ORD505401,CUST101886,560030,2025-01-16 10:02:15,685.02,23.5,Other,1,13.7,0
ORD501766,CUST101143,560079,2025-01-16 10:44:58,619.46,30.3,Home,3,12.0,0
ORD504592,CUST101663,560107,2025-01-16 14:34:12,765.73,10.2,Fashion,1,16.5,1
ORD503707,CUST100671,560043,2025-01-16 15:17:01,468.77,22.7,Electronics,14,21.6,0
ORD506342,CUST101586,560107,2025-01-16 15:56:31,1301.94,28.9,Electronics,12,24.0,1
ORD502141,CUST100607,560014,2025-01-16 17:20:35,600.75,9.8,Fashion,16,21.0,0
ORD504027,CUST101593,560117,2025-01-16 17:26:54,1037.98,8.2,Beauty,23,17.0,0
ORD502778,CUST100674,560017,2025-01-16 19:59:55,487.25,1.6,Fashion,15,19.0,0
ORD502259,CUST100699,560025,2025-01-16 21:07:28,419.7,6.5,Fashion,17,11.5,0
ORD503795,CUST100545,560083,2025-01-16 21:08:10,575.16,16.0,Fashion,9,5.5,0
ORD504593,CUST101335,560077,2025-01-16 21:35:59,535.39,9.5,Grocery,16,26.7,0
ORD500179,CUST101209,560048,2025-01-16 22:22:12,256.96,3.5,Home,0,11.3,0
ORD503356,CUST100054,560015,2025-01-16 22:28:31,567.86,27.7,Grocery,5,16.2,0
ORD506071,CUST100713,560025,2025-01-16 22:53:48,376.22,32.4,Electronics,11,13.2,0
ORD503636,CUST100339,560047,2025-01-16 23:19:42,500.5,13.0,Beauty,14,4.3,0
ORD507857,CUST100139,560063,2025-01-16 23:26:44,539.37,19.8,Fashion,15,1.0,0
ORD501164,CUST100906,560082,2025-01-16 23:35:29,251.36,15.7,Electronics,4,12.5,0
ORD505091,CUST100227,560013,2025-01-16 23:48:31,597.75,15.8,Fashion,14,21.3,0
ORD505132,CUST100458,560072,2025-01-17 00:20:23,1156.06,13.0,Grocery,17,14.7,0
ORD502184,CUST100364,560088,2025-01-17 00:38:51,868.77,27.4,Electronics,14,15.1,0
ORD500691,CUST101762,560027,2025-01-17 01:30:00,650.49,33.9,Home,18,5.6,1
ORD501650,CUST101484,560028,2025-01-17 01:33:32,182.3,36.1,Electronics,4,11.1,0
ORD504852,CUST101062,560113,2025-01-17 01:51:04,918.61,16.7,Fashion,20,24.4,0
ORD507308,CUST100194,560031,2025-01-17 03:03:22,186.66,18.4,Fashion,2,17.1,0
ORD504432,CUST100789,560110,2025-01-17 03:17:29,918.57,30.9,Fashion,20,13.5,0
ORD507910,CUST100292,560053,2025-01-17 03:37:18,573.44,27.6,Beauty,3,9.5,0
ORD506224,CUST100602,560103,2025-01-17 04:05:02,435.55,36.3,Fashion,9,9.9,1
ORD507284,CUST100397,560071,2025-01-17 05:17:15,378.72,8.8,Fashion,18,4.8,0
ORD504336,CUST101137,560021,2025-01-17 05:17:47,203.06,4.2,Home,12,16.0,0
ORD503185,CUST101995,560010,2025-01-17 05:38:38,424.12,21.1,Fashion,12,1.6,1
ORD505462,CUST100493,560000,2025-01-17 05:45:43,424.16,6.4,Electronics,18,10.2,1
ORD503228,CUST100852,560037,2025-01-17 05:52:54,1315.43,7.5,Grocery,5,14.1,0
ORD504060,CUST101628,560024,2025-01-17 06:02:37,647.27,17.8,Beauty,10,25.5,1
ORD502019,CUST100569,560044,2025-01-17 06:03:13,730.8,22.4,Fashion,9,33.5,0
ORD506776,CUST101201,560008,2025-01-17 06:09:54,1209.9,25.3,Fashion,18,9.3,1
ORD505575,CUST101930,560078,2025-01-17 06:42:18,514.19,11.3,Beauty,11,7.4,0
ORD505538,CUST100302,560086,2025-01-17 07:19:51,363.43,27.5,Fashion,22,5.9,0
ORD507184,CUST101852,560013,2025-01-17 07:36:42,577.47,4.1,Other,2,1.1,0
ORD505991,CUST101619,560012,2025-01-17 08:28:17,547.54,29.0,Fashion,15,6.5,0
ORD501470,CUST100661,560050,2025-01-17 08:30:47,442.62,2.5,Electronics,1,10.6,1
ORD505291,CUST100988,560022,2025-01-17 09:40:58,442.54,24.2,Electronics,0,7.2,0
ORD507781,CUST100606,560052,2025-01-17 09:44:17,1172.22,31.5,Fashion,7,17.2,0
ORD503568,CUST100530,560070,2025-01-17 10:44:30,741.12,3.6,Electronics,4,20.2,1
ORD502767,CUST101292,560040,2025-01-17 11:59:58,572.59,11.1,Beauty,9,19.4,0
ORD506631,CUST100541,560029,2025-01-17 12:45:08,273.34,35.7,Home,21,4.2,0
ORD501070,CUST100395,560090,2025-01-17 12:53:23,1171.35,27.5,Fashion,20,7.0,0
ORD504371,CUST101684,560045,2025-01-17 12:57:40,1494.31,14.2,Fashion,14,17.1,0
ORD505700,CUST100969,560043,2025-01-17 13:17:33,2182.12,41.3,Beauty,13,2.3,0
ORD501113,CUST100504,560019,2025-01-17 13:35:57,1028.91,24.8,Electronics,3,17.8,0
ORD504415,CUST100423,560065,2025-01-17 15:00:08,1100.21,3.2,Home,15,2.8,0
ORD507844,CUST100455,560081,2025-01-17 15:11:11,443.36,15.2,Beauty,9,1.0,0
ORD502628,CUST100797,560027,2025-01-17 15:16:18,633.54,10.9,Other,9,7.2,0
ORD503328,CUST101922,560052,2025-01-17 17:46:40,2412.62,24.5,Electronics,2,4.3,0
ORD505273,CUST100888,560048,2025-01-17 18:01:39,173.99,1.2,Fashion,19,7.5,1
ORD506502,CUST100455,560009,2025-01-17 18:26:46,383.53,3.0,Fashion,0,24.4,1
ORD505872,CUST100725,560014,2025-01-17 18:28:41,1335.26,8.2,Grocery,13,12.3,0
ORD501698,CUST100194,560018,2025-01-17 18:53:46,945.44,15.5,Fashion,14,3.9,0
ORD501779,CUST100650,560112,2025-01-17 19:09:46,333.36,24.7,Fashion,0,10.6,0
ORD504327,CUST101260,560060,2025-01-17 19:15:39,1485.84,20.7,Home,12,6.6,0
ORD503503,CUST100130,560069,2025-01-17 19:40:35,1502.87,25.8,Electronics,2,30.3,0
ORD500741,CUST101667,560100,2025-01-17 20:22:17,1087.39,34.0,Electronics,8,19.5,0
ORD503287,CUST100727,560087,2025-01-17 20:27:10,827.42,22.2,Electronics,18,2.5,0
ORD505048,CUST101998,560051,2025-01-17 21:07:31,504.57,5.4,Beauty,20,19.5,0
ORD503586,CUST100913,560031,2025-01-17 21:15:25,1021.78,43.3,Beauty,10,11.9,0
ORD507278,CUST101833,560009,2025-01-17 21:38:59,331.2,12.8,Fashion,19,14.7,0
ORD503107,CUST100236,560075,2025-01-18 00:20:44,674.07,26.0,Other,3,8.7,0
ORD507884,CUST100034,560094,2025-01-18 01:27:18,743.82,4.9,Beauty,2,6.9,1
ORD502757,CUST100872,560044,2025-01-18 01:34:50,1305.83,32.9,Grocery,12,11.6,0
ORD505197,CUST100001,560061,2025-01-18 02:03:59,947.0,31.5,Fashion,9,28.0,0
ORD503399,CUST101958,560091,2025-01-18 02:39:41,780.56,2.2,Fashion,3,15.5,0
ORD503344,CUST100674,560111,2025-01-18 04:33:46,651.48,15.6,Grocery,23,5.6,0
ORD501397,CUST101045,560077,2025-01-18 05:14:40,628.52,38.4,Beauty,1,11.8,1
ORD504851,CUST101586,560010,2025-01-18 05:47:17,790.51,16.9,Electronics,9,16.4,0
ORD504277,CUST101775,560107,2025-01-18 05:58:15,395.67,32.5,Grocery,6,11.7,0
ORD501478,CUST100872,560031,2025-01-18 06:32:43,686.46,16.2,Fashion,2,14.1,0
ORD500067,CUST101161,560051,2025-01-18 07:07:50,414.26,5.1,Electronics,2,3.0,0
ORD504363,CUST100766,560049,2025-01-18 07:09:51,462.36,1.4,Grocery,17,2.1,0
ORD504925,CUST101250,560013,2025-01-18 07:18:28,392.5,20.9,Electronics,7,14.1,0
ORD500444,CUST101211,560061,2025-01-18 08:18:42,428.56,1.2,Fashion,2,1.0,0
ORD503930,CUST100231,560115,2025-01-18 09:09:20,1096.84,1.1,Fashion,18,12.8,0
ORD502981,CUST100181,560035,2025-01-18 09:57:02,1213.73,43.4,Fashion,14,9.4,1
ORD504359,CUST101196,560004,2025-01-18 10:00:00,517.85,12.6,Fashion,4,15.6,0
ORD504216,CUST101435,560074,2025-01-18 10:03:34,486.07,0.4,Electronics,1,7.4,0
ORD502330,CUST100114,560041,2025-01-18 10:16:16,300.75,8.5,Home,1,13.2,0
ORD507093,CUST100302,560043,2025-01-18 12:13:29,576.42,20.8,Electronics,17,21.3,0
ORD507657,CUST101657,560051,2025-01-18 12:16:19,579.93,5.3,Electronics,17,16.3,0
ORD507116,CUST101480,560090,2025-01-18 12:20:14,282.4,8.1,Fashion,3,14.9,0
ORD505243,CUST100410,560008,2025-01-18 13:25:15,504.74,38.1,Fashion,15,14.3,0
ORD503943,CUST101563,560079,2025-01-18 15:07:16,638.29,7.7,Beauty,13,25.4,0
ORD503675,CUST101530,560003,2025-01-18 16:14:04,256.91,19.8,Home,4,1.0,1
ORD505156,CUST101542,560029,2025-01-18 17:16:38,234.55,23.9,Beauty,15,12.6,0
ORD506089,CUST100028,560063,2025-01-18 17:22:12,557.64,1.0,Home,4,21.6,0
ORD506355,CUST100194,560006,2025-01-18 17:40:19,564.68,19.0,Beauty,2,8.6,0
ORD504033,CUST101405,560072,2025-01-18 19:25:19,669.6,0.8,Fashion,1,12.3,0
ORD500658,CUST101657,560100,2025-01-18 20:15:36,328.33,7.6,Electronics,2,24.6,0
ORD507177,CUST100835,560103,2025-01-18 20:49:11,496.09,17.1,Home,2,12.6,0
ORD503784,CUST100384,560063,2025-01-18 20:55:01,1083.91,16.6,Beauty,22,13.7,0
ORD501792,CUST100364,560047,2025-01-18 21:07:28,735.39,28.6,Beauty,17,16.4,0
ORD503140,CUST101551,560078,2025-01-18 21:26:41,241.44,23.0,Other,4,14.7,0
ORD501702,CUST101663,560069,2025-01-18 21:43:20,1272.29,30.2,Fashion,3,12.8,0
ORD503339,CUST100703,560084,2025-01-18 21:45:38,488.93,29.3,Home,14,25.2,1
ORD505227,CUST101588,560070,2025-01-18 22:03:40,632.62,30.5,Beauty,8,1.0,0
ORD507411,CUST101717,560101,2025-01-18 22:56:24,746.33,9.0,Home,18,6.7,0
ORD504123,CUST101355,560038,2025-01-18 23:17:45,525.15,18.0,Fashion,18,16.4,1
ORD507916,CUST101753,560093,2025-01-18 23:26:30,216.99,26.3,Home,9,20.3,0
ORD503234,CUST100044,560106,2025-01-18 23:28:47,1767.86,25.9,Electronics,20,20.2,0
ORD507988,CUST101396,560030,2025-01-19 02:27:33,498.53,31.0,Fashion,21,1.0,0
ORD503909,CUST101657,560035,2025-01-19 02:42:18,843.33,31.6,Fashion,1,9.5,0
ORD504958,CUST101962,560048,2025-01-19 03:13:20,1697.11,30.3,Grocery,14,27.3,1
ORD500739,CUST101701,560063,2025-01-19 03:20:12,1038.42,14.0,Fashion,5,14.7,0
ORD505084,CUST101034,560082,2025-01-19 03:34:04,902.7,7.0,Electronics,18,13.7,0
ORD500522,CUST101121,560048,2025-01-19 04:37:18,298.93,3.8,Fashion,14,2.0,0
ORD503453,CUST101579,560008,2025-01-19 08:06:22,932.04,24.6,Beauty,8,18.0,1
ORD504193,CUST100398,560009,2025-01-19 08:22:21,1523.29,11.6,Grocery,4,37.8,0
ORD500646,CUST100667,560002,2025-01-19 10:14:26,466.77,17.0,Electronics,5,10.9,0
ORD506128,CUST100772,560012,2025-01-19 12:30:18,911.44,5.5,Electronics,5,13.1,0
ORD505656,CUST100140,560008,2025-01-19 13:26:09,470.85,22.7,Other,14,23.8,0
ORD503133,CUST100861,560085,2025-01-19 13:44:13,1475.19,7.0,Grocery,1,13.6,0
ORD500377,CUST100988,560111,2025-01-19 14:04:09,1496.65,15.7,Other,23,13.7,0
ORD501012,CUST101701,560026,2025-01-19 15:16:23,440.33,20.9,Fashion,13,14.5,0
ORD504524,CUST100973,560044,2025-01-19 17:18:14,1239.8,12.0,Fashion,8,9.9,0
ORD507400,CUST100963,560025,2025-01-19 17:23:45,432.39,23.6,Home,16,4.8,0
ORD507958,CUST100542,560016,2025-01-19 17:40:37,384.94,10.7,Fashion,5,8.4,1
ORD501596,CUST100177,560041,2025-01-19 17:55:15,792.29,28.1,Fashion,19,14.2,0
ORD507820,CUST100611,560032,2025-01-19 18:55:11,492.31,13.1,Other,2,23.1,1
ORD505927,CUST100231,560091,2025-01-19 19:55:36,925.11,13.2,Electronics,7,5.6,1
ORD504970,CUST100592,560032,2025-01-19 20:13:03,746.86,7.9,Beauty,23,6.1,1
ORD501867,CUST101495,560037,2025-01-19 20:36:50,1163.26,6.8,Other,13,15.9,0
ORD500918,CUST100667,560119,2025-01-19 21:48:44,473.28,25.4,Electronics,12,1.2,0
ORD504999,CUST101929,560059,2025-01-20 00:02:21,157.09,8.7,Fashion,9,5.2,0
ORD505910,CUST101657,560031,2025-01-20 00:04:52,840.15,36.3,Electronics,9,2.3,0
ORD502170,CUST100606,560055,2025-01-20 00:13:56,1989.49,25.8,Electronics,9,5.7,0
ORD503896,CUST100323,560006,2025-01-20 01:39:32,1065.88,8.7,Electronics,23,1.0,0
ORD506480,CUST100162,560104,2025-01-20 01:51:00,410.95,9.4,Electronics,14,10.7,0
ORD501998,CUST100607,560094,2025-01-20 01:52:26,563.72,8.1,Other,5,8.7,1
ORD506340,CUST101633,560027,2025-01-20 02:07:26,1378.23,17.4,Beauty,6,23.2,1
ORD505517,CUST100289,560072,2025-01-20 02:53:04,150.0,25.9,Electronics,6,12.5,0
ORD500050,CUST100053,560000,2025-01-20 03:20:42,862.6,3.0,Electronics,16,10.3,0
ORD507147,CUST100962,560112,2025-01-20 03:25:59,1401.46,8.1,Electronics,13,13.1,0
ORD500533,CUST100622,560067,2025-01-20 03:54:40,1318.71,6.6,Home,2,11.1,0
ORD500546,CUST101710,560017,2025-01-20 04:10:22,488.06,6.9,Fashion,15,7.8,0
ORD507596,CUST100515,560001,2025-01-20 06:07:51,402.34,4.0,Fashion,20,24.2,1
ORD501679,CUST100001,560075,2025-01-20 06:44:52,468.37,15.9,Fashion,8,6.2,0
ORD505406,CUST101429,560011,2025-01-20 06:47:08,749.08,15.3,Fashion,18,4.0,0
ORD503507,CUST101201,560069,2025-01-20 08:24:45,782.85,32.4,Electronics,8,14.6,0
ORD500481,CUST101523,560014,2025-01-20 11:33:40,277.15,9.4,Electronics,15,17.7,0
ORD504777,CUST100532,560090,2025-01-20 11:52:18,248.71,16.1,Electronics,20,11.8,0
ORD507716,CUST101800,560086,2025-01-20 11:54:32,973.96,23.0,Home,7,15.4,0
ORD500842,CUST100988,560016,2025-01-20 12:58:54,254.07,23.6,Grocery,15,12.9,0
ORD501651,CUST101492,560056,2025-01-20 13:27:34,355.8,19.8,Beauty,4,11.6,0
ORD502248,CUST101815,560079,2025-01-20 15:14:49,207.06,4.8,Fashion,15,28.9,0
ORD500996,CUST101657,560078,2025-01-20 15:35:33,702.89,8.0,Other,12,25.0,0
ORD502646,CUST101278,560017,2025-01-20 15:56:45,885.05,26.4,Home,16,10.7,0
ORD500361,CUST100872,560002,2025-01-20 16:25:14,940.06,9.1,Electronics,13,22.3,0
ORD506321,CUST100901,560112,2025-01-20 16:52:37,242.6,27.1,Electronics,23,5.7,0
ORD500769,CUST100003,560118,2025-01-20 17:08:36,455.23,3.6,Home,2,32.0,1
ORD503727,CUST101293,560111,2025-01-20 17:48:28,647.55,11.4,Fashion,16,15.5,1
ORD505020,CUST101405,560102,2025-01-20 18:37:34,522.76,13.6,Electronics,19,13.6,0
ORD506007,CUST101160,560085,2025-01-20 19:01:22,608.17,15.8,Home,13,4.2,0
ORD504932,CUST101628,560050,2025-01-20 19:02:56,427.68,14.5,Other,4,19.4,1
ORD503760,CUST100948,560107,2025-01-20 19:07:57,508.67,40.6,Grocery,20,18.8,1
ORD503148,CUST101983,560076,2025-01-20 20:15:04,499.36,17.6,Grocery,15,1.1,0
ORD504760,CUST100693,560111,2025-01-20 21:01:27,385.12,42.0,Fashion,11,11.6,0
ORD502102,CUST101125,560070,2025-01-20 21:27:33,234.63,11.8,Fashion,23,20.2,0
ORD501485,CUST101431,560094,2025-01-20 21:53:54,428.76,26.0,Grocery,10,1.7,0
ORD502300,CUST100194,560090,2025-01-21 00:30:40,175.76,28.1,Beauty,10,16.6,0
ORD501084,CUST101553,560077,2025-01-21 00:59:05,623.47,21.3,Fashion,13,14.5,0
ORD504229,CUST100693,560081,2025-01-21 01:03:15,1177.1,1.1,Electronics,16,18.5,0
ORD506364,CUST101702,560099,2025-01-21 01:13:45,1994.69,3.5,Electronics,7,24.9,0
ORD506279,CUST100969,560018,2025-01-21 01:20:19,1036.97,25.0,Electronics,7,5.5,0
ORD506385,CUST101975,560047,2025-01-21 01:30:07,920.24,3.1,Home,18,1.0,0
ORD500307,CUST101596,560073,2025-01-21 01:41:40,545.51,23.5,Electronics,0,29.7,0
ORD507372,CUST101431,560009,2025-01-21 01:42:55,684.0,14.1,Electronics,15,2.4,0
ORD507860,CUST100301,560116,2025-01-21 02:05:49,2438.2,7.0,Electronics,0,25.2,0
ORD500332,CUST101930,560002,2025-01-21 02:58:17,1285.32,13.0,Other,19,13.7,0
ORD500595,CUST100834,560078,2025-01-21 03:07:12,712.53,34.3,Beauty,19,9.5,0
ORD503829,CUST100296,560112,2025-01-21 03:41:34,1088.06,16.8,Electronics,13,12.9,0
ORD501365,CUST101183,560103,2025-01-21 05:34:43,622.36,12.0,Other,5,4.4,0
ORD502895,CUST100199,560099,2025-01-21 05:40:57,337.9,7.1,Beauty,6,13.7,0
ORD507465,CUST100204,560010,2025-01-21 05:43:30,641.58,5.3,Home,9,4.2,0
ORD506884,CUST101616,560033,2025-01-21 07:07:04,1228.3,22.4,Electronics,17,2.5,0
ORD506443,CUST100608,560086,2025-01-21 11:49:15,917.3,32.4,Grocery,18,14.7,0
ORD503639,CUST101207,560088,2025-01-21 11:51:53,1702.08,30.2,Other,18,11.2,1
ORD500594,CUST100834,560100,2025-01-21 12:16:33,654.01,4.1,Home,23,13.5,1
ORD501513,CUST100256,560115,2025-01-21 14:06:00,419.02,24.0,Fashion,14,26.8,1
ORD503492,CUST101836,560060,2025-01-21 14:12:31,967.74,31.2,Home,19,5.9,0
ORD507229,CUST101102,560040,2025-01-21 14:23:08,723.62,16.2,Home,9,8.0,0
ORD505508,CUST101062,560005,2025-01-21 15:43:45,1023.63,15.4,Home,8,9.1,0
ORD501383,CUST101419,560117,2025-01-21 16:58:13,588.9,31.5,Home,5,2.6,1
ORD503265,CUST100476,560078,2025-01-21 17:07:10,346.04,11.4,Beauty,13,12.5,0
ORD505776,CUST100242,560085,2025-01-21 18:51:13,624.8,11.1,Fashion,15,1.0,0
ORD507689,CUST101878,560113,2025-01-21 19:24:42,1050.51,12.8,Fashion,1,15.3,0
ORD502938,CUST100975,560021,2025-01-21 20:35:57,1000.44,24.1,Other,18,23.0,1
ORD507658,CUST100962,560105,2025-01-21 22:22:44,3160.38,10.1,Grocery,0,23.1,0
ORD500110,CUST101587,560035,2025-01-21 22:44:09,432.34,2.2,Electronics,1,3.8,0
ORD506381,CUST101551,560061,2025-01-21 22:54:29,353.9,5.4,Other,6,18.3,0
ORD507225,CUST101789,560018,2025-01-21 23:42:45,525.8,21.7,Grocery,13,27.2,0
ORD505394,CUST100672,560032,2025-01-21 23:53:35,1230.52,2.6,Fashion,1,9.0,0
ORD502156,CUST101226,560071,2025-01-22 00:18:00,769.73,44.8,Electronics,7,7.1,1
ORD500319,CUST100515,560107,2025-01-22 00:20:20,495.56,8.5,Other,22,1.5,0
ORD504617,CUST100790,560053,2025-01-22 00:37:06,344.85,37.9,Fashion,11,12.2,1
ORD504007,CUST101620,560118,2025-01-22 00:44:20,1066.04,34.9,Electronics,12,3.0,0
ORD500586,CUST100304,560047,2025-01-22 01:24:23,991.05,2.6,Electronics,5,5.8,0
ORD506161,CUST100877,560022,2025-01-22 01:44:43,943.03,14.3,Fashion,16,9.8,0
ORD506819,CUST101763,560001,2025-01-22 02:13:25,633.3,15.9,Beauty,3,9.6,0
ORD505196,CUST100609,560116,2025-01-22 02:29:40,437.94,34.5,Electronics,19,12.5,0
ORD501477,CUST100138,560083,2025-01-22 03:00:25,427.23,14.8,Electronics,15,6.6,0
ORD503436,CUST100451,560102,2025-01-22 03:31:20,336.74,28.0,Beauty,11,12.0,0
ORD502846,CUST101048,560047,2025-01-22 04:24:28,215.54,21.4,Fashion,0,11.0,0
ORD500368,CUST101587,560052,2025-01-22 04:35:14,775.57,25.7,Electronics,18,9.2,0
ORD502002,CUST101754,560035,2025-01-22 05:43:37,336.13,13.5,Electronics,21,16.5,0
ORD504794,CUST100194,560098,2025-01-22 06:36:09,1877.95,25.0,Electronics,7,13.6,1
ORD507161,CUST100872,560034,2025-01-22 07:21:22,1203.67,16.9,Home,15,20.1,1
ORD505476,CUST101403,560066,2025-01-22 07:38:58,1084.35,40.1,Beauty,23,21.0,1
ORD501148,CUST101967,560016,2025-01-22 08:36:43,719.54,10.5,Home,15,11.5,0
ORD504423,CUST100500,560006,2025-01-22 08:45:58,1008.31,7.6,Home,14,20.1,1
ORD502213,CUST100262,560114,2025-01-22 09:16:26,212.05,34.3,Electronics,5,14.0,0
ORD502871,CUST100570,560050,2025-01-22 09:27:41,353.31,22.2,Grocery,19,18.0,0
ORD506886,CUST101950,560019,2025-01-22 09:40:32,775.06,16.3,Fashion,17,12.9,0
ORD503307,CUST100541,560098,2025-01-22 10:00:45,831.96,8.4,Beauty,3,6.5,0
ORD503346,CUST101403,560026,2025-01-22 10:01:16,362.21,17.4,Fashion,17,14.4,1
ORD501131,CUST100427,560110,2025-01-22 11:09:11,1183.57,7.7,Fashion,5,9.1,1
ORD503278,CUST100746,560003,2025-01-22 11:25:49,1834.97,13.8,Beauty,22,2.2,0
ORD507600,CUST101607,560057,2025-01-22 12:08:00,911.88,9.2,Home,0,5.6,0
ORD501265,CUST101983,560072,2025-01-22 12:30:11,376.75,7.1,Fashion,19,4.8,0
ORD506560,CUST100541,560105,2025-01-22 12:50:41,601.85,12.5,Fashion,6,10.8,0
ORD503773,CUST101940,560064,2025-01-22 12:54:02,647.61,24.9,Home,7,11.2,0
ORD500109,CUST100104,560075,2025-01-22 13:12:18,696.91,11.4,Electronics,7,13.3,0
ORD501682,CUST100566,560092,2025-01-22 14:14:15,852.65,4.9,Fashion,15,13.1,0
ORD504383,CUST101132,560014,2025-01-22 14:22:03,1164.92,13.3,Beauty,2,23.5,1
ORD507917,CUST101201,560062,2025-01-22 14:24:21,598.65,14.3,Electronics,19,25.6,0
ORD503011,CUST101142,560075,2025-01-22 14:25:53,930.32,47.0,Fashion,12,9.3,0
ORD505398,CUST101730,560020,2025-01-22 15:04:40,1068.02,17.9,Beauty,17,10.3,0
ORD504035,CUST100571,560038,2025-01-22 15:37:34,1077.82,16.6,Fashion,7,4.7,1
ORD505865,CUST100229,560042,2025-01-22 16:29:48,556.88,21.5,Home,13,11.3,0
ORD502003,CUST100343,560033,2025-01-22 17:55:59,653.7,28.3,Beauty,19,7.6,0
ORD506372,CUST101052,560021,2025-01-22 19:23:26,1189.26,28.9,Electronics,13,25.9,0
ORD505481,CUST101138,560119,2025-01-22 20:10:48,1285.41,25.7,Fashion,5,25.5,1
ORD507083,CUST100393,560117,2025-01-22 20:38:29,655.17,17.5,Electronics,4,14.1,0
ORD502415,CUST101275,560078,2025-01-22 21:37:37,653.71,10.3,Home,20,3.0,0
ORD504066,CUST101193,560012,2025-01-22 22:01:13,776.81,20.8,Electronics,4,5.2,0
ORD506473,CUST101578,560097,2025-01-22 22:12:26,2493.58,27.2,Electronics,4,12.7,0
ORD504178,CUST101543,560119,2025-01-22 22:16:17,944.88,31.7,Fashion,7,11.1,1
ORD505552,CUST100674,560072,2025-01-23 01:07:46,569.46,15.2,Electronics,3,11.8,1
ORD503989,CUST100228,560099,2025-01-23 01:53:52,534.92,27.9,Electronics,10,21.7,0
ORD501486,CUST100130,560112,2025-01-23 02:43:29,1356.66,8.9,Home,6,14.1,1
ORD507142,CUST100874,560031,2025-01-23 02:55:47,720.81,7.9,Grocery,16,11.8,1
ORD506931,CUST101294,560062,2025-01-23 04:42:57,533.76,27.1,Beauty,13,5.0,0
ORD506529,CUST100545,560038,2025-01-23 04:45:07,1192.31,21.6,Fashion,11,8.8,0
ORD500237,CUST100542,560066,2025-01-23 05:13:33,767.1,9.4,Fashion,14,31.7,1
ORD504120,CUST100477,560038,2025-01-23 05:26:43,466.71,25.0,Fashion,23,12.5,0
ORD501033,CUST101012,560024,2025-01-23 05:47:13,446.56,37.0,Fashion,7,13.7,0
ORD505272,CUST100693,560109,2025-01-23 06:00:30,872.41,2.6,Beauty,20,3.4,0
ORD501932,CUST100541,560097,2025-01-23 06:14:37,772.51,5.1,Fashion,3,17.4,0
ORD505715,CUST100956,560041,2025-01-23 07:15:31,1354.83,20.8,Electronics,6,15.1,0
ORD502365,CUST101427,560008,2025-01-23 07:23:41,343.56,17.3,Other,8,23.7,1
ORD504729,CUST100071,560023,2025-01-23 07:35:31,516.92,16.4,Grocery,20,6.2,0
ORD507516,CUST101723,560001,2025-01-23 07:55:38,842.05,16.7,Grocery,11,6.4,1
ORD500720,CUST101785,560106,2025-01-23 08:14:04,810.03,37.6,Beauty,2,3.0,0
ORD503122,CUST100903,560010,2025-01-23 08:52:30,966.28,22.5,Beauty,14,10.3,1
ORD505047,CUST100024,560044,2025-01-23 09:05:32,909.09,0.8,Electronics,3,8.2,0
ORD507980,CUST100364,560073,2025-01-23 09:09:31,1032.97,21.6,Electronics,23,20.7,0
ORD507365,CUST100755,560072,2025-01-23 10:12:25,636.03,20.4,Other,3,15.0,0
ORD506849,CUST100136,560015,2025-01-23 10:24:40,178.28,30.0,Fashion,2,4.0,0
ORD504164,CUST100183,560048,2025-01-23 10:33:16,291.52,19.8,Fashion,17,15.3,0
ORD507809,CUST101608,560053,2025-01-23 10:53:45,698.67,31.9,Electronics,0,1.4,0
ORD504380,CUST100888,560101,2025-01-23 11:29:31,480.07,44.2,Electronics,13,21.5,1
ORD507861,CUST100721,560047,2025-01-23 11:40:40,1334.24,16.2,Electronics,14,20.7,0
ORD506817,CUST100116,560096,2025-01-23 12:49:02,1624.51,17.5,Beauty,10,13.2,0
ORD506225,CUST101762,560108,2025-01-23 12:52:31,729.9,14.4,Electronics,20,13.9,1
ORD500746,CUST100543,560002,2025-01-23 13:13:27,1174.94,30.1,Grocery,2,11.4,1
ORD505238,CUST100935,560030,2025-01-23 13:37:58,376.73,41.2,Home,5,14.0,0
ORD501198,CUST101780,560112,2025-01-23 14:47:25,1249.58,20.5,Home,23,19.3,0
ORD506301,CUST101459,560055,2025-01-23 14:50:31,423.5,33.5,Electronics,18,7.7,0
ORD501179,CUST101298,560000,2025-01-23 14:52:09,551.33,27.1,Electronics,6,3.4,0
ORD501706,CUST100963,560052,2025-01-23 15:00:20,325.11,24.7,Electronics,5,19.7,0
ORD505535,CUST101274,560012,2025-01-23 15:22:57,616.21,47.1,Fashion,15,12.6,0
ORD502475,CUST100763,560043,2025-01-23 15:49:14,644.3,14.5,Grocery,12,20.5,0
ORD501318,CUST100708,560002,2025-01-23 18:04:11,862.8,28.0,Other,15,4.9,0
ORD503608,CUST100015,560034,2025-01-23 18:05:32,3145.27,19.6,Beauty,23,1.0,0
ORD503400,CUST100503,560009,2025-01-23 18:21:27,894.76,27.8,Electronics,4,9.0,0
ORD506778,CUST101133,560032,2025-01-23 20:41:22,660.94,26.0,Grocery,17,27.8,0
ORD505121,CUST101975,560085,2025-01-23 21:36:12,221.87,11.6,Fashion,22,18.6,0
ORD501503,CUST100444,560108,2025-01-23 22:17:34,2627.61,5.2,Electronics,0,3.8,0
ORD506420,CUST101942,560018,2025-01-24 00:13:32,399.65,15.4,Fashion,7,1.7,0
ORD505691,CUST100038,560056,2025-01-24 01:04:12,1255.27,6.1,Fashion,4,15.9,0
ORD500944,CUST101718,560086,2025-01-24 01:27:16,1187.91,29.8,Electronics,16,21.6,0
ORD507966,CUST100208,560074,2025-01-24 01:38:13,631.54,13.6,Grocery,18,15.1,0
ORD505820,CUST100515,560098,2025-01-24 02:21:09,1880.71,14.4,Electronics,0,28.4,0
ORD500799,CUST100324,560100,2025-01-24 03:34:44,613.87,38.6,Other,23,19.3,1
ORD504953,CUST100321,560075,2025-01-24 04:03:18,395.95,4.8,Home,3,15.6,1
ORD503303,CUST101639,560063,2025-01-24 04:18:48,260.5,6.0,Fashion,15,16.9,0
ORD504559,CUST100393,560102,2025-01-24 05:22:59,250.27,1.8,Other,5,6.9,0
ORD506005,CUST101203,560051,2025-01-24 05:24:08,1198.86,6.4,Electronics,19,4.3,0
ORD504613,CUST101151,560092,2025-01-24 05:29:31,357.01,16.6,Beauty,16,1.4,0
ORD505947,CUST101580,560097,2025-01-24 05:51:08,496.77,28.4,Other,2,4.6,0
ORD503733,CUST100037,560059,2025-01-24 06:16:17,523.74,22.8,Other,17,1.0,0
ORD504679,CUST101639,560013,2025-01-24 06:31:07,243.67,6.8,Beauty,14,33.3,1
ORD500531,CUST100374,560033,2025-01-24 07:01:58,612.4,27.0,Other,14,4.0,0
ORD502427,CUST101237,560068,2025-01-24 07:40:33,1292.3,53.6,Fashion,16,16.9,0
ORD502287,CUST100131,560036,2025-01-24 08:35:43,340.56,11.7,Home,3,14.8,1
ORD503602,CUST101183,560035,2025-01-24 08:42:54,496.01,29.0,Fashion,7,10.3,1
ORD506411,CUST100242,560063,2025-01-24 09:38:35,593.28,31.2,Fashion,0,22.4,0
ORD502026,CUST100906,560118,2025-01-24 10:19:49,652.72,21.2,Fashion,16,17.0,0
ORD501502,CUST101317,560054,2025-01-24 10:20:43,1509.84,30.9,Beauty,17,2.1,0
ORD507755,CUST101826,560084,2025-01-24 10:41:44,311.58,16.8,Beauty,1,18.7,1
ORD501553,CUST101422,560028,2025-01-24 10:54:27,980.76,24.1,Electronics,1,12.0,0
ORD506014,CUST100679,560015,2025-01-24 11:45:19,1221.97,25.1,Electronics,7,1.3,0
ORD502751,CUST101987,560048,2025-01-24 12:53:50,382.86,11.9,Other,19,14.1,0
ORD506516,CUST101375,560101,2025-01-24 13:08:53,696.26,6.6,Electronics,19,11.8,0
ORD505397,CUST101408,560059,2025-01-24 13:37:40,909.46,11.7,Grocery,21,17.0,0
ORD501145,CUST101893,560010,2025-01-24 13:41:08,1412.88,16.6,Electronics,5,14.6,1
ORD503255,CUST100713,560099,2025-01-24 13:43:51,773.59,9.4,Grocery,17,6.6,0
ORD502018,CUST100460,560058,2025-01-24 13:44:01,209.47,27.4,Fashion,2,5.4,0
ORD505269,CUST100485,560097,2025-01-24 13:55:30,846.01,11.2,Grocery,11,19.8,0
ORD500114,CUST101193,560086,2025-01-24 15:39:27,350.65,40.5,Beauty,10,5.9,0
ORD506130,CUST100114,560045,2025-01-24 16:08:42,324.18,11.7,Beauty,21,22.9,0
ORD502631,CUST101246,560009,2025-01-24 16:34:41,405.46,21.8,Electronics,9,11.0,0
ORD502826,CUST101299,560028,2025-01-24 16:50:12,627.2,19.9,Beauty,15,26.2,0
ORD506586,CUST100535,560088,2025-01-24 17:19:30,706.34,22.9,Electronics,22,17.4,0
ORD506899,CUST100296,560054,2025-01-24 17:52:09,257.96,11.5,Electronics,21,1.9,0
ORD500277,CUST101138,560006,2025-01-24 18:10:47,601.18,23.5,Grocery,22,3.8,0
ORD500321,CUST100161,560118,2025-01-24 18:14:29,464.32,43.6,Other,2,9.6,1
ORD502056,CUST100384,560051,2025-01-24 18:37:58,1581.08,5.0,Other,8,18.6,0
ORD504865,CUST100047,560051,2025-01-24 19:18:05,373.19,12.2,Fashion,0,10.7,1
ORD505178,CUST101619,560104,2025-01-24 20:13:05,3022.15,38.2,Home,10,18.4,0
ORD503243,CUST100531,560098,2025-01-24 21:01:26,1257.08,20.2,Beauty,0,14.8,0
ORD500965,CUST101005,560027,2025-01-25 00:21:09,384.9,14.8,Grocery,19,13.1,0
ORD500796,CUST100215,560057,2025-01-25 00:50:40,577.6,14.1,Other,2,15.7,0
ORD505326,CUST100684,560111,2025-01-25 01:03:19,683.22,8.4,Other,1,15.2,0
ORD501377,CUST100583,560096,2025-01-25 02:56:41,351.19,7.8,Grocery,1,27.7,0
ORD507334,CUST100710,560020,2025-01-25 03:15:31,642.88,33.0,Other,23,19.8,1
ORD502323,CUST101884,560034,2025-01-25 03:48:10,638.26,17.9,Fashion,4,10.9,1
ORD505442,CUST101841,560072,2025-01-25 03:51:31,278.94,10.5,Home,3,16.8,0
ORD506912,CUST100098,560023,2025-01-25 04:32:11,1168.93,6.2,Electronics,23,9.5,0
ORD504028,CUST100148,560060,2025-01-25 06:14:38,1953.33,19.3,Electronics,9,15.6,0
ORD506753,CUST101431,560080,2025-01-25 06:43:11,588.59,13.8,Electronics,18,1.0,0
ORD507662,CUST101472,560011,2025-01-25 06:55:02,576.91,1.6,Home,2,1.4,0
ORD501933,CUST101843,560047,2025-01-25 07:41:54,636.68,33.6,Beauty,16,14.1,0
ORD507946,CUST101796,560015,2025-01-25 08:04:09,331.49,38.3,Home,1,4.9,1
ORD500815,CUST100228,560105,2025-01-25 09:11:04,454.89,15.5,Home,3,24.8,1
ORD503197,CUST100834,560060,2025-01-25 09:13:32,965.5,13.5,Electronics,10,14.4,0
ORD506354,CUST101429,560083,2025-01-25 09:19:15,562.79,52.0,Fashion,3,17.2,0
ORD501444,CUST101858,560001,2025-01-25 10:35:31,432.38,55.9,Fashion,9,14.9,1
ORD502878,CUST100161,560080,2025-01-25 11:10:25,378.41,40.1,Beauty,3,22.0,1
ORD506327,CUST100557,560022,2025-01-25 11:41:16,409.1,8.7,Fashion,3,4.5,0
ORD506108,CUST100512,560092,2025-01-25 11:48:02,1793.18,3.3,Fashion,7,15.3,0
ORD507950,CUST101003,560053,2025-01-25 11:59:42,483.05,18.2,Electronics,6,14.0,1
ORD507052,CUST101732,560032,2025-01-25 12:37:53,704.15,38.7,Fashion,11,15.4,0
ORD503600,CUST100678,560108,2025-01-25 14:43:28,1214.54,21.9,Fashion,12,4.7,1
ORD505050,CUST100963,560031,2025-01-25 15:33:26,2010.57,13.1,Beauty,4,20.8,0
ORD504945,CUST101592,560083,2025-01-25 16:18:23,1643.61,16.4,Home,4,9.4,0
ORD506394,CUST101888,560016,2025-01-25 16:24:42,1421.11,2.7,Beauty,2,2.2,0
ORD503637,CUST100877,560005,2025-01-25 16:26:46,600.49,17.6,Home,20,9.5,0
ORD500432,CUST100140,560102,2025-01-25 18:05:29,519.87,21.5,Electronics,4,18.5,0
ORD502562,CUST101270,560001,2025-01-25 18:18:16,690.88,32.2,Fashion,22,12.7,0
ORD500908,CUST101160,560104,2025-01-25 18:55:37,1212.22,35.5,Beauty,0,13.6,0
ORD500759,CUST101977,560035,2025-01-25 19:45:44,1520.43,6.9,Beauty,5,3.8,1
ORD507580,CUST100689,560089,2025-01-25 20:28:53,1455.02,28.5,Grocery,8,8.6,0
ORD504956,CUST101759,560027,2025-01-25 20:38:47,356.24,0.5,Electronics,15,22.9,0
ORD506267,CUST100380,560112,2025-01-25 21:20:12,737.85,32.8,Other,4,22.3,0
ORD504143,CUST101514,560020,2025-01-25 21:28:44,656.59,0.7,Fashion,5,5.9,0
ORD507814,CUST100321,560061,2025-01-25 21:55:23,540.23,36.6,Grocery,18,15.0,0
ORD501048,CUST101239,560104,2025-01-25 21:58:21,443.38,22.2,Home,15,16.1,0
ORD507775,CUST100453,560000,2025-01-25 22:08:35,943.82,26.6,Fashion,8,6.8,0
ORD504466,CUST100430,560013,2025-01-25 22:33:54,221.41,36.6,Beauty,20,8.7,0
ORD506009,CUST101893,560000,2025-01-25 22:50:15,1257.66,11.4,Fashion,5,1.0,0
ORD505654,CUST100964,560100,2025-01-25 22:59:33,1013.66,12.5,Fashion,2,28.0,1
ORD503565,CUST100542,560111,2025-01-25 23:50:15,1206.16,46.8,Other,7,19.0,0
ORD504044,CUST101144,560063,2025-01-26 02:34:09,500.52,41.6,Other,5,4.2,0
ORD506379,CUST100070,560026,2025-01-26 03:07:20,627.18,14.4,Electronics,18,15.1,0
ORD503775,CUST101241,560003,2025-01-26 04:31:46,831.01,18.0,Fashion,9,18.7,0
ORD505484,CUST101026,560110,2025-01-26 05:23:08,491.24,15.0,Beauty,19,1.0,1
ORD504171,CUST101250,560072,2025-01-26 05:32:45,452.95,16.7,Home,23,6.4,0
ORD507109,CUST100151,560023,2025-01-26 07:22:05,765.75,23.1,Electronics,11,16.3,0
ORD506387,CUST101893,560064,2025-01-26 07:34:48,530.1,3.4,Fashion,18,1.1,0
ORD505274,CUST101429,560057,2025-01-26 07:40:06,1049.1,13.3,Beauty,18,13.3,0
ORD503281,CUST101626,560066,2025-01-26 07:51:33,481.26,10.9,Electronics,15,24.4,0
ORD507503,CUST100078,560092,2025-01-26 08:25:45,1778.8,7.8,Home,21,15.9,0
ORD501078,CUST101253,560073,2025-01-26 09:46:49,945.19,16.9,Home,4,1.0,0
ORD506697,CUST101657,560039,2025-01-26 10:03:59,173.26,6.4,Fashion,0,15.0,0
ORD501680,CUST101246,560016,2025-01-26 10:16:23,372.65,16.1,Grocery,7,1.0,0
ORD503822,CUST101033,560007,2025-01-26 10:59:46,515.42,6.5,Fashion,6,12.0,0
ORD500589,CUST100072,560085,2025-01-26 12:18:32,469.65,30.6,Fashion,4,10.8,0
ORD500803,CUST100089,560083,2025-01-26 12:28:16,489.41,13.4,Fashion,15,8.1,0
ORD503542,CUST100901,560036,2025-01-26 13:02:38,726.98,25.0,Fashion,19,13.3,0
ORD502328,CUST101551,560083,2025-01-26 13:22:57,913.06,5.9,Electronics,18,38.7,0
ORD505092,CUST101587,560063,2025-01-26 13:56:19,337.3,14.3,Fashion,5,4.6,0
ORD504905,CUST100003,560109,2025-01-26 13:56:20,473.79,32.7,Fashion,9,7.9,0
ORD503271,CUST101243,560055,2025-01-26 14:48:12,719.05,18.5,Grocery,17,23.2,0
ORD500471,CUST100262,560013,2025-01-26 16:03:56,364.49,8.9,Home,19,17.8,0
ORD503277,CUST100834,560106,2025-01-26 16:08:16,359.05,46.1,Home,8,8.6,0
ORD501161,CUST101900,560072,2025-01-26 16:29:45,302.15,25.1,Electronics,0,5.1,0
ORD506809,CUST101551,560112,2025-01-26 16:34:08,522.18,12.6,Other,3,30.2,0
ORD506860,CUST100291,560029,2025-01-26 17:06:27,760.87,45.1,Beauty,12,15.3,0
ORD505858,CUST100654,560058,2025-01-26 17:10:13,1259.94,41.5,Home,23,16.5,0
ORD504286,CUST101619,560105,2025-01-26 17:15:21,694.7,10.3,Fashion,1,14.6,1
ORD502998,CUST101018,560042,2025-01-26 18:01:54,441.95,0.6,Beauty,23,7.7,0
ORD500641,CUST100556,560040,2025-01-26 19:08:36,855.84,18.6,Electronics,17,14.8,0
ORD506895,CUST101786,560006,2025-01-26 19:19:53,520.56,16.2,Fashion,11,21.3,0
ORD503092,CUST100455,560041,2025-01-26 19:20:32,531.38,5.1,Fashion,15,25.8,0
ORD500474,CUST100602,560000,2025-01-26 19:48:22,680.67,34.3,Fashion,6,13.7,0
ORD502835,CUST101335,560099,2025-01-26 20:34:46,865.0,23.0,Home,23,12.9,0
ORD507088,CUST100459,560063,2025-01-26 21:04:25,404.16,5.8,Beauty,0,29.7,0
ORD503116,CUST100374,560063,2025-01-26 21:56:50,533.73,7.1,Home,10,16.6,0
ORD507396,CUST101937,560076,2025-01-26 23:23:39,638.03,37.3,Beauty,16,7.8,0
ORD501735,CUST100056,560068,2025-01-27 00:34:51,423.9,27.2,Fashion,5,16.6,0
ORD507701,CUST100328,560043,2025-01-27 01:35:03,1737.87,13.7,Electronics,19,9.5,0
ORD502289,CUST100948,560003,2025-01-27 01:59:37,2263.11,14.5,Home,7,4.4,1
ORD500886,CUST101628,560097,2025-01-27 02:24:53,197.15,25.5,Electronics,9,5.7,1
ORD501988,CUST101730,560071,2025-01-27 03:24:07,302.7,22.3,Beauty,4,12.3,0
ORD503126,CUST100315,560060,2025-01-27 03:25:57,391.75,10.8,Fashion,22,15.7,1
ORD503360,CUST101847,560047,2025-01-27 04:44:22,657.66,9.7,Fashion,19,1.6,0
ORD507027,CUST100654,560100,2025-01-27 04:54:04,488.4,21.8,Electronics,6,28.5,0
ORD505764,CUST100264,560027,2025-01-27 05:14:54,1410.56,20.6,Fashion,4,15.0,0
ORD504827,CUST101627,560117,2025-01-27 05:54:32,903.08,26.4,Grocery,18,13.0,1
ORD506245,CUST100116,560078,2025-01-27 06:08:14,392.55,7.9,Other,23,16.7,0
ORD505809,CUST100965,560070,2025-01-27 06:46:32,4840.8,33.6,Electronics,9,8.8,0
ORD507706,CUST101638,560020,2025-01-27 08:24:16,1669.21,14.4,Grocery,8,19.0,0
ORD503666,CUST101858,560100,2025-01-27 09:53:20,503.52,22.4,Home,3,2.5,0
ORD500702,CUST100625,560103,2025-01-27 09:55:33,2277.55,5.6,Grocery,11,19.2,0
ORD503687,CUST100890,560057,2025-01-27 09:55:53,1160.74,28.1,Home,17,19.7,0
ORD501185,CUST101487,560087,2025-01-27 10:07:45,585.64,11.7,Other,12,5.5,0
ORD505621,CUST101841,560047,2025-01-27 11:04:20,510.63,20.6,Fashion,19,9.1,0
ORD500713,CUST101923,560021,2025-01-27 11:32:59,805.79,25.5,Electronics,15,9.3,0
ORD503030,CUST100669,560032,2025-01-27 13:22:32,389.19,22.4,Electronics,4,9.0,0
ORD500566,CUST101542,560028,2025-01-27 15:20:53,666.66,9.5,Fashion,7,7.5,0
ORD502145,CUST101717,560046,2025-01-27 15:54:27,400.72,11.1,Electronics,18,27.2,0
ORD500168,CUST101333,560005,2025-01-27 16:04:52,458.49,29.9,Other,8,11.4,0
ORD507023,CUST101013,560083,2025-01-27 16:30:30,411.27,5.9,Home,4,13.1,0
ORD506337,CUST101095,560018,2025-01-27 16:34:54,1601.54,31.0,Other,9,1.1,0
ORD500897,CUST101019,560119,2025-01-27 17:00:32,198.31,24.8,Grocery,22,7.0,0
ORD501395,CUST101588,560091,2025-01-27 17:19:50,360.68,46.0,Home,18,1.9,0
ORD500228,CUST101022,560019,2025-01-27 17:27:42,1431.85,13.9,Fashion,19,29.0,1
ORD504605,CUST100330,560065,2025-01-27 17:49:50,680.87,30.6,Beauty,17,2.9,0
ORD505566,CUST101739,560099,2025-01-27 18:26:42,521.51,49.7,Electronics,10,14.0,0
ORD502903,CUST101465,560058,2025-01-27 19:03:47,322.75,30.3,Home,20,24.4,1
ORD507877,CUST100642,560042,2025-01-27 19:09:02,2324.85,20.8,Home,7,20.6,0
ORD504954,CUST100884,560054,2025-01-27 19:26:31,544.63,4.0,Electronics,12,17.6,0
ORD505752,CUST100918,560055,2025-01-27 19:29:55,258.44,35.9,Fashion,11,4.8,0
ORD506548,CUST101122,560060,2025-01-27 20:16:46,374.56,34.6,Grocery,2,6.7,0
ORD506947,CUST100901,560101,2025-01-27 20:35:23,153.98,11.9,Fashion,0,9.2,0
ORD505933,CUST101811,560022,2025-01-27 22:10:04,1195.05,49.8,Home,6,21.1,0
ORD501217,CUST101280,560094,2025-01-27 22:16:07,545.31,6.8,Fashion,8,10.6,0
ORD505688,CUST100643,560015,2025-01-27 22:42:00,150.0,20.4,Home,12,22.5,1
ORD501692,CUST100515,560059,2025-01-27 22:44:20,473.31,6.1,Electronics,15,21.3,0
ORD506306,CUST101384,560097,2025-01-27 23:09:54,821.39,7.5,Home,3,12.1,0
ORD505309,CUST100661,560019,2025-01-27 23:42:56,391.36,36.1,Fashion,2,8.9,0
ORD505912,CUST100565,560032,2025-01-28 00:46:06,1126.64,8.7,Other,5,9.0,0
ORD502572,CUST101139,560031,2025-01-28 01:05:59,989.64,14.7,Grocery,15,15.4,1
ORD501413,CUST101785,560015,2025-01-28 02:13:11,881.89,6.0,Other,1,8.5,0
ORD501227,CUST100225,560004,2025-01-28 03:37:02,671.83,2.5,Grocery,19,8.2,0
ORD505181,CUST101786,560061,2025-01-28 04:04:35,2282.07,28.3,Grocery,15,17.8,0
ORD504775,CUST100742,560101,2025-01-28 04:12:44,910.18,11.0,Electronics,22,9.5,0
ORD502722,CUST100104,560003,2025-01-28 04:28:12,637.78,33.5,Fashion,6,8.3,0
ORD506175,CUST101522,560023,2025-01-28 04:34:15,749.69,57.2,Home,5,16.3,0
ORD504501,CUST100549,560060,2025-01-28 04:52:19,470.25,18.0,Fashion,5,16.3,0
ORD505594,CUST101867,560053,2025-01-28 05:38:22,404.21,21.6,Electronics,20,2.5,0
ORD505133,CUST101898,560071,2025-01-28 06:37:55,1160.09,13.2,Fashion,0,15.3,1
ORD504923,CUST101161,560075,2025-01-28 08:36:05,588.18,20.2,Beauty,1,24.0,0
ORD504479,CUST101538,560072,2025-01-28 09:22:27,625.73,2.6,Electronics,20,18.9,0
ORD504835,CUST101489,560020,2025-01-28 09:38:34,1273.35,16.7,Grocery,22,18.1,0
ORD503863,CUST101725,560045,2025-01-28 09:42:22,882.05,43.4,Fashion,15,11.8,0
ORD500325,CUST100545,560084,2025-01-28 09:54:13,815.32,16.1,Electronics,7,5.3,0
ORD505796,CUST100557,560044,2025-01-28 10:04:05,1523.8,1.6,Home,11,18.9,0
ORD501473,CUST100107,560027,2025-01-28 10:30:58,676.67,20.7,Grocery,3,14.2,0
ORD501617,CUST100872,560071,2025-01-28 10:44:37,982.51,12.0,Grocery,7,9.7,1
ORD504056,CUST100834,560060,2025-01-28 12:53:23,830.72,11.2,Fashion,4,16.0,0
ORD501162,CUST100205,560078,2025-01-28 14:38:29,2550.9,13.8,Other,12,11.4,0
ORD502450,CUST100148,560088,2025-01-28 15:29:40,425.16,13.7,Beauty,11,5.3,0
ORD502537,CUST101893,560076,2025-01-28 16:27:00,1527.86,0.3,Fashion,20,16.1,0
ORD502479,CUST101155,560038,2025-01-28 16:36:54,700.11,1.6,Other,5,17.7,0
ORD504669,CUST100343,560102,2025-01-28 16:56:50,503.29,22.1,Home,1,4.8,0
ORD503329,CUST101498,560004,2025-01-28 18:27:18,1205.6,28.8,Grocery,4,3.6,0
ORD500514,CUST100474,560092,2025-01-28 18:42:57,478.73,25.8,Electronics,0,12.3,0
ORD506579,CUST100416,560036,2025-01-28 19:59:17,1110.51,50.2,Other,21,5.8,0
ORD505868,CUST101923,560024,2025-01-28 20:50:00,1710.94,24.9,Other,9,11.4,0
ORD500046,CUST101981,560065,2025-01-28 20:54:00,421.43,34.1,Fashion,6,1.0,0
ORD500349,CUST101167,560118,2025-01-28 21:10:45,499.63,3.1,Electronics,0,24.9,0
ORD504218,CUST100343,560094,2025-01-28 22:44:38,630.76,42.8,Other,5,1.9,0
ORD506992,CUST100792,560033,2025-01-28 22:52:41,1873.51,27.3,Beauty,15,15.1,0
ORD503103,CUST101183,560047,2025-01-28 23:19:26,719.51,1.9,Fashion,18,12.9,0
ORD503391,CUST100557,560106,2025-01-28 23:29:45,344.66,17.6,Other,11,4.1,1
ORD501911,CUST100869,560060,2025-01-28 23:54:09,642.82,11.6,Beauty,15,17.8,0
ORD507238,CUST101183,560113,2025-01-29 00:33:51,1835.43,51.5,Beauty,12,1.3,0
ORD504406,CUST100713,560096,2025-01-29 00:40:38,587.07,10.7,Beauty,12,19.9,0
ORD500850,CUST100231,560092,2025-01-29 01:04:17,229.92,12.3,Electronics,4,2.3,0
ORD500801,CUST101605,560006,2025-01-29 01:53:52,1530.6,53.4,Fashion,13,14.6,1
ORD504187,CUST101310,560012,2025-01-29 02:17:57,285.38,9.3,Home,21,8.6,0
ORD504964,CUST100576,560052,2025-01-29 02:20:06,768.18,6.9,Electronics,16,16.1,0
ORD504935,CUST101062,560064,2025-01-29 03:57:00,1130.85,4.2,Beauty,4,20.2,0
ORD507699,CUST101823,560065,2025-01-29 05:51:56,1188.07,41.5,Grocery,10,5.1,0
ORD502703,CUST100213,560040,2025-01-29 06:05:20,571.98,0.4,Electronics,22,14.1,0
ORD501307,CUST101390,560015,2025-01-29 07:19:02,341.05,23.6,Electronics,7,3.3,0
ORD503235,CUST100872,560010,2025-01-29 08:25:01,765.09,32.0,Home,22,12.7,1
ORD505282,CUST100364,560107,2025-01-29 08:26:44,347.07,16.2,Home,22,26.3,0
ORD500562,CUST100994,560115,2025-01-29 09:19:36,698.76,0.7,Fashion,20,9.4,0
ORD506452,CUST101255,560058,2025-01-29 09:20:58,215.51,9.2,Electronics,8,3.7,0
ORD502101,CUST101995,560089,2025-01-29 09:39:12,859.14,66.0,Other,0,7.9,0
ORD505500,CUST100228,560052,2025-01-29 10:14:11,585.33,24.0,Fashion,23,1.0,0
ORD502582,CUST100393,560081,2025-01-29 10:16:56,1147.78,41.1,Electronics,2,4.2,0
ORD505792,CUST101139,560031,2025-01-29 11:06:17,1386.73,15.7,Beauty,10,1.0,0
ORD504099,CUST100651,560039,2025-01-29 12:04:21,1098.85,16.6,Fashion,4,10.9,1
ORD502481,CUST101033,560085,2025-01-29 12:12:31,712.76,8.2,Fashion,8,9.2,0
ORD507676,CUST100034,560041,2025-01-29 12:34:24,814.36,16.9,Electronics,5,9.3,0
ORD505974,CUST100918,560022,2025-01-29 12:39:30,855.59,28.8,Electronics,8,17.8,0
ORD501629,CUST100418,560069,2025-01-29 12:52:18,1157.57,5.6,Beauty,0,8.4,0
ORD502316,CUST100545,560016,2025-01-29 12:55:04,423.47,6.1,Fashion,12,18.7,0
ORD502515,CUST100494,560097,2025-01-29 15:18:13,324.94,15.9,Fashion,23,4.9,0
ORD503246,CUST101966,560093,2025-01-29 15:18:17,609.81,10.9,Beauty,3,15.4,0
ORD501868,CUST101239,560056,2025-01-29 17:19:40,721.48,6.6,Fashion,4,26.9,0
ORD500753,CUST100047,560011,2025-01-29 17:46:36,968.22,12.7,Electronics,3,3.7,0
ORD507198,CUST100231,560028,2025-01-29 18:58:58,429.63,24.7,Beauty,13,1.2,1
ORD503617,CUST101543,560072,2025-01-29 19:59:00,393.37,11.7,Grocery,14,6.0,0
ORD505312,CUST101429,560042,2025-01-29 21:16:14,184.52,4.2,Home,22,20.7,0
ORD503682,CUST101840,560092,2025-01-29 21:16:35,1488.18,23.9,Beauty,1,9.6,1
ORD504067,CUST101450,560031,2025-01-29 21:50:19,1344.63,37.7,Grocery,13,6.3,0
ORD503774,CUST101260,560070,2025-01-29 23:32:53,596.98,7.4,Fashion,9,12.1,0
ORD505845,CUST101608,560055,2025-01-29 23:51:18,389.78,20.6,Electronics,21,4.3,0
ORD502875,CUST101377,560109,2025-01-30 00:28:49,1255.34,23.0,Other,15,5.4,0
ORD501230,CUST101037,560060,2025-01-30 01:41:22,622.11,29.5,Electronics,23,30.2,0
ORD504583,CUST101199,560089,2025-01-30 03:40:07,617.79,2.3,Grocery,8,20.6,0
ORD507100,CUST100983,560019,2025-01-30 04:48:11,361.05,16.5,Electronics,19,19.5,0
ORD500733,CUST100677,560007,2025-01-30 05:36:47,466.78,4.8,Grocery,8,9.2,0
ORD505157,CUST101639,560040,2025-01-30 06:26:58,267.7,30.2,Grocery,22,14.0,0
ORD503465,CUST101437,560088,2025-01-30 06:41:24,812.33,38.8,Beauty,17,4.3,0
ORD503069,CUST100593,560000,2025-01-30 07:08:37,1488.97,13.0,Home,11,7.1,1
ORD505982,CUST100438,560117,2025-01-30 07:31:51,722.21,9.4,Fashion,22,5.8,0
ORD500929,CUST101767,560036,2025-01-30 07:39:59,245.64,22.8,Fashion,0,27.0,0
ORD503162,CUST100667,560025,2025-01-30 07:52:41,1142.94,9.8,Fashion,23,20.3,1
ORD500818,CUST100405,560071,2025-01-30 08:40:06,662.82,25.0,Other,17,9.6,1
ORD507522,CUST101367,560085,2025-01-30 08:43:14,1175.63,19.0,Home,17,15.5,0
ORD504236,CUST100181,560098,2025-01-30 09:47:57,458.13,28.5,Fashion,22,6.2,1
ORD505641,CUST100689,560080,2025-01-30 10:17:40,502.17,16.5,Beauty,6,14.2,0
ORD504024,CUST101121,560115,2025-01-30 10:29:55,180.43,5.6,Electronics,11,19.3,0
ORD505373,CUST101062,560038,2025-01-30 11:05:01,425.94,2.7,Beauty,19,7.5,1
ORD503539,CUST100354,560058,2025-01-30 11:53:57,1722.62,4.7,Electronics,17,18.0,0
ORD505479,CUST100883,560015,2025-01-30 12:33:34,658.49,11.1,Home,6,9.4,0
ORD505876,CUST100708,560118,2025-01-30 12:40:05,1185.31,54.3,Fashion,19,12.2,0
ORD503387,CUST101884,560105,2025-01-30 13:22:53,1225.43,9.3,Electronics,19,10.3,0
ORD502976,CUST101263,560048,2025-01-30 13:29:24,353.32,23.1,Electronics,17,3.6,0
ORD500888,CUST100410,560005,2025-01-30 13:33:08,777.51,11.9,Electronics,16,18.9,0
ORD502012,CUST101815,560066,2025-01-30 14:51:55,724.57,17.6,Home,22,24.8,0
ORD505270,CUST101060,560067,2025-01-30 15:34:29,623.44,25.9,Fashion,22,10.7,0
ORD505713,CUST101441,560057,2025-01-30 15:56:39,1387.69,45.2,Electronics,3,13.0,0
ORD501822,CUST100532,560115,2025-01-30 16:04:55,990.43,34.0,Beauty,21,2.9,0
ORD507095,CUST100281,560051,2025-01-30 16:20:43,610.86,12.1,Other,22,15.3,0
ORD503631,CUST101800,560067,2025-01-30 16:52:47,546.87,43.9,Electronics,14,12.8,0
ORD502638,CUST100407,560066,2025-01-30 16:59:10,1284.86,22.4,Fashion,15,18.2,1
ORD504643,CUST100541,560011,2025-01-30 17:59:39,300.9,13.0,Home,21,4.6,0
ORD502011,CUST100674,560024,2025-01-30 19:27:28,657.33,14.2,Fashion,7,6.9,0
ORD505439,CUST101335,560117,2025-01-30 20:03:03,432.96,21.3,Electronics,1,15.2,0
ORD507063,CUST101638,560048,2025-01-30 20:10:01,895.79,26.8,Electronics,6,11.1,0
ORD504765,CUST101995,560001,2025-01-30 20:35:54,362.95,0.9,Fashion,5,6.2,0
ORD506302,CUST100906,560104,2025-01-30 20:42:51,289.7,7.0,Fashion,22,16.9,0
ORD505489,CUST101777,560030,2025-01-30 21:36:37,643.65,12.4,Home,0,10.4,0
ORD500602,CUST101203,560043,2025-01-30 21:41:58,304.89,2.7,Other,20,31.1,0
ORD502077,CUST100727,560036,2025-01-30 22:44:17,585.18,0.1,Beauty,16,11.3,0
ORD505828,CUST100318,560117,2025-01-30 23:18:06,1592.0,39.5,Electronics,10,4.8,0
ORD502306,CUST101924,560074,2025-01-30 23:44:47,1193.71,7.3,Fashion,5,7.1,0
ORD505332,CUST100064,560110,2025-01-30 23:51:08,721.25,40.9,Fashion,10,10.5,0
ORD504308,CUST100192,560092,2025-01-31 00:59:53,434.01,16.8,Electronics,10,26.2,0
ORD505035,CUST100236,560014,2025-01-31 01:09:05,956.11,44.7,Other,23,22.2,1
ORD506296,CUST100689,560070,2025-01-31 01:54:46,1248.0,18.0,Other,18,10.1,0
ORD505669,CUST100760,560091,2025-01-31 01:59:24,488.61,46.0,Home,13,22.5,1
ORD504055,CUST101665,560118,2025-01-31 02:30:34,210.13,11.5,Fashion,3,20.9,0
ORD501812,CUST101062,560042,2025-01-31 03:10:19,584.76,17.8,Beauty,15,11.7,0
ORD505703,CUST101796,560064,2025-01-31 03:25:18,805.71,8.3,Home,7,10.1,0
ORD500725,CUST100557,560006,2025-01-31 03:46:19,1647.05,4.1,Fashion,2,6.6,0
ORD505364,CUST100588,560035,2025-01-31 04:22:13,964.13,14.3,Other,1,9.1,0
ORD504075,CUST100021,560106,2025-01-31 06:29:26,944.66,50.8,Other,23,11.8,0
ORD502752,CUST100376,560037,2025-01-31 06:39:56,623.56,15.5,Electronics,0,13.8,0
ORD502106,CUST100364,560045,2025-01-31 07:15:54,455.05,17.4,Fashion,9,6.2,0
ORD504697,CUST100758,560064,2025-01-31 07:56:10,168.3,8.8,Fashion,8,16.5,0
ORD502796,CUST101139,560027,2025-01-31 08:02:59,494.84,7.3,Home,9,11.5,0
ORD502766,CUST100260,560057,2025-01-31 08:10:53,768.77,9.9,Grocery,16,1.7,0
ORD502303,CUST100935,560017,2025-01-31 09:30:32,240.88,7.6,Beauty,22,17.4,1
ORD504834,CUST100541,560072,2025-01-31 10:49:36,496.95,19.3,Home,7,6.0,0
ORD506250,CUST101127,560105,2025-01-31 11:04:21,1146.46,35.6,Other,16,2.2,1
ORD507192,CUST100831,560007,2025-01-31 11:22:41,509.22,11.3,Electronics,16,24.5,0
ORD507074,CUST100955,560104,2025-01-31 12:29:51,201.97,25.2,Home,22,17.9,0
ORD507881,CUST101608,560069,2025-01-31 13:21:25,500.88,34.8,Fashion,8,9.9,1
ORD503892,CUST100415,560083,2025-01-31 13:25:59,657.44,25.8,Other,10,4.0,0
ORD504547,CUST100328,560110,2025-01-31 14:04:34,805.94,45.0,Electronics,17,12.3,0
ORD501181,CUST100888,560026,2025-01-31 15:27:08,222.89,11.3,Fashion,7,14.3,0
ORD503915,CUST101203,560065,2025-01-31 16:14:45,397.25,11.0,Home,2,4.9,0
ORD507817,CUST101657,560091,2025-01-31 16:46:52,583.76,14.0,Home,22,4.5,0
ORD503257,CUST100485,560014,2025-01-31 16:55:01,664.62,4.9,Fashion,3,14.2,0
ORD502470,CUST101065,560026,2025-01-31 18:03:44,1693.33,39.0,Electronics,11,10.3,0
ORD500084,CUST100370,560055,2025-01-31 19:18:04,675.37,30.3,Home,12,7.3,0
ORD506162,CUST100270,560002,2025-01-31 19:27:39,1350.61,4.7,Fashion,13,19.6,0
ORD500199,CUST101209,560062,2025-01-31 20:56:17,1453.61,7.5,Fashion,15,13.4,0
ORD505013,CUST101556,560065,2025-01-31 21:24:13,416.1,31.5,Fashion,22,17.9,1
ORD505592,CUST100515,560115,2025-01-31 21:53:06,639.98,14.5,Electronics,8,31.1,0
ORD503448,CUST100647,560064,2025-01-31 22:23:29,339.98,28.4,Home,10,9.8,1
ORD504333,CUST101764,560028,2025-01-31 22:52:02,546.69,11.0,Fashion,10,24.9,0
ORD503177,CUST101235,560013,2025-01-31 23:04:37,330.87,21.1,Fashion,22,14.9,0
ORD506570,CUST101714,560012,2025-01-31 23:28:11,918.13,30.8,Other,18,23.2,0
ORD504537,CUST101752,560034,2025-02-01 00:08:48,466.26,10.9,Electronics,12,10.1,0
ORD502950,CUST100772,560082,2025-02-01 00:31:11,300.97,3.1,Electronics,1,12.4,0
ORD501133,CUST101200,560117,2025-02-01 01:53:39,1219.65,8.8,Home,2,8.5,0
ORD507751,CUST100306,560103,2025-02-01 02:17:21,442.04,28.6,Beauty,4,4.9,0
ORD503213,CUST101564,560103,2025-02-01 02:18:00,472.54,16.9,Home,19,9.5,0
ORD502855,CUST100250,560091,2025-02-01 02:50:11,1657.36,21.5,Electronics,9,6.1,1
ORD503967,CUST100047,560055,2025-02-01 02:57:54,825.6,11.5,Fashion,0,6.8,1
ORD506874,CUST100505,560044,2025-02-01 07:01:16,431.77,31.9,Beauty,18,10.1,0
ORD503778,CUST101203,560117,2025-02-01 07:40:08,785.79,35.5,Fashion,8,19.5,1
ORD500279,CUST100797,560008,2025-02-01 07:54:35,665.23,10.9,Beauty,11,18.9,0
ORD503221,CUST100315,560029,2025-02-01 08:15:38,724.61,13.6,Home,15,15.3,0
ORD505148,CUST101865,560084,2025-02-01 08:54:07,505.69,18.8,Grocery,10,15.2,0
ORD504181,CUST100929,560043,2025-02-01 09:13:07,393.16,9.2,Fashion,20,7.3,0
ORD504082,CUST100073,560083,2025-02-01 09:17:25,647.53,18.7,Other,15,10.4,0
ORD502779,CUST100208,560068,2025-02-01 09:39:00,210.67,39.5,Home,6,17.8,0
ORD501509,CUST101382,560035,2025-02-01 09:42:13,1505.96,13.2,Electronics,5,4.8,0
ORD504259,CUST100231,560001,2025-02-01 09:55:32,620.56,61.5,Grocery,5,15.1,1
ORD507667,CUST101430,560045,2025-02-01 10:12:53,697.19,19.2,Fashion,12,6.7,0
ORD502923,CUST101114,560086,2025-02-01 12:10:58,813.27,26.2,Fashion,8,7.6,0
ORD501099,CUST101841,560057,2025-02-01 12:19:45,1199.08,15.7,Beauty,19,9.6,0
ORD502076,CUST100408,560102,2025-02-01 12:46:21,1196.58,9.9,Fashion,14,6.9,0
ORD501767,CUST100085,560085,2025-02-01 13:05:52,574.2,22.7,Electronics,12,20.0,0
ORD505073,CUST101224,560047,2025-02-01 13:39:33,554.48,28.8,Electronics,13,16.8,1
ORD501538,CUST101885,560026,2025-02-01 14:02:07,650.47,6.8,Beauty,18,7.1,1
ORD505785,CUST100120,560013,2025-02-01 14:04:17,344.16,4.3,Fashion,2,1.6,0
ORD502121,CUST101127,560072,2025-02-01 14:07:15,3110.6,14.9,Electronics,11,1.7,0
ORD506750,CUST101123,560115,2025-02-01 14:10:07,1434.26,20.9,Home,22,14.1,0
ORD505117,CUST101789,560048,2025-02-01 15:09:29,441.67,31.5,Fashion,13,21.2,0
ORD500008,CUST100988,560094,2025-02-01 16:08:28,952.02,10.9,Fashion,10,12.4,1
ORD506843,CUST101969,560080,2025-02-01 16:09:10,385.14,35.9,Home,19,12.4,0
ORD501427,CUST100160,560006,2025-02-01 16:09:45,805.54,13.6,Home,12,1.9,0
ORD506308,CUST100193,560011,2025-02-01 16:42:07,720.83,10.2,Beauty,23,12.0,0
ORD506310,CUST100759,560060,2025-02-01 17:52:30,520.64,45.0,Fashion,21,11.0,0
ORD503171,CUST100720,560053,2025-02-01 18:27:37,437.97,7.1,Other,5,15.5,0
ORD506952,CUST100007,560092,2025-02-01 19:08:37,459.58,2.7,Home,23,10.0,0
ORD505469,CUST100633,560110,2025-02-01 20:01:15,988.29,3.6,Electronics,16,18.5,0
ORD504558,CUST100225,560033,2025-02-01 21:57:37,643.83,14.4,Beauty,6,12.5,1
ORD503862,CUST101430,560054,2025-02-02 00:05:58,645.56,7.0,Fashion,17,16.6,0
ORD507032,CUST101804,560091,2025-02-02 00:45:10,1698.41,21.9,Home,7,1.1,0
ORD503614,CUST101139,560102,2025-02-02 00:53:20,1254.22,18.3,Other,19,13.9,0
ORD500329,CUST100872,560034,2025-02-02 01:15:25,1134.15,10.3,Electronics,23,6.2,0
ORD506044,CUST100001,560020,2025-02-02 01:40:26,192.64,20.6,Home,7,1.0,0
ORD505848,CUST101432,560025,2025-02-02 01:46:18,523.59,46.3,Other,2,8.4,0
ORD503816,CUST101203,560034,2025-02-02 02:19:56,511.92,12.0,Home,21,10.3,0
ORD502500,CUST100463,560055,2025-02-02 03:25:50,508.75,3.1,Home,17,3.3,0
ORD505687,CUST100257,560097,2025-02-02 03:26:55,433.88,19.6,Beauty,16,29.5,0
ORD503564,CUST101230,560086,2025-02-02 04:21:29,516.8,13.7,Beauty,15,15.0,1
ORD500078,CUST101469,560114,2025-02-02 04:41:57,1051.17,13.2,Grocery,3,14.6,0
ORD504963,CUST101875,560049,2025-02-02 05:31:56,1516.16,32.0,Electronics,8,3.3,0
ORD507118,CUST101437,560086,2025-02-02 06:04:35,798.21,10.3,Home,13,21.5,0
ORD506975,CUST101019,560033,2025-02-02 06:43:27,774.75,9.5,Fashion,2,12.8,0
ORD505449,CUST101586,560043,2025-02-02 07:09:25,522.83,41.9,Electronics,0,1.3,0
ORD505217,CUST101764,560073,2025-02-02 07:27:15,316.31,30.7,Grocery,14,2.3,0
ORD504437,CUST101774,560010,2025-02-02 08:40:20,596.55,30.2,Electronics,22,11.1,0
ORD504820,CUST100108,560084,2025-02-02 08:47:48,1249.6,14.8,Electronics,19,10.1,0
ORD500592,CUST101198,560004,2025-02-02 09:19:15,1074.87,12.4,Fashion,1,1.0,0
ORD501784,CUST101878,560111,2025-02-02 09:50:16,560.44,21.2,Electronics,15,16.8,0
ORD500324,CUST100455,560041,2025-02-02 09:51:01,2452.03,4.1,Other,13,13.9,0
ORD507986,CUST100194,560045,2025-02-02 10:55:36,1104.98,6.6,Fashion,11,19.6,0
ORD505780,CUST100969,560101,2025-02-02 11:03:04,851.81,8.2,Grocery,8,19.9,0
ORD505475,CUST100001,560017,2025-02-02 12:14:59,613.05,29.1,Beauty,6,8.7,0
ORD501939,CUST101270,560097,2025-02-02 12:26:39,281.71,25.4,Other,5,11.1,1
ORD504521,CUST100343,560099,2025-02-02 13:13:29,972.96,19.8,Home,21,15.1,0
ORD501968,CUST100464,560053,2025-02-02 13:39:47,466.89,20.0,Home,6,12.2,0
ORD503881,CUST100296,560071,2025-02-02 14:19:53,270.07,4.1,Home,0,3.8,0
ORD500451,CUST100696,560022,2025-02-02 14:45:44,1012.59,28.2,Electronics,4,33.2,0
ORD501364,CUST100835,560042,2025-02-02 14:47:29,1019.63,19.6,Beauty,16,20.0,0
ORD501441,CUST100754,560085,2025-02-02 15:15:15,364.51,2.2,Beauty,23,10.5,0
ORD507456,CUST100566,560005,2025-02-02 15:36:53,674.63,37.5,Other,23,1.4,1
ORD506802,CUST101892,560012,2025-02-02 16:16:11,272.67,59.0,Electronics,3,3.4,0
ORD507956,CUST100973,560093,2025-02-02 16:47:22,1360.6,19.2,Electronics,10,18.0,0
ORD500140,CUST100669,560092,2025-02-02 16:51:36,371.73,16.9,Fashion,23,9.2,1
ORD500884,CUST100988,560078,2025-02-02 16:53:35,672.13,33.1,Fashion,11,7.7,0
ORD500553,CUST100713,560022,2025-02-02 17:50:10,150.0,28.5,Electronics,7,15.5,0
ORD507133,CUST101800,560094,2025-02-02 18:38:28,302.5,40.4,Fashion,19,3.0,0
ORD507263,CUST101587,560106,2025-02-02 19:09:01,481.39,9.9,Beauty,9,18.0,0
ORD507876,CUST101106,560094,2025-02-02 19:49:48,780.21,16.5,Home,12,14.8,0
ORD503409,CUST101823,560053,2025-02-02 20:11:06,474.54,13.5,Beauty,4,8.0,0
ORD503743,CUST101323,560113,2025-02-02 20:16:16,562.91,13.0,Fashion,10,30.3,0
ORD506421,CUST101161,560044,2025-02-02 20:18:23,1105.0,36.8,Grocery,7,4.6,0
ORD506605,CUST101160,560047,2025-02-02 20:20:40,372.63,7.9,Electronics,6,14.8,0
ORD507864,CUST100337,560047,2025-02-02 21:19:58,973.47,29.1,Fashion,19,16.1,0
ORD504636,CUST101465,560031,2025-02-02 21:25:05,163.11,26.8,Beauty,7,10.2,0
ORD503875,CUST100557,560080,2025-02-02 21:48:46,782.36,15.6,Home,23,11.6,0
ORD500673,CUST100147,560018,2025-02-02 21:53:10,1776.9,36.1,Electronics,23,19.4,1
ORD500557,CUST101684,560074,2025-02-02 22:16:57,752.27,15.3,Fashion,11,7.1,0
ORD505040,CUST101157,560119,2025-02-02 22:23:50,979.33,12.4,Electronics,20,11.4,0
ORD501879,CUST100960,560070,2025-02-02 22:35:03,504.24,22.3,Grocery,17,6.7,0
ORD501354,CUST100557,560070,2025-02-02 22:45:52,689.78,42.2,Other,18,4.4,0
ORD503968,CUST100666,560001,2025-02-02 23:02:16,810.03,2.6,Other,13,20.4,0
ORD503308,CUST101987,560041,2025-02-02 23:20:27,260.86,37.0,Fashion,0,11.1,0
ORD502176,CUST100307,560018,2025-02-02 23:39:10,979.09,5.9,Fashion,6,8.8,0
ORD500591,CUST101929,560098,2025-02-02 23:53:36,1050.96,10.2,Grocery,19,4.8,1
ORD507006,CUST100906,560016,2025-02-03 00:22:19,406.19,27.2,Fashion,8,9.4,0
ORD503745,CUST100540,560074,2025-02-03 01:51:32,7729.15,14.6,Electronics,7,24.6,0
ORD501966,CUST100758,560089,2025-02-03 02:32:11,580.21,18.7,Grocery,2,7.1,0
ORD504068,CUST101035,560087,2025-02-03 02:56:25,899.53,14.2,Beauty,19,12.7,0
ORD505520,CUST101628,560090,2025-02-03 03:29:54,489.27,19.3,Fashion,5,29.6,1
ORD505563,CUST101391,560106,2025-02-03 03:36:37,1535.99,17.7,Grocery,23,25.2,0
ORD500081,CUST100701,560001,2025-02-03 06:30:10,1890.88,18.1,Fashion,11,13.3,1
ORD507971,CUST101586,560059,2025-02-03 06:52:48,388.99,14.8,Other,10,9.8,0
ORD501783,CUST101106,560093,2025-02-03 06:56:41,992.57,17.8,Grocery,9,12.3,0
ORD506887,CUST101405,560068,2025-02-03 08:39:00,1893.62,12.6,Grocery,7,27.5,0
ORD504651,CUST100248,560068,2025-02-03 09:22:32,3311.4,4.7,Electronics,19,11.0,0
ORD504513,CUST100309,560044,2025-02-03 09:36:35,385.87,3.0,Home,2,16.6,0
ORD502772,CUST100725,560108,2025-02-03 10:14:39,1649.48,7.2,Home,11,24.1,0
ORD507500,CUST100689,560069,2025-02-03 11:02:32,480.46,3.1,Electronics,22,16.1,0
ORD507359,CUST101071,560019,2025-02-03 13:41:40,886.39,5.8,Fashion,16,13.2,0
ORD505816,CUST101663,560076,2025-02-03 14:45:50,606.28,26.5,Other,16,15.6,0
ORD504322,CUST100557,560056,2025-02-03 16:04:01,313.88,23.6,Other,21,13.2,1
ORD501178,CUST101579,560018,2025-02-03 16:13:03,1297.85,17.1,Electronics,11,7.0,0
ORD506567,CUST101814,560007,2025-02-03 16:29:37,543.92,27.2,Other,13,11.7,0
ORD506214,CUST101972,560027,2025-02-03 17:38:11,908.21,16.2,Grocery,16,16.2,1
ORD500763,CUST101045,560035,2025-02-03 17:44:59,535.23,16.7,Beauty,6,30.6,1
ORD507258,CUST101246,560042,2025-02-03 17:53:31,1285.01,42.4,Fashion,20,19.9,0
ORD500614,CUST100064,560028,2025-02-03 18:09:59,807.37,9.5,Grocery,13,5.2,0
ORD503188,CUST100779,560078,2025-02-03 18:57:38,623.56,20.5,Fashion,3,18.4,0
ORD504620,CUST101301,560083,2025-02-03 19:27:01,216.34,9.3,Fashion,6,14.4,0
ORD507555,CUST100674,560028,2025-02-03 19:34:44,527.89,27.3,Grocery,21,16.1,0
ORD503878,CUST100708,560108,2025-02-03 19:56:54,1569.07,35.7,Home,0,18.4,0
ORD504752,CUST101404,560076,2025-02-03 21:07:16,892.51,39.4,Fashion,23,6.4,1
ORD502185,CUST100405,560077,2025-02-03 21:29:16,2170.63,5.0,Other,14,1.0,0
ORD501170,CUST100804,560010,2025-02-03 21:50:07,686.67,9.2,Home,5,1.8,0
ORD500940,CUST101013,560090,2025-02-03 22:35:16,612.04,25.6,Electronics,1,11.2,0
ORD501748,CUST100364,560001,2025-02-04 00:55:27,957.9,4.2,Grocery,6,1.7,0
ORD504208,CUST100024,560078,2025-02-04 01:01:47,2430.63,24.4,Grocery,23,10.0,0
ORD500985,CUST100589,560085,2025-02-04 01:38:54,700.07,5.7,Other,18,8.7,0
ORD501472,CUST101582,560079,2025-02-04 01:55:14,531.3,16.2,Fashion,8,6.6,0
ORD506785,CUST100877,560109,2025-02-04 03:07:44,669.89,17.6,Home,20,9.1,0
ORD502396,CUST100232,560021,2025-02-04 03:45:05,565.29,19.5,Grocery,16,17.5,0
ORD507749,CUST100432,560052,2025-02-04 04:18:57,569.01,14.8,Electronics,2,6.5,0
ORD500359,CUST101312,560081,2025-02-04 04:48:07,512.5,16.7,Electronics,5,2.8,0
ORD500864,CUST100520,560038,2025-02-04 04:49:45,511.12,19.7,Fashion,10,11.4,0
ORD504903,CUST100824,560090,2025-02-04 05:19:39,817.13,42.1,Grocery,21,19.9,0
ORD504295,CUST100423,560038,2025-02-04 05:26:19,565.07,4.7,Fashion,3,13.1,0
ORD507072,CUST101705,560103,2025-02-04 05:36:12,150.0,13.6,Beauty,16,8.8,0
ORD503431,CUST101543,560043,2025-02-04 05:45:11,2384.1,0.9,Other,22,24.3,0
ORD501093,CUST100414,560028,2025-02-04 05:45:39,401.88,6.3,Electronics,20,16.5,0
ORD505118,CUST101505,560105,2025-02-04 06:54:06,335.01,5.8,Fashion,13,19.2,0
ORD505204,CUST100503,560116,2025-02-04 07:57:22,1051.81,2.8,Other,2,16.1,0
ORD502531,CUST101551,560029,2025-02-04 09:19:48,150.0,3.0,Fashion,17,6.9,0
ORD505292,CUST101832,560057,2025-02-04 09:57:10,987.16,20.3,Fashion,1,14.3,0
ORD501340,CUST100256,560003,2025-02-04 10:05:23,1077.56,33.4,Electronics,4,15.8,0
ORD504663,CUST100759,560076,2025-02-04 10:40:34,2768.88,14.8,Grocery,14,15.5,0
ORD504098,CUST101174,560057,2025-02-04 10:42:53,1157.72,27.3,Home,22,31.6,0
ORD507633,CUST100447,560003,2025-02-04 10:52:01,789.0,38.2,Electronics,18,15.6,1
ORD504112,CUST101183,560017,2025-02-04 10:53:36,514.36,40.3,Fashion,15,24.9,1
ORD502430,CUST100929,560011,2025-02-04 11:06:33,706.09,5.2,Electronics,15,5.2,0
ORD500770,CUST101701,560046,2025-02-04 11:17:40,400.04,31.4,Fashion,23,11.6,1
ORD505666,CUST100975,560016,2025-02-04 11:31:33,1242.1,48.0,Fashion,10,5.0,0
ORD506672,CUST101462,560118,2025-02-04 11:45:12,347.6,34.6,Electronics,7,10.2,0
ORD506456,CUST100315,560118,2025-02-04 11:57:25,1356.73,22.1,Home,20,11.0,0
ORD500952,CUST100403,560066,2025-02-04 12:11:04,1470.01,24.1,Other,21,4.3,1
ORD505300,CUST101040,560105,2025-02-04 12:33:13,729.39,37.6,Beauty,6,10.2,0
ORD501095,CUST100888,560102,2025-02-04 12:39:21,410.68,15.3,Home,19,17.7,1
ORD500100,CUST100246,560004,2025-02-04 12:53:15,783.11,18.9,Fashion,4,3.2,0
ORD505278,CUST100002,560005,2025-02-04 13:35:29,652.9,15.7,Fashion,12,16.9,0
ORD500969,CUST100156,560041,2025-02-04 14:41:42,557.41,20.9,Beauty,18,7.6,0
ORD503104,CUST101429,560043,2025-02-04 16:16:24,735.3,15.9,Fashion,15,6.8,0
ORD503444,CUST101138,560008,2025-02-04 16:23:01,1610.27,5.6,Fashion,3,9.6,0
ORD502877,CUST100262,560080,2025-02-04 16:30:01,915.59,0.6,Electronics,2,13.1,0
ORD507528,CUST100745,560032,2025-02-04 16:39:21,501.63,14.3,Fashion,2,7.2,0
ORD502596,CUST100972,560039,2025-02-04 17:28:11,605.45,7.4,Home,21,6.5,0
ORD501484,CUST101405,560076,2025-02-04 17:57:20,707.44,3.5,Electronics,10,2.1,0
ORD502422,CUST100041,560068,2025-02-04 19:11:35,840.0,6.9,Grocery,5,5.1,0
ORD504909,CUST101553,560038,2025-02-04 19:15:21,943.58,9.5,Fashion,13,17.3,0
ORD507707,CUST100116,560059,2025-02-04 21:05:45,291.24,14.6,Fashion,7,20.6,0
ORD501355,CUST100771,560081,2025-02-04 21:07:32,534.13,41.0,Fashion,3,13.9,0
ORD504132,CUST101106,560007,2025-02-04 22:17:11,417.37,12.5,Fashion,6,19.5,0
ORD501957,CUST101604,560099,2025-02-04 22:31:19,547.23,17.3,Electronics,22,10.8,0
ORD502910,CUST100194,560001,2025-02-04 22:40:02,615.69,39.4,Electronics,5,18.2,1
ORD501821,CUST100515,560051,2025-02-04 22:57:43,345.03,18.1,Fashion,10,19.8,0
ORD507816,CUST101680,560118,2025-02-04 23:02:55,307.92,19.9,Electronics,1,1.1,0
ORD500363,CUST100192,560052,2025-02-04 23:42:05,379.15,33.5,Electronics,0,15.9,0
ORD506911,CUST101586,560008,2025-02-05 00:09:08,893.6,13.6,Fashion,6,9.8,1
ORD504676,CUST100480,560082,2025-02-05 00:55:05,596.33,20.7,Fashion,14,11.0,0
ORD505106,CUST101858,560022,2025-02-05 01:46:37,680.57,40.6,Fashion,6,17.9,0
ORD505778,CUST101161,560115,2025-02-05 02:23:05,538.92,14.5,Fashion,4,14.6,0
ORD504190,CUST100906,560092,2025-02-05 02:41:56,569.67,2.6,Fashion,17,1.0,1
ORD506739,CUST101211,560007,2025-02-05 05:19:10,636.48,24.1,Home,8,13.9,0
ORD505495,CUST100861,560075,2025-02-05 05:28:10,678.85,5.4,Fashion,15,25.5,1
ORD504482,CUST100371,560058,2025-02-05 05:36:20,570.09,23.4,Home,2,16.1,1
ORD501663,CUST101578,560103,2025-02-05 05:51:46,716.04,37.8,Electronics,0,6.7,0
ORD500983,CUST101095,560012,2025-02-05 05:52:07,411.46,4.5,Fashion,17,3.2,0
ORD507927,CUST100996,560047,2025-02-05 06:14:33,486.54,8.6,Electronics,21,2.8,0
ORD505249,CUST101151,560086,2025-02-05 09:57:30,651.06,30.2,Electronics,3,22.7,0
ORD504077,CUST100901,560067,2025-02-05 11:02:15,597.53,10.0,Beauty,10,6.3,0
ORD507300,CUST101724,560112,2025-02-05 11:07:41,954.31,13.6,Home,2,18.1,0
ORD500874,CUST100455,560037,2025-02-05 12:49:22,350.95,32.1,Electronics,15,22.3,0
ORD501736,CUST101183,560078,2025-02-05 14:03:09,323.03,31.8,Home,22,20.6,0
ORD501208,CUST100292,560027,2025-02-05 14:12:20,350.96,43.8,Electronics,8,10.3,0
ORD506518,CUST100986,560073,2025-02-05 14:25:00,359.05,12.9,Electronics,23,8.8,0
ORD503796,CUST101820,560016,2025-02-05 14:34:38,959.82,2.4,Fashion,9,2.6,0
ORD507777,CUST101505,560050,2025-02-05 16:48:21,340.79,28.5,Fashion,13,18.6,1
ORD507646,CUST101184,560055,2025-02-05 17:05:53,675.55,14.4,Home,5,17.4,0
ORD504305,CUST101019,560071,2025-02-05 17:08:11,540.92,8.9,Other,20,14.8,1
ORD500244,CUST100306,560032,2025-02-05 18:32:10,1411.01,3.7,Grocery,20,7.4,0
ORD504551,CUST100805,560031,2025-02-05 19:17:04,466.76,10.9,Fashion,21,9.3,0
ORD500584,CUST101020,560045,2025-02-05 19:21:50,282.44,31.4,Fashion,3,9.6,0
ORD501142,CUST101169,560039,2025-02-05 21:13:47,516.87,3.9,Fashion,5,19.9,0
ORD503696,CUST100075,560035,2025-02-05 21:19:42,244.53,7.2,Grocery,10,18.8,1
ORD506400,CUST101170,560077,2025-02-05 21:20:40,499.42,33.4,Electronics,6,22.8,1
ORD505286,CUST101929,560081,2025-02-05 22:08:27,487.03,23.3,Electronics,17,22.8,0
ORD503038,CUST100877,560056,2025-02-05 22:33:44,468.86,34.5,Beauty,17,1.0,1
ORD501080,CUST100088,560026,2025-02-05 23:30:41,1190.63,4.6,Beauty,17,19.4,0
ORD507498,CUST101267,560095,2025-02-05 23:31:29,310.23,15.8,Electronics,13,8.5,0
ORD506594,CUST100435,560099,2025-02-05 23:58:36,858.08,25.0,Home,12,19.4,0
ORD504038,CUST101516,560033,2025-02-06 00:33:05,1281.78,1.2,Grocery,4,18.9,0
ORD504224,CUST100106,560051,2025-02-06 00:35:47,1422.9,37.0,Other,21,23.3,0
ORD507534,CUST100296,560068,2025-02-06 01:38:05,1101.0,22.6,Fashion,6,9.9,0
ORD504352,CUST100624,560098,2025-02-06 02:02:41,1720.19,39.4,Grocery,0,16.5,0
ORD505004,CUST101499,560009,2025-02-06 02:08:43,677.15,33.9,Electronics,22,1.9,0
ORD501229,CUST100566,560085,2025-02-06 03:39:19,976.55,17.4,Fashion,9,9.0,0
ORD505142,CUST100054,560042,2025-02-06 03:46:51,1070.21,1.6,Fashion,8,5.5,0
ORD507470,CUST100120,560033,2025-02-06 05:15:29,893.33,42.2,Beauty,13,7.8,0
ORD502178,CUST101007,560039,2025-02-06 09:09:25,313.29,4.9,Grocery,10,13.8,0
ORD505675,CUST101893,560033,2025-02-06 09:15:59,328.78,26.2,Fashion,13,10.4,0
ORD500157,CUST101929,560086,2025-02-06 09:33:12,1081.5,4.9,Fashion,18,16.1,0
ORD507449,CUST101114,560062,2025-02-06 10:00:48,978.15,7.8,Fashion,12,16.0,0
ORD506938,CUST101683,560026,2025-02-06 10:23:54,756.23,2.2,Fashion,2,22.2,0
ORD500156,CUST101337,560104,2025-02-06 10:42:24,440.95,18.3,Fashion,2,1.7,0
ORD505472,CUST101463,560112,2025-02-06 11:07:04,415.36,10.4,Grocery,5,30.5,0
ORD502065,CUST100301,560020,2025-02-06 12:26:18,1178.03,2.9,Electronics,10,25.3,0
ORD500268,CUST101605,560084,2025-02-06 12:29:19,879.57,13.6,Home,13,11.6,1
ORD506840,CUST101209,560090,2025-02-06 12:48:22,931.55,13.7,Beauty,4,12.9,0
ORD501128,CUST100693,560052,2025-02-06 13:01:58,454.68,4.9,Fashion,1,1.6,0
ORD506346,CUST101768,560003,2025-02-06 13:29:11,1022.36,39.2,Fashion,10,7.0,0
ORD506927,CUST100444,560111,2025-02-06 14:24:30,765.0,18.9,Beauty,4,14.0,1
ORD503377,CUST100120,560095,2025-02-06 14:43:44,528.99,10.7,Beauty,6,2.3,0
ORD507831,CUST100973,560064,2025-02-06 19:22:39,183.28,46.3,Beauty,14,6.9,1
ORD502765,CUST100457,560102,2025-02-06 19:34:19,1099.0,15.0,Grocery,2,5.9,0
ORD506341,CUST100416,560077,2025-02-06 20:14:46,609.22,6.0,Beauty,12,16.5,1
ORD504897,CUST101838,560091,2025-02-06 21:29:10,408.46,2.0,Beauty,6,16.9,0
ORD506762,CUST100906,560059,2025-02-06 22:45:20,514.4,7.4,Fashion,10,15.2,0
ORD500164,CUST100795,560012,2025-02-06 23:24:35,649.37,5.5,Beauty,1,14.3,0
ORD502067,CUST100424,560008,2025-02-07 00:02:50,202.83,6.7,Electronics,19,4.2,0
ORD507163,CUST100989,560074,2025-02-07 00:14:27,294.59,7.8,Beauty,22,12.6,0
ORD505558,CUST100319,560048,2025-02-07 00:22:57,1014.25,42.4,Fashion,10,5.1,1
ORD502524,CUST100447,560108,2025-02-07 01:31:37,2164.3,18.2,Home,8,14.6,1
ORD504364,CUST101467,560063,2025-02-07 01:33:33,798.5,1.9,Fashion,17,9.6,0
ORD504148,CUST101123,560019,2025-02-07 01:35:22,363.16,37.3,Other,11,17.6,0
ORD503550,CUST100674,560106,2025-02-07 02:13:33,1352.47,33.8,Beauty,23,10.8,1
ORD507440,CUST101657,560036,2025-02-07 03:13:45,2366.47,32.1,Electronics,0,5.5,0
ORD504726,CUST101620,560119,2025-02-07 03:27:18,929.77,6.9,Grocery,1,5.1,0
ORD505668,CUST100577,560014,2025-02-07 03:59:03,435.5,21.3,Grocery,1,13.3,0
ORD506736,CUST100935,560113,2025-02-07 04:22:40,516.68,4.0,Fashion,15,18.4,1
ORD503091,CUST100008,560006,2025-02-07 04:43:27,745.03,11.2,Beauty,9,25.1,1
ORD501720,CUST101581,560099,2025-02-07 07:18:45,1276.36,8.5,Electronics,2,10.4,0
ORD507494,CUST101552,560093,2025-02-07 07:26:55,870.33,24.3,Electronics,19,16.8,0
ORD503410,CUST101263,560002,2025-02-07 07:40:07,356.36,21.3,Fashion,19,27.0,0
ORD500166,CUST100486,560040,2025-02-07 08:15:16,2148.93,13.1,Beauty,6,3.4,0
ORD507930,CUST101183,560016,2025-02-07 08:22:31,354.49,47.4,Fashion,22,6.4,1
ORD500085,CUST100872,560069,2025-02-07 08:34:38,189.33,26.0,Electronics,15,5.6,0
ORD506805,CUST100687,560064,2025-02-07 08:47:22,1091.3,36.4,Beauty,17,35.7,0
ORD502307,CUST101548,560090,2025-02-07 09:02:16,630.83,38.4,Fashion,14,18.4,0
ORD503464,CUST101735,560065,2025-02-07 10:22:30,922.13,16.9,Fashion,16,31.3,0
ORD503704,CUST100256,560013,2025-02-07 10:35:44,685.22,2.0,Fashion,3,10.5,0
ORD500240,CUST101062,560097,2025-02-07 11:10:06,378.05,26.9,Electronics,13,14.7,1
ORD502701,CUST100235,560048,2025-02-07 11:42:31,1294.7,34.4,Fashion,8,27.0,1
ORD502611,CUST101431,560012,2025-02-07 11:50:50,716.4,29.6,Other,5,18.8,0
ORD504376,CUST100057,560078,2025-02-07 11:51:05,779.85,5.3,Home,13,6.9,0
ORD503817,CUST101317,560097,2025-02-07 12:34:39,300.58,8.1,Beauty,0,14.7,0
ORD505611,CUST100727,560009,2025-02-07 13:16:34,1489.38,7.5,Beauty,3,14.1,1
ORD507862,CUST101840,560097,2025-02-07 13:59:14,750.99,4.2,Other,2,13.3,0
ORD504445,CUST101183,560062,2025-02-07 14:13:36,419.64,41.2,Home,6,3.6,1
ORD505812,CUST100453,560055,2025-02-07 15:08:50,343.55,52.3,Other,23,11.5,0
ORD500876,CUST101701,560009,2025-02-07 15:29:42,1486.42,33.4,Home,17,15.5,0
ORD500184,CUST101424,560098,2025-02-07 15:32:37,962.9,8.5,Beauty,21,10.9,0
ORD507785,CUST100262,560062,2025-02-07 15:46:22,878.11,8.2,Fashion,10,16.2,1
ORD501094,CUST101154,560093,2025-02-07 15:57:22,168.74,31.9,Fashion,12,14.3,0
ORD502529,CUST100876,560004,2025-02-07 16:21:32,474.87,34.9,Home,6,6.7,0
ORD504223,CUST100270,560034,2025-02-07 16:48:54,1146.79,42.8,Fashion,17,17.2,0
ORD500499,CUST101499,560041,2025-02-07 18:38:46,308.1,20.3,Fashion,7,8.9,0
ORD502546,CUST101955,560062,2025-02-07 20:22:10,480.6,10.8,Fashion,3,24.5,1
ORD507693,CUST101154,560002,2025-02-07 20:46:13,719.48,43.4,Electronics,10,8.0,0
ORD503121,CUST101706,560119,2025-02-07 22:21:58,573.29,10.1,Fashion,18,12.7,0
ORD503132,CUST100708,560053,2025-02-07 22:41:27,446.71,15.2,Fashion,10,3.2,1
ORD504168,CUST101267,560028,2025-02-07 23:21:22,173.69,13.2,Beauty,23,13.8,0
ORD503977,CUST100079,560049,2025-02-08 00:26:28,615.92,23.7,Electronics,2,15.5,0
ORD506971,CUST101430,560004,2025-02-08 01:10:08,585.86,13.6,Electronics,5,4.3,1
ORD504078,CUST101503,560071,2025-02-08 01:36:59,714.97,22.3,Home,10,20.4,0
ORD505044,CUST100988,560023,2025-02-08 01:54:59,360.78,10.9,Beauty,13,3.6,0
ORD506523,CUST100619,560050,2025-02-08 02:08:00,1811.09,12.7,Fashion,20,21.2,1
ORD504659,CUST100524,560019,2025-02-08 02:49:53,276.21,5.8,Fashion,7,19.5,0
ORD504350,CUST100370,560109,2025-02-08 03:03:07,902.05,26.5,Beauty,7,12.6,0
ORD507103,CUST100807,560104,2025-02-08 04:36:24,467.92,6.5,Electronics,20,1.0,0
ORD506155,CUST100407,560104,2025-02-08 05:19:42,890.62,41.4,Home,3,2.9,1
ORD502712,CUST100834,560000,2025-02-08 05:22:13,300.96,33.3,Grocery,2,27.0,0
ORD501075,CUST101997,560001,2025-02-08 05:23:44,203.59,16.6,Home,1,12.3,0
ORD507392,CUST101123,560063,2025-02-08 05:44:30,679.21,13.1,Home,9,1.1,0
ORD502282,CUST101767,560065,2025-02-08 06:28:07,419.52,15.0,Other,9,3.6,0
ORD507219,CUST101878,560110,2025-02-08 06:59:53,361.82,13.8,Fashion,20,1.6,1
ORD506692,CUST100368,560023,2025-02-08 07:18:20,510.3,20.8,Beauty,1,12.4,0
ORD501881,CUST101974,560074,2025-02-08 07:46:59,378.48,11.6,Fashion,12,24.3,0
ORD506979,CUST101123,560086,2025-02-08 07:56:46,261.39,34.7,Grocery,8,7.0,0
ORD503275,CUST101909,560035,2025-02-08 07:59:31,710.74,0.6,Other,17,4.4,0
ORD502551,CUST101998,560060,2025-02-08 08:22:59,1239.62,6.9,Electronics,18,11.9,0
ORD504582,CUST101432,560083,2025-02-08 08:34:52,796.92,5.9,Electronics,0,29.4,0
ORD505988,CUST101826,560114,2025-02-08 08:51:47,1686.81,14.6,Other,3,2.9,0
ORD506216,CUST101239,560090,2025-02-08 09:22:43,400.58,17.1,Fashion,8,13.8,0
ORD506312,CUST101016,560079,2025-02-08 10:07:46,810.06,16.1,Beauty,6,18.9,0
ORD502027,CUST100262,560088,2025-02-08 10:24:06,1006.98,42.5,Grocery,14,3.2,0
ORD503540,CUST101246,560044,2025-02-08 10:36:40,340.76,37.3,Fashion,9,15.8,0
ORD506825,CUST101209,560100,2025-02-08 11:47:11,1488.92,24.7,Fashion,3,11.6,0
ORD501430,CUST100541,560100,2025-02-08 12:00:02,648.13,40.4,Home,12,8.0,0
ORD505452,CUST100541,560045,2025-02-08 13:13:00,720.36,31.7,Fashion,20,26.1,0
ORD507509,CUST101118,560092,2025-02-08 14:30:05,1024.39,43.4,Beauty,7,31.0,1
ORD503558,CUST100274,560069,2025-02-08 14:40:50,1131.62,23.4,Beauty,6,13.2,0
ORD504240,CUST101772,560086,2025-02-08 16:32:19,1080.93,27.4,Electronics,15,1.8,0
ORD505852,CUST101762,560075,2025-02-08 17:24:17,603.87,15.8,Other,21,19.1,0
ORD502618,CUST100416,560107,2025-02-08 18:13:30,443.8,26.0,Other,10,4.8,0
ORD503519,CUST100906,560088,2025-02-08 18:20:24,373.59,12.2,Fashion,17,12.0,0
ORD505553,CUST100551,560067,2025-02-08 21:16:16,655.27,8.7,Fashion,22,16.1,1
ORD506451,CUST100274,560002,2025-02-08 21:20:52,729.76,18.6,Fashion,16,10.1,0
ORD503191,CUST101164,560030,2025-02-08 21:22:47,2152.01,24.5,Electronics,23,18.5,0
ORD504177,CUST100444,560094,2025-02-08 21:52:24,782.81,24.5,Fashion,0,6.6,0
ORD503072,CUST100183,560038,2025-02-08 22:28:53,484.11,9.5,Fashion,13,16.9,0
ORD507021,CUST100054,560112,2025-02-08 23:08:39,491.47,1.6,Fashion,15,5.5,0
ORD503454,CUST101430,560086,2025-02-08 23:26:36,451.29,15.9,Fashion,23,2.8,0
ORD505152,CUST100684,560040,2025-02-08 23:32:27,328.45,25.7,Home,17,4.8,0
ORD505674,CUST101290,560112,2025-02-08 23:43:51,1009.52,9.8,Fashion,0,9.0,1
ORD507714,CUST101246,560079,2025-02-09 00:38:13,376.62,12.7,Fashion,5,5.2,0
ORD502926,CUST101552,560020,2025-02-09 00:59:03,503.31,19.8,Electronics,5,9.0,0
ORD504921,CUST101535,560073,2025-02-09 01:47:46,827.73,1.1,Fashion,14,9.9,1
ORD500766,CUST101762,560076,2025-02-09 03:03:17,348.71,3.4,Fashion,20,18.8,0
ORD501004,CUST101987,560107,2025-02-09 03:38:30,1291.81,14.5,Fashion,3,19.8,1
ORD507172,CUST101494,560043,2025-02-09 03:43:25,975.82,14.2,Home,12,5.5,0
ORD507272,CUST101511,560100,2025-02-09 03:51:26,1799.33,5.7,Beauty,10,3.8,0
ORD501697,CUST101007,560016,2025-02-09 03:57:37,701.56,12.2,Other,23,11.3,0
ORD507405,CUST100165,560005,2025-02-09 04:29:03,240.9,8.9,Grocery,11,7.8,0
ORD502445,CUST100370,560083,2025-02-09 05:25:43,739.05,9.7,Fashion,9,7.0,0
ORD502081,CUST101061,560011,2025-02-09 05:32:44,2485.78,34.6,Fashion,0,32.7,0
ORD500154,CUST101728,560066,2025-02-09 05:45:50,509.98,5.3,Fashion,7,4.5,0
ORD507945,CUST101017,560074,2025-02-09 06:09:23,614.49,4.1,Beauty,19,1.0,0
ORD506655,CUST100048,560057,2025-02-09 06:44:21,1417.81,1.1,Grocery,10,23.5,0
ORD503093,CUST100070,560076,2025-02-09 07:12:46,435.41,27.3,Electronics,11,3.4,0
ORD502762,CUST101640,560043,2025-02-09 08:49:21,1178.49,7.5,Fashion,18,1.1,0
ORD500297,CUST101813,560069,2025-02-09 09:01:00,555.38,9.9,Other,8,2.9,0
ORD500617,CUST100315,560069,2025-02-09 10:12:07,775.23,2.8,Grocery,11,4.1,0
ORD504711,CUST100524,560087,2025-02-09 10:22:42,1461.44,2.0,Fashion,6,20.4,0
ORD502327,CUST100001,560047,2025-02-09 10:51:17,1230.38,28.1,Fashion,15,9.9,0
ORD504121,CUST100954,560060,2025-02-09 10:51:24,1961.06,21.9,Grocery,20,14.1,0
ORD503086,CUST100194,560008,2025-02-09 11:25:52,416.68,29.0,Electronics,6,9.9,1
ORD501434,CUST100557,560053,2025-02-09 11:54:19,1211.61,12.6,Home,20,5.7,0
ORD506276,CUST101645,560082,2025-02-09 13:09:55,878.82,6.4,Fashion,3,5.3,0
ORD503836,CUST100969,560117,2025-02-09 13:21:11,665.23,22.9,Fashion,22,4.1,0
ORD506021,CUST101688,560075,2025-02-09 13:28:07,538.95,14.7,Beauty,13,8.2,0
ORD500439,CUST101390,560001,2025-02-09 14:12:44,447.89,2.0,Fashion,11,7.6,0
ORD506888,CUST100830,560110,2025-02-09 14:13:24,833.14,13.2,Electronics,9,2.2,1
ORD503016,CUST100556,560010,2025-02-09 14:36:48,291.61,20.3,Electronics,4,17.7,0
ORD503996,CUST101317,560030,2025-02-09 16:10:08,847.05,13.6,Fashion,14,22.2,0
ORD506563,CUST100772,560055,2025-02-09 16:35:35,700.62,15.2,Other,1,4.3,0
ORD505009,CUST101374,560023,2025-02-09 17:37:32,267.78,21.4,Home,23,12.8,0
ORD506775,CUST100684,560022,2025-02-09 17:43:25,299.42,30.9,Electronics,3,13.6,1
ORD503843,CUST100635,560081,2025-02-09 18:31:28,160.17,27.3,Electronics,2,13.9,0
ORD507559,CUST100674,560056,2025-02-09 19:37:19,523.93,14.7,Beauty,11,1.0,0
ORD507728,CUST100532,560094,2025-02-09 19:56:01,1160.28,27.9,Fashion,3,10.3,0
ORD506876,CUST100687,560052,2025-02-09 19:56:03,3175.44,6.6,Beauty,19,1.5,0
ORD503761,CUST101811,560105,2025-02-09 20:48:50,434.59,10.2,Home,1,14.7,1
ORD500653,CUST100906,560045,2025-02-09 21:04:14,1089.77,13.9,Beauty,19,19.0,0
ORD500246,CUST101408,560029,2025-02-09 21:16:01,1675.93,53.1,Beauty,19,10.4,1
ORD506535,CUST101267,560074,2025-02-09 22:14:10,733.87,3.7,Home,11,11.9,0
ORD502092,CUST100741,560049,2025-02-09 22:18:49,646.44,25.5,Other,1,5.1,0
ORD506022,CUST101776,560035,2025-02-09 22:45:31,569.0,11.9,Grocery,13,14.0,1
ORD506699,CUST100872,560013,2025-02-09 23:40:27,773.42,34.3,Fashion,4,1.4,1
ORD506768,CUST101264,560005,2025-02-09 23:43:59,702.76,18.4,Other,12,8.3,1
ORD507636,CUST100037,560056,2025-02-10 00:17:51,635.62,12.9,Grocery,22,16.0,0
ORD503661,CUST101414,560078,2025-02-10 01:22:59,345.78,12.7,Home,16,10.4,1
ORD505598,CUST100228,560020,2025-02-10 01:30:31,846.95,3.5,Beauty,1,9.6,1
ORD504039,CUST100495,560066,2025-02-10 02:04:32,834.54,5.4,Grocery,18,27.5,0
ORD507435,CUST101823,560103,2025-02-10 03:30:40,789.19,36.7,Fashion,14,23.4,0
ORD505410,CUST100495,560004,2025-02-10 03:54:17,1321.32,9.2,Beauty,0,6.3,0
ORD502861,CUST101216,560067,2025-02-10 05:32:44,597.07,25.5,Electronics,12,30.5,0
ORD500409,CUST100088,560037,2025-02-10 05:41:18,730.28,34.5,Other,13,20.3,0
ORD502374,CUST100096,560026,2025-02-10 05:49:19,520.86,35.8,Fashion,0,12.9,0
ORD502112,CUST101408,560011,2025-02-10 07:17:27,382.78,17.8,Fashion,4,31.4,1
ORD506448,CUST100645,560072,2025-02-10 07:27:32,299.13,2.6,Grocery,17,29.9,0
ORD506218,CUST100326,560076,2025-02-10 07:39:10,722.8,9.3,Electronics,21,22.0,0
ORD506292,CUST101473,560117,2025-02-10 08:09:46,919.43,58.6,Fashion,18,1.0,0
ORD507964,CUST101892,560038,2025-02-10 08:17:36,461.27,35.2,Home,9,11.1,0
ORD506339,CUST101573,560057,2025-02-10 08:51:37,833.87,30.9,Electronics,7,6.7,0
ORD501514,CUST101505,560079,2025-02-10 08:55:03,547.47,12.0,Beauty,16,13.1,0
ORD501928,CUST100131,560079,2025-02-10 10:12:19,1369.32,21.0,Fashion,21,1.5,1
ORD501479,CUST100681,560060,2025-02-10 10:37:33,272.97,19.4,Beauty,12,10.4,0
ORD507430,CUST101608,560018,2025-02-10 11:38:09,520.6,12.3,Home,2,14.9,0
ORD501975,CUST101022,560068,2025-02-10 11:42:47,405.72,17.3,Grocery,17,10.6,0
ORD506820,CUST100001,560043,2025-02-10 12:47:02,765.38,34.0,Beauty,15,1.0,0
ORD507128,CUST100557,560061,2025-02-10 13:21:53,893.41,30.8,Electronics,6,14.6,0
ORD502460,CUST100009,560112,2025-02-10 13:50:39,150.0,11.8,Fashion,3,15.5,1
ORD502268,CUST101161,560021,2025-02-10 13:58:02,1810.65,21.9,Other,8,22.1,0
ORD506070,CUST101278,560106,2025-02-10 14:54:28,453.93,10.6,Fashion,7,15.3,0
ORD503446,CUST101836,560056,2025-02-10 16:10:02,614.89,32.5,Beauty,16,2.6,0
ORD507221,CUST101200,560104,2025-02-10 16:28:42,814.13,23.9,Fashion,10,11.6,0
ORD506539,CUST100731,560112,2025-02-10 16:45:00,313.35,5.3,Home,11,1.0,1
ORD503334,CUST100988,560001,2025-02-10 17:15:18,305.53,5.6,Beauty,5,13.0,0
ORD501475,CUST101714,560103,2025-02-10 17:37:09,1111.64,21.2,Beauty,7,12.3,0
ORD500577,CUST100444,560011,2025-02-10 17:54:45,269.8,37.0,Fashion,7,6.0,1
ORD506816,CUST100228,560025,2025-02-10 18:19:06,230.92,25.9,Beauty,4,12.3,1
ORD503000,CUST101892,560074,2025-02-10 18:49:31,214.26,20.4,Home,18,17.5,0
ORD507608,CUST101270,560055,2025-02-10 19:01:41,698.06,6.8,Grocery,1,13.1,0
ORD504632,CUST101740,560047,2025-02-10 20:01:54,283.27,44.8,Electronics,18,22.3,0
ORD504817,CUST101141,560009,2025-02-10 20:13:14,474.7,1.8,Beauty,14,21.4,1
ORD502659,CUST100767,560081,2025-02-10 20:49:53,804.37,31.3,Electronics,21,10.9,0
ORD506799,CUST100377,560015,2025-02-10 21:35:59,626.18,18.3,Fashion,20,10.6,0
ORD505120,CUST101390,560060,2025-02-10 21:42:47,1199.5,30.9,Other,20,17.5,0
ORD506985,CUST100577,560090,2025-02-10 22:40:42,697.28,38.9,Fashion,3,9.1,0
ORD505562,CUST100380,560014,2025-02-10 22:41:26,614.43,16.9,Electronics,1,9.9,0
ORD501570,CUST101269,560052,2025-02-10 22:42:19,1088.05,5.1,Beauty,8,24.8,0
ORD501791,CUST100324,560019,2025-02-10 23:30:39,1602.42,11.0,Beauty,17,2.4,0
ORD501625,CUST101216,560088,2025-02-11 00:04:22,548.77,10.9,Other,3,17.1,0
ORD501950,CUST100297,560031,2025-02-11 00:04:48,323.91,5.6,Electronics,16,2.2,0
ORD502089,CUST100321,560035,2025-02-11 02:03:05,933.91,10.3,Fashion,5,5.4,0
ORD502595,CUST100620,560055,2025-02-11 03:45:13,837.36,28.2,Fashion,18,1.7,0
ORD505742,CUST101608,560109,2025-02-11 03:52:18,194.04,36.3,Electronics,12,3.6,0
ORD507737,CUST100474,560024,2025-02-11 03:58:44,704.3,22.5,Other,15,30.4,0
ORD504763,CUST101916,560092,2025-02-11 04:04:52,638.46,15.9,Home,22,10.4,1
ORD501883,CUST101543,560034,2025-02-11 04:08:30,1361.87,46.2,Grocery,11,2.4,0
ORD506288,CUST101819,560001,2025-02-11 05:17:17,606.63,8.9,Fashion,21,16.0,0
ORD503041,CUST101177,560023,2025-02-11 06:07:23,2202.27,15.7,Home,0,8.7,0
ORD501715,CUST101402,560102,2025-02-11 06:22:21,279.63,11.6,Electronics,5,20.4,0
ORD506134,CUST100924,560080,2025-02-11 06:47:59,1490.16,19.8,Fashion,18,2.8,0
ORD500133,CUST100301,560050,2025-02-11 07:12:46,723.63,14.7,Electronics,13,13.3,0
ORD505407,CUST100431,560075,2025-02-11 07:35:28,608.22,13.6,Fashion,17,23.7,0
ORD501464,CUST101236,560052,2025-02-11 07:36:19,1426.93,45.6,Electronics,5,10.1,1
ORD500683,CUST100215,560044,2025-02-11 07:38:13,277.12,1.7,Home,6,24.8,0
ORD505211,CUST101514,560064,2025-02-11 07:56:24,703.05,13.8,Grocery,16,14.1,0
ORD504601,CUST101139,560023,2025-02-11 08:21:21,712.33,18.1,Fashion,4,13.7,0
ORD501765,CUST101762,560076,2025-02-11 09:09:52,377.51,5.1,Beauty,1,6.4,0
ORD504718,CUST101543,560032,2025-02-11 09:22:04,543.52,17.6,Fashion,2,8.2,1
ORD501616,CUST100424,560054,2025-02-11 09:45:09,588.01,24.4,Electronics,2,15.5,0
ORD501260,CUST101620,560099,2025-02-11 10:24:01,546.75,28.5,Electronics,5,17.9,0
ORD506469,CUST100162,560040,2025-02-11 10:40:15,1148.33,13.6,Fashion,13,9.1,0
ORD503085,CUST101669,560007,2025-02-11 11:43:10,495.46,15.8,Fashion,21,1.0,1
ORD502271,CUST100785,560028,2025-02-11 11:48:56,1071.55,14.6,Other,17,13.7,0
ORD506743,CUST100139,560094,2025-02-11 12:37:14,724.05,10.0,Electronics,7,15.8,1
ORD505225,CUST101959,560010,2025-02-11 12:38:46,741.84,3.7,Beauty,10,26.2,0
ORD506936,CUST101405,560065,2025-02-11 13:44:05,691.97,6.2,Home,8,14.3,0
ORD504986,CUST101892,560105,2025-02-11 15:27:54,993.57,19.3,Fashion,1,6.8,0
ORD503954,CUST101434,560055,2025-02-11 16:15:44,2400.23,10.3,Home,12,7.3,0
ORD504561,CUST101970,560038,2025-02-11 16:17:57,587.12,8.8,Electronics,5,18.3,0
ORD504696,CUST100432,560112,2025-02-11 16:30:57,2132.29,25.9,Home,16,13.5,0
ORD502417,CUST101614,560080,2025-02-11 16:43:38,555.56,30.0,Home,14,13.1,1
ORD501546,CUST101236,560103,2025-02-11 16:57:01,542.74,23.2,Home,11,21.6,1
ORD502783,CUST101657,560012,2025-02-11 17:01:45,718.25,5.8,Fashion,10,9.8,0
ORD501937,CUST100367,560085,2025-02-11 17:09:40,306.65,12.3,Fashion,16,4.6,0
ORD501497,CUST101794,560081,2025-02-11 17:55:48,447.21,3.5,Electronics,9,1.6,0
ORD502777,CUST101684,560028,2025-02-11 18:16:37,777.36,19.4,Grocery,23,4.0,0
ORD505046,CUST100975,560058,2025-02-11 18:54:03,612.0,27.4,Electronics,22,19.3,1
ORD505089,CUST101743,560115,2025-02-11 20:06:22,780.28,2.2,Fashion,4,16.7,0
ORD501149,CUST100222,560093,2025-02-11 20:13:05,337.1,23.1,Electronics,2,22.4,0
ORD503982,CUST101743,560016,2025-02-11 20:16:18,779.05,12.3,Beauty,16,18.2,0
ORD501987,CUST100251,560026,2025-02-11 20:37:02,694.51,7.8,Electronics,7,11.0,0
ORD501138,CUST101579,560068,2025-02-11 22:20:11,936.47,15.0,Fashion,3,12.2,0
ORD505583,CUST101268,560070,2025-02-11 22:23:32,665.21,24.9,Fashion,17,13.1,1
ORD506493,CUST101754,560009,2025-02-11 23:17:06,454.81,21.2,Grocery,9,15.7,1
ORD501882,CUST101430,560018,2025-02-12 01:25:32,2717.04,31.7,Electronics,2,7.2,0
ORD502174,CUST100557,560020,2025-02-12 01:37:34,1601.48,6.0,Grocery,13,4.3,0
ORD504382,CUST100538,560078,2025-02-12 01:46:29,705.16,27.2,Electronics,21,3.7,0
ORD507314,CUST101982,560090,2025-02-12 02:06:37,732.89,16.3,Fashion,9,11.9,1
ORD500023,CUST101349,560042,2025-02-12 03:14:12,494.99,9.5,Fashion,9,13.6,0
ORD502620,CUST100839,560086,2025-02-12 04:26:31,1221.67,6.7,Grocery,23,29.0,0
ORD502416,CUST101809,560067,2025-02-12 04:26:38,341.48,8.7,Beauty,5,6.1,0
ORD502732,CUST101267,560034,2025-02-12 06:39:50,525.78,12.5,Home,21,13.1,0
ORD506173,CUST100737,560017,2025-02-12 06:52:36,1135.42,6.0,Electronics,1,1.2,0
ORD501646,CUST101125,560084,2025-02-12 07:24:58,484.26,8.7,Grocery,19,8.5,0
ORD506639,CUST101579,560097,2025-02-12 07:43:32,868.64,18.1,Home,4,9.8,0
ORD506524,CUST100236,560035,2025-02-12 08:19:51,1388.15,40.3,Fashion,0,15.2,1
ORD504191,CUST100834,560059,2025-02-12 09:56:03,315.62,1.4,Fashion,14,9.8,1
ORD505296,CUST100515,560024,2025-02-12 10:30:16,617.05,23.0,Beauty,5,9.5,0
ORD502737,CUST101173,560057,2025-02-12 10:36:37,1421.75,23.3,Electronics,16,5.5,0
ORD504896,CUST101495,560052,2025-02-12 10:43:04,150.0,23.4,Home,4,12.6,0
ORD504010,CUST101916,560117,2025-02-12 11:06:14,182.17,23.4,Grocery,23,17.9,0
ORD502669,CUST101193,560041,2025-02-12 11:13:41,663.16,14.2,Beauty,17,3.7,0
ORD502146,CUST101833,560082,2025-02-12 11:54:16,923.47,4.3,Fashion,0,9.4,0
ORD505461,CUST100566,560104,2025-02-12 11:56:44,657.86,21.3,Electronics,14,12.1,0
ORD501053,CUST101228,560011,2025-02-12 14:53:08,1077.32,7.8,Grocery,6,5.1,0
ORD501536,CUST101461,560099,2025-02-12 15:04:35,849.54,7.4,Fashion,4,2.9,0
ORD505283,CUST101466,560108,2025-02-12 15:24:59,812.99,21.2,Home,20,4.7,0
ORD500652,CUST100671,560027,2025-02-12 16:20:28,150.0,18.7,Grocery,8,12.0,0
ORD504013,CUST100541,560017,2025-02-12 17:16:23,487.02,11.2,Electronics,18,5.5,0
ORD503168,CUST100828,560071,2025-02-12 17:28:33,766.32,20.9,Home,1,12.1,0
ORD500852,CUST100855,560095,2025-02-12 17:38:10,1285.38,6.3,Electronics,6,2.0,0
ORD501738,CUST101268,560058,2025-02-12 17:45:29,1865.14,7.2,Electronics,3,8.6,0
ORD504000,CUST100687,560042,2025-02-12 17:59:12,738.51,17.3,Fashion,17,8.0,0
ORD504139,CUST100975,560115,2025-02-12 18:03:49,1511.34,16.0,Grocery,19,1.0,0
ORD506688,CUST100964,560033,2025-02-12 18:56:35,414.02,12.4,Electronics,4,3.0,0
ORD500292,CUST100746,560091,2025-02-12 19:34:50,497.8,40.7,Home,15,3.3,0
ORD504701,CUST101207,560118,2025-02-12 20:14:38,697.62,0.6,Fashion,15,20.8,1
ORD504102,CUST100125,560071,2025-02-13 00:08:51,397.42,23.9,Grocery,20,6.2,0
ORD506955,CUST101118,560079,2025-02-13 00:17:56,683.04,19.0,Fashion,23,13.9,1
ORD502873,CUST100973,560065,2025-02-13 00:18:54,1539.61,16.7,Home,19,14.2,0
ORD501560,CUST100401,560081,2025-02-13 00:45:03,754.06,2.7,Grocery,22,18.3,0
ORD506608,CUST101270,560031,2025-02-13 01:47:37,2481.7,30.6,Home,2,10.4,0
ORD504971,CUST100001,560115,2025-02-13 02:56:13,1677.26,16.0,Home,11,21.1,0
ORD500121,CUST100983,560112,2025-02-13 03:01:15,642.06,17.7,Grocery,5,19.2,0
ORD507358,CUST100453,560114,2025-02-13 03:16:37,742.48,6.4,Home,16,25.0,0
ORD501361,CUST101200,560040,2025-02-13 03:18:18,723.22,24.7,Beauty,22,7.7,1
ORD507122,CUST101747,560052,2025-02-13 04:30:22,838.55,37.3,Electronics,17,1.0,0
ORD502651,CUST101991,560002,2025-02-13 05:22:12,550.01,20.7,Fashion,0,4.2,0
ORD502866,CUST100398,560105,2025-02-13 06:34:06,632.91,4.2,Fashion,11,20.8,0
ORD503304,CUST101431,560069,2025-02-13 07:06:47,1353.34,28.7,Electronics,22,4.8,1
ORD500492,CUST100120,560031,2025-02-13 07:16:36,2139.86,5.0,Electronics,2,4.5,0
ORD505271,CUST101416,560021,2025-02-13 07:30:01,788.73,18.9,Fashion,1,15.8,0
ORD504731,CUST100364,560020,2025-02-13 07:47:09,369.57,23.3,Home,8,17.9,0
ORD504796,CUST101542,560083,2025-02-13 08:21:22,510.09,23.8,Home,1,12.7,1
ORD500264,CUST101747,560099,2025-02-13 08:23:16,960.64,9.5,Fashion,2,12.4,0
ORD504138,CUST101841,560013,2025-02-13 09:21:14,358.38,19.7,Beauty,7,1.6,0
ORD502552,CUST101520,560026,2025-02-13 09:26:09,533.23,3.8,Home,15,1.2,0
ORD501180,CUST101974,560025,2025-02-13 11:50:12,251.0,1.8,Electronics,15,3.0,0
ORD501036,CUST100448,560060,2025-02-13 12:31:50,1308.69,36.8,Home,2,17.9,1
ORD500919,CUST101268,560073,2025-02-13 13:13:36,1285.43,10.0,Other,7,13.6,0
ORD503295,CUST100962,560112,2025-02-13 14:05:52,647.4,9.4,Other,19,9.0,0
ORD501734,CUST100426,560084,2025-02-13 14:17:03,515.32,6.9,Electronics,13,16.2,0
ORD505159,CUST100367,560058,2025-02-13 16:31:10,394.17,10.4,Home,23,10.2,0
ORD505494,CUST100370,560002,2025-02-13 17:15:13,544.61,9.4,Home,10,4.8,0
ORD505581,CUST100669,560091,2025-02-13 17:30:24,757.16,30.7,Home,17,21.2,0
ORD505431,CUST101869,560059,2025-02-13 17:53:46,1078.01,6.1,Fashion,9,2.1,0
ORD507252,CUST100001,560060,2025-02-13 18:03:28,710.75,27.5,Home,18,12.5,0
ORD501433,CUST101662,560068,2025-02-13 18:56:56,403.39,9.6,Fashion,17,19.2,0
ORD505460,CUST100374,560110,2025-02-13 19:22:12,520.24,2.5,Fashion,0,15.8,0
ORD500477,CUST100185,560017,2025-02-13 19:53:00,897.9,41.9,Grocery,18,14.2,0
ORD505336,CUST101300,560101,2025-02-13 19:56:39,876.43,32.2,Electronics,15,1.0,1
ORD506208,CUST101815,560003,2025-02-13 20:16:17,635.36,22.5,Fashion,6,23.5,0
ORD500320,CUST101875,560107,2025-02-13 20:32:39,559.85,45.6,Home,0,1.0,1
ORD502498,CUST100227,560090,2025-02-13 21:02:19,1120.89,40.0,Beauty,3,11.5,0
ORD502196,CUST101987,560103,2025-02-13 21:05:11,773.9,6.1,Home,9,13.9,0
ORD503014,CUST101767,560086,2025-02-13 21:40:43,583.84,52.7,Electronics,12,13.6,1
ORD502148,CUST100633,560106,2025-02-13 21:50:27,557.74,11.9,Electronics,12,22.3,1
ORD506272,CUST100114,560053,2025-02-13 21:53:22,1030.66,24.9,Grocery,13,13.0,0
ORD503826,CUST101441,560043,2025-02-13 22:17:37,326.67,49.7,Fashion,10,6.3,0
ORD506069,CUST100089,560049,2025-02-13 23:48:06,339.27,15.5,Electronics,20,7.4,0
ORD506404,CUST101061,560109,2025-02-14 00:18:57,454.0,11.8,Fashion,3,28.7,1
ORD503412,CUST100538,560092,2025-02-14 00:34:52,432.08,15.2,Electronics,7,14.8,0
ORD507663,CUST100860,560043,2025-02-14 00:48:03,1095.79,39.8,Beauty,22,15.8,0
ORD502679,CUST100774,560077,2025-02-14 02:08:52,2173.31,24.6,Beauty,7,18.5,0
ORD501250,CUST101878,560092,2025-02-14 02:32:40,445.8,16.6,Other,17,20.2,1
ORD505207,CUST100410,560024,2025-02-14 04:05:07,4414.28,25.1,Beauty,9,5.5,0
ORD501566,CUST101299,560065,2025-02-14 04:18:10,539.3,54.0,Fashion,1,2.0,0
ORD504650,CUST101206,560108,2025-02-14 04:27:11,2008.85,28.8,Other,22,1.0,1
ORD505769,CUST100416,560010,2025-02-14 04:54:43,1056.59,12.0,Fashion,12,16.2,0
ORD501747,CUST101268,560098,2025-02-14 05:14:18,538.13,0.6,Fashion,23,4.2,0
ORD502781,CUST101140,560004,2025-02-14 06:27:29,645.81,22.3,Other,3,20.8,0
ORD500956,CUST100583,560045,2025-02-14 06:40:57,243.06,8.1,Home,22,15.6,1
ORD502822,CUST100040,560111,2025-02-14 06:45:47,480.01,3.5,Home,3,1.4,0
ORD504545,CUST101616,560071,2025-02-14 08:11:39,914.14,43.2,Grocery,4,16.6,0
ORD500825,CUST100377,560043,2025-02-14 08:18:43,663.71,25.1,Fashion,13,18.3,0
ORD505915,CUST100976,560087,2025-02-14 08:22:08,451.37,7.0,Grocery,11,13.7,0
ORD501970,CUST100684,560058,2025-02-14 08:59:36,203.86,23.8,Fashion,4,2.2,1
ORD506875,CUST101190,560008,2025-02-14 09:13:26,166.06,19.4,Fashion,14,18.4,0
ORD501865,CUST100315,560015,2025-02-14 09:22:39,1836.79,4.4,Home,16,13.1,0
ORD500327,CUST100684,560030,2025-02-14 11:51:12,691.21,10.5,Grocery,0,19.7,0
ORD506424,CUST100870,560093,2025-02-14 12:39:29,710.86,21.2,Home,7,2.7,0
ORD507130,CUST101343,560039,2025-02-14 12:46:34,353.04,4.6,Beauty,8,23.0,0
ORD500367,CUST100353,560009,2025-02-14 13:45:18,857.94,6.7,Electronics,19,16.7,0
ORD502329,CUST101638,560114,2025-02-14 13:57:18,1137.3,4.1,Fashion,11,5.7,0
ORD500545,CUST100150,560011,2025-02-14 14:17:40,617.28,8.2,Home,7,13.0,1
ORD507062,CUST101153,560065,2025-02-14 14:41:17,2243.19,48.3,Other,0,7.4,0
ORD504283,CUST101789,560025,2025-02-14 14:59:40,663.52,10.0,Fashion,12,20.3,0
ORD503942,CUST101714,560043,2025-02-14 15:02:34,150.0,18.1,Electronics,15,12.7,0
ORD503560,CUST100193,560067,2025-02-14 15:22:50,352.04,25.1,Other,17,6.1,1
ORD503109,CUST100410,560045,2025-02-14 15:58:19,858.06,34.5,Fashion,21,19.4,0
ORD501895,CUST100888,560008,2025-02-14 18:36:57,276.97,24.9,Electronics,14,10.3,1
ORD502696,CUST101639,560094,2025-02-14 19:13:02,572.13,24.3,Fashion,10,12.6,0
ORD507035,CUST100453,560103,2025-02-14 19:43:43,551.93,35.1,Electronics,2,18.0,0
ORD504534,CUST100130,560036,2025-02-14 21:13:52,1533.03,11.3,Fashion,22,7.3,0
ORD505989,CUST100383,560106,2025-02-14 21:48:49,505.58,10.0,Fashion,1,18.2,0
ORD505893,CUST100316,560012,2025-02-14 22:09:56,550.08,43.8,Fashion,5,16.4,0
ORD504785,CUST100258,560098,2025-02-14 22:18:45,560.15,15.5,Grocery,7,22.6,0
ORD502839,CUST101974,560091,2025-02-14 22:26:23,1210.19,22.9,Other,12,15.7,1
ORD500605,CUST100393,560067,2025-02-14 22:54:17,707.86,29.2,Electronics,4,16.3,0
ORD501482,CUST101430,560096,2025-02-14 23:03:47,555.68,2.8,Fashion,15,18.0,0
ORD505464,CUST100592,560087,2025-02-14 23:09:08,512.03,9.8,Beauty,19,17.4,1
ORD502941,CUST100120,560029,2025-02-14 23:22:33,793.81,15.8,Electronics,7,8.9,0
ORD507793,CUST101809,560065,2025-02-14 23:50:16,459.59,13.2,Fashion,14,9.2,0
ORD501569,CUST101654,560003,2025-02-15 00:47:54,558.78,63.3,Electronics,3,4.2,0
ORD500036,CUST100304,560038,2025-02-15 01:22:50,900.94,22.6,Grocery,7,23.7,0
ORD502559,CUST100452,560047,2025-02-15 01:26:44,486.31,12.7,Beauty,18,2.1,0
ORD506827,CUST100729,560100,2025-02-15 01:59:11,538.97,1.9,Fashion,22,15.8,1
ORD500033,CUST100575,560011,2025-02-15 02:32:08,554.7,35.8,Grocery,12,15.4,0
ORD502769,CUST101552,560115,2025-02-15 03:11:35,277.33,3.2,Grocery,22,4.5,0
ORD503722,CUST101294,560088,2025-02-15 03:34:50,1016.31,5.3,Home,14,11.8,0
ORD505350,CUST101261,560020,2025-02-15 04:04:52,509.69,18.6,Electronics,13,19.5,0
ORD504764,CUST100835,560029,2025-02-15 04:49:30,774.64,20.6,Home,6,9.0,1
ORD503268,CUST101730,560018,2025-02-15 06:55:38,310.33,27.3,Fashion,21,28.5,1
ORD505454,CUST101980,560015,2025-02-15 09:43:28,935.63,8.5,Beauty,12,22.0,0
ORD506102,CUST100580,560019,2025-02-15 10:00:05,190.31,17.4,Beauty,21,3.3,0
ORD504265,CUST101604,560040,2025-02-15 10:07:51,853.34,4.4,Beauty,14,12.1,0
ORD503595,CUST100057,560053,2025-02-15 10:36:36,1231.67,23.0,Electronics,11,13.7,0
ORD504301,CUST101587,560043,2025-02-15 10:51:24,658.91,34.9,Fashion,12,22.8,0
ORD502353,CUST101360,560026,2025-02-15 12:19:07,1041.35,11.2,Electronics,14,8.5,0
ORD504117,CUST101203,560085,2025-02-15 12:25:20,1737.2,16.0,Grocery,5,27.7,0
ORD505864,CUST100262,560018,2025-02-15 12:53:52,760.12,24.6,Electronics,12,9.5,0
ORD506055,CUST101167,560048,2025-02-15 14:12:11,1006.41,14.1,Fashion,20,3.3,0
ORD507428,CUST101940,560044,2025-02-15 14:51:17,330.5,37.0,Home,13,11.5,0
ORD502798,CUST101479,560079,2025-02-15 14:59:45,876.13,22.3,Electronics,0,14.9,0
ORD500887,CUST100573,560067,2025-02-15 15:27:00,282.49,28.6,Fashion,23,13.7,1
ORD506490,CUST101884,560059,2025-02-15 15:44:31,761.38,34.1,Other,1,10.0,1
ORD506458,CUST101134,560055,2025-02-15 16:01:53,711.32,10.6,Home,15,16.4,0
ORD507577,CUST101368,560086,2025-02-15 16:16:05,1818.42,19.5,Electronics,11,16.8,0
ORD502842,CUST100727,560047,2025-02-15 16:22:35,612.93,15.2,Home,22,10.2,0
ORD507955,CUST100942,560068,2025-02-15 16:34:51,1662.63,28.4,Fashion,12,10.2,0
ORD502499,CUST101300,560077,2025-02-15 16:46:51,472.12,26.5,Grocery,23,1.0,0
ORD507787,CUST100792,560097,2025-02-15 19:54:58,601.3,11.6,Home,17,18.5,0
ORD505636,CUST101261,560031,2025-02-15 20:54:55,1688.18,12.8,Electronics,10,12.3,0
ORD500125,CUST100410,560025,2025-02-15 21:44:48,449.46,0.5,Fashion,8,16.3,0
ORD507310,CUST101227,560096,2025-02-15 22:37:01,588.61,25.1,Beauty,0,11.2,0
ORD503884,CUST101973,560104,2025-02-15 23:11:22,295.86,16.0,Home,7,11.6,0
ORD506654,CUST101125,560012,2025-02-16 00:02:23,786.79,3.9,Home,15,1.7,0
ORD503023,CUST101045,560050,2025-02-16 01:27:13,1599.73,48.8,Grocery,22,3.8,0
ORD500208,CUST101923,560113,2025-02-16 02:00:21,1740.24,10.5,Home,7,1.0,0
ORD505262,CUST101281,560068,2025-02-16 02:07:25,1259.71,22.5,Beauty,20,8.4,0
ORD502335,CUST100482,560118,2025-02-16 02:23:39,656.29,7.5,Grocery,14,4.7,0
ORD504298,CUST101724,560055,2025-02-16 02:25:42,929.35,18.9,Other,21,21.2,0
ORD505955,CUST100305,560057,2025-02-16 02:42:39,964.2,11.0,Beauty,16,6.2,0
ORD505627,CUST100059,560084,2025-02-16 02:53:07,992.46,16.9,Grocery,3,20.5,0
ORD502348,CUST100707,560080,2025-02-16 04:08:10,280.38,11.5,Fashion,12,16.9,0
ORD507416,CUST100988,560119,2025-02-16 04:50:23,1616.99,17.2,Fashion,3,7.3,0
ORD506140,CUST100587,560118,2025-02-16 05:51:53,2797.36,12.0,Fashion,18,16.3,1
ORD503767,CUST101308,560073,2025-02-16 06:39:20,520.02,5.2,Electronics,10,12.7,0
ORD506733,CUST100566,560019,2025-02-16 07:06:25,657.74,17.7,Fashion,8,4.9,1
ORD506946,CUST101189,560084,2025-02-16 07:39:30,384.09,37.0,Fashion,13,6.0,1
ORD501408,CUST100816,560104,2025-02-16 08:10:45,573.7,51.6,Grocery,1,21.4,0
ORD507655,CUST101834,560006,2025-02-16 08:16:30,454.55,25.5,Beauty,19,4.8,0
ORD503673,CUST100001,560043,2025-02-16 08:35:51,626.04,7.2,Fashion,21,18.0,0
ORD507029,CUST101160,560079,2025-02-16 08:43:48,599.87,27.3,Fashion,3,16.0,0
ORD504243,CUST101431,560007,2025-02-16 08:54:44,739.53,25.0,Fashion,20,11.2,0
ORD503769,CUST100131,560073,2025-02-16 09:52:46,706.39,2.5,Fashion,4,10.2,0
ORD504232,CUST101467,560114,2025-02-16 09:55:03,150.0,5.1,Home,5,13.4,0
ORD501676,CUST101239,560024,2025-02-16 10:04:28,627.48,34.8,Other,4,13.6,1
ORD503407,CUST101657,560094,2025-02-16 10:12:23,463.89,54.9,Electronics,11,8.6,1
ORD501590,CUST100445,560009,2025-02-16 10:15:09,801.88,30.9,Fashion,23,15.9,0
ORD505724,CUST100297,560107,2025-02-16 10:26:42,991.15,13.2,Other,17,13.9,0
ORD503174,CUST101732,560040,2025-02-16 11:45:54,454.79,15.9,Other,11,12.3,0
ORD507745,CUST101335,560076,2025-02-16 12:17:39,324.38,24.0,Grocery,15,31.5,0
ORD505771,CUST100231,560112,2025-02-16 12:26:38,1107.7,33.7,Home,21,12.8,1
ORD507924,CUST101072,560049,2025-02-16 12:47:52,2576.66,11.9,Other,5,3.2,0
ORD505284,CUST101893,560118,2025-02-16 14:12:05,249.92,23.4,Electronics,22,3.9,1
ORD500703,CUST100540,560052,2025-02-16 14:13:03,1397.08,1.4,Fashion,17,6.6,0
ORD507994,CUST101769,560116,2025-02-16 14:27:01,1080.81,11.6,Fashion,11,7.2,0
ORD502907,CUST101579,560082,2025-02-16 14:48:52,241.43,8.1,Beauty,14,9.7,1
ORD504887,CUST101096,560002,2025-02-16 15:56:08,972.8,16.8,Fashion,15,12.7,0
ORD505512,CUST100354,560011,2025-02-16 16:12:17,378.82,20.8,Home,15,17.0,0
ORD506110,CUST100321,560066,2025-02-16 16:44:26,2479.68,12.5,Beauty,10,11.3,1
ORD505214,CUST101130,560082,2025-02-16 16:52:59,1494.32,28.8,Other,5,14.6,1
ORD500058,CUST100370,560008,2025-02-16 17:53:03,540.48,24.3,Home,10,4.9,0
ORD502458,CUST101729,560054,2025-02-16 18:14:56,930.99,0.1,Other,8,23.1,0
ORD502705,CUST101657,560090,2025-02-16 18:53:12,1783.18,54.0,Other,3,24.8,0
ORD500088,CUST101362,560066,2025-02-16 19:14:20,846.16,4.1,Grocery,21,1.0,0
ORD507773,CUST101013,560030,2025-02-16 19:15:58,353.69,25.9,Other,13,13.5,0
ORD504961,CUST100232,560091,2025-02-16 19:49:10,817.1,14.2,Fashion,4,20.6,0
ORD503852,CUST101852,560019,2025-02-16 20:49:50,341.38,3.2,Beauty,9,19.4,0
ORD505387,CUST101579,560103,2025-02-16 21:06:11,242.86,12.7,Electronics,13,19.7,0
ORD507159,CUST100303,560082,2025-02-16 21:22:07,1213.24,6.8,Beauty,2,6.0,0
ORD504058,CUST100967,560001,2025-02-16 21:35:20,518.75,41.6,Grocery,15,13.5,0
ORD504147,CUST101357,560108,2025-02-16 22:33:08,445.29,28.5,Other,16,15.6,0
ORD507012,CUST100921,560071,2025-02-16 22:37:01,906.42,2.9,Grocery,4,26.8,0
ORD505380,CUST101858,560044,2025-02-16 22:54:11,662.26,6.7,Grocery,2,8.7,0
ORD506968,CUST101087,560023,2025-02-16 23:02:20,828.64,17.4,Other,19,11.0,0
ORD503124,CUST100899,560041,2025-02-16 23:12:40,783.36,35.2,Home,7,10.1,0
ORD506685,CUST100042,560086,2025-02-17 00:01:19,1217.84,15.8,Beauty,14,15.0,0
ORD500958,CUST101450,560091,2025-02-17 00:39:04,1673.87,2.0,Other,13,6.3,1
ORD505763,CUST100349,560040,2025-02-17 00:39:14,2479.18,37.9,Beauty,16,1.0,0
ORD506027,CUST101987,560059,2025-02-17 00:44:34,726.6,11.0,Fashion,20,19.1,0
ORD500975,CUST100692,560069,2025-02-17 02:20:57,351.74,51.1,Home,18,1.8,0
ORD507429,CUST101421,560000,2025-02-17 03:55:51,791.82,0.3,Home,13,17.3,0
ORD507415,CUST100675,560026,2025-02-17 03:57:34,169.3,19.8,Beauty,1,11.0,0
ORD506997,CUST101982,560079,2025-02-17 04:04:47,479.16,35.0,Fashion,2,1.8,1
ORD502463,CUST100000,560026,2025-02-17 04:27:54,535.74,16.2,Beauty,6,15.5,0
ORD507914,CUST101650,560067,2025-02-17 04:35:22,443.8,21.3,Fashion,12,15.9,0
ORD500923,CUST100835,560044,2025-02-17 04:58:06,869.37,13.8,Beauty,13,4.7,0
ORD501517,CUST101796,560007,2025-02-17 05:02:26,2443.58,9.0,Beauty,9,27.4,1
ORD507700,CUST100426,560011,2025-02-17 05:14:31,1476.73,12.2,Fashion,3,19.6,0
ORD500358,CUST100095,560087,2025-02-17 05:32:24,376.31,39.0,Fashion,23,11.9,1
ORD502821,CUST101417,560005,2025-02-17 05:58:21,395.0,7.4,Grocery,7,9.1,0
ORD500113,CUST100844,560033,2025-02-17 06:20:49,908.65,13.4,Home,12,8.5,1
ORD506363,CUST101266,560115,2025-02-17 06:22:13,206.1,42.3,Electronics,19,14.2,0
ORD500205,CUST100906,560082,2025-02-17 06:25:13,999.69,16.7,Fashion,23,4.5,0
ORD503907,CUST101840,560019,2025-02-17 07:41:51,1497.42,20.7,Home,19,13.7,0
ORD503416,CUST100798,560104,2025-02-17 08:41:00,311.9,16.6,Electronics,6,23.9,0
ORD505663,CUST100541,560104,2025-02-17 08:55:21,1216.6,36.5,Home,16,11.4,0
ORD505396,CUST100817,560019,2025-02-17 10:56:41,2108.12,5.6,Fashion,12,6.6,0
ORD501390,CUST100165,560031,2025-02-17 11:44:37,354.78,29.9,Home,14,15.1,0
ORD501701,CUST100834,560038,2025-02-17 13:26:50,496.42,8.5,Beauty,23,1.0,1
ORD503975,CUST100374,560077,2025-02-17 13:37:52,1315.99,1.4,Fashion,22,13.9,1
ORD507824,CUST100593,560102,2025-02-17 13:44:08,209.39,30.1,Fashion,23,11.2,1
ORD501083,CUST100640,560069,2025-02-17 15:24:14,367.69,26.1,Home,13,8.5,0
ORD503067,CUST100040,560085,2025-02-17 15:38:01,440.47,25.7,Home,12,6.6,1
ORD504261,CUST101701,560033,2025-02-17 15:56:29,980.14,4.5,Electronics,8,17.3,0
ORD503647,CUST101250,560099,2025-02-17 16:00:17,944.34,38.6,Fashion,16,7.8,0
ORD503517,CUST101895,560107,2025-02-17 16:03:11,343.21,1.8,Electronics,5,7.2,0
ORD500690,CUST100143,560038,2025-02-17 17:46:13,966.71,18.2,Electronics,10,8.1,1
ORD507603,CUST101471,560117,2025-02-17 18:24:37,367.57,27.9,Home,21,1.9,0
ORD502338,CUST100981,560117,2025-02-17 18:35:10,1011.72,40.0,Electronics,9,20.0,0
ORD500291,CUST101875,560070,2025-02-17 19:08:57,512.04,35.4,Beauty,12,15.7,0
ORD502943,CUST100302,560076,2025-02-17 19:10:19,2143.94,35.4,Home,5,14.3,0
ORD506714,CUST101893,560010,2025-02-17 20:02:48,492.35,9.5,Fashion,23,29.8,1
ORD506295,CUST101084,560024,2025-02-17 20:35:54,816.91,2.5,Beauty,8,2.2,0
ORD504518,CUST101408,560053,2025-02-17 20:37:46,653.72,2.6,Home,8,5.9,0
ORD504753,CUST100116,560066,2025-02-17 20:54:01,474.88,25.0,Beauty,21,27.8,1
ORD503899,CUST101116,560038,2025-02-17 20:55:08,850.56,27.9,Other,7,9.7,0
ORD504690,CUST100059,560042,2025-02-17 21:21:07,1046.75,27.9,Electronics,7,12.8,0
ORD501223,CUST100360,560097,2025-02-17 22:26:26,876.31,33.9,Fashion,22,16.3,1
ORD507649,CUST100587,560051,2025-02-17 22:35:41,1584.45,13.3,Fashion,1,11.4,0
ORD506935,CUST100524,560095,2025-02-17 23:48:47,714.63,21.3,Home,16,7.2,0
ORD502811,CUST100542,560098,2025-02-18 00:48:13,1184.74,1.7,Home,0,21.1,0
ORD502635,CUST101332,560004,2025-02-18 02:45:39,525.56,6.2,Fashion,17,20.6,1
ORD502818,CUST101061,560094,2025-02-18 02:46:30,1074.56,23.7,Fashion,11,4.0,1
ORD506423,CUST101246,560095,2025-02-18 03:42:07,1258.87,9.7,Grocery,16,8.6,0
ORD505590,CUST100297,560108,2025-02-18 04:18:00,616.76,3.0,Electronics,22,7.7,0
ORD505302,CUST101923,560047,2025-02-18 04:27:50,257.17,31.5,Electronics,8,5.0,0
ORD506566,CUST101746,560045,2025-02-18 05:06:37,559.89,27.0,Electronics,3,2.3,0
ORD502186,CUST101893,560032,2025-02-18 05:16:55,547.67,26.1,Beauty,23,12.8,0
ORD504087,CUST101516,560068,2025-02-18 05:20:54,1122.55,9.1,Other,6,3.1,0
ORD502411,CUST100495,560040,2025-02-18 05:34:43,772.41,10.3,Fashion,5,20.3,1
ORD505032,CUST101918,560034,2025-02-18 05:52:02,1041.33,18.2,Fashion,0,4.2,0
ORD502446,CUST101182,560004,2025-02-18 06:01:52,856.06,48.6,Fashion,22,10.1,0
ORD507976,CUST101179,560060,2025-02-18 06:42:41,751.66,10.5,Fashion,5,10.6,0
ORD500676,CUST101892,560072,2025-02-18 06:47:00,1113.61,6.6,Fashion,6,12.5,0
ORD500814,CUST101142,560044,2025-02-18 06:53:48,452.6,25.1,Electronics,19,4.5,0
ORD503342,CUST100993,560035,2025-02-18 07:51:25,478.1,34.3,Home,1,18.5,0
ORD503929,CUST101638,560065,2025-02-18 09:48:48,252.95,19.1,Fashion,1,34.1,1
ORD500775,CUST100247,560100,2025-02-18 10:21:12,2036.72,22.4,Beauty,12,22.4,0
ORD505670,CUST101511,560081,2025-02-18 10:53:07,1212.33,20.5,Fashion,11,10.7,1
ORD503969,CUST100684,560026,2025-02-18 11:15:57,603.25,18.6,Beauty,2,17.1,0
ORD501160,CUST100759,560087,2025-02-18 11:17:32,510.72,33.2,Beauty,19,9.2,1
ORD505585,CUST101201,560119,2025-02-18 11:28:19,532.44,2.9,Fashion,14,10.2,0
ORD501954,CUST101869,560076,2025-02-18 11:33:54,776.32,7.1,Fashion,16,19.1,0
ORD500366,CUST101717,560095,2025-02-18 12:37:45,457.87,2.2,Home,15,16.6,0
ORD503904,CUST101267,560104,2025-02-18 14:07:43,1158.86,30.6,Fashion,7,18.0,1
ORD501610,CUST101839,560068,2025-02-18 14:22:58,671.19,21.0,Home,15,29.4,0
ORD505618,CUST101508,560073,2025-02-18 14:26:12,545.11,14.7,Electronics,6,11.8,0
ORD503523,CUST101203,560031,2025-02-18 14:34:58,1180.5,17.4,Beauty,4,23.4,0
ORD507818,CUST101230,560019,2025-02-18 15:05:24,659.7,3.3,Fashion,8,8.6,0
ORD507738,CUST101875,560081,2025-02-18 16:06:50,368.03,13.9,Other,23,4.8,0
ORD502603,CUST100194,560039,2025-02-18 17:06:22,1511.45,3.6,Fashion,13,28.9,0
ORD506525,CUST101149,560058,2025-02-18 17:14:01,546.51,16.8,Other,14,8.4,0
ORD502053,CUST100301,560050,2025-02-18 17:21:46,210.94,20.9,Home,12,3.8,1
ORD504993,CUST101075,560056,2025-02-18 17:32:16,2036.99,33.7,Fashion,23,9.6,0
ORD503267,CUST101650,560015,2025-02-18 17:56:50,348.67,17.8,Fashion,19,1.0,0
ORD507368,CUST100229,560013,2025-02-18 18:19:17,557.82,34.8,Other,9,13.2,0
ORD505647,CUST100692,560098,2025-02-18 18:44:45,535.76,15.5,Other,17,2.4,0
ORD501101,CUST100034,560033,2025-02-18 19:30:06,242.42,34.4,Fashion,13,17.5,0
ORD505605,CUST100008,560086,2025-02-18 19:49:41,578.37,32.8,Electronics,0,24.0,0
ORD504998,CUST100684,560017,2025-02-18 20:13:47,607.82,16.5,Other,18,8.5,0
ORD501534,CUST100542,560007,2025-02-18 20:24:20,901.24,4.6,Fashion,9,8.0,0
ORD500374,CUST100221,560042,2025-02-18 20:26:13,1391.76,34.7,Home,11,4.9,0
ORD507121,CUST101408,560026,2025-02-18 20:26:59,392.88,8.1,Fashion,19,21.9,0
ORD504436,CUST100107,560041,2025-02-18 20:38:36,994.68,5.1,Fashion,17,16.1,0
ORD502189,CUST100116,560075,2025-02-18 21:23:01,377.92,5.1,Electronics,17,21.1,0
ORD500144,CUST101520,560056,2025-02-18 22:29:17,596.41,11.3,Electronics,20,21.7,1
ORD502154,CUST100541,560096,2025-02-18 22:29:36,721.6,32.8,Electronics,11,12.7,0
ORD503137,CUST100541,560025,2025-02-18 22:49:12,959.84,7.4,Fashion,6,16.7,0
ORD504888,CUST100901,560048,2025-02-19 00:49:03,962.65,9.7,Electronics,1,12.1,0
ORD506691,CUST100611,560036,2025-02-19 01:46:39,1018.95,1.3,Other,23,11.5,1
ORD502650,CUST100988,560104,2025-02-19 02:25:00,540.14,16.5,Grocery,1,12.3,0
ORD501465,CUST101803,560046,2025-02-19 03:43:01,489.04,14.7,Electronics,3,1.9,0
ORD502792,CUST101556,560090,2025-02-19 05:43:39,477.79,4.8,Home,19,15.6,0
ORD505993,CUST101062,560104,2025-02-19 05:59:12,961.49,7.4,Electronics,5,9.3,0
ORD506581,CUST101940,560094,2025-02-19 06:13:15,684.79,4.7,Home,12,30.4,1
ORD501266,CUST100355,560059,2025-02-19 07:47:09,692.72,23.5,Home,11,31.3,0
ORD504480,CUST100001,560041,2025-02-19 07:49:55,256.64,40.5,Fashion,5,14.3,0
ORD504025,CUST100447,560063,2025-02-19 08:06:26,636.07,9.9,Home,8,20.4,1
ORD500609,CUST100111,560086,2025-02-19 08:56:04,1338.66,49.0,Beauty,15,2.7,0
ORD501378,CUST100758,560089,2025-02-19 08:58:06,1407.27,18.3,Electronics,18,15.6,0
ORD501375,CUST100334,560011,2025-02-19 10:11:18,1230.98,13.7,Grocery,22,9.0,0
ORD502567,CUST100407,560102,2025-02-19 12:00:30,514.57,24.1,Fashion,8,7.3,0
ORD504837,CUST100593,560031,2025-02-19 13:04:43,664.32,5.6,Electronics,10,12.6,0
ORD507469,CUST101834,560048,2025-02-19 13:47:23,640.69,13.3,Home,0,12.7,0
ORD502782,CUST101201,560066,2025-02-19 15:16:46,342.87,8.8,Home,13,1.0,1
ORD506661,CUST100217,560018,2025-02-19 16:11:51,606.37,2.9,Fashion,20,15.3,0
ORD500538,CUST100271,560101,2025-02-19 16:51:24,731.86,6.5,Electronics,20,1.0,0
ORD507332,CUST101417,560016,2025-02-19 16:59:56,333.2,19.2,Fashion,19,16.5,0
ORD507493,CUST100672,560074,2025-02-19 18:12:41,452.08,5.9,Electronics,0,27.5,0
ORD503292,CUST100767,560045,2025-02-19 18:23:25,659.7,12.8,Other,3,1.2,0
ORD500194,CUST101432,560069,2025-02-19 18:47:18,600.67,28.6,Fashion,17,1.9,0
ORD500402,CUST100647,560065,2025-02-19 18:58:42,976.34,12.3,Beauty,5,22.6,0
ORD505931,CUST101056,560062,2025-02-19 19:12:05,958.15,1.3,Electronics,0,19.0,0
ORD506891,CUST101578,560022,2025-02-19 21:18:52,2111.58,2.7,Home,8,19.8,0
ORD504840,CUST101160,560055,2025-02-19 21:41:49,1128.92,35.2,Fashion,22,16.7,0
ORD507287,CUST101858,560030,2025-02-19 22:17:30,1077.02,2.3,Electronics,11,14.0,1
ORD504974,CUST100872,560065,2025-02-19 22:58:29,369.09,2.1,Home,17,19.1,0
ORD504203,CUST101828,560114,2025-02-19 23:30:53,312.13,15.6,Fashion,2,4.4,0
ORD503083,CUST101811,560100,2025-02-19 23:55:05,702.38,11.8,Home,10,17.9,0
ORD501842,CUST100321,560044,2025-02-20 00:45:42,218.45,12.9,Beauty,2,3.9,0
ORD501119,CUST101089,560065,2025-02-20 01:50:32,390.62,18.5,Home,10,10.2,0
ORD503577,CUST100168,560101,2025-02-20 02:05:11,573.82,4.1,Fashion,16,6.0,0
ORD505506,CUST100524,560101,2025-02-20 02:32:00,469.85,5.3,Grocery,5,3.6,0
ORD502736,CUST100898,560118,2025-02-20 02:54:37,1699.8,21.1,Other,7,9.9,0
ORD503317,CUST100110,560001,2025-02-20 02:56:30,676.11,6.5,Fashion,22,6.5,0
ORD507028,CUST100772,560014,2025-02-20 03:18:24,509.86,33.9,Grocery,23,20.8,1
ORD507342,CUST101770,560036,2025-02-20 04:11:58,1399.59,34.3,Home,0,4.6,0
ORD500302,CUST101933,560052,2025-02-20 05:49:00,1225.12,43.3,Beauty,5,16.7,0
ORD500069,CUST100558,560028,2025-02-20 06:07:31,557.4,51.6,Electronics,10,16.3,1
ORD502738,CUST100906,560076,2025-02-20 06:20:28,1028.93,23.7,Fashion,7,9.2,0
ORD505650,CUST101267,560091,2025-02-20 06:20:42,297.75,8.9,Grocery,14,2.9,0
ORD501927,CUST100895,560082,2025-02-20 06:43:51,1167.78,8.9,Home,16,8.4,0
ORD504141,CUST101516,560005,2025-02-20 07:02:51,322.96,10.8,Electronics,20,24.8,0
ORD503640,CUST101798,560078,2025-02-20 08:01:10,586.93,13.8,Beauty,1,15.7,0
ORD503163,CUST101359,560019,2025-02-20 08:12:00,821.2,23.6,Fashion,20,21.5,0
ORD500346,CUST100598,560094,2025-02-20 11:24:58,720.33,0.6,Electronics,2,7.8,0
ORD505914,CUST101608,560052,2025-02-20 12:30:59,1322.43,27.8,Electronics,14,9.6,0
ORD502788,CUST101461,560074,2025-02-20 12:36:59,1171.67,1.2,Beauty,16,11.6,0
ORD507907,CUST100770,560081,2025-02-20 12:58:56,780.32,13.7,Electronics,7,16.6,0
ORD501020,CUST100571,560107,2025-02-20 13:26:14,849.32,26.1,Fashion,14,17.2,0
ORD501167,CUST101417,560052,2025-02-20 13:46:28,683.65,20.0,Beauty,16,5.0,0
ORD501129,CUST101553,560103,2025-02-20 14:10:14,601.5,13.7,Other,17,3.1,0
ORD503003,CUST101183,560063,2025-02-20 14:32:15,1246.31,14.3,Fashion,3,12.2,1
ORD501817,CUST100818,560105,2025-02-20 14:46:11,865.31,49.7,Home,12,25.4,1
ORD504254,CUST100366,560083,2025-02-20 14:48:58,1429.15,10.3,Home,13,9.6,0
ORD501687,CUST100050,560048,2025-02-20 14:50:21,468.37,10.5,Home,16,13.3,0
ORD505348,CUST100602,560083,2025-02-20 15:46:46,601.75,11.1,Beauty,16,25.3,0
ORD501146,CUST100609,560076,2025-02-20 15:46:57,534.65,24.8,Electronics,10,18.0,0
ORD505244,CUST101405,560018,2025-02-20 15:57:33,761.74,0.6,Beauty,11,19.0,0
ORD503165,CUST101013,560032,2025-02-20 16:13:40,270.47,9.0,Home,9,7.0,0
ORD503032,CUST101899,560077,2025-02-20 16:16:27,795.74,26.1,Fashion,20,21.3,0
ORD506467,CUST101714,560016,2025-02-20 16:58:08,503.98,9.8,Beauty,14,10.6,0
ORD506576,CUST101013,560014,2025-02-20 17:16:45,276.6,26.2,Electronics,2,8.6,1
ORD501058,CUST100975,560103,2025-02-20 17:26:51,469.74,25.0,Fashion,1,6.5,0
ORD506266,CUST101013,560013,2025-02-20 18:26:12,1604.96,1.4,Fashion,18,5.5,0
ORD503809,CUST100059,560074,2025-02-20 19:12:14,1759.68,18.8,Grocery,21,9.1,0
ORD503643,CUST100857,560039,2025-02-20 20:05:30,1898.18,52.1,Fashion,6,15.4,0
ORD505667,CUST100571,560048,2025-02-20 20:40:16,991.6,27.1,Fashion,19,9.2,0
ORD501920,CUST101893,560068,2025-02-20 20:49:28,381.55,24.3,Electronics,14,23.1,0
ORD501764,CUST100479,560113,2025-02-20 21:07:51,406.77,15.1,Home,13,31.7,0
ORD502623,CUST100043,560075,2025-02-20 22:27:20,779.98,2.8,Grocery,2,9.6,0
ORD502014,CUST101140,560007,2025-02-20 23:10:09,366.8,42.5,Electronics,4,10.3,0
ORD502286,CUST100223,560089,2025-02-21 00:18:00,667.06,14.3,Fashion,1,9.2,0
ORD502561,CUST101274,560085,2025-02-21 00:24:47,2000.46,9.7,Home,11,23.9,0
ORD506958,CUST100693,560020,2025-02-21 00:26:56,1150.03,19.2,Home,0,11.9,0
ORD501467,CUST101241,560093,2025-02-21 00:47:34,939.7,19.0,Grocery,7,10.2,0
ORD502388,CUST101212,560008,2025-02-21 02:44:22,1143.84,20.5,Electronics,16,7.6,0
ORD502485,CUST100420,560021,2025-02-21 03:47:50,487.54,7.2,Beauty,22,15.5,0
ORD506461,CUST101801,560051,2025-02-21 04:41:25,769.49,6.6,Home,6,2.9,0
ORD507779,CUST101939,560057,2025-02-21 06:09:33,661.83,36.0,Fashion,23,7.1,0
ORD506191,CUST100308,560031,2025-02-21 06:55:34,380.1,11.8,Electronics,1,4.3,0
ORD506684,CUST100610,560004,2025-02-21 06:57:13,450.99,15.9,Fashion,2,6.5,0
ORD505831,CUST100102,560101,2025-02-21 06:57:35,852.3,36.7,Fashion,22,10.4,0
ORD504948,CUST101892,560114,2025-02-21 07:29:01,448.67,21.7,Electronics,16,23.1,0
ORD507502,CUST100889,560037,2025-02-21 09:03:25,922.09,10.7,Beauty,10,18.7,0
ORD502625,CUST101946,560035,2025-02-21 09:11:23,1459.0,33.0,Home,10,11.0,0
ORD504167,CUST101251,560014,2025-02-21 09:19:46,936.08,32.5,Fashion,8,15.4,0
ORD502801,CUST101790,560070,2025-02-21 09:32:57,1175.77,29.5,Electronics,20,6.3,0
ORD502132,CUST101790,560088,2025-02-21 10:58:37,476.15,40.5,Electronics,2,14.2,0
ORD506795,CUST100475,560012,2025-02-21 11:51:33,852.01,8.7,Other,10,8.0,0
ORD505873,CUST100679,560038,2025-02-21 12:04:51,278.6,15.0,Other,19,12.2,0
ORD503873,CUST100650,560063,2025-02-21 12:39:08,263.85,18.1,Beauty,7,5.1,0
ORD504409,CUST101924,560113,2025-02-21 13:21:35,987.11,28.9,Electronics,10,13.1,0
ORD505630,CUST100807,560036,2025-02-21 14:24:47,546.81,5.3,Beauty,17,9.6,0
ORD506051,CUST100480,560008,2025-02-21 15:27:48,423.61,1.7,Electronics,17,5.8,0
ORD505754,CUST101097,560005,2025-02-21 15:36:19,427.7,9.5,Fashion,16,8.7,1
ORD503739,CUST101657,560031,2025-02-21 17:21:43,730.5,3.4,Grocery,8,14.0,0
ORD504910,CUST101189,560064,2025-02-21 17:49:02,419.67,7.3,Fashion,6,16.1,1
ORD507111,CUST101056,560043,2025-02-21 18:27:59,564.73,8.3,Other,9,17.5,0
ORD505471,CUST100000,560028,2025-02-21 19:16:37,446.43,7.0,Other,1,13.6,1
ORD500841,CUST101114,560013,2025-02-21 20:07:34,1125.26,7.8,Home,19,18.2,0
ORD505375,CUST101852,560069,2025-02-21 20:26:01,921.65,20.0,Fashion,11,17.3,0
ORD505977,CUST100309,560101,2025-02-21 22:44:13,370.42,21.0,Electronics,21,11.6,0
ORD502159,CUST101161,560045,2025-02-22 00:14:02,1430.53,17.5,Fashion,0,18.7,0
ORD505680,CUST100879,560051,2025-02-22 00:27:22,739.45,28.8,Other,4,19.4,0
ORD502124,CUST100475,560030,2025-02-22 01:00:01,363.12,41.4,Beauty,13,14.1,1
ORD502649,CUST101673,560000,2025-02-22 01:11:34,433.05,18.8,Fashion,13,20.0,0
ORD504863,CUST100426,560064,2025-02-22 01:34:51,444.22,8.3,Home,21,15.1,0
ORD502344,CUST100545,560019,2025-02-22 01:35:29,682.45,12.8,Fashion,14,9.0,0
ORD507952,CUST100543,560078,2025-02-22 01:47:55,270.67,5.3,Fashion,11,17.6,1
ORD507823,CUST101450,560019,2025-02-22 03:47:35,628.49,10.2,Electronics,4,11.2,0
ORD504207,CUST100888,560010,2025-02-22 04:05:13,1700.16,9.3,Electronics,8,15.0,0
ORD500977,CUST101726,560005,2025-02-22 04:32:40,756.84,23.3,Other,2,7.3,0
ORD503925,CUST101022,560111,2025-02-22 04:44:29,1120.89,19.6,Other,10,15.9,0
ORD506402,CUST101735,560070,2025-02-22 05:59:22,835.67,15.0,Home,9,14.9,0
ORD506745,CUST101193,560057,2025-02-22 08:38:07,601.98,32.0,Grocery,0,1.6,0
ORD504410,CUST100601,560080,2025-02-22 09:25:23,1082.94,13.4,Electronics,23,20.6,0
ORD503676,CUST100168,560098,2025-02-22 09:30:31,646.3,5.3,Electronics,23,3.1,0
ORD500529,CUST101339,560113,2025-02-22 09:34:28,558.69,54.9,Grocery,23,17.3,1
ORD504247,CUST101633,560094,2025-02-22 09:41:56,387.91,7.9,Fashion,10,15.3,1
ORD504151,CUST100906,560038,2025-02-22 09:46:15,329.93,36.4,Grocery,21,4.1,1
ORD504341,CUST100182,560028,2025-02-22 11:05:45,1045.82,15.1,Home,7,9.3,0
ORD506112,CUST101543,560027,2025-02-22 11:29:21,746.06,35.1,Grocery,16,16.8,1
ORD500662,CUST101559,560103,2025-02-22 11:50:08,480.74,13.3,Electronics,17,9.7,0
ORD506268,CUST101586,560093,2025-02-22 12:08:40,546.99,9.2,Fashion,9,19.7,0
ORD503250,CUST101657,560108,2025-02-22 12:31:02,717.97,5.4,Fashion,9,16.5,0
ORD504786,CUST101246,560040,2025-02-22 12:49:00,615.28,9.4,Electronics,18,30.7,0
ORD501584,CUST100208,560051,2025-02-22 12:58:21,2215.26,36.7,Other,22,17.3,0
ORD501823,CUST100674,560000,2025-02-22 13:22:37,392.26,25.4,Fashion,8,13.2,1
ORD506353,CUST101834,560016,2025-02-22 13:33:19,746.08,15.5,Other,13,12.3,0
ORD502361,CUST100758,560005,2025-02-22 14:12:48,369.8,1.4,Beauty,10,18.5,0
ORD505593,CUST101194,560054,2025-02-22 14:20:32,678.15,37.6,Other,7,5.2,0
ORD503646,CUST100088,560024,2025-02-22 14:28:17,553.87,7.9,Electronics,21,15.1,0
ORD502563,CUST101775,560073,2025-02-22 15:21:26,456.54,18.9,Home,16,22.2,0
ORD506706,CUST101589,560001,2025-02-22 16:30:21,938.34,18.6,Beauty,1,17.8,0
ORD502590,CUST100130,560050,2025-02-22 16:48:16,484.03,9.1,Electronics,6,14.2,0
ORD506359,CUST101047,560063,2025-02-22 17:12:52,729.06,4.7,Grocery,14,14.5,0
ORD505661,CUST101129,560077,2025-02-22 18:31:28,439.99,24.1,Other,22,12.2,0
ORD500659,CUST101422,560091,2025-02-22 19:40:18,435.14,1.3,Fashion,14,10.9,0
ORD501981,CUST100459,560002,2025-02-22 19:43:15,710.07,32.2,Fashion,11,2.1,0
ORD506178,CUST100532,560024,2025-02-22 20:28:36,763.75,1.8,Electronics,4,22.1,0
ORD507107,CUST100717,560086,2025-02-22 21:15:20,728.58,10.3,Home,20,10.3,0
ORD506919,CUST100759,560016,2025-02-22 21:30:41,504.17,11.4,Electronics,16,8.9,0
ORD506269,CUST100935,560042,2025-02-22 21:42:33,1237.59,1.5,Fashion,7,19.8,1
ORD505561,CUST100807,560034,2025-02-22 21:49:23,713.6,10.3,Grocery,0,15.7,0
ORD501564,CUST101744,560098,2025-02-22 22:10:39,687.18,11.6,Electronics,6,7.9,0
ORD505996,CUST100764,560094,2025-02-22 22:27:26,856.2,14.5,Other,23,12.8,1
ORD501718,CUST100452,560068,2025-02-22 22:40:45,1366.76,23.7,Fashion,20,9.6,1
ORD505609,CUST101629,560002,2025-02-22 22:52:04,1253.88,36.9,Home,21,18.5,0
ORD501614,CUST100918,560105,2025-02-23 00:35:54,417.22,13.2,Electronics,5,9.9,0
ORD500845,CUST100759,560063,2025-02-23 01:59:19,778.87,2.5,Beauty,19,5.0,1
ORD503605,CUST100759,560006,2025-02-23 02:28:45,764.62,7.6,Electronics,17,1.7,0
ORD507064,CUST100863,560100,2025-02-23 02:43:59,392.52,1.7,Fashion,20,6.9,1
ORD502100,CUST100998,560100,2025-02-23 03:00:54,826.8,40.2,Fashion,1,6.4,1
ORD507014,CUST101892,560112,2025-02-23 03:42:52,1009.78,9.9,Grocery,0,11.2,0
ORD501816,CUST101875,560026,2025-02-23 04:34:27,903.05,10.9,Fashion,20,9.1,0
ORD502443,CUST101858,560104,2025-02-23 05:43:04,431.25,2.8,Fashion,14,13.7,0
ORD506415,CUST100725,560099,2025-02-23 05:58:05,1101.16,26.5,Other,16,1.4,0
ORD503840,CUST100208,560110,2025-02-23 06:00:23,647.45,22.6,Fashion,1,10.7,0
ORD505445,CUST100088,560009,2025-02-23 06:04:35,281.17,11.7,Fashion,12,1.3,0
ORD505913,CUST101553,560058,2025-02-23 06:22:19,308.61,12.8,Electronics,0,12.4,0
ORD501013,CUST100231,560071,2025-02-23 07:10:17,438.14,15.7,Electronics,15,18.2,1
ORD504830,CUST100714,560014,2025-02-23 07:14:02,413.83,41.3,Electronics,10,10.0,0
ORD502634,CUST100059,560042,2025-02-23 07:32:13,424.72,15.9,Fashion,14,18.3,1
ORD501793,CUST101118,560091,2025-02-23 07:38:18,358.61,21.3,Home,18,5.6,0
ORD503186,CUST101297,560053,2025-02-23 07:48:28,1036.56,23.7,Grocery,5,21.4,0
ORD506993,CUST100152,560068,2025-02-23 08:54:39,531.15,5.2,Fashion,8,1.4,0
ORD501440,CUST100664,560104,2025-02-23 09:02:41,361.0,7.4,Beauty,0,18.4,0
ORD501398,CUST100963,560020,2025-02-23 10:02:03,1101.9,22.9,Electronics,8,11.5,0
ORD504484,CUST101335,560118,2025-02-23 10:07:46,188.02,19.5,Fashion,11,11.2,1
ORD500507,CUST100924,560063,2025-02-23 10:19:58,725.02,22.3,Fashion,17,13.1,0
ORD505794,CUST101608,560021,2025-02-23 10:24:36,1107.79,17.2,Other,23,11.4,0
ORD504278,CUST100753,560064,2025-02-23 10:50:10,1153.99,37.3,Home,13,2.7,0
ORD504590,CUST101144,560000,2025-02-23 10:55:17,1391.51,4.7,Fashion,0,1.7,0
ORD501458,CUST100297,560059,2025-02-23 12:20:14,355.82,27.9,Other,4,24.5,1
ORD507647,CUST100534,560058,2025-02-23 12:26:01,921.36,5.8,Beauty,11,12.0,1
ORD500138,CUST100459,560030,2025-02-23 12:44:20,201.11,24.2,Fashion,5,11.5,0
ORD502041,CUST101519,560084,2025-02-23 13:56:55,486.63,2.1,Beauty,10,3.8,0
ORD506893,CUST101633,560109,2025-02-23 14:29:30,2035.42,14.5,Home,13,9.0,1
ORD503735,CUST100055,560072,2025-02-23 14:39:53,1014.51,34.0,Home,0,11.9,0
ORD507388,CUST100573,560035,2025-02-23 15:02:29,613.86,5.6,Grocery,10,15.5,0
ORD503408,CUST100722,560068,2025-02-23 15:37:02,867.08,10.6,Beauty,0,8.1,0
ORD504607,CUST101921,560049,2025-02-23 15:37:37,465.01,15.4,Fashion,22,5.7,0
ORD501722,CUST101606,560024,2025-02-23 16:04:09,282.64,27.1,Fashion,16,20.7,0
ORD504424,CUST101467,560105,2025-02-23 16:25:09,482.95,32.6,Home,7,5.9,0
ORD504703,CUST101884,560052,2025-02-23 16:55:47,754.53,18.4,Beauty,17,2.8,0
ORD501757,CUST101833,560105,2025-02-23 17:23:47,373.9,4.2,Fashion,3,20.5,0
ORD507371,CUST101652,560063,2025-02-23 17:52:13,618.93,8.4,Home,15,12.5,0
ORD506135,CUST101923,560089,2025-02-23 19:02:31,1453.54,57.7,Electronics,9,11.0,0
ORD504665,CUST101353,560106,2025-02-23 19:25:06,702.56,5.9,Electronics,17,17.9,0
ORD502051,CUST100532,560102,2025-02-23 19:27:04,782.36,11.3,Grocery,0,22.2,0
ORD500034,CUST100855,560001,2025-02-23 19:48:34,358.42,17.1,Fashion,23,10.8,0
ORD504337,CUST101228,560096,2025-02-23 19:59:05,326.53,20.9,Fashion,11,23.2,1
ORD500781,CUST101135,560031,2025-02-23 20:58:56,851.63,18.2,Fashion,17,5.6,0
ORD506846,CUST100339,560039,2025-02-23 22:03:41,199.91,21.0,Electronics,17,18.5,0
ORD502082,CUST100381,560112,2025-02-23 23:07:09,480.52,29.0,Home,10,16.4,0
ORD505486,CUST100876,560055,2025-02-23 23:49:26,1805.29,12.4,Home,14,27.1,0
ORD505774,CUST100622,560084,2025-02-24 00:10:32,1003.04,10.4,Other,15,1.6,0
ORD502480,CUST101203,560116,2025-02-24 01:02:32,727.56,22.4,Beauty,15,23.2,0
ORD506079,CUST100321,560054,2025-02-24 01:07:47,436.51,10.9,Electronics,0,17.3,0
ORD500003,CUST101570,560007,2025-02-24 01:19:41,865.35,5.1,Electronics,17,19.8,0
ORD507847,CUST100566,560065,2025-02-24 01:29:38,442.65,28.4,Fashion,17,19.6,0
ORD502845,CUST101246,560044,2025-02-24 02:14:03,713.0,31.5,Home,1,18.2,0
ORD500855,CUST101306,560059,2025-02-24 02:18:44,1324.92,38.9,Fashion,8,22.1,1
ORD500882,CUST101559,560056,2025-02-24 02:47:27,245.78,21.1,Electronics,23,20.0,0
ORD500472,CUST101207,560024,2025-02-24 03:31:03,1695.26,15.8,Beauty,5,1.2,0
ORD506063,CUST100887,560068,2025-02-24 04:17:52,511.61,11.0,Fashion,2,9.0,0
ORD501964,CUST101382,560117,2025-02-24 04:28:09,1002.28,2.3,Home,16,1.5,0
ORD501797,CUST101904,560084,2025-02-24 04:55:24,644.67,19.2,Fashion,8,6.0,0
ORD503402,CUST101008,560053,2025-02-24 05:42:00,6194.96,36.8,Electronics,9,19.5,0
ORD503009,CUST100890,560012,2025-02-24 06:24:13,370.27,24.7,Fashion,14,7.3,1
ORD501313,CUST100286,560049,2025-02-24 07:17:05,152.66,5.7,Other,18,21.7,0
ORD506607,CUST100541,560038,2025-02-24 07:31:51,1098.27,14.2,Grocery,21,29.0,0
ORD500316,CUST100615,560036,2025-02-24 07:52:46,227.47,32.7,Other,5,14.0,0
ORD506870,CUST101390,560057,2025-02-24 08:04:05,559.15,17.8,Electronics,2,16.8,0
ORD505938,CUST101620,560084,2025-02-24 08:29:43,319.59,24.3,Grocery,20,12.4,1
ORD502642,CUST100515,560077,2025-02-24 09:19:12,545.46,38.6,Electronics,6,14.8,0
ORD506275,CUST101224,560108,2025-02-24 09:40:40,669.43,24.0,Fashion,22,11.3,0
ORD503963,CUST101272,560001,2025-02-24 09:55:14,369.89,16.9,Home,3,12.9,1
ORD500843,CUST101511,560059,2025-02-24 10:21:14,1669.46,6.4,Fashion,17,12.4,0
ORD504179,CUST100495,560098,2025-02-24 10:58:44,702.64,3.7,Beauty,0,10.9,1
ORD504825,CUST101833,560061,2025-02-24 11:00:18,593.37,21.3,Beauty,9,18.1,0
ORD506466,CUST100414,560006,2025-02-24 13:44:29,311.69,2.3,Other,17,10.2,0
ORD501407,CUST100110,560018,2025-02-24 13:47:31,425.49,15.2,Fashion,16,15.2,0
ORD503489,CUST100643,560009,2025-02-24 13:47:49,716.15,17.0,Fashion,10,19.8,0
ORD502059,CUST100089,560039,2025-02-24 14:03:05,845.9,17.8,Beauty,1,5.3,0
ORD500044,CUST100515,560014,2025-02-24 16:00:19,846.83,16.9,Electronics,17,15.2,0
ORD504425,CUST100723,560118,2025-02-24 16:58:16,881.06,21.6,Grocery,16,3.6,0
ORD503474,CUST100174,560118,2025-02-24 17:09:36,602.45,5.4,Electronics,22,16.7,1
ORD504263,CUST100208,560119,2025-02-24 17:17:50,347.41,6.9,Home,3,9.0,0
ORD503524,CUST100403,560090,2025-02-24 17:38:08,892.03,26.1,Fashion,15,8.0,0
ORD502404,CUST100370,560046,2025-02-24 17:59:09,1480.2,27.7,Grocery,21,11.0,1
ORD507575,CUST100410,560072,2025-02-24 19:09:50,1514.4,7.5,Electronics,23,26.8,0
ORD503937,CUST100180,560079,2025-02-24 19:14:23,485.28,10.7,Home,7,9.0,0
ORD504761,CUST100314,560028,2025-02-24 19:30:41,754.06,37.9,Other,14,19.7,0
ORD507446,CUST101246,560081,2025-02-24 19:50:21,717.04,16.2,Beauty,9,13.4,0
ORD504502,CUST101187,560101,2025-02-24 19:50:34,995.3,8.2,Other,22,17.2,0
ORD506658,CUST100005,560090,2025-02-24 20:09:01,751.09,1.0,Beauty,12,16.3,0
ORD502706,CUST100798,560059,2025-02-24 20:25:05,1796.68,14.9,Home,4,13.3,0
ORD501986,CUST100194,560002,2025-02-24 20:29:17,1039.02,14.2,Fashion,13,5.2,0
ORD504463,CUST100727,560007,2025-02-24 23:35:54,459.84,16.5,Beauty,21,12.7,1
ORD501411,CUST101084,560064,2025-02-24 23:58:03,405.66,47.2,Beauty,16,3.0,0
ORD506664,CUST100978,560076,2025-02-25 00:01:30,740.37,11.0,Fashion,9,7.8,0
ORD506719,CUST101149,560117,2025-02-25 00:31:25,673.25,0.6,Grocery,12,18.6,0
ORD502066,CUST101246,560043,2025-02-25 01:00:44,471.38,18.3,Electronics,18,7.6,0
ORD507989,CUST100447,560021,2025-02-25 01:01:18,1131.37,3.6,Electronics,12,7.9,0
ORD506395,CUST100208,560096,2025-02-25 01:04:31,418.98,28.7,Fashion,11,1.3,0
ORD500634,CUST100262,560101,2025-02-25 01:08:35,831.01,7.6,Electronics,5,20.7,0
ORD506465,CUST100307,560051,2025-02-25 01:28:50,902.11,33.8,Grocery,10,20.3,0
ORD506838,CUST101674,560115,2025-02-25 01:35:49,861.4,6.8,Fashion,0,30.3,1
ORD505965,CUST101268,560107,2025-02-25 01:49:19,760.8,10.1,Beauty,9,8.4,1
ORD501586,CUST100774,560040,2025-02-25 02:16:05,247.28,10.3,Fashion,8,22.1,1
ORD502206,CUST101024,560091,2025-02-25 02:16:38,556.29,6.4,Grocery,14,1.0,0
ORD505502,CUST101098,560054,2025-02-25 02:17:58,1298.72,29.9,Electronics,6,10.3,0
ORD507983,CUST101579,560090,2025-02-25 02:37:46,423.82,21.0,Grocery,1,5.9,0
ORD505956,CUST101719,560095,2025-02-25 03:03:48,257.44,33.5,Grocery,15,7.5,0
ORD504854,CUST101086,560004,2025-02-25 04:01:42,768.98,13.8,Fashion,20,16.3,0
ORD506759,CUST101553,560111,2025-02-25 05:38:58,428.84,31.8,Home,19,6.9,0
ORD505511,CUST101614,560109,2025-02-25 07:27:22,433.29,5.8,Electronics,10,21.7,0
ORD502750,CUST101048,560100,2025-02-25 08:54:37,963.28,26.9,Electronics,17,12.3,0
ORD501194,CUST100286,560069,2025-02-25 09:06:27,814.23,20.7,Fashion,0,9.8,0
ORD505177,CUST100116,560072,2025-02-25 09:41:05,1015.05,14.3,Grocery,19,6.4,0
ORD505421,CUST101922,560093,2025-02-25 09:55:40,1506.84,13.7,Fashion,9,7.1,0
ORD507501,CUST100048,560087,2025-02-25 10:08:58,666.97,13.1,Electronics,5,4.5,0
ORD501076,CUST100971,560097,2025-02-25 10:35:45,820.17,28.6,Other,16,2.0,1
ORD505588,CUST101160,560018,2025-02-25 11:07:12,1138.41,9.6,Fashion,22,30.4,0
ORD505140,CUST101250,560026,2025-02-25 11:46:20,3804.37,21.2,Fashion,19,13.1,0
ORD505622,CUST100398,560069,2025-02-25 12:19:02,364.71,10.9,Electronics,7,22.2,0
ORD506464,CUST101268,560096,2025-02-25 12:28:03,152.11,12.0,Beauty,9,10.7,0
ORD503134,CUST101777,560074,2025-02-25 12:34:37,821.32,17.9,Beauty,2,13.0,0
ORD501116,CUST100474,560088,2025-02-25 14:46:32,904.29,15.3,Grocery,11,7.7,0
ORD502946,CUST100641,560047,2025-02-25 15:39:21,707.05,11.0,Fashion,2,16.7,0
ORD500563,CUST101976,560026,2025-02-25 15:59:49,1136.2,5.9,Beauty,19,7.2,1
ORD505734,CUST100423,560031,2025-02-25 16:01:50,3010.57,8.7,Beauty,17,18.8,0
ORD503834,CUST100475,560017,2025-02-25 16:03:24,871.37,12.6,Other,20,3.5,0
ORD506652,CUST101089,560114,2025-02-25 16:31:25,671.36,30.1,Other,2,7.3,0
ORD502098,CUST101869,560099,2025-02-25 16:36:34,516.15,0.5,Electronics,22,17.0,0
ORD501769,CUST101011,560098,2025-02-25 16:51:48,435.14,16.9,Fashion,5,1.6,0
ORD503382,CUST100955,560061,2025-02-25 16:52:07,326.55,48.7,Beauty,22,9.8,0
ORD507010,CUST101080,560080,2025-02-25 18:47:37,398.56,9.5,Fashion,12,14.4,0
ORD505704,CUST100448,560043,2025-02-25 19:24:34,831.12,43.4,Beauty,1,15.3,1
ORD501193,CUST101182,560094,2025-02-25 20:06:08,347.34,11.0,Electronics,11,6.6,0
ORD502357,CUST101062,560004,2025-02-25 20:20:49,1524.58,13.0,Fashion,14,19.4,0
ORD504912,CUST101209,560003,2025-02-25 20:42:42,364.39,27.6,Other,3,5.5,0
ORD501268,CUST100463,560053,2025-02-25 20:57:13,364.74,34.7,Fashion,7,29.9,0
ORD502261,CUST101087,560110,2025-02-25 22:35:28,807.12,4.0,Fashion,21,15.8,0
ORD507878,CUST100009,560080,2025-02-25 22:38:11,399.71,18.8,Beauty,2,13.0,1
ORD504604,CUST101090,560064,2025-02-25 23:22:58,262.05,36.2,Other,15,19.7,0
ORD504755,CUST100834,560026,2025-02-25 23:24:51,392.86,28.8,Electronics,14,6.8,0
ORD504325,CUST100359,560063,2025-02-26 00:32:08,244.09,8.9,Beauty,21,8.7,0
ORD501961,CUST101078,560115,2025-02-26 00:43:13,392.34,23.1,Beauty,9,17.0,0
ORD500195,CUST101007,560086,2025-02-26 01:55:32,762.25,25.0,Electronics,18,8.5,1
ORD501776,CUST101015,560009,2025-02-26 02:23:18,302.26,19.4,Electronics,11,23.9,0
ORD507928,CUST100557,560027,2025-02-26 02:29:12,938.05,30.5,Fashion,15,19.0,1
ORD506241,CUST101893,560049,2025-02-26 03:04:03,995.63,10.6,Fashion,3,21.7,0
ORD501491,CUST101201,560103,2025-02-26 03:13:38,621.33,21.9,Fashion,13,11.6,0
ORD504072,CUST101852,560111,2025-02-26 06:07:58,902.02,20.4,Grocery,4,6.0,0
ORD501953,CUST101141,560014,2025-02-26 06:15:09,2670.77,19.9,Fashion,13,7.4,0
ORD501739,CUST101132,560111,2025-02-26 06:16:15,406.21,2.2,Beauty,20,16.4,0
ORD502889,CUST100583,560105,2025-02-26 06:54:09,1338.87,15.8,Fashion,17,22.0,0
ORD501092,CUST100257,560002,2025-02-26 07:10:25,2567.39,11.7,Electronics,23,14.1,1
ORD500726,CUST101733,560001,2025-02-26 07:40:08,993.84,9.5,Beauty,3,9.7,0
ORD502847,CUST101937,560006,2025-02-26 07:50:58,717.7,37.5,Other,7,10.0,0
ORD506677,CUST100884,560101,2025-02-26 10:15:54,941.71,1.0,Beauty,15,9.2,0
ORD506013,CUST101031,560057,2025-02-26 10:58:38,788.14,5.0,Home,23,11.6,0
ORD507652,CUST100195,560076,2025-02-26 11:53:11,288.51,34.8,Fashion,7,17.1,1
ORD502198,CUST100636,560034,2025-02-26 11:54:59,884.42,2.2,Home,19,9.1,0
ORD507887,CUST100660,560050,2025-02-26 13:21:21,1648.97,53.5,Fashion,23,19.0,1
ORD503135,CUST101783,560071,2025-02-26 14:10:16,782.68,2.8,Home,20,17.0,0
ORD500583,CUST100667,560099,2025-02-26 14:47:01,482.65,10.0,Home,17,6.3,0
ORD502217,CUST100572,560101,2025-02-26 15:07:34,516.22,12.6,Grocery,10,11.1,0
ORD507491,CUST101429,560100,2025-02-26 15:12:34,310.54,21.4,Home,17,1.0,0
ORD506628,CUST101794,560045,2025-02-26 15:13:00,1397.17,17.3,Electronics,0,9.8,0
ORD505352,CUST100503,560018,2025-02-26 15:15:24,774.17,15.6,Electronics,18,16.0,0
ORD502541,CUST101124,560094,2025-02-26 16:24:42,569.61,40.9,Other,13,41.8,1
ORD504946,CUST100256,560026,2025-02-26 17:19:07,590.85,19.7,Fashion,19,1.0,0
ORD504581,CUST100194,560095,2025-02-26 17:21:36,574.79,20.3,Fashion,7,5.8,1
ORD503697,CUST101539,560018,2025-02-26 17:34:13,764.17,18.9,Beauty,16,20.7,0
ORD504637,CUST100655,560103,2025-02-26 18:29:25,1083.44,17.7,Fashion,6,11.8,0
ORD502223,CUST101203,560086,2025-02-26 19:56:51,896.88,28.2,Home,6,17.6,0
ORD504872,CUST100302,560064,2025-02-26 21:37:57,693.75,30.2,Electronics,5,21.0,1
ORD503305,CUST101711,560064,2025-02-26 21:39:01,595.99,23.4,Fashion,14,1.0,0
ORD503588,CUST100608,560025,2025-02-26 23:43:11,372.04,25.4,Fashion,12,17.2,1
ORD506500,CUST100593,560018,2025-02-26 23:45:39,411.94,1.4,Beauty,20,4.5,0
ORD500568,CUST100515,560044,2025-02-27 00:37:27,1158.89,27.4,Fashion,13,6.3,0
ORD504546,CUST100415,560039,2025-02-27 02:38:35,603.55,32.0,Fashion,8,4.4,1
ORD501449,CUST100354,560054,2025-02-27 03:00:34,293.9,30.7,Fashion,18,6.9,0
ORD506227,CUST101454,560086,2025-02-27 04:04:25,1097.3,11.7,Beauty,18,6.5,0
ORD500350,CUST101717,560006,2025-02-27 04:58:18,1181.25,0.0,Beauty,12,10.0,0
ORD500528,CUST101122,560076,2025-02-27 05:52:31,1157.2,9.3,Home,7,10.0,0
ORD500783,CUST100105,560083,2025-02-27 06:07:35,757.56,36.1,Fashion,14,10.1,1
ORD504292,CUST101762,560009,2025-02-27 06:43:20,2308.41,28.2,Fashion,22,14.3,0
ORD503751,CUST100191,560033,2025-02-27 07:21:51,1047.21,27.6,Home,21,13.9,0
ORD505389,CUST100572,560013,2025-02-27 07:37:44,678.5,4.8,Fashion,18,6.2,0
ORD506120,CUST100043,560019,2025-02-27 09:41:41,486.19,11.9,Fashion,7,11.2,0
ORD502949,CUST100636,560003,2025-02-27 10:12:53,691.88,6.2,Home,22,10.9,0
ORD500234,CUST101819,560018,2025-02-27 11:00:05,1407.67,13.0,Beauty,12,17.0,1
ORD503592,CUST100459,560086,2025-02-27 12:07:33,581.44,8.7,Grocery,8,9.8,0
ORD503619,CUST101930,560057,2025-02-27 13:22:44,860.06,14.0,Grocery,23,13.2,0
ORD502850,CUST101274,560002,2025-02-27 13:39:40,609.97,10.3,Electronics,23,18.9,0
ORD500719,CUST100098,560058,2025-02-27 13:51:03,834.05,5.6,Fashion,13,18.8,1
ORD506862,CUST101087,560087,2025-02-27 15:42:32,436.27,8.4,Fashion,1,23.1,0
ORD502140,CUST101265,560074,2025-02-27 15:43:17,431.56,14.8,Electronics,23,13.3,0
ORD507276,CUST100130,560022,2025-02-27 16:16:16,334.71,32.8,Home,9,14.2,0
ORD507441,CUST101674,560001,2025-02-27 17:18:47,1626.87,2.5,Home,2,27.3,0
ORD504831,CUST100001,560027,2025-02-27 17:32:23,1494.91,9.2,Fashion,22,2.7,0
ORD504083,CUST101161,560094,2025-02-27 18:12:21,552.93,12.6,Other,20,9.6,0
ORD503294,CUST100472,560089,2025-02-27 18:39:55,389.46,12.1,Beauty,19,6.3,0
ORD506966,CUST101628,560067,2025-02-27 19:00:59,1213.21,15.3,Other,5,18.1,1
ORD503170,CUST100906,560093,2025-02-27 19:05:20,1708.63,41.3,Other,16,12.6,0
ORD502775,CUST101017,560113,2025-02-27 19:36:41,258.61,37.2,Electronics,14,6.9,0
ORD502276,CUST100455,560102,2025-02-27 19:53:46,472.08,16.1,Fashion,19,25.0,1
ORD500895,CUST100291,560081,2025-02-27 20:34:19,301.35,3.5,Electronics,9,8.8,0
ORD507034,CUST101267,560113,2025-02-27 22:33:45,1707.93,27.0,Home,9,7.8,0
ORD506189,CUST100532,560079,2025-02-27 23:54:27,487.73,29.7,Electronics,23,17.5,0
ORD501481,CUST101364,560029,2025-02-28 02:40:29,682.87,43.2,Grocery,14,1.2,0
ORD504003,CUST101013,560036,2025-02-28 02:54:57,326.16,15.1,Other,18,18.6,0
ORD503886,CUST101974,560007,2025-02-28 03:22:44,289.96,13.4,Fashion,2,3.8,1
ORD506852,CUST101419,560011,2025-02-28 03:31:20,219.88,15.6,Electronics,2,20.4,1
ORD503359,CUST100515,560108,2025-02-28 03:34:28,973.99,34.5,Electronics,5,11.6,0
ORD503429,CUST101495,560008,2025-02-28 04:07:10,805.11,6.3,Electronics,1,5.8,0
ORD506344,CUST100857,560004,2025-02-28 04:38:59,1285.12,1.6,Beauty,10,21.0,0
ORD506445,CUST100147,560029,2025-02-28 05:30:34,706.11,19.9,Electronics,5,13.5,0
ORD506634,CUST101480,560052,2025-02-28 06:14:40,320.47,1.5,Fashion,21,18.8,0
ORD501607,CUST100842,560085,2025-02-28 06:23:13,1157.75,25.2,Fashion,4,13.1,0
ORD501645,CUST100635,560006,2025-02-28 06:42:39,407.18,47.5,Fashion,0,14.3,1
ORD501731,CUST100416,560067,2025-02-28 08:18:30,1357.17,14.3,Grocery,9,15.0,0
ORD505518,CUST101211,560113,2025-02-28 08:33:11,505.5,41.9,Home,21,15.3,0
ORD505086,CUST100725,560024,2025-02-28 08:37:42,1820.56,33.4,Fashion,22,2.2,1
ORD500141,CUST101550,560100,2025-02-28 08:40:55,1042.12,35.2,Home,18,5.5,0
ORD506587,CUST101092,560043,2025-02-28 08:55:41,520.73,18.6,Electronics,17,11.8,0
ORD506510,CUST100708,560047,2025-02-28 09:07:40,854.42,7.5,Fashion,8,2.7,0
ORD501620,CUST101837,560085,2025-02-28 09:10:02,514.21,38.4,Fashion,3,1.0,1
ORD506000,CUST101669,560089,2025-02-28 09:32:16,588.06,1.4,Electronics,13,9.1,0
ORD500968,CUST101045,560107,2025-02-28 09:43:29,726.0,6.9,Electronics,7,4.9,0
ORD500960,CUST101622,560084,2025-02-28 10:26:25,660.67,19.2,Electronics,20,5.1,0
ORD504891,CUST100639,560012,2025-02-28 10:35:02,1090.63,14.0,Home,19,1.0,0
ORD503373,CUST100887,560097,2025-02-28 11:02:44,673.02,11.0,Fashion,13,7.5,0
ORD506808,CUST100384,560079,2025-02-28 11:38:40,667.64,27.0,Beauty,4,10.4,1
ORD504438,CUST100532,560094,2025-02-28 11:54:30,973.74,13.2,Electronics,21,21.2,0
ORD500800,CUST101570,560077,2025-02-28 11:58:11,1224.75,41.3,Fashion,0,12.6,1
ORD500065,CUST100120,560057,2025-02-28 12:03:42,490.4,38.6,Other,3,6.7,0
ORD506990,CUST101983,560013,2025-02-28 12:34:13,424.9,12.7,Beauty,5,5.0,0
ORD505829,CUST101026,560020,2025-02-28 14:23:09,705.58,13.8,Other,7,17.8,0
ORD502321,CUST101106,560007,2025-02-28 14:30:40,1344.01,38.6,Electronics,7,13.0,0
ORD503340,CUST100872,560113,2025-02-28 15:07:55,150.0,33.7,Other,10,7.4,0
ORD507611,CUST100638,560032,2025-02-28 15:25:24,468.32,23.0,Beauty,1,15.2,0
ORD505455,CUST101551,560023,2025-02-28 15:35:59,699.93,12.9,Electronics,19,3.0,0
ORD502123,CUST101747,560028,2025-02-28 16:42:58,419.81,9.6,Fashion,21,19.6,0
ORD500464,CUST101298,560102,2025-02-28 16:52:56,276.43,18.7,Fashion,5,7.2,0
ORD500909,CUST100689,560048,2025-02-28 16:53:10,349.92,19.7,Beauty,11,4.7,0
ORD503090,CUST100830,560082,2025-02-28 16:57:43,368.64,20.4,Grocery,23,19.1,0
ORD507970,CUST101767,560010,2025-02-28 17:31:53,639.55,7.9,Grocery,23,15.4,1
ORD505885,CUST101292,560033,2025-02-28 17:51:19,241.17,14.4,Fashion,4,2.1,0
ORD507921,CUST101048,560022,2025-02-28 18:10:55,1412.95,4.9,Electronics,3,5.7,0
ORD506729,CUST100713,560111,2025-02-28 18:16:43,913.69,18.1,Grocery,14,15.9,0
ORD504544,CUST101892,560073,2025-02-28 19:08:09,950.91,14.2,Other,13,16.7,1
ORD506470,CUST101734,560044,2025-02-28 19:23:02,2495.01,18.9,Home,12,8.3,1
ORD507795,CUST101720,560028,2025-02-28 19:36:59,542.11,22.7,Electronics,5,15.5,0
ORD507651,CUST101649,560015,2025-02-28 20:11:30,1735.56,10.6,Beauty,23,19.7,0
ORD502370,CUST101587,560058,2025-02-28 20:53:14,411.18,24.1,Fashion,22,4.8,0
ORD500174,CUST101273,560082,2025-02-28 20:56:50,559.5,28.3,Fashion,19,1.1,0
ORD505856,CUST101022,560083,2025-02-28 21:20:13,223.55,5.4,Fashion,1,1.0,0
ORD506674,CUST100007,560113,2025-02-28 21:36:00,1959.95,19.0,Other,0,2.6,0
ORD500575,CUST100358,560061,2025-02-28 21:59:55,674.29,11.6,Grocery,10,7.6,0
ORD507347,CUST100321,560098,2025-02-28 22:01:25,564.28,5.5,Other,14,12.9,0
ORD506738,CUST101467,560027,2025-02-28 22:14:07,566.29,34.3,Beauty,12,20.7,0
ORD504823,CUST101794,560001,2025-02-28 22:23:23,542.46,21.0,Fashion,20,30.2,1
ORD500026,CUST101246,560019,2025-02-28 22:37:14,449.04,56.8,Fashion,11,20.4,0
ORD502734,CUST100095,560002,2025-02-28 22:45:36,956.36,36.2,Other,15,7.4,0
ORD507786,CUST101089,560100,2025-02-28 23:39:11,427.53,13.8,Grocery,5,13.1,0
ORD500274,CUST101304,560037,2025-03-01 00:10:04,894.45,2.9,Fashion,10,25.0,0
ORD500896,CUST100973,560043,2025-03-01 00:32:58,1095.42,2.7,Beauty,1,1.0,0
ORD506050,CUST101467,560024,2025-03-01 02:04:17,529.7,10.2,Electronics,7,1.8,0
ORD503312,CUST100577,560012,2025-03-01 03:55:20,877.72,32.1,Fashion,10,18.8,0
ORD502990,CUST100037,560016,2025-03-01 04:23:33,689.35,9.1,Electronics,8,11.9,1
ORD500979,CUST101429,560042,2025-03-01 05:11:20,653.0,39.0,Home,9,5.1,1
ORD505390,CUST100767,560065,2025-03-01 07:34:29,1531.45,2.6,Fashion,4,8.4,0
ORD507158,CUST101894,560009,2025-03-01 07:39:13,160.45,17.4,Electronics,4,22.9,1
ORD507002,CUST100364,560073,2025-03-01 07:58:42,681.47,5.9,Other,23,2.1,0
ORD506829,CUST100990,560035,2025-03-01 08:11:36,1930.75,40.4,Other,22,14.5,1
ORD507099,CUST100906,560005,2025-03-01 09:04:00,618.34,1.1,Fashion,2,13.0,1
ORD501931,CUST101768,560007,2025-03-01 09:21:01,306.73,20.0,Beauty,5,17.2,0
ORD504610,CUST100918,560058,2025-03-01 09:22:04,707.01,12.9,Electronics,22,6.3,0
ORD501274,CUST101775,560090,2025-03-01 10:29:02,1896.69,49.0,Fashion,5,24.7,0
ORD502918,CUST101906,560006,2025-03-01 11:27:31,1646.41,57.1,Fashion,19,18.7,0
ORD503681,CUST100410,560010,2025-03-01 11:32:21,703.55,9.2,Electronics,7,19.3,0
ORD501122,CUST101900,560035,2025-03-01 12:23:03,498.2,12.5,Home,18,2.6,0
ORD506701,CUST101740,560023,2025-03-01 13:12:35,355.55,21.8,Grocery,6,15.0,0
ORD505067,CUST101605,560113,2025-03-01 13:17:39,577.43,13.6,Beauty,19,16.9,0
ORD506695,CUST100658,560055,2025-03-01 14:00:52,1166.48,35.2,Grocery,1,16.8,0
ORD507634,CUST101931,560102,2025-03-01 14:48:42,1336.25,16.5,Home,15,10.1,0
ORD507893,CUST101463,560062,2025-03-01 16:20:40,635.68,30.3,Home,5,19.2,1
ORD501634,CUST100310,560053,2025-03-01 16:27:53,497.56,33.3,Fashion,13,12.1,1
ORD501245,CUST100393,560101,2025-03-01 16:56:24,187.58,20.3,Fashion,0,13.2,0
ORD507583,CUST101183,560024,2025-03-01 17:17:01,264.97,4.5,Electronics,2,8.1,0
ORD503372,CUST101942,560101,2025-03-01 17:24:52,466.62,18.0,Home,4,8.0,0
ORD500250,CUST100515,560119,2025-03-01 19:38:03,1363.08,27.3,Beauty,21,1.0,0
ORD507666,CUST100410,560110,2025-03-01 19:39:33,749.24,52.4,Electronics,19,13.0,1
ORD500032,CUST100057,560110,2025-03-01 20:56:20,662.44,3.3,Home,2,17.7,1
ORD500341,CUST101491,560020,2025-03-01 22:07:05,816.81,2.3,Beauty,10,20.9,1
ORD505330,CUST100545,560023,2025-03-01 22:24:14,1871.45,14.8,Fashion,0,26.9,0
ORD505659,CUST101160,560082,2025-03-01 22:59:49,305.33,12.5,Fashion,0,14.3,0
ORD501969,CUST100314,560038,2025-03-02 00:41:23,968.19,5.2,Electronics,17,8.5,0
ORD507239,CUST101964,560040,2025-03-02 01:04:45,367.57,12.9,Fashion,1,11.1,0
ORD504114,CUST101344,560055,2025-03-02 01:39:56,904.42,17.6,Home,17,18.5,0
ORD507266,CUST101714,560101,2025-03-02 02:22:05,321.72,5.8,Home,16,4.4,0
ORD506270,CUST101246,560008,2025-03-02 05:40:45,1099.33,18.8,Home,18,30.3,1
ORD501507,CUST101122,560096,2025-03-02 05:44:46,539.01,18.7,Other,13,12.6,0
ORD501863,CUST101815,560005,2025-03-02 05:54:55,430.26,38.1,Fashion,3,9.7,1
ORD500853,CUST100467,560083,2025-03-02 06:10:53,1637.72,29.4,Fashion,11,29.2,0
ORD504142,CUST100011,560092,2025-03-02 06:47:41,548.34,7.2,Home,0,18.2,0
ORD501639,CUST101717,560107,2025-03-02 07:01:58,361.13,29.4,Fashion,17,11.1,1
ORD506662,CUST101672,560086,2025-03-02 08:28:53,609.91,16.5,Other,3,6.6,0
ORD504125,CUST100306,560007,2025-03-02 08:31:57,1688.07,24.4,Fashion,17,6.4,0
ORD501726,CUST101664,560085,2025-03-02 08:32:55,1529.15,11.4,Fashion,2,15.3,1
ORD506215,CUST101677,560090,2025-03-02 08:53:36,535.77,22.1,Fashion,18,9.3,0
ORD502713,CUST101239,560021,2025-03-02 08:55:14,666.96,38.2,Beauty,16,22.4,0
ORD507901,CUST101989,560018,2025-03-02 09:04:01,227.95,6.6,Beauty,19,4.7,0
ORD500458,CUST100035,560097,2025-03-02 09:10:27,1318.18,9.9,Beauty,5,11.3,0
ORD506217,CUST100294,560002,2025-03-02 09:18:26,424.05,29.3,Fashion,20,31.7,0
ORD502833,CUST100120,560087,2025-03-02 09:57:29,4447.53,21.1,Fashion,3,6.8,0
ORD501999,CUST101889,560114,2025-03-02 10:28:20,544.74,34.1,Beauty,22,11.0,0
ORD502318,CUST100047,560113,2025-03-02 11:31:25,931.9,10.4,Other,4,12.5,0
ORD501417,CUST100210,560031,2025-03-02 11:47:46,588.99,17.5,Other,22,20.6,1
ORD503338,CUST100533,560029,2025-03-02 13:40:08,2872.64,12.6,Electronics,21,6.3,0
ORD506356,CUST101723,560051,2025-03-02 13:47:11,2156.02,22.3,Fashion,6,12.2,0
ORD507875,CUST101765,560036,2025-03-02 13:51:00,326.09,6.6,Home,0,7.5,0
ORD506433,CUST101428,560013,2025-03-02 14:15:43,448.91,42.8,Home,22,10.9,0
ORD502346,CUST100971,560118,2025-03-02 14:22:09,238.08,13.8,Grocery,1,19.5,0
ORD505501,CUST101902,560020,2025-03-02 14:32:46,497.78,5.2,Fashion,1,7.2,0
ORD504041,CUST100007,560029,2025-03-02 14:35:37,802.82,2.2,Fashion,7,14.7,0
ORD501681,CUST100361,560007,2025-03-02 14:35:52,762.15,7.9,Fashion,22,26.1,1
ORD503858,CUST100395,560110,2025-03-02 15:14:26,1150.96,27.3,Fashion,1,4.7,0
ORD500732,CUST100783,560088,2025-03-02 15:17:59,2027.9,12.1,Electronics,20,15.8,0
ORD502164,CUST101556,560012,2025-03-02 15:31:06,816.16,6.4,Fashion,2,19.6,0
ORD500466,CUST100236,560087,2025-03-02 15:34:22,320.47,10.5,Beauty,13,22.3,1
ORD504556,CUST101786,560008,2025-03-02 15:44:58,319.81,9.3,Fashion,14,12.4,1
ORD507015,CUST100508,560030,2025-03-02 16:05:48,688.73,8.7,Fashion,11,4.2,0
ORD500834,CUST100633,560117,2025-03-02 16:24:38,894.36,3.5,Home,5,14.1,0
ORD500957,CUST101669,560110,2025-03-02 17:00:17,1699.37,42.0,Beauty,13,29.5,1
ORD500951,CUST101270,560059,2025-03-02 17:26:54,606.69,13.2,Fashion,10,17.3,0
ORD504969,CUST101962,560019,2025-03-02 17:50:40,393.35,5.5,Other,16,4.8,0
ORD507227,CUST101498,560065,2025-03-02 18:28:12,871.68,38.7,Electronics,10,4.8,0
ORD505768,CUST100545,560003,2025-03-02 18:34:40,995.09,18.6,Beauty,10,12.7,0
ORD501539,CUST101294,560072,2025-03-02 18:39:47,952.75,21.1,Grocery,11,5.9,0
ORD501460,CUST101067,560019,2025-03-02 18:57:21,574.03,23.0,Fashion,5,10.1,0
ORD503337,CUST100774,560070,2025-03-02 18:58:00,1094.46,16.5,Fashion,9,11.7,0
ORD507918,CUST101628,560116,2025-03-02 19:23:43,1076.84,15.9,Electronics,19,9.9,0
ORD503314,CUST101899,560072,2025-03-02 19:35:44,1116.52,7.8,Fashion,13,1.5,0
ORD502535,CUST100440,560049,2025-03-02 20:42:07,1081.36,10.4,Home,17,2.2,0
ORD500616,CUST100921,560051,2025-03-02 22:07:28,389.89,21.6,Grocery,21,17.0,0
ORD504214,CUST100906,560039,2025-03-02 22:26:47,997.92,18.5,Home,11,1.0,0
ORD506625,CUST100231,560098,2025-03-02 22:39:41,396.91,2.8,Electronics,8,1.0,0
ORD506409,CUST100730,560049,2025-03-02 23:05:26,388.83,33.2,Fashion,8,6.2,0
ORD502533,CUST101221,560071,2025-03-02 23:15:42,1129.04,35.4,Other,23,2.0,0
ORD503725,CUST100505,560076,2025-03-03 00:37:15,1519.38,15.7,Electronics,11,7.7,0
ORD503102,CUST100231,560070,2025-03-03 00:42:53,580.19,27.2,Beauty,0,14.7,1
ORD503087,CUST101334,560064,2025-03-03 00:47:09,481.67,48.1,Fashion,15,5.0,0
ORD501880,CUST100541,560025,2025-03-03 01:49:55,806.78,6.1,Grocery,22,31.5,0
ORD507960,CUST100725,560082,2025-03-03 02:37:41,542.3,13.0,Electronics,20,8.1,1
ORD500170,CUST101608,560009,2025-03-03 03:09:01,1105.29,1.0,Fashion,21,19.3,0
ORD507617,CUST100003,560034,2025-03-03 03:11:46,398.7,29.7,Electronics,11,10.7,0
ORD505896,CUST101118,560112,2025-03-03 03:30:34,870.35,24.5,Home,8,11.8,0
ORD502521,CUST101785,560080,2025-03-03 06:05:13,925.9,13.0,Home,17,7.4,0
ORD504185,CUST100472,560044,2025-03-03 06:24:47,1286.79,4.2,Beauty,12,7.6,0
ORD501163,CUST100858,560037,2025-03-03 07:10:11,430.25,22.3,Beauty,5,16.2,0
ORD501712,CUST100542,560110,2025-03-03 07:40:14,500.8,19.0,Fashion,20,1.7,1
ORD506894,CUST100363,560024,2025-03-03 07:52:54,1229.28,17.9,Fashion,16,13.9,0
ORD507346,CUST101919,560001,2025-03-03 07:54:26,658.4,5.5,Fashion,9,22.7,1
ORD505958,CUST100359,560026,2025-03-03 09:46:14,500.17,37.3,Fashion,1,9.5,0
ORD504467,CUST101298,560049,2025-03-03 10:13:15,911.6,16.6,Other,12,1.0,0
ORD502399,CUST100410,560011,2025-03-03 10:21:10,1846.53,8.8,Fashion,17,8.9,1
ORD505649,CUST100734,560012,2025-03-03 10:30:14,984.8,7.1,Other,22,20.4,0
ORD502308,CUST101225,560115,2025-03-03 10:39:34,585.34,4.0,Fashion,20,22.0,0
ORD500010,CUST100860,560031,2025-03-03 10:56:10,1050.16,17.8,Home,7,4.4,0
ORD500990,CUST101389,560099,2025-03-03 11:38:37,567.97,7.3,Fashion,2,3.2,1
ORD506590,CUST100116,560016,2025-03-03 11:50:08,648.64,33.7,Fashion,11,15.4,0
ORD501578,CUST101665,560072,2025-03-03 12:02:02,959.0,11.4,Home,7,22.9,0
ORD507671,CUST101221,560042,2025-03-03 12:12:50,436.72,14.0,Electronics,3,10.2,1
ORD500666,CUST101203,560085,2025-03-03 12:14:51,1246.39,41.8,Fashion,15,8.6,0
ORD506434,CUST100696,560101,2025-03-03 12:35:16,238.51,30.1,Home,9,9.8,0
ORD506211,CUST100370,560081,2025-03-03 12:57:11,305.37,17.5,Fashion,2,12.5,1
ORD503111,CUST100485,560009,2025-03-03 13:06:36,364.14,12.7,Other,1,5.5,0
ORD501210,CUST101048,560048,2025-03-03 13:23:17,916.44,8.9,Fashion,18,15.8,0
ORD505841,CUST100064,560075,2025-03-03 13:45:37,466.35,32.1,Fashion,6,19.4,0
ORD504326,CUST101005,560060,2025-03-03 13:46:34,762.41,30.7,Fashion,4,11.5,0
ORD500963,CUST101551,560039,2025-03-03 13:48:22,483.17,52.9,Grocery,1,12.1,0
ORD503679,CUST101467,560081,2025-03-03 14:09:23,875.19,26.3,Beauty,1,9.1,0
ORD501289,CUST100960,560050,2025-03-03 15:56:30,976.81,14.2,Other,5,3.6,1
ORD502644,CUST100440,560062,2025-03-03 16:17:50,284.14,36.4,Beauty,15,5.0,1
ORD505941,CUST100747,560021,2025-03-03 16:37:13,671.66,35.9,Fashion,0,10.2,1
ORD506307,CUST101991,560097,2025-03-03 17:04:11,455.31,20.7,Grocery,9,15.4,1
ORD503483,CUST100616,560081,2025-03-03 17:21:03,405.28,11.2,Electronics,11,11.2,0
ORD507149,CUST101390,560077,2025-03-03 18:22:41,918.13,34.4,Grocery,16,6.3,0
ORD503993,CUST100430,560032,2025-03-03 18:27:17,708.53,4.0,Home,12,10.7,0
ORD506910,CUST100872,560077,2025-03-03 20:07:41,841.03,15.3,Beauty,18,14.2,0
ORD502977,CUST100307,560093,2025-03-03 22:02:56,304.13,13.4,Other,22,19.7,0
ORD504789,CUST101586,560038,2025-03-03 22:05:37,293.16,13.4,Electronics,18,14.4,1
ORD507275,CUST100116,560076,2025-03-04 00:24:13,512.25,3.1,Grocery,16,9.0,0
ORD500484,CUST100150,560041,2025-03-04 01:33:32,429.61,23.6,Grocery,17,22.7,0
ORD503952,CUST101828,560093,2025-03-04 02:40:27,451.06,11.3,Grocery,12,9.0,0
ORD507661,CUST100888,560114,2025-03-04 02:46:15,908.58,19.7,Home,22,19.7,0
ORD500994,CUST101931,560023,2025-03-04 03:23:08,644.23,11.0,Home,17,12.2,0
ORD503491,CUST100708,560045,2025-03-04 04:06:45,199.69,15.0,Other,5,2.6,1
ORD500165,CUST100960,560032,2025-03-04 05:39:11,516.98,1.5,Beauty,15,18.7,0
ORD505638,CUST100328,560012,2025-03-04 08:06:02,270.07,49.7,Fashion,18,8.5,1
ORD507587,CUST101269,560090,2025-03-04 08:13:19,1749.27,30.7,Grocery,3,20.8,0
ORD503601,CUST100871,560061,2025-03-04 08:36:55,753.43,30.4,Fashion,3,15.2,0
ORD505477,CUST101287,560089,2025-03-04 09:04:01,784.04,18.2,Electronics,21,14.9,1
ORD504296,CUST101669,560101,2025-03-04 09:57:43,2232.48,9.7,Fashion,16,8.2,0
ORD504721,CUST100935,560107,2025-03-04 10:39:49,1011.82,37.3,Home,2,7.2,1
ORD500917,CUST101183,560016,2025-03-04 11:19:13,496.21,11.0,Beauty,9,7.0,1
ORD501157,CUST100324,560060,2025-03-04 11:53:00,504.37,44.9,Electronics,4,7.9,0
ORD500446,CUST100129,560005,2025-03-04 12:03:07,439.94,38.8,Fashion,4,10.6,0
ORD506779,CUST100008,560035,2025-03-04 12:18:09,795.65,17.2,Grocery,22,9.5,0
ORD500794,CUST100116,560083,2025-03-04 12:22:31,885.54,15.0,Other,10,10.7,0
ORD502725,CUST100524,560009,2025-03-04 12:32:49,3662.73,11.0,Electronics,8,24.6,0
ORD507017,CUST101543,560011,2025-03-04 12:42:05,261.97,3.2,Fashion,1,23.6,1
ORD501025,CUST100302,560051,2025-03-04 12:56:04,1254.71,5.2,Fashion,15,9.8,1
ORD502229,CUST100399,560047,2025-03-04 12:57:10,461.35,26.1,Fashion,5,21.6,0
ORD502232,CUST100120,560075,2025-03-04 12:58:23,1067.44,33.1,Grocery,16,20.8,0
ORD500488,CUST100559,560053,2025-03-04 13:49:33,1181.37,1.7,Home,2,25.5,1
ORD504412,CUST100057,560074,2025-03-04 14:16:08,1178.92,7.7,Fashion,15,10.8,0
ORD506059,CUST100879,560038,2025-03-04 14:59:25,821.62,3.7,Electronics,15,18.9,0
ORD503173,CUST100028,560109,2025-03-04 15:00:16,335.12,21.6,Other,7,25.0,1
ORD506150,CUST100174,560018,2025-03-04 15:29:46,1675.92,39.5,Fashion,5,8.8,0
ORD506412,CUST101733,560116,2025-03-04 16:11:17,391.12,19.9,Other,16,22.2,0
ORD504848,CUST100204,560085,2025-03-04 17:00:17,4204.92,9.7,Grocery,20,9.5,0
ORD500638,CUST101785,560010,2025-03-04 17:22:21,694.79,35.4,Electronics,23,8.1,0
ORD502435,CUST100935,560114,2025-03-04 18:17:38,787.26,1.3,Home,0,7.0,0
ORD500317,CUST101465,560088,2025-03-04 18:27:17,618.33,2.5,Fashion,16,11.8,1
ORD507345,CUST101353,560051,2025-03-04 18:58:46,472.98,38.1,Other,16,3.6,0
ORD507242,CUST101972,560075,2025-03-04 19:16:32,485.18,18.5,Other,13,6.9,1
ORD507827,CUST101183,560036,2025-03-04 19:27:03,440.82,34.1,Electronics,5,22.7,1
ORD504522,CUST100582,560056,2025-03-04 19:27:38,598.19,8.7,Grocery,9,5.4,1
ORD503037,CUST100725,560090,2025-03-04 19:30:22,1225.9,21.1,Electronics,2,6.7,0
ORD507167,CUST100007,560032,2025-03-04 19:43:19,1119.03,17.7,Electronics,19,9.7,0
ORD504280,CUST100054,560032,2025-03-04 20:06:46,721.04,49.2,Electronics,19,5.1,0
ORD504290,CUST101281,560084,2025-03-04 20:07:30,286.3,6.2,Beauty,10,13.8,0
ORD506121,CUST101619,560017,2025-03-04 20:11:01,434.77,28.0,Fashion,7,14.0,0
ORD504353,CUST101246,560047,2025-03-04 20:18:58,292.18,16.7,Other,13,11.6,0
ORD505555,CUST101265,560064,2025-03-04 20:22:08,1086.92,18.5,Beauty,10,10.4,0
ORD505033,CUST100001,560066,2025-03-04 20:38:45,497.95,62.7,Home,16,33.5,0
ORD505399,CUST100424,560016,2025-03-04 21:40:19,864.07,21.7,Electronics,0,21.3,0
ORD503841,CUST100541,560011,2025-03-04 22:19:19,494.09,15.8,Fashion,9,2.4,0
ORD506755,CUST100141,560027,2025-03-04 23:40:35,875.12,3.7,Electronics,8,14.6,0
ORD507594,CUST100687,560041,2025-03-05 01:49:29,884.35,35.3,Fashion,0,13.7,0
ORD505202,CUST100801,560033,2025-03-05 02:53:57,345.5,22.9,Home,9,16.5,0
ORD504625,CUST101758,560063,2025-03-05 05:22:33,968.67,7.2,Home,17,23.7,0
ORD506711,CUST100687,560048,2025-03-05 05:39:54,762.32,7.5,Beauty,20,7.9,1
ORD505886,CUST100007,560030,2025-03-05 05:57:42,602.62,20.7,Beauty,20,1.4,0
ORD504313,CUST101669,560059,2025-03-05 06:02:56,2537.42,26.4,Grocery,22,15.7,1
ORD506431,CUST100304,560022,2025-03-05 06:46:21,426.66,7.1,Fashion,4,15.7,0
ORD504571,CUST100557,560084,2025-03-05 07:17:59,729.24,29.7,Home,16,7.1,0
ORD503495,CUST100400,560113,2025-03-05 07:52:48,781.38,16.5,Fashion,15,25.0,1
ORD501643,CUST100852,560003,2025-03-05 08:05:39,838.19,13.0,Fashion,5,18.7,0
ORD506298,CUST101930,560109,2025-03-05 08:34:39,841.98,4.5,Grocery,21,19.0,0
ORD502621,CUST100185,560016,2025-03-05 09:00:12,504.05,5.8,Home,17,12.8,0
ORD506462,CUST101762,560065,2025-03-05 09:32:57,395.92,13.7,Beauty,21,16.2,0
ORD503730,CUST100573,560119,2025-03-05 12:03:02,230.54,35.2,Electronics,9,10.5,0
ORD504126,CUST100306,560072,2025-03-05 12:30:37,1086.87,33.8,Home,6,28.0,1
ORD502817,CUST100236,560076,2025-03-05 12:32:10,974.18,39.8,Other,1,9.6,0
ORD506547,CUST100354,560057,2025-03-05 13:05:42,494.32,35.3,Electronics,17,11.0,0
ORD506417,CUST101013,560117,2025-03-05 13:24:21,979.76,2.3,Fashion,5,18.2,0
ORD501220,CUST101516,560060,2025-03-05 14:00:32,385.64,4.7,Home,8,4.3,0
ORD505528,CUST101294,560022,2025-03-05 14:48:45,244.36,15.0,Fashion,8,10.5,0
ORD507849,CUST100067,560097,2025-03-05 15:28:38,692.73,15.4,Beauty,7,22.0,0
ORD501519,CUST100004,560100,2025-03-05 16:00:27,502.87,35.3,Electronics,5,7.4,0
ORD503097,CUST101566,560100,2025-03-05 16:02:53,420.28,34.5,Fashion,21,18.0,0
ORD507743,CUST100725,560028,2025-03-05 16:47:20,555.69,23.7,Home,3,1.2,0
ORD503805,CUST101747,560101,2025-03-05 17:17:18,860.64,29.2,Fashion,1,4.0,0
ORD505237,CUST101230,560107,2025-03-05 17:43:04,735.37,6.6,Other,18,5.8,0
ORD505149,CUST100182,560103,2025-03-05 18:15:47,701.08,35.2,Beauty,18,8.1,0
ORD502288,CUST100725,560033,2025-03-05 20:46:52,404.62,12.0,Electronics,8,25.0,0
ORD501435,CUST101112,560107,2025-03-05 20:54:34,1637.62,65.2,Fashion,10,11.8,0
ORD501925,CUST101390,560023,2025-03-05 20:55:27,1138.73,47.0,Fashion,1,8.6,0
ORD501281,CUST100431,560076,2025-03-05 21:09:18,1601.11,32.7,Electronics,3,12.4,1
ORD504951,CUST101955,560003,2025-03-05 22:20:22,367.38,21.9,Other,10,16.3,1
ORD502851,CUST101037,560090,2025-03-05 22:32:17,1646.64,20.2,Home,18,1.0,0
ORD507209,CUST101064,560008,2025-03-05 23:07:01,520.74,13.6,Beauty,10,2.2,0
ORD504747,CUST101634,560070,2025-03-06 00:01:38,241.89,5.8,Grocery,6,7.0,0
ORD507318,CUST100154,560115,2025-03-06 01:10:25,906.96,5.5,Fashion,0,11.5,0
ORD506760,CUST100222,560105,2025-03-06 01:27:33,696.78,13.4,Fashion,18,9.3,0
ORD506317,CUST100398,560025,2025-03-06 01:44:08,1007.85,17.7,Grocery,12,9.4,0
ORD505365,CUST100723,560118,2025-03-06 02:37:49,1379.48,15.6,Fashion,23,14.3,0
ORD506679,CUST101551,560072,2025-03-06 03:58:16,562.01,13.0,Electronics,20,6.3,0
ORD502021,CUST100805,560033,2025-03-06 04:09:46,862.08,22.6,Fashion,18,25.5,0
ORD506797,CUST101505,560117,2025-03-06 04:14:50,388.69,22.0,Fashion,1,7.2,0
ORD505599,CUST101768,560045,2025-03-06 04:44:01,379.05,17.5,Electronics,14,2.7,0
ORD504667,CUST101777,560007,2025-03-06 05:17:21,555.16,30.4,Other,19,17.7,1
ORD506599,CUST101239,560107,2025-03-06 05:36:39,812.15,25.0,Beauty,14,14.3,1
ORD500913,CUST101055,560112,2025-03-06 06:03:46,623.88,45.9,Beauty,9,14.7,0
ORD505570,CUST101922,560097,2025-03-06 07:41:14,987.47,13.8,Home,16,12.1,0
ORD500644,CUST100911,560055,2025-03-06 08:00:42,788.59,30.0,Electronics,13,1.0,0
ORD500418,CUST101800,560069,2025-03-06 08:11:15,280.75,25.9,Electronics,2,3.5,0
ORD506166,CUST100532,560048,2025-03-06 10:01:58,981.0,23.1,Grocery,13,5.9,0
ORD501299,CUST101062,560054,2025-03-06 10:54:11,694.56,12.7,Beauty,22,30.6,1
ORD507076,CUST101652,560115,2025-03-06 13:29:28,999.57,5.7,Home,3,10.0,0
ORD501445,CUST101239,560011,2025-03-06 14:39:16,1251.19,13.0,Beauty,16,12.3,0
ORD503232,CUST101623,560006,2025-03-06 14:59:17,351.5,12.2,Beauty,13,6.2,0
ORD500352,CUST101106,560013,2025-03-06 15:06:49,861.28,49.8,Other,3,2.1,0
ORD503555,CUST101737,560034,2025-03-06 15:21:02,860.96,6.3,Other,17,18.9,0
ORD507972,CUST100987,560111,2025-03-06 15:44:19,869.08,57.8,Beauty,1,22.9,1
ORD500348,CUST101447,560077,2025-03-06 16:13:50,908.25,24.6,Electronics,19,9.8,0
ORD504940,CUST101476,560059,2025-03-06 16:26:28,709.54,12.8,Other,9,12.8,0
ORD507069,CUST101641,560034,2025-03-06 16:33:21,161.91,4.6,Electronics,1,12.0,0
ORD502904,CUST100807,560010,2025-03-06 17:14:27,470.55,6.3,Other,13,6.5,1
ORD500777,CUST100695,560016,2025-03-06 17:44:17,495.04,5.9,Fashion,0,19.3,0
ORD507249,CUST100541,560029,2025-03-06 19:05:09,333.36,6.0,Fashion,5,1.0,0
ORD502830,CUST100759,560083,2025-03-06 19:06:41,476.72,27.5,Fashion,21,17.6,1
ORD507042,CUST100414,560015,2025-03-06 19:08:14,392.35,6.2,Fashion,17,13.9,0
ORD500416,CUST100398,560114,2025-03-06 19:32:03,402.12,10.4,Home,13,3.3,0
ORD504685,CUST100032,560049,2025-03-06 20:19:36,1059.66,4.9,Electronics,14,16.5,0
ORD500256,CUST101672,560031,2025-03-06 20:37:52,924.65,24.1,Beauty,9,10.8,0
ORD503703,CUST101257,560003,2025-03-06 20:44:37,466.37,9.4,Fashion,22,17.4,0
ORD506597,CUST101640,560071,2025-03-06 21:14:16,638.44,14.9,Fashion,3,13.5,0
ORD505242,CUST100057,560023,2025-03-06 21:20:21,1588.61,16.2,Home,3,21.2,0
ORD504460,CUST100305,560069,2025-03-06 21:21:21,446.01,31.4,Beauty,12,7.8,0
ORD503845,CUST101272,560039,2025-03-06 21:27:51,709.66,24.5,Home,17,11.6,0
ORD502000,CUST100682,560108,2025-03-06 22:52:47,957.69,4.8,Electronics,15,22.0,0
ORD507001,CUST101082,560062,2025-03-06 23:02:00,493.82,19.1,Home,15,13.1,1
ORD504272,CUST100308,560004,2025-03-07 00:16:05,1266.43,12.1,Home,4,19.2,0
ORD503813,CUST100098,560094,2025-03-07 03:33:04,1558.68,42.0,Fashion,13,22.3,0
ORD507718,CUST101479,560016,2025-03-07 03:40:03,695.48,12.3,Grocery,10,16.2,0
ORD505957,CUST100868,560026,2025-03-07 04:14:47,1008.27,26.7,Grocery,14,23.7,0
ORD506188,CUST101929,560077,2025-03-07 05:29:49,445.63,13.6,Home,4,14.1,1
ORD502994,CUST100877,560103,2025-03-07 05:42:57,551.38,24.6,Grocery,21,3.3,0
ORD506226,CUST101183,560095,2025-03-07 06:26:48,1192.0,32.5,Other,3,5.9,1
ORD504881,CUST100580,560002,2025-03-07 07:07:00,819.96,13.7,Fashion,10,10.9,0
ORD502951,CUST100610,560110,2025-03-07 07:08:15,3140.66,33.7,Electronics,6,13.5,0
ORD505883,CUST100922,560059,2025-03-07 07:15:53,282.43,2.7,Fashion,13,7.0,0
ORD502047,CUST100669,560067,2025-03-07 07:55:45,463.01,7.2,Fashion,22,25.7,0
ORD503692,CUST100674,560062,2025-03-07 08:24:36,439.85,16.0,Beauty,23,6.6,0
ORD504257,CUST101739,560024,2025-03-07 11:28:43,761.01,23.8,Fashion,19,6.2,0
ORD505420,CUST101804,560093,2025-03-07 12:42:08,2202.75,38.9,Grocery,10,8.9,0
ORD505383,CUST101900,560011,2025-03-07 13:22:57,699.27,43.1,Electronics,6,11.3,0
ORD504118,CUST101203,560047,2025-03-07 13:47:59,456.72,6.5,Home,5,6.0,1
ORD501781,CUST100403,560039,2025-03-07 14:05:29,1896.59,22.1,Electronics,5,1.3,0
ORD501405,CUST100306,560003,2025-03-07 14:05:52,491.24,24.3,Fashion,17,9.4,0
ORD500029,CUST100872,560110,2025-03-07 14:10:10,1639.37,51.3,Other,10,6.6,0
ORD504908,CUST100998,560047,2025-03-07 16:10:56,944.98,22.9,Electronics,16,11.0,0
ORD507250,CUST101348,560097,2025-03-07 16:22:45,355.31,7.6,Electronics,5,3.4,0
ORD502727,CUST100150,560117,2025-03-07 17:04:21,920.41,6.3,Electronics,2,4.3,0
ORD500303,CUST100651,560094,2025-03-07 17:06:08,2883.85,12.3,Electronics,6,10.8,0
ORD502820,CUST101692,560079,2025-03-07 17:07:29,372.11,7.0,Fashion,11,9.2,1
ORD500751,CUST101463,560058,2025-03-07 17:11:52,610.31,33.5,Electronics,12,10.8,0
ORD504160,CUST100064,560058,2025-03-07 18:28:15,275.12,22.5,Electronics,20,8.1,0
ORD505918,CUST100810,560023,2025-03-07 19:09:39,263.01,15.4,Home,23,24.2,0
ORD505842,CUST101550,560072,2025-03-07 19:12:02,1830.17,5.4,Fashion,5,16.8,0
ORD502972,CUST100399,560098,2025-03-07 21:06:43,1233.99,4.8,Fashion,20,26.4,1
ORD502486,CUST101160,560114,2025-03-07 21:23:48,786.51,11.2,Electronics,8,9.4,0
ORD505862,CUST100660,560045,2025-03-07 22:40:58,1022.15,23.6,Grocery,4,7.5,1
ORD503803,CUST101966,560063,2025-03-08 01:09:51,677.67,9.3,Home,7,10.9,0
ORD504530,CUST100047,560057,2025-03-08 03:20:49,1284.52,31.6,Fashion,13,13.8,0
ORD507642,CUST100281,560022,2025-03-08 03:36:31,687.3,14.4,Fashion,2,13.6,0
ORD506446,CUST101104,560068,2025-03-08 04:34:54,2106.82,27.4,Electronics,12,8.1,1
ORD504161,CUST101184,560081,2025-03-08 05:17:19,299.0,48.4,Electronics,9,18.4,0
ORD503216,CUST101957,560095,2025-03-08 05:22:16,1138.71,34.3,Fashion,4,17.9,0
ORD500262,CUST101592,560057,2025-03-08 05:26:50,663.16,31.4,Fashion,11,23.7,0
ORD502624,CUST100572,560023,2025-03-08 05:28:23,510.38,9.4,Beauty,0,3.5,0
ORD505170,CUST100742,560037,2025-03-08 05:49:33,2391.44,7.3,Beauty,11,5.0,0
ORD502697,CUST100989,560116,2025-03-08 06:29:35,928.26,3.0,Home,6,17.8,0
ORD503428,CUST101106,560095,2025-03-08 06:47:25,2430.12,24.9,Fashion,11,17.0,0
ORD502017,CUST101586,560076,2025-03-08 07:25:54,1233.7,26.8,Grocery,1,19.4,0
ORD501899,CUST101560,560050,2025-03-08 08:41:30,1228.24,21.9,Beauty,20,2.0,0
ORD503706,CUST101203,560044,2025-03-08 08:50:23,888.87,40.6,Home,14,3.1,1
ORD503223,CUST100406,560008,2025-03-08 08:58:28,279.26,15.7,Fashion,16,14.1,1
ORD505248,CUST101431,560042,2025-03-08 09:17:12,843.33,32.4,Other,16,5.3,0
ORD503994,CUST100275,560044,2025-03-08 10:43:33,798.13,7.3,Beauty,12,17.6,0
ORD504091,CUST101775,560056,2025-03-08 10:44:38,1572.06,24.1,Fashion,20,9.7,0
ORD507905,CUST100563,560084,2025-03-08 11:01:52,155.35,20.7,Fashion,10,3.1,0
ORD505386,CUST101209,560016,2025-03-08 11:58:28,415.98,28.5,Home,20,13.5,0
ORD502135,CUST101541,560084,2025-03-08 13:40:59,1442.25,24.8,Grocery,1,12.8,0
ORD501623,CUST101062,560009,2025-03-08 14:28:24,297.69,19.3,Home,9,18.7,1
ORD502547,CUST101268,560103,2025-03-08 14:51:07,297.61,14.9,Fashion,7,6.6,1
ORD502526,CUST100395,560024,2025-03-08 15:19:39,726.37,51.3,Fashion,17,10.0,0
ORD502728,CUST100410,560032,2025-03-08 15:40:18,326.78,29.5,Home,6,10.5,0
ORD501944,CUST100057,560018,2025-03-08 16:19:19,435.84,29.9,Beauty,1,1.0,0
ORD503398,CUST101183,560011,2025-03-08 16:24:53,1503.82,28.9,Home,2,28.8,1
ORD500889,CUST101968,560024,2025-03-08 16:58:14,966.16,31.3,Other,17,15.5,0
ORD505551,CUST100995,560031,2025-03-08 17:19:48,701.04,24.2,Fashion,19,3.0,0
ORD505190,CUST100754,560087,2025-03-08 17:40:59,1169.35,6.4,Other,4,15.4,0
ORD503333,CUST101360,560036,2025-03-08 19:19:14,550.82,14.2,Fashion,21,10.9,0
ORD503660,CUST100386,560073,2025-03-08 19:33:50,799.41,42.9,Beauty,17,24.0,0
ORD501985,CUST101955,560073,2025-03-08 20:11:03,210.02,13.5,Fashion,8,26.1,0
ORD500745,CUST101389,560014,2025-03-08 20:43:24,574.12,43.1,Electronics,23,25.7,0
ORD504192,CUST100570,560072,2025-03-08 21:10:14,870.25,1.1,Beauty,11,5.4,0
ORD505757,CUST100514,560002,2025-03-08 21:37:04,332.42,26.4,Home,0,18.8,0
ORD500674,CUST101622,560036,2025-03-08 22:04:38,227.03,14.8,Grocery,7,24.1,0
ORD505280,CUST101404,560118,2025-03-08 22:10:03,210.79,11.7,Fashion,5,12.2,0
ORD500231,CUST100801,560084,2025-03-08 22:20:02,678.67,12.3,Fashion,1,7.7,0
ORD506601,CUST100303,560054,2025-03-08 22:36:15,699.84,20.5,Home,4,12.8,0
ORD504917,CUST101199,560029,2025-03-08 22:58:19,254.16,15.2,Fashion,9,9.9,0
ORD502384,CUST100759,560074,2025-03-08 22:58:34,1180.1,4.3,Fashion,20,24.8,0
ORD502495,CUST101268,560052,2025-03-08 23:26:52,556.25,12.3,Electronics,15,19.2,0
ORD507152,CUST100289,560006,2025-03-09 00:08:55,539.96,32.2,Fashion,21,16.0,1
ORD507168,CUST101237,560037,2025-03-09 01:28:13,841.28,16.9,Electronics,20,14.6,0
ORD507719,CUST100584,560110,2025-03-09 02:05:26,275.52,13.3,Fashion,22,3.0,0
ORD507863,CUST100516,560070,2025-03-09 02:43:33,258.13,11.6,Other,6,5.9,0
ORD504080,CUST101045,560071,2025-03-09 03:12:50,193.34,56.0,Home,4,5.5,0
ORD502836,CUST101080,560093,2025-03-09 04:08:40,552.24,23.6,Fashion,7,7.7,0
ORD501114,CUST100725,560101,2025-03-09 05:32:26,1140.1,15.5,Fashion,14,2.5,0
ORD501226,CUST100508,560079,2025-03-09 06:13:00,1955.22,1.9,Beauty,14,7.3,0
ORD501112,CUST100256,560061,2025-03-09 06:20:22,767.53,45.0,Other,9,6.6,0
ORD503567,CUST100942,560019,2025-03-09 07:19:26,806.46,14.6,Electronics,3,1.0,0
ORD501342,CUST101793,560073,2025-03-09 07:32:04,891.9,5.9,Electronics,1,4.5,0
ORD500868,CUST101246,560116,2025-03-09 07:53:28,829.47,19.8,Grocery,15,10.3,1
ORD502958,CUST100321,560087,2025-03-09 08:24:12,846.75,17.5,Fashion,3,11.2,0
ORD507110,CUST100183,560080,2025-03-09 10:31:17,980.72,30.4,Other,17,9.2,0
ORD502426,CUST100551,560034,2025-03-09 10:41:12,200.61,13.1,Grocery,7,31.6,1
ORD504746,CUST100204,560080,2025-03-09 10:56:16,738.39,28.4,Electronics,4,1.9,1
ORD505043,CUST101164,560040,2025-03-09 11:00:48,1222.73,14.3,Grocery,5,10.7,0
ORD505496,CUST101974,560066,2025-03-09 11:11:18,1172.11,11.9,Beauty,3,20.4,1
ORD501689,CUST101767,560023,2025-03-09 11:46:39,382.55,15.2,Home,21,24.5,1
ORD505368,CUST100306,560020,2025-03-09 11:49:24,360.12,10.2,Electronics,7,15.8,0
ORD500273,CUST101693,560009,2025-03-09 12:15:34,306.18,11.4,Home,6,6.7,0
ORD502150,CUST101771,560087,2025-03-09 12:58:46,1342.81,4.7,Electronics,22,24.3,0
ORD506970,CUST101662,560040,2025-03-09 14:23:43,539.09,8.2,Fashion,21,10.2,0
ORD500315,CUST100837,560049,2025-03-09 15:04:44,1154.16,29.3,Electronics,19,8.7,0
ORD506172,CUST100921,560114,2025-03-09 15:07:02,570.49,24.8,Fashion,10,23.1,0
ORD507673,CUST101225,560093,2025-03-09 16:13:43,402.35,26.8,Fashion,21,13.8,0
ORD501212,CUST101701,560075,2025-03-09 16:17:08,441.33,15.0,Electronics,11,3.7,0
ORD500395,CUST101959,560081,2025-03-09 16:32:36,940.32,7.5,Home,0,8.3,1
ORD500243,CUST100536,560096,2025-03-09 17:00:19,1299.7,38.5,Fashion,14,12.0,0
ORD504485,CUST100998,560119,2025-03-09 17:01:04,1468.86,9.2,Grocery,20,12.0,0
ORD500865,CUST101989,560093,2025-03-09 17:35:48,830.47,12.4,Fashion,3,21.2,0
ORD505482,CUST100474,560079,2025-03-09 18:16:45,153.13,17.4,Fashion,3,5.5,0
ORD506630,CUST101184,560011,2025-03-09 18:27:07,386.55,17.6,Fashion,8,9.5,0
ORD504806,CUST101592,560100,2025-03-09 20:34:29,1434.21,21.2,Beauty,12,17.7,0
ORD502169,CUST101390,560007,2025-03-09 20:35:31,155.4,10.7,Fashion,16,5.7,0
ORD503424,CUST101674,560030,2025-03-09 20:39:58,619.54,12.3,Beauty,2,18.4,0
ORD507395,CUST100707,560033,2025-03-09 22:17:37,703.72,11.8,Electronics,13,3.5,0
ORD506503,CUST101191,560009,2025-03-09 22:26:29,2117.44,3.1,Electronics,14,9.7,0
ORD506651,CUST101962,560021,2025-03-09 23:03:34,406.13,1.1,Home,11,11.0,0
ORD506746,CUST101852,560045,2025-03-09 23:05:37,935.42,14.5,Grocery,10,5.0,0
ORD505277,CUST100413,560118,2025-03-10 00:14:38,377.37,11.2,Fashion,8,14.9,0
ORD507589,CUST101115,560090,2025-03-10 01:10:56,521.2,11.8,Fashion,16,8.0,0
ORD506297,CUST101494,560106,2025-03-10 02:08:15,965.76,19.5,Electronics,2,18.5,0
ORD507621,CUST100238,560104,2025-03-10 03:40:54,379.01,15.9,Fashion,16,5.3,0
ORD507853,CUST100594,560006,2025-03-10 04:06:34,1352.45,15.4,Fashion,23,5.7,1
ORD502745,CUST100302,560108,2025-03-10 04:33:52,762.2,11.6,Other,14,5.1,0
ORD507582,CUST101760,560074,2025-03-10 04:50:52,1603.28,9.8,Electronics,23,14.8,0
ORD502514,CUST100807,560058,2025-03-10 05:00:13,2449.34,39.7,Other,20,4.7,0
ORD501051,CUST100376,560039,2025-03-10 05:12:40,155.36,24.0,Home,9,1.0,0
ORD503546,CUST101062,560103,2025-03-10 05:31:37,363.06,4.2,Electronics,6,4.3,0
ORD506072,CUST101858,560006,2025-03-10 05:56:14,1382.62,32.4,Grocery,9,4.8,0
ORD506642,CUST101786,560074,2025-03-10 07:20:42,414.93,32.1,Fashion,5,6.7,0
ORD503129,CUST101638,560059,2025-03-10 08:22:49,414.95,9.4,Electronics,16,25.8,0
ORD503512,CUST101465,560100,2025-03-10 09:28:20,924.43,20.5,Electronics,13,17.9,1
ORD500730,CUST101619,560009,2025-03-10 10:29:24,523.16,17.0,Electronics,6,23.5,0
ORD500093,CUST100068,560035,2025-03-10 11:36:02,519.2,5.6,Fashion,8,16.2,0
ORD503164,CUST101262,560103,2025-03-10 11:50:10,579.6,11.2,Electronics,9,1.7,0
ORD505082,CUST101532,560032,2025-03-10 12:07:56,450.93,17.9,Fashion,19,1.0,0
ORD500503,CUST100151,560016,2025-03-10 12:45:12,629.69,6.9,Other,2,9.7,0
ORD504673,CUST101425,560009,2025-03-10 12:46:46,1353.09,35.8,Grocery,16,8.5,0
ORD502825,CUST100742,560057,2025-03-10 13:04:48,684.53,40.3,Fashion,15,2.1,0
ORD505572,CUST101397,560107,2025-03-10 13:07:33,598.92,18.2,Fashion,17,2.3,0
ORD503628,CUST101739,560099,2025-03-10 13:13:39,856.39,15.8,Grocery,7,14.0,1
ORD502133,CUST100235,560008,2025-03-10 13:13:51,791.65,12.8,Fashion,21,30.7,0
ORD500397,CUST101858,560014,2025-03-10 13:25:40,826.9,16.1,Beauty,20,6.2,1
ORD505930,CUST100988,560053,2025-03-10 13:37:50,2308.23,30.8,Electronics,21,5.8,0
ORD502008,CUST101687,560079,2025-03-10 14:30:15,2437.06,8.2,Fashion,14,11.1,0
ORD501038,CUST100001,560054,2025-03-10 14:36:02,872.29,20.9,Fashion,11,20.6,0
ORD504608,CUST100860,560097,2025-03-10 14:47:25,433.18,29.0,Grocery,3,25.0,0
ORD502909,CUST101505,560079,2025-03-10 16:39:25,338.14,29.3,Electronics,20,12.1,0
ORD503302,CUST101106,560033,2025-03-10 17:00:46,576.28,30.8,Fashion,9,1.1,0
ORD501708,CUST101296,560112,2025-03-10 17:25:03,235.37,6.6,Fashion,10,11.3,0
ORD500808,CUST101164,560036,2025-03-10 17:44:08,639.88,47.5,Grocery,13,4.7,0
ORD503927,CUST100965,560116,2025-03-10 18:19:31,1904.51,12.1,Grocery,6,9.0,0
ORD503084,CUST100577,560002,2025-03-10 19:18:31,829.15,16.8,Other,5,19.1,0
ORD507566,CUST101473,560118,2025-03-10 19:25:30,688.88,3.6,Other,16,20.6,0
ORD506416,CUST101995,560086,2025-03-10 19:31:01,893.26,12.5,Other,13,2.0,0
ORD502993,CUST100849,560029,2025-03-10 20:07:08,646.64,0.1,Electronics,14,8.7,0
ORD502608,CUST101639,560074,2025-03-10 21:08:20,1662.37,7.4,Fashion,13,16.1,0
ORD502693,CUST100879,560118,2025-03-10 22:27:01,2035.5,7.9,Beauty,22,24.7,0
ORD507825,CUST100007,560096,2025-03-10 22:31:41,324.95,11.3,Electronics,1,11.4,0
ORD505651,CUST100975,560039,2025-03-10 23:07:55,1676.42,1.2,Home,7,16.4,0
ORD501362,CUST100297,560032,2025-03-10 23:22:05,150.0,49.2,Electronics,10,9.0,0
ORD502880,CUST100008,560027,2025-03-10 23:50:53,337.32,8.4,Other,19,14.9,0
ORD505430,CUST100515,560093,2025-03-11 00:11:47,863.21,15.9,Home,21,18.1,0
ORD502636,CUST101875,560072,2025-03-11 00:13:52,3797.86,14.1,Fashion,21,6.8,0
ORD500135,CUST100516,560065,2025-03-11 00:31:53,263.09,15.8,Home,17,16.9,0
ORD504097,CUST100774,560031,2025-03-11 01:25:09,543.6,15.4,Other,9,14.5,0
ORD506474,CUST101013,560029,2025-03-11 02:21:32,471.65,4.6,Home,1,11.7,0
ORD504861,CUST101295,560090,2025-03-11 02:46:35,286.96,34.5,Home,15,19.3,0
ORD505976,CUST100227,560034,2025-03-11 02:52:10,1003.81,24.8,Fashion,5,20.6,1
ORD503044,CUST101430,560004,2025-03-11 03:25:20,948.72,11.4,Other,2,31.7,0
ORD502571,CUST100616,560002,2025-03-11 03:28:33,456.52,15.8,Electronics,20,19.5,0
ORD500879,CUST100299,560017,2025-03-11 04:00:35,1434.11,12.8,Other,11,19.6,0
ORD506403,CUST100089,560066,2025-03-11 04:06:49,800.02,16.0,Electronics,20,11.7,0
ORD502113,CUST101951,560101,2025-03-11 05:17:06,1226.05,23.1,Electronics,2,1.0,0
ORD507350,CUST100843,560006,2025-03-11 05:29:25,453.43,11.1,Home,22,16.8,0
ORD504656,CUST100424,560092,2025-03-11 05:39:43,256.61,12.9,Fashion,22,14.6,1
ORD504626,CUST101335,560088,2025-03-11 06:54:41,1228.17,5.5,Home,2,28.7,0
ORD505011,CUST100705,560045,2025-03-11 07:13:04,955.32,17.3,Home,9,11.4,1
ORD504194,CUST101642,560068,2025-03-11 07:13:33,708.76,22.7,Beauty,2,14.0,0
ORD505732,CUST100747,560069,2025-03-11 08:01:05,222.51,13.0,Grocery,15,9.6,0
ORD500689,CUST100318,560087,2025-03-11 08:21:12,428.78,46.5,Grocery,4,1.6,0
ORD506901,CUST101730,560027,2025-03-11 08:48:32,195.42,1.6,Electronics,13,9.5,0
ORD507255,CUST100547,560033,2025-03-11 09:05:16,451.16,22.6,Home,6,11.9,1
ORD500998,CUST101628,560068,2025-03-11 09:16:49,333.33,4.1,Beauty,8,2.4,0
ORD505109,CUST100380,560000,2025-03-11 10:26:41,1131.23,20.6,Electronics,8,15.5,0
ORD501111,CUST100114,560005,2025-03-11 10:36:18,569.57,37.6,Fashion,5,5.3,0
ORD506712,CUST100651,560119,2025-03-11 11:07:17,840.2,22.0,Home,12,21.3,0
ORD501325,CUST101579,560078,2025-03-11 11:32:13,657.08,7.3,Beauty,5,12.4,0
ORD502577,CUST100566,560041,2025-03-11 11:39:55,967.79,0.5,Fashion,12,6.1,1
ORD505888,CUST100520,560026,2025-03-11 11:50:01,753.41,1.7,Electronics,4,6.7,1
ORD505733,CUST101553,560052,2025-03-11 13:01:42,557.93,49.4,Fashion,20,4.2,0
ORD502088,CUST101730,560008,2025-03-11 13:15:14,1955.59,10.6,Home,19,8.0,0
ORD501279,CUST101823,560113,2025-03-11 14:04:46,1960.86,25.3,Grocery,10,3.0,0
ORD506203,CUST101167,560117,2025-03-11 14:36:27,1412.9,6.4,Other,19,10.3,0
ORD507778,CUST101412,560019,2025-03-11 15:00:28,216.46,9.8,Fashion,19,2.7,0
ORD502467,CUST100844,560100,2025-03-11 15:32:27,1029.74,26.7,Fashion,18,13.7,0
ORD507306,CUST101786,560092,2025-03-11 15:39:24,887.29,7.3,Other,17,1.8,0
ORD506657,CUST101794,560106,2025-03-11 16:10:59,318.39,3.2,Fashion,2,4.0,0
ORD500370,CUST100872,560081,2025-03-11 16:30:51,557.98,3.9,Electronics,22,7.6,0
ORD500907,CUST100365,560063,2025-03-11 17:13:28,517.61,16.7,Home,5,8.7,0
ORD507826,CUST101187,560063,2025-03-11 17:33:25,1163.38,8.1,Home,21,6.3,0
ORD507379,CUST100274,560106,2025-03-11 18:44:42,401.01,29.0,Grocery,16,16.0,0
ORD505346,CUST101498,560026,2025-03-11 19:03:49,1560.83,15.9,Fashion,15,8.6,0
ORD505907,CUST100707,560059,2025-03-11 20:00:00,1191.14,21.7,Grocery,12,14.1,0
ORD505334,CUST100906,560047,2025-03-11 20:27:22,548.19,16.8,Fashion,2,12.7,0
ORD503194,CUST101160,560012,2025-03-11 20:35:18,528.82,26.3,Fashion,3,9.8,0
ORD504778,CUST101138,560118,2025-03-11 21:20:09,459.48,38.6,Fashion,8,5.9,0
ORD504532,CUST100620,560076,2025-03-11 21:23:54,1110.73,44.8,Other,23,4.8,0
ORD504732,CUST100444,560102,2025-03-11 21:42:00,396.08,26.7,Electronics,12,10.5,1
ORD503394,CUST101674,560010,2025-03-11 22:19:49,724.71,8.3,Fashion,6,11.8,0
ORD505231,CUST101207,560074,2025-03-11 23:53:40,767.03,15.7,Grocery,10,7.7,0
ORD500129,CUST100095,560017,2025-03-12 00:05:32,307.49,27.0,Electronics,1,17.3,1
ORD501432,CUST101038,560074,2025-03-12 00:28:48,512.83,6.0,Electronics,2,12.0,0
ORD501728,CUST100557,560040,2025-03-12 00:33:52,496.21,18.1,Electronics,8,13.6,0
ORD507954,CUST101298,560071,2025-03-12 01:41:04,763.94,33.9,Home,4,20.5,1
ORD504198,CUST101048,560013,2025-03-12 02:49:39,204.35,8.5,Electronics,5,11.4,0
ORD506915,CUST101674,560108,2025-03-12 03:01:26,951.0,5.5,Other,13,15.5,0
ORD504638,CUST101904,560092,2025-03-12 03:41:17,444.15,0.4,Grocery,7,14.6,1
ORD502069,CUST101836,560061,2025-03-12 05:34:24,487.9,27.6,Home,8,29.0,0
ORD504680,CUST100657,560032,2025-03-12 05:48:04,830.85,23.4,Electronics,18,12.3,0
ORD505371,CUST101790,560092,2025-03-12 06:14:48,539.22,23.4,Fashion,1,4.7,1
ORD504361,CUST100435,560022,2025-03-12 06:16:46,647.01,15.7,Fashion,4,1.0,0
ORD505203,CUST101258,560033,2025-03-12 07:49:12,655.71,9.9,Fashion,20,22.3,1
ORD505290,CUST101229,560097,2025-03-12 07:52:48,358.07,14.7,Grocery,5,18.0,0
ORD502814,CUST100116,560101,2025-03-12 07:57:51,531.91,29.9,Fashion,12,14.5,0
ORD501947,CUST100924,560000,2025-03-12 08:42:32,638.42,15.5,Other,3,12.3,0
ORD502403,CUST100007,560046,2025-03-12 08:51:47,1299.79,25.8,Grocery,7,12.8,0
ORD505536,CUST100538,560060,2025-03-12 10:03:51,452.07,30.6,Fashion,6,14.1,0
ORD500225,CUST101356,560035,2025-03-12 10:18:59,1503.55,29.3,Electronics,17,11.4,0
ORD501399,CUST101482,560073,2025-03-12 10:25:05,683.16,44.6,Home,2,1.0,0
ORD507931,CUST101105,560075,2025-03-12 10:43:42,775.24,42.0,Fashion,3,5.3,0
ORD500582,CUST100692,560068,2025-03-12 11:40:56,906.28,1.7,Beauty,1,21.2,1
ORD507574,CUST101183,560101,2025-03-12 12:14:36,684.52,20.4,Beauty,23,5.1,0
ORD504116,CUST101698,560086,2025-03-12 12:42:10,743.84,7.9,Home,4,15.0,0
ORD501192,CUST101564,560030,2025-03-12 12:49:47,929.36,8.5,Home,18,15.6,0
ORD505504,CUST101724,560098,2025-03-12 14:18:52,1696.09,11.7,Electronics,0,3.9,0
ORD500173,CUST101181,560023,2025-03-12 14:26:48,818.74,40.2,Fashion,15,2.9,0
ORD506559,CUST100782,560028,2025-03-12 15:12:26,1127.9,38.5,Home,8,18.3,0
ORD502104,CUST101858,560009,2025-03-12 15:20:31,180.69,38.5,Other,11,12.1,0
ORD500669,CUST100733,560112,2025-03-12 17:10:56,652.2,9.9,Fashion,0,19.8,0
ORD501918,CUST100398,560101,2025-03-12 17:12:42,3014.69,5.6,Fashion,20,18.2,0
ORD500880,CUST100555,560097,2025-03-12 17:41:54,250.19,7.2,Fashion,19,11.6,0
ORD503266,CUST100063,560032,2025-03-12 17:42:58,1068.57,9.8,Grocery,0,24.1,0
ORD503487,CUST101954,560038,2025-03-12 18:34:12,184.01,19.6,Fashion,8,15.4,1
ORD505422,CUST100364,560070,2025-03-12 18:47:00,1406.89,29.6,Other,12,20.3,0
ORD504464,CUST101225,560057,2025-03-12 19:11:12,496.77,29.9,Fashion,2,10.1,0
ORD504439,CUST100070,560054,2025-03-12 20:32:48,263.13,24.9,Fashion,0,4.0,0
ORD503962,CUST101951,560015,2025-03-12 22:44:57,720.93,3.1,Electronics,12,15.5,0
ORD500795,CUST101437,560095,2025-03-12 23:22:45,1038.13,28.6,Beauty,6,11.5,0
ORD505126,CUST101268,560031,2025-03-13 00:31:36,481.35,13.5,Electronics,13,18.8,1
ORD502190,CUST100150,560093,2025-03-13 00:58:11,236.68,4.4,Beauty,2,1.3,0
ORD503260,CUST100495,560043,2025-03-13 01:01:07,718.26,36.8,Beauty,22,3.0,0
ORD505411,CUST100228,560093,2025-03-13 01:04:45,1244.43,20.6,Fashion,4,27.2,1
ORD506117,CUST100772,560100,2025-03-13 01:14:55,1200.78,1.2,Other,13,16.2,0
ORD506694,CUST100364,560039,2025-03-13 01:18:14,2089.56,27.8,Home,3,9.1,0
ORD506282,CUST101214,560061,2025-03-13 01:24:04,438.92,29.8,Electronics,15,6.8,0
ORD502517,CUST100034,560063,2025-03-13 01:39:00,2021.26,5.4,Home,14,30.2,1
ORD502299,CUST101216,560077,2025-03-13 01:58:04,1324.45,13.9,Fashion,0,3.1,1
ORD503297,CUST101350,560114,2025-03-13 02:29:32,273.3,40.8,Fashion,13,3.4,0
ORD507302,CUST100192,560064,2025-03-13 02:31:29,150.0,3.1,Grocery,18,9.0,0
ORD502587,CUST101167,560060,2025-03-13 03:35:39,663.61,9.5,Home,18,22.9,1
ORD500053,CUST101620,560051,2025-03-13 04:07:37,633.73,15.6,Beauty,4,10.7,1
ORD500442,CUST100451,560057,2025-03-13 04:33:13,1556.06,25.8,Home,21,16.6,0
ORD501333,CUST100315,560065,2025-03-13 04:39:39,664.27,47.8,Other,10,13.4,0
ORD500037,CUST100668,560058,2025-03-13 05:48:06,462.62,25.9,Fashion,16,13.0,0
ORD504231,CUST101924,560077,2025-03-13 05:51:11,479.1,5.6,Other,8,23.4,1
ORD506222,CUST101826,560043,2025-03-13 06:00:09,517.07,11.5,Beauty,8,19.2,1
ORD503262,CUST101144,560030,2025-03-13 06:03:33,557.11,12.1,Beauty,14,7.0,1
ORD503493,CUST100432,560096,2025-03-13 06:51:27,1680.94,26.1,Electronics,10,20.9,0
ORD500660,CUST100302,560098,2025-03-13 06:59:17,675.64,2.3,Fashion,10,5.8,0
ORD507665,CUST100097,560058,2025-03-13 07:09:36,848.95,21.9,Electronics,17,1.3,1
ORD502739,CUST101261,560082,2025-03-13 07:56:51,513.48,21.6,Grocery,14,2.3,0
ORD504238,CUST100713,560042,2025-03-13 08:33:56,644.79,10.4,Beauty,5,5.0,0
ORD504101,CUST100089,560117,2025-03-13 09:00:38,752.77,34.1,Electronics,18,6.2,0
ORD502128,CUST100524,560029,2025-03-13 09:20:44,3434.13,10.4,Fashion,18,12.1,0
ORD501105,CUST101062,560004,2025-03-13 09:26:47,533.43,34.5,Beauty,5,4.5,0
ORD501195,CUST101246,560018,2025-03-13 09:26:54,449.52,43.7,Electronics,16,30.2,0
ORD501557,CUST101514,560000,2025-03-13 09:32:41,2546.24,11.3,Fashion,23,14.0,0
ORD501280,CUST101161,560073,2025-03-13 09:56:19,1102.41,6.4,Beauty,11,1.2,0
ORD505892,CUST100034,560064,2025-03-13 10:09:49,753.42,20.2,Other,1,8.9,0
ORD503048,CUST101122,560034,2025-03-13 10:34:04,1188.33,20.1,Home,21,7.5,1
ORD505256,CUST100964,560100,2025-03-13 14:17:06,1170.09,29.0,Other,17,18.2,0
ORD504757,CUST101314,560055,2025-03-13 14:41:52,500.26,28.4,Home,5,21.2,0
ORD506767,CUST101261,560106,2025-03-13 14:53:27,1815.71,0.7,Fashion,23,31.3,0
ORD504619,CUST100591,560064,2025-03-13 15:31:09,408.0,36.3,Beauty,15,12.2,1
ORD505878,CUST101239,560095,2025-03-13 15:34:08,617.3,20.2,Home,8,6.8,0
ORD500453,CUST100234,560058,2025-03-13 15:45:26,1760.13,7.5,Beauty,17,8.5,0
ORD506274,CUST101954,560051,2025-03-13 16:31:13,1019.57,1.4,Other,2,8.7,0
ORD504413,CUST101972,560105,2025-03-13 16:54:26,463.21,5.1,Beauty,7,11.1,0
ORD500767,CUST100575,560025,2025-03-13 17:19:57,812.61,50.2,Beauty,1,30.9,1
ORD507975,CUST101067,560063,2025-03-13 17:38:42,486.27,6.4,Beauty,2,11.5,1
ORD507540,CUST100359,560104,2025-03-13 17:38:50,952.85,9.7,Electronics,8,7.7,0
ORD505854,CUST100557,560085,2025-03-13 18:06:49,531.8,15.6,Fashion,3,3.3,0
ORD500747,CUST101044,560043,2025-03-13 18:14:30,604.72,6.8,Other,7,20.5,0
ORD507146,CUST100753,560058,2025-03-13 18:18:55,1047.29,29.1,Electronics,7,5.1,1
ORD503670,CUST100748,560092,2025-03-13 18:34:30,516.35,12.2,Home,1,3.1,0
ORD506182,CUST100325,560020,2025-03-13 19:27:15,1093.8,24.3,Fashion,4,10.6,1
ORD502607,CUST101675,560012,2025-03-13 20:53:50,740.94,10.1,Electronics,5,15.0,0
ORD502212,CUST100760,560016,2025-03-13 20:55:37,858.42,26.4,Grocery,7,2.7,0
ORD507548,CUST100901,560000,2025-03-13 21:20:45,329.64,15.9,Beauty,4,23.6,1
ORD501415,CUST101048,560066,2025-03-13 21:29:14,711.58,20.9,Beauty,20,1.3,0
ORD506442,CUST101435,560046,2025-03-13 21:34:26,827.84,25.4,Other,17,4.4,0
ORD504977,CUST100575,560061,2025-03-13 21:50:33,558.85,7.1,Fashion,3,14.8,0
ORD502285,CUST100229,560013,2025-03-13 22:09:02,509.07,4.3,Beauty,10,17.9,0
ORD507124,CUST100008,560082,2025-03-13 23:04:42,468.07,21.8,Electronics,11,19.5,0
ORD500347,CUST101998,560041,2025-03-13 23:28:44,275.85,13.7,Other,9,11.9,0
ORD506653,CUST100685,560089,2025-03-13 23:45:03,768.54,22.1,Electronics,4,6.1,0
ORD506865,CUST100231,560113,2025-03-14 00:08:40,1353.58,24.8,Grocery,2,2.5,0
ORD507245,CUST101505,560061,2025-03-14 01:21:40,965.77,8.4,Fashion,0,8.4,0
ORD501021,CUST101157,560085,2025-03-14 01:45:19,927.73,30.1,Electronics,1,4.9,0
ORD506880,CUST101882,560114,2025-03-14 03:14:50,293.68,31.0,Electronics,23,1.3,0
ORD507233,CUST101217,560104,2025-03-14 03:14:52,2145.65,28.5,Other,21,10.4,0
ORD504611,CUST100543,560020,2025-03-14 03:22:15,942.34,15.5,Grocery,20,12.3,1
ORD502605,CUST100116,560105,2025-03-14 03:31:48,1301.86,18.2,Beauty,5,6.7,0
ORD502573,CUST101335,560102,2025-03-14 05:04:11,733.57,34.4,Other,4,25.2,0
ORD504127,CUST100258,560119,2025-03-14 05:10:52,347.54,3.1,Fashion,5,24.2,0
ORD503010,CUST100337,560096,2025-03-14 05:19:05,858.93,3.4,Other,11,7.2,0
ORD504053,CUST101550,560014,2025-03-14 05:30:37,822.94,7.9,Other,8,19.9,0
ORD506242,CUST101631,560009,2025-03-14 07:38:47,378.65,10.0,Home,9,20.7,0
ORD500723,CUST100860,560032,2025-03-14 08:08:01,623.68,6.5,Fashion,8,2.6,1
ORD504076,CUST100194,560109,2025-03-14 08:15:14,1419.35,5.1,Electronics,10,26.0,0
ORD500857,CUST100540,560101,2025-03-14 08:46:33,1185.42,27.0,Beauty,22,2.8,1
ORD506647,CUST100087,560035,2025-03-14 08:51:19,775.57,5.8,Beauty,8,18.6,1
ORD502368,CUST101701,560098,2025-03-14 09:04:16,1618.21,25.1,Beauty,17,14.2,0
ORD507549,CUST101628,560048,2025-03-14 09:49:08,861.07,21.8,Electronics,23,5.6,1
ORD501037,CUST100047,560038,2025-03-14 10:22:33,1007.83,15.2,Fashion,17,7.4,1
ORD506557,CUST101888,560008,2025-03-14 11:02:14,2000.99,5.1,Home,4,10.3,0
ORD507289,CUST100359,560056,2025-03-14 11:03:06,310.85,10.4,Home,23,12.0,1
ORD502151,CUST100904,560010,2025-03-14 11:13:54,508.24,11.6,Fashion,23,18.7,1
ORD500539,CUST100256,560070,2025-03-14 11:55:07,430.81,12.0,Grocery,0,15.5,0
ORD502373,CUST100194,560004,2025-03-14 11:57:27,850.97,4.9,Other,22,1.0,0
ORD507616,CUST100620,560098,2025-03-14 12:16:59,445.78,20.1,Home,2,3.1,0
ORD506792,CUST101327,560113,2025-03-14 12:46:13,310.42,11.5,Electronics,11,13.2,0
ORD501335,CUST100071,560101,2025-03-14 13:05:23,433.58,6.5,Grocery,12,5.7,0
ORD505819,CUST101062,560006,2025-03-14 13:24:32,1535.51,17.3,Electronics,23,13.8,0
ORD506248,CUST100225,560077,2025-03-14 14:33:14,360.05,12.7,Beauty,14,23.3,0
ORD500761,CUST100774,560080,2025-03-14 16:16:13,464.29,19.7,Fashion,18,7.0,0
ORD507413,CUST100294,560053,2025-03-14 18:02:43,631.44,15.6,Fashion,14,11.0,0
ORD500289,CUST101637,560046,2025-03-14 18:22:37,858.43,28.6,Home,22,12.8,1
ORD503866,CUST101764,560029,2025-03-14 20:40:05,995.68,22.6,Home,7,9.5,0
ORD500441,CUST101183,560082,2025-03-14 20:51:40,403.75,18.9,Other,13,15.1,1
ORD504131,CUST100570,560089,2025-03-14 21:12:51,1010.4,12.8,Fashion,17,2.6,0
ORD504733,CUST100794,560085,2025-03-14 21:18:15,150.0,22.0,Fashion,1,3.5,0
ORD507412,CUST101429,560085,2025-03-14 21:52:32,253.56,23.9,Beauty,1,6.4,0
ORD507940,CUST101620,560060,2025-03-14 22:05:59,593.18,13.1,Grocery,4,8.3,0
ORD504170,CUST100844,560008,2025-03-14 22:36:41,1175.3,7.9,Electronics,0,4.0,1
ORD504084,CUST100753,560016,2025-03-14 23:35:03,923.1,11.2,Grocery,19,1.3,0
ORD504807,CUST100424,560113,2025-03-14 23:41:37,670.25,5.5,Other,14,15.1,0
ORD501580,CUST100933,560096,2025-03-15 00:57:17,290.16,27.4,Home,15,14.8,0
ORD507235,CUST101742,560037,2025-03-15 02:10:51,581.98,12.1,Fashion,9,15.5,1
ORD507195,CUST101939,560049,2025-03-15 02:30:15,283.27,33.4,Fashion,13,18.2,0
ORD501008,CUST100557,560006,2025-03-15 02:53:35,730.49,36.4,Other,0,7.9,1
ORD502482,CUST101112,560002,2025-03-15 03:03:59,1108.46,18.4,Electronics,20,9.6,0
ORD503763,CUST101855,560059,2025-03-15 04:03:47,1670.6,25.0,Electronics,19,1.0,0
ORD504782,CUST100180,560008,2025-03-15 04:12:58,619.82,21.9,Fashion,19,8.5,0
ORD505758,CUST101430,560036,2025-03-15 04:24:29,877.39,10.0,Fashion,12,3.8,0
ORD503236,CUST100343,560112,2025-03-15 05:02:14,1000.07,26.9,Beauty,1,13.0,1
ORD504348,CUST100301,560010,2025-03-15 06:43:26,490.33,22.2,Grocery,10,9.7,0
ORD504810,CUST101479,560085,2025-03-15 07:17:47,875.7,3.4,Home,12,9.6,0
ORD500132,CUST100906,560045,2025-03-15 08:44:06,551.95,7.6,Fashion,1,8.5,0
ORD507471,CUST100054,560018,2025-03-15 09:21:11,231.1,19.6,Fashion,6,6.3,0
ORD500198,CUST101553,560000,2025-03-15 09:57:15,562.67,35.4,Grocery,9,23.2,0
ORD501525,CUST100401,560109,2025-03-15 11:40:46,380.02,19.4,Beauty,7,16.0,0
ORD504032,CUST100541,560102,2025-03-15 13:13:31,1437.38,16.6,Electronics,0,9.0,0
ORD504347,CUST101639,560086,2025-03-15 13:15:45,1056.73,7.7,Electronics,0,16.5,0
ORD500542,CUST100185,560093,2025-03-15 13:23:36,1683.05,14.4,Fashion,21,12.0,0
ORD500375,CUST100860,560023,2025-03-15 13:58:26,673.14,25.1,Other,22,12.5,0
ORD505540,CUST101339,560034,2025-03-15 15:49:22,431.73,23.3,Fashion,11,9.4,0
ORD504458,CUST101878,560109,2025-03-15 15:52:23,1362.94,27.9,Fashion,14,1.0,1
ORD504159,CUST100228,560110,2025-03-15 16:07:38,1424.25,8.4,Beauty,12,12.0,0
ORD505385,CUST100376,560087,2025-03-15 16:21:38,642.46,33.0,Home,4,13.1,0
ORD500096,CUST100654,560048,2025-03-15 16:57:27,1109.29,11.8,Home,0,25.5,0
ORD507480,CUST100757,560060,2025-03-15 18:47:12,871.13,7.3,Electronics,17,26.9,0
ORD501923,CUST100640,560074,2025-03-15 20:05:25,763.42,29.1,Fashion,23,13.9,0
ORD505624,CUST101762,560062,2025-03-15 20:26:08,1247.24,18.0,Fashion,17,15.0,0
ORD506582,CUST100037,560076,2025-03-15 20:49:38,891.15,4.4,Grocery,14,12.1,0
ORD505006,CUST100150,560032,2025-03-15 20:53:39,1696.9,5.3,Beauty,14,7.8,0
ORD506675,CUST100485,560056,2025-03-15 21:04:04,2232.53,56.7,Beauty,15,13.0,0
ORD504677,CUST100288,560042,2025-03-15 21:15:07,572.48,11.1,Electronics,12,2.9,0
ORD507145,CUST100001,560081,2025-03-15 21:28:15,669.4,37.9,Fashion,21,12.2,0
ORD505379,CUST101995,560096,2025-03-15 21:44:16,956.71,36.3,Fashion,11,24.3,0
ORD501043,CUST101061,560027,2025-03-15 22:56:00,714.42,26.5,Electronics,11,1.8,0
ORD506386,CUST100557,560047,2025-03-16 00:02:55,929.58,14.3,Other,0,15.9,0
ORD503880,CUST100808,560055,2025-03-16 00:28:19,643.0,29.8,Fashion,16,21.2,0
ORD500097,CUST100151,560083,2025-03-16 00:47:43,1135.54,33.0,Home,10,14.6,0
ORD504346,CUST100617,560091,2025-03-16 01:07:01,223.76,26.7,Other,22,9.9,1
ORD500021,CUST101787,560012,2025-03-16 01:36:01,1542.72,15.3,Other,9,27.1,0
ORD502181,CUST101244,560044,2025-03-16 01:42:16,442.49,37.7,Grocery,2,14.5,1
ORD502038,CUST100657,560031,2025-03-16 02:56:33,203.35,29.2,Other,2,10.8,0
ORD500075,CUST101390,560050,2025-03-16 05:32:25,657.85,42.3,Home,7,19.0,0
ORD500448,CUST101884,560006,2025-03-16 05:33:17,385.38,23.6,Other,15,15.1,0
ORD507644,CUST100602,560084,2025-03-16 05:37:35,876.34,8.0,Electronics,10,4.6,0
ORD504042,CUST101115,560048,2025-03-16 06:42:54,890.3,7.2,Electronics,10,31.0,0
ORD503336,CUST100918,560083,2025-03-16 07:18:30,644.44,5.4,Fashion,23,16.0,0
ORD500623,CUST100916,560068,2025-03-16 07:35:45,773.8,6.7,Electronics,17,16.3,0
ORD500687,CUST101369,560025,2025-03-16 08:37:49,352.33,8.3,Grocery,20,7.3,0
ORD507973,CUST100901,560115,2025-03-16 09:40:00,1007.07,1.3,Home,13,25.5,0
ORD500202,CUST101280,560095,2025-03-16 09:48:44,471.67,1.9,Electronics,18,6.2,0
ORD503136,CUST101048,560012,2025-03-16 10:02:59,1202.53,30.7,Other,21,15.9,0
ORD501125,CUST101597,560086,2025-03-16 10:55:15,1533.09,4.7,Grocery,23,6.7,0
ORD503300,CUST101667,560103,2025-03-16 11:17:36,389.54,3.0,Other,3,19.3,0
ORD506123,CUST101764,560038,2025-03-16 11:18:34,150.0,16.4,Home,15,23.3,0
ORD505276,CUST101052,560031,2025-03-16 11:34:10,1386.98,22.5,Fashion,3,22.4,0
ORD507512,CUST100520,560007,2025-03-16 11:39:55,531.42,36.5,Other,9,2.1,0
ORD506878,CUST101833,560015,2025-03-16 11:51:18,1061.16,27.0,Fashion,18,3.5,0
ORD504654,CUST101696,560111,2025-03-16 11:54:51,866.58,52.7,Electronics,22,20.1,0
ORD500253,CUST101417,560093,2025-03-16 12:13:06,236.91,30.8,Fashion,15,21.2,1
ORD507736,CUST101239,560067,2025-03-16 12:50:18,383.36,19.3,Home,18,19.7,0
ORD503055,CUST101246,560113,2025-03-16 13:03:04,1596.36,7.2,Electronics,4,15.3,0
ORD500412,CUST100281,560026,2025-03-16 13:12:27,851.41,2.5,Home,15,22.2,0
ORD503677,CUST101183,560036,2025-03-16 13:34:33,871.71,34.0,Grocery,12,12.5,0
ORD507053,CUST100081,560079,2025-03-16 14:01:29,267.48,15.5,Fashion,11,8.0,0
ORD502351,CUST101639,560098,2025-03-16 17:17:01,732.95,34.0,Fashion,7,19.9,0
ORD506253,CUST100619,560082,2025-03-16 17:18:02,982.84,36.0,Beauty,22,9.7,1
ORD506180,CUST100001,560077,2025-03-16 17:18:46,269.31,15.9,Fashion,13,10.3,1
ORD501232,CUST101541,560030,2025-03-16 17:50:13,889.91,18.3,Beauty,22,24.2,0
ORD505329,CUST101642,560063,2025-03-16 17:52:04,559.81,14.5,Fashion,17,10.0,0
ORD500902,CUST101437,560070,2025-03-16 19:19:08,437.37,8.5,Electronics,0,7.6,0
ORD507025,CUST100857,560069,2025-03-16 19:32:56,1193.35,0.7,Beauty,19,4.5,0
ORD506030,CUST100860,560065,2025-03-16 20:06:58,491.25,2.5,Home,11,11.4,0
ORD500954,CUST100398,560006,2025-03-16 20:54:03,272.98,13.9,Home,13,14.0,0
ORD506593,CUST100633,560050,2025-03-16 22:12:59,368.82,8.8,Electronics,21,18.3,0
ORD501656,CUST100140,560010,2025-03-16 23:31:11,507.89,15.6,Other,6,12.8,1
ORD507079,CUST100463,560099,2025-03-17 00:43:03,691.07,7.3,Grocery,15,5.9,0
ORD503533,CUST101590,560093,2025-03-17 01:31:48,774.72,14.3,Beauty,10,1.3,1
ORD504057,CUST101265,560100,2025-03-17 01:46:31,554.46,5.9,Home,4,27.1,0
ORD506164,CUST101062,560016,2025-03-17 02:59:18,814.52,6.6,Beauty,15,2.8,1
ORD501243,CUST100460,560069,2025-03-17 03:11:10,636.09,28.2,Beauty,1,1.0,0
ORD500338,CUST100162,560100,2025-03-17 03:29:18,645.0,9.5,Electronics,0,11.7,0
ORD502612,CUST101465,560095,2025-03-17 03:53:29,685.13,20.0,Grocery,18,2.2,0
ORD500878,CUST100671,560110,2025-03-17 04:14:26,1856.01,18.7,Beauty,1,4.3,0
ORD507526,CUST100901,560096,2025-03-17 04:56:22,450.4,16.6,Home,10,7.1,0
ORD502274,CUST101974,560032,2025-03-17 04:58:24,624.48,6.3,Electronics,5,5.7,0
ORD505162,CUST100276,560021,2025-03-17 05:08:30,477.34,23.5,Beauty,16,24.4,0
ORD502761,CUST101403,560049,2025-03-17 05:56:10,688.04,7.2,Fashion,23,3.4,0
ORD505645,CUST100173,560026,2025-03-17 06:05:25,798.73,31.1,Electronics,16,1.8,0
ORD501158,CUST100679,560105,2025-03-17 06:12:08,321.93,42.6,Fashion,0,21.5,0
ORD502134,CUST100045,560108,2025-03-17 06:45:16,374.7,14.4,Electronics,9,14.7,0
ORD507492,CUST100154,560081,2025-03-17 07:03:36,409.98,19.8,Fashion,22,13.4,0
ORD504506,CUST101768,560102,2025-03-17 07:09:48,1218.51,25.5,Electronics,13,16.1,0
ORD505633,CUST101250,560018,2025-03-17 07:27:11,541.93,27.5,Other,13,16.0,0
ORD504285,CUST101302,560056,2025-03-17 08:44:53,513.85,5.2,Electronics,16,18.1,0
ORD503662,CUST100256,560038,2025-03-17 09:17:12,349.96,5.6,Fashion,8,2.8,0
ORD502341,CUST101989,560115,2025-03-17 09:45:23,300.41,25.8,Fashion,17,3.1,0
ORD503269,CUST101969,560026,2025-03-17 09:56:05,321.52,18.6,Other,14,39.8,1
ORD504222,CUST100461,560118,2025-03-17 10:49:09,1073.79,44.1,Fashion,4,11.6,0
ORD501891,CUST101463,560025,2025-03-17 10:56:11,908.3,11.3,Other,4,6.4,0
ORD507044,CUST100526,560024,2025-03-17 11:08:59,456.28,30.6,Electronics,11,8.1,1
ORD503983,CUST100447,560057,2025-03-17 13:36:42,346.78,10.0,Home,20,15.8,0
ORD500625,CUST100583,560050,2025-03-17 14:02:52,491.73,6.3,Electronics,2,3.1,1
ORD504984,CUST101701,560045,2025-03-17 14:24:44,316.29,19.4,Fashion,17,13.1,0
ORD501649,CUST101162,560000,2025-03-17 14:42:12,373.03,8.9,Fashion,20,14.9,0
ORD506698,CUST100988,560020,2025-03-17 15:07:01,923.63,17.3,Fashion,13,8.6,0
ORD505456,CUST100963,560103,2025-03-17 15:12:08,576.42,3.9,Electronics,10,2.7,0
ORD500695,CUST101674,560041,2025-03-17 15:32:13,722.53,28.0,Fashion,21,15.5,1
ORD507604,CUST100380,560062,2025-03-17 15:34:48,668.95,28.2,Electronics,10,5.5,0
ORD500308,CUST101762,560043,2025-03-17 16:02:04,468.54,45.8,Grocery,15,13.7,0
ORD503986,CUST100324,560100,2025-03-17 18:14:00,696.7,18.9,Electronics,23,15.9,0
ORD504239,CUST101125,560024,2025-03-17 19:14:02,411.12,16.3,Fashion,8,23.1,0
ORD507212,CUST101933,560016,2025-03-17 19:30:51,674.08,22.6,Grocery,23,1.9,0
ORD501844,CUST101187,560011,2025-03-17 19:35:48,891.47,35.9,Beauty,18,17.1,0
ORD502083,CUST100541,560020,2025-03-17 20:19:30,793.93,0.8,Fashion,6,9.2,0
ORD501688,CUST101266,560107,2025-03-17 21:10:57,943.04,21.4,Fashion,17,18.2,0
ORD502957,CUST100660,560118,2025-03-17 21:22:41,476.71,6.6,Electronics,4,14.5,1
ORD503797,CUST101203,560021,2025-03-17 22:02:46,853.18,20.9,Electronics,10,5.3,0
ORD501453,CUST100274,560012,2025-03-17 23:16:43,1567.97,27.7,Electronics,16,5.1,0
ORD507414,CUST100095,560111,2025-03-17 23:32:11,411.68,0.9,Beauty,8,4.3,0
ORD505595,CUST101550,560040,2025-03-18 00:01:46,262.91,45.2,Home,15,18.4,0
ORD506828,CUST100500,560043,2025-03-18 00:49:11,600.48,8.7,Other,9,2.4,1
ORD506558,CUST100872,560073,2025-03-18 01:11:27,638.58,29.7,Beauty,9,10.0,1
ORD502892,CUST100324,560031,2025-03-18 01:21:33,375.58,1.9,Other,4,8.7,0
ORD507141,CUST100965,560112,2025-03-18 02:33:16,3162.22,11.2,Fashion,19,25.9,0
ORD503694,CUST101596,560109,2025-03-18 03:38:49,1754.34,25.6,Fashion,1,24.7,1
ORD500235,CUST100785,560059,2025-03-18 05:46:17,577.8,38.5,Fashion,9,8.9,0
ORD500016,CUST101255,560022,2025-03-18 07:35:00,1189.54,1.3,Electronics,20,4.9,0
ORD501834,CUST101237,560079,2025-03-18 07:35:21,1195.25,12.9,Fashion,6,13.4,0
ORD507822,CUST100825,560116,2025-03-18 07:58:50,1087.74,5.3,Other,19,14.7,0
ORD505800,CUST100785,560026,2025-03-18 08:19:10,256.72,42.4,Other,6,16.9,0
ORD504128,CUST100888,560114,2025-03-18 08:28:43,698.86,14.6,Other,11,15.9,0
ORD502867,CUST101268,560115,2025-03-18 08:55:28,1119.69,19.0,Fashion,6,4.0,0
ORD500099,CUST101408,560000,2025-03-18 10:28:41,628.47,25.2,Electronics,15,12.8,1
ORD502139,CUST100364,560081,2025-03-18 10:51:29,495.23,9.8,Electronics,14,11.1,0
ORD505750,CUST101005,560062,2025-03-18 11:38:53,818.42,26.6,Fashion,5,5.9,0
ORD504882,CUST101767,560070,2025-03-18 12:14:54,434.86,30.1,Home,18,1.1,0
ORD506737,CUST101269,560061,2025-03-18 13:16:02,432.45,40.6,Home,13,16.7,0
ORD500000,CUST101430,560020,2025-03-18 13:38:12,186.52,19.8,Fashion,2,19.1,0
ORD501321,CUST101014,560102,2025-03-18 13:50:05,727.61,37.4,Home,1,10.4,0
ORD504937,CUST100327,560025,2025-03-18 13:50:19,271.05,10.2,Other,15,8.9,1
ORD504304,CUST100203,560004,2025-03-18 15:13:20,1888.32,28.4,Other,20,12.0,0
ORD501770,CUST101699,560039,2025-03-18 16:03:55,810.8,50.5,Electronics,18,18.4,0
ORD503828,CUST101294,560075,2025-03-18 16:13:27,770.03,17.6,Electronics,23,13.6,0
ORD504388,CUST101661,560049,2025-03-18 16:40:27,577.27,38.1,Fashion,9,10.0,0
ORD504471,CUST101481,560045,2025-03-18 16:45:52,1552.42,3.7,Home,10,12.4,0
ORD504886,CUST100060,560027,2025-03-18 17:49:51,989.4,17.0,Electronics,16,5.0,1
ORD505261,CUST100901,560051,2025-03-18 18:02:28,529.53,0.6,Electronics,16,4.2,0
ORD505985,CUST100315,560065,2025-03-18 18:02:35,921.8,12.5,Home,0,4.5,0
ORD503511,CUST100901,560113,2025-03-18 19:03:55,2713.87,14.3,Fashion,8,8.7,1
ORD501531,CUST100296,560117,2025-03-18 19:12:34,848.42,3.0,Beauty,17,5.7,0
ORD500343,CUST101350,560063,2025-03-18 20:08:55,507.81,20.2,Beauty,14,12.6,0
ORD505673,CUST101505,560091,2025-03-18 20:21:41,363.81,11.4,Grocery,9,19.0,0
ORD501579,CUST101062,560084,2025-03-18 20:41:42,708.49,38.4,Home,19,18.1,0
ORD502120,CUST101556,560047,2025-03-18 21:56:11,720.8,21.0,Electronics,16,14.8,0
ORD505895,CUST100267,560116,2025-03-18 22:02:12,372.81,17.6,Grocery,14,9.4,0
ORD507613,CUST101543,560035,2025-03-18 22:12:02,657.02,4.8,Home,23,6.0,0
ORD506845,CUST100668,560017,2025-03-18 22:24:49,1167.43,24.3,Fashion,10,18.3,0
ORD500817,CUST100872,560083,2025-03-18 23:37:49,505.59,16.1,Fashion,1,16.3,0
ORD505008,CUST101062,560005,2025-03-19 00:14:46,443.3,19.7,Fashion,12,34.2,1
ORD501339,CUST101982,560021,2025-03-19 01:11:53,808.97,7.8,Beauty,6,4.7,0
ORD503806,CUST100123,560020,2025-03-19 02:39:59,1511.3,9.2,Beauty,21,7.8,0
ORD503973,CUST101184,560064,2025-03-19 02:43:43,464.2,25.8,Electronics,15,13.5,0
ORD505909,CUST100557,560097,2025-03-19 03:00:40,1075.89,7.1,Fashion,15,21.7,0
ORD500847,CUST101951,560093,2025-03-19 03:31:55,607.3,28.2,Electronics,13,9.8,0
ORD502504,CUST101987,560021,2025-03-19 03:39:24,532.63,4.1,Fashion,17,22.9,0
ORD501007,CUST101794,560100,2025-03-19 04:09:26,424.47,10.2,Beauty,19,23.0,0
ORD507381,CUST101390,560072,2025-03-19 04:54:41,724.07,32.4,Home,15,14.7,0
ORD500858,CUST100754,560013,2025-03-19 08:18:50,725.65,16.1,Electronics,8,1.0,0
ORD501412,CUST100059,560058,2025-03-19 09:15:43,276.18,20.2,Electronics,23,31.4,0
ORD504447,CUST100924,560034,2025-03-19 09:29:11,1126.95,15.0,Grocery,21,26.2,0
ORD506718,CUST101461,560054,2025-03-19 09:45:47,340.28,9.3,Other,22,4.2,0
ORD504180,CUST101620,560060,2025-03-19 11:30:56,572.48,55.8,Home,15,17.0,1
ORD500991,CUST100364,560106,2025-03-19 12:16:23,664.28,7.8,Home,4,15.7,0
ORD503347,CUST100665,560012,2025-03-19 12:28:42,966.55,22.1,Fashion,5,4.9,0
ORD505900,CUST100301,560079,2025-03-19 13:00:50,502.88,28.0,Home,19,9.1,0
ORD506034,CUST101974,560099,2025-03-19 14:10:24,374.11,3.3,Home,1,26.5,0
ORD502438,CUST100995,560044,2025-03-19 14:17:08,953.52,14.3,Fashion,3,4.4,0
ORD506879,CUST100485,560016,2025-03-19 14:21:03,414.67,28.7,Beauty,15,19.4,0
ORD501654,CUST101511,560036,2025-03-19 16:47:27,926.37,17.5,Electronics,21,11.5,0
ORD500619,CUST101841,560034,2025-03-19 16:49:18,1023.48,21.5,Fashion,22,2.8,0
ORD505770,CUST101096,560104,2025-03-19 17:43:22,335.43,25.8,Electronics,3,13.6,0
ORD505335,CUST100623,560005,2025-03-19 18:35:22,431.84,22.5,Beauty,15,5.2,1
ORD500142,CUST100216,560110,2025-03-19 18:58:08,423.83,13.6,Beauty,19,19.6,0
ORD504110,CUST100491,560094,2025-03-19 21:19:03,424.46,4.6,Grocery,22,14.9,0
ORD504253,CUST100301,560014,2025-03-19 22:16:32,2065.94,37.2,Fashion,0,16.1,0
ORD501946,CUST100237,560054,2025-03-19 22:32:05,2573.53,26.1,Fashion,19,10.0,0
ORD501974,CUST101272,560109,2025-03-19 23:54:10,959.88,37.0,Home,14,4.4,1
ORD506334,CUST100037,560044,2025-03-20 00:23:49,243.88,27.1,Fashion,22,1.9,1
ORD505419,CUST101763,560072,2025-03-20 01:33:50,876.93,8.0,Other,22,10.6,0
ORD501806,CUST100872,560051,2025-03-20 02:02:17,663.3,10.9,Fashion,1,4.3,1
ORD506049,CUST100048,560030,2025-03-20 03:27:02,1247.38,34.6,Grocery,22,1.3,0
ORD503120,CUST101013,560047,2025-03-20 04:20:43,549.83,13.6,Electronics,16,5.3,0
ORD507856,CUST100120,560082,2025-03-20 04:58:38,796.28,11.7,Fashion,7,12.7,0
ORD500711,CUST101086,560085,2025-03-20 05:29:34,821.73,11.4,Fashion,2,8.1,0
ORD503846,CUST101564,560077,2025-03-20 06:53:53,2337.67,16.2,Fashion,22,15.9,1
ORD505634,CUST101767,560007,2025-03-20 07:22:33,911.04,48.0,Beauty,23,22.1,1
ORD505789,CUST100182,560093,2025-03-20 07:44:30,930.26,6.9,Beauty,5,11.0,0
ORD504374,CUST101982,560043,2025-03-20 08:04:55,2171.69,13.2,Home,2,16.2,0
ORD506501,CUST100009,560063,2025-03-20 08:15:55,3336.41,20.5,Beauty,4,12.1,0
ORD505325,CUST100727,560067,2025-03-20 08:59:22,770.04,18.6,Other,17,15.6,0
ORD502865,CUST100444,560081,2025-03-20 09:09:27,251.84,9.7,Fashion,22,17.6,1
ORD501351,CUST101203,560062,2025-03-20 09:10:33,659.26,10.9,Home,23,12.0,0
ORD505317,CUST101923,560009,2025-03-20 10:18:01,322.55,50.9,Beauty,20,18.2,0
ORD505706,CUST100388,560093,2025-03-20 11:08:45,243.01,5.4,Electronics,22,2.5,0
ORD501175,CUST100532,560000,2025-03-20 12:06:56,1055.56,7.4,Fashion,12,17.3,0
ORD502230,CUST100108,560061,2025-03-20 12:13:30,547.19,9.9,Home,15,1.0,0
ORD503587,CUST101246,560035,2025-03-20 12:22:19,524.3,13.0,Fashion,10,24.5,1
ORD500479,CUST100744,560104,2025-03-20 15:23:02,897.66,14.7,Electronics,23,14.4,0
ORD504509,CUST100564,560017,2025-03-20 15:25:51,344.03,18.2,Beauty,21,18.1,0
ORD501117,CUST100621,560031,2025-03-20 16:04:33,489.22,9.6,Beauty,16,14.2,0
ORD505321,CUST100860,560105,2025-03-20 16:08:59,475.67,19.0,Electronics,1,18.6,0
ORD502626,CUST100749,560107,2025-03-20 16:11:19,1034.49,19.7,Other,9,8.9,1
ORD507389,CUST100515,560107,2025-03-20 17:39:31,640.55,4.2,Home,3,17.9,0
ORD504805,CUST101080,560053,2025-03-20 18:36:58,758.43,35.2,Beauty,8,12.0,1
ORD503860,CUST101048,560089,2025-03-20 18:42:21,433.64,21.8,Electronics,7,15.0,0
ORD500645,CUST101062,560053,2025-03-20 19:02:37,926.87,35.5,Electronics,11,25.2,1
ORD507765,CUST100235,560069,2025-03-20 19:09:17,970.7,0.3,Grocery,4,20.1,0
ORD502429,CUST100576,560058,2025-03-20 19:47:20,1223.65,10.0,Fashion,16,21.2,0
ORD504668,CUST100474,560009,2025-03-20 21:15:52,646.37,2.3,Other,14,10.6,0
ORD500515,CUST100398,560106,2025-03-20 21:39:15,356.76,6.0,Beauty,1,10.5,1
ORD500381,CUST101300,560090,2025-03-20 22:34:24,440.02,16.3,Electronics,20,14.2,0
ORD502314,CUST100297,560050,2025-03-20 22:53:34,1758.18,4.3,Beauty,23,11.4,0
ORD502606,CUST100315,560040,2025-03-20 22:58:05,1008.22,9.2,Fashion,8,9.8,0
ORD500682,CUST101430,560110,2025-03-20 22:59:54,382.72,28.5,Beauty,10,8.7,1
ORD506902,CUST101480,560117,2025-03-20 23:06:48,542.53,8.9,Fashion,0,15.7,0
ORD501323,CUST101463,560051,2025-03-20 23:38:10,613.5,18.4,Grocery,17,20.2,0
ORD505992,CUST100210,560070,2025-03-21 00:36:05,680.88,17.8,Home,20,22.9,0
ORD500339,CUST101045,560026,2025-03-21 02:36:28,844.03,15.8,Fashion,4,3.0,0
ORD504473,CUST100474,560118,2025-03-21 02:49:25,1017.78,31.3,Fashion,23,2.9,1
ORD505653,CUST101797,560088,2025-03-21 03:09:06,1075.37,5.3,Electronics,17,9.7,0
ORD503369,CUST100444,560093,2025-03-21 04:06:32,413.67,7.0,Grocery,14,18.1,1
ORD502247,CUST101369,560060,2025-03-21 05:37:17,338.95,6.3,Fashion,19,3.7,0
ORD501234,CUST101884,560001,2025-03-21 06:05:58,411.91,17.7,Grocery,4,4.5,0
ORD507486,CUST100924,560055,2025-03-21 06:22:29,1206.16,10.5,Fashion,23,1.7,0
ORD503248,CUST100114,560066,2025-03-21 06:34:14,1045.3,16.1,Home,20,9.8,0
ORD503581,CUST101061,560046,2025-03-21 06:56:43,1137.43,2.9,Fashion,22,14.6,0
ORD504517,CUST100139,560109,2025-03-21 07:26:52,853.24,9.3,Electronics,16,1.0,0
ORD502719,CUST101580,560034,2025-03-21 07:56:32,433.01,49.9,Home,12,18.1,0
ORD505823,CUST100708,560104,2025-03-21 09:39:31,657.14,32.8,Other,22,19.9,1
ORD507794,CUST100169,560116,2025-03-21 09:39:46,981.69,7.3,Fashion,13,7.6,0
ORD504816,CUST101335,560093,2025-03-21 09:52:38,574.2,2.9,Other,19,6.9,0
ORD503062,CUST100613,560072,2025-03-21 10:09:47,417.11,23.2,Electronics,16,1.2,0
ORD507591,CUST100664,560001,2025-03-21 12:49:35,477.39,18.0,Electronics,8,14.4,0
ORD505949,CUST100532,560069,2025-03-21 13:13:56,590.92,43.8,Fashion,5,10.8,0
ORD504949,CUST100575,560030,2025-03-21 14:12:30,801.83,4.4,Electronics,5,3.9,0
ORD505662,CUST101783,560029,2025-03-21 14:16:15,621.1,25.5,Electronics,9,17.4,0
ORD505485,CUST101628,560082,2025-03-21 16:01:50,897.82,5.4,Beauty,19,13.3,1
ORD503389,CUST101161,560075,2025-03-21 16:15:37,1608.96,21.8,Beauty,9,26.9,0
ORD502874,CUST101203,560096,2025-03-21 16:22:18,462.09,23.6,Electronics,21,2.0,0
ORD506740,CUST101118,560109,2025-03-21 17:06:46,1009.29,10.3,Electronics,21,3.1,0
ORD503405,CUST101579,560105,2025-03-21 17:13:02,472.6,36.4,Electronics,2,12.2,0
ORD503096,CUST101465,560101,2025-03-21 18:03:39,445.13,21.2,Beauty,3,21.1,0
ORD502393,CUST101587,560086,2025-03-21 18:07:06,491.83,7.5,Fashion,18,25.8,0
ORD502152,CUST101405,560010,2025-03-21 18:14:24,2292.48,12.7,Grocery,8,26.9,0
ORD507551,CUST101714,560095,2025-03-21 18:26:06,1280.04,8.9,Beauty,18,19.2,1
ORD503793,CUST100194,560034,2025-03-21 18:29:41,558.05,26.6,Fashion,14,7.3,0
ORD500671,CUST100376,560119,2025-03-21 18:35:35,366.27,30.5,Beauty,3,14.2,1
ORD502870,CUST100774,560010,2025-03-21 20:27:27,267.64,4.9,Beauty,21,19.1,0
ORD500501,CUST100275,560060,2025-03-21 20:49:46,822.8,38.8,Fashion,5,24.0,0
ORD503620,CUST100256,560072,2025-03-21 21:24:15,532.25,23.2,Beauty,0,19.0,0
ORD505766,CUST100898,560025,2025-03-22 00:05:08,249.05,42.4,Fashion,6,7.1,1
ORD503926,CUST100034,560104,2025-03-22 01:12:17,583.11,18.1,Beauty,9,34.3,1
ORD507353,CUST101239,560027,2025-03-22 01:24:28,236.97,3.9,Home,7,7.0,1
ORD502810,CUST100642,560021,2025-03-22 01:59:37,1186.65,9.2,Fashion,3,8.7,0
ORD506494,CUST101666,560030,2025-03-22 02:55:31,1878.86,33.5,Beauty,11,10.1,0
ORD502260,CUST101657,560014,2025-03-22 04:01:34,589.01,6.8,Electronics,0,16.5,0
ORD501110,CUST100359,560029,2025-03-22 04:40:30,741.77,20.1,Beauty,18,9.9,0
ORD507539,CUST101429,560097,2025-03-22 04:43:08,486.43,41.6,Electronics,18,10.8,0
ORD506815,CUST100785,560030,2025-03-22 04:58:47,581.67,29.5,Fashion,6,5.4,0
ORD501703,CUST101250,560053,2025-03-22 05:12:18,1041.77,6.1,Fashion,22,20.3,0
ORD505543,CUST101606,560105,2025-03-22 06:16:17,899.54,7.4,Grocery,4,18.9,0
ORD502057,CUST101239,560044,2025-03-22 06:27:16,436.2,12.8,Grocery,17,21.2,1
ORD502594,CUST100906,560072,2025-03-22 09:34:46,473.87,35.9,Fashion,19,19.7,0
ORD503723,CUST101202,560065,2025-03-22 09:47:15,1155.2,47.5,Other,15,19.2,0
ORD503154,CUST101762,560099,2025-03-22 10:56:03,1464.64,13.2,Other,20,6.0,0
ORD505026,CUST100759,560090,2025-03-22 11:33:02,472.87,3.2,Electronics,5,7.8,0
ORD505798,CUST100820,560106,2025-03-22 11:39:53,371.07,21.1,Fashion,10,17.0,1
ORD502235,CUST101666,560023,2025-03-22 11:59:33,891.38,37.5,Beauty,14,1.0,0
ORD502234,CUST101639,560034,2025-03-22 13:28:09,775.56,33.0,Beauty,0,12.0,0
ORD502954,CUST100227,560007,2025-03-22 14:27:15,2008.45,28.8,Fashion,8,12.0,0
ORD504429,CUST101265,560114,2025-03-22 14:32:57,563.5,26.3,Electronics,6,11.8,0
ORD503949,CUST101161,560056,2025-03-22 14:46:44,490.53,13.0,Grocery,8,4.7,0
ORD505428,CUST101193,560100,2025-03-22 15:25:36,1173.76,41.5,Other,22,5.1,0
ORD503040,CUST100321,560053,2025-03-22 15:58:31,929.55,13.6,Fashion,20,5.5,1
ORD502118,CUST100060,560015,2025-03-22 16:14:10,807.66,19.2,Electronics,19,22.1,1
ORD501815,CUST101008,560080,2025-03-22 16:28:07,776.26,7.9,Fashion,3,12.7,0
ORD506904,CUST101006,560045,2025-03-22 17:45:52,932.01,26.5,Electronics,5,15.2,0
ORD502882,CUST101203,560040,2025-03-22 17:54:11,438.38,9.2,Fashion,10,11.5,0
ORD500467,CUST100323,560017,2025-03-22 18:23:49,671.6,15.5,Beauty,20,6.0,0
ORD502544,CUST101996,560052,2025-03-22 19:11:33,528.34,48.2,Fashion,4,6.8,0
ORD500378,CUST100330,560005,2025-03-22 19:44:52,150.0,9.2,Beauty,17,6.8,1
ORD507458,CUST100064,560117,2025-03-22 19:56:00,799.79,19.2,Home,14,7.7,0
ORD501516,CUST100095,560037,2025-03-22 20:16:17,323.84,8.0,Fashion,5,16.7,1
ORD503765,CUST101772,560041,2025-03-22 22:16:40,825.24,19.5,Electronics,22,12.7,0
ORD506397,CUST101836,560004,2025-03-22 22:26:14,3449.16,28.2,Electronics,14,19.2,0
ORD503190,CUST101397,560033,2025-03-22 23:12:40,418.92,39.0,Electronics,20,4.3,0
ORD501173,CUST101688,560115,2025-03-22 23:56:24,474.42,7.3,Fashion,4,25.6,0
ORD500123,CUST101508,560044,2025-03-22 23:56:24,326.37,24.7,Electronics,10,15.0,0
ORD506771,CUST100183,560010,2025-03-23 00:53:21,1014.42,3.1,Electronics,0,19.8,0
ORD503748,CUST100337,560015,2025-03-23 01:00:20,889.16,35.9,Fashion,5,16.1,0
ORD504640,CUST100696,560062,2025-03-23 01:00:32,329.61,48.0,Grocery,3,12.1,0
ORD502061,CUST101246,560093,2025-03-23 01:13:05,367.37,22.6,Other,1,16.5,1
ORD502813,CUST101562,560008,2025-03-23 01:20:29,1227.14,23.3,Home,23,14.6,0
ORD507280,CUST101266,560077,2025-03-23 01:25:01,1428.49,19.3,Electronics,5,14.5,0
ORD503057,CUST101246,560009,2025-03-23 01:42:01,1164.96,27.7,Electronics,6,19.4,1
ORD507944,CUST100037,560021,2025-03-23 02:06:30,585.98,38.0,Grocery,15,10.6,0
ORD505735,CUST101893,560096,2025-03-23 02:20:24,548.33,24.7,Electronics,7,21.7,0
ORD505529,CUST100355,560082,2025-03-23 03:25:22,237.99,14.1,Beauty,4,11.1,0
ORD502731,CUST100486,560111,2025-03-23 04:36:23,1136.09,21.9,Electronics,3,12.8,1
ORD501839,CUST101969,560018,2025-03-23 04:41:39,950.6,13.7,Fashion,4,1.0,0
ORD500905,CUST101200,560112,2025-03-23 04:45:30,626.4,14.6,Home,4,11.4,0
ORD503544,CUST101471,560063,2025-03-23 06:05:18,344.67,3.0,Home,14,17.0,0
ORD500945,CUST101929,560091,2025-03-23 06:29:36,590.93,13.3,Fashion,3,2.0,0
ORD501188,CUST100771,560015,2025-03-23 07:31:31,653.91,7.2,Electronics,15,27.3,0
ORD501785,CUST100474,560087,2025-03-23 07:32:31,856.19,23.1,Other,19,27.2,1
ORD505053,CUST101765,560059,2025-03-23 07:40:34,169.17,18.4,Beauty,23,28.8,0
ORD506330,CUST100035,560004,2025-03-23 07:46:04,2308.46,21.0,Other,1,13.9,0
ORD500322,CUST100834,560039,2025-03-23 07:55:48,492.69,3.7,Home,8,10.7,0
ORD502382,CUST100371,560114,2025-03-23 07:57:04,284.33,5.7,Fashion,3,21.6,0
ORD501956,CUST101022,560078,2025-03-23 08:29:35,284.02,39.1,Home,12,12.3,0
ORD500633,CUST100877,560000,2025-03-23 08:31:06,2570.11,27.9,Fashion,9,1.0,1
ORD500449,CUST101000,560092,2025-03-23 08:43:44,1690.27,22.8,Other,23,13.5,0
ORD506898,CUST100393,560019,2025-03-23 08:56:28,1425.53,20.9,Electronics,6,6.7,0
ORD504657,CUST101852,560001,2025-03-23 09:18:30,646.81,47.7,Beauty,22,16.5,1
ORD500417,CUST100057,560081,2025-03-23 09:37:52,739.24,20.4,Electronics,4,17.1,1
ORD500790,CUST101530,560047,2025-03-23 10:38:23,1666.51,9.6,Electronics,17,16.4,0
ORD503857,CUST101268,560118,2025-03-23 10:54:42,637.57,7.9,Other,17,15.2,0
ORD500829,CUST101455,560015,2025-03-23 11:41:13,862.86,37.1,Fashion,10,17.5,0
ORD507119,CUST101250,560105,2025-03-23 12:47:01,1335.65,8.7,Beauty,14,9.5,0
ORD503582,CUST101149,560015,2025-03-23 13:17:13,226.61,26.1,Grocery,5,11.2,1
ORD500707,CUST100047,560065,2025-03-23 14:35:51,1058.77,20.1,Beauty,4,12.7,1
ORD507454,CUST100445,560011,2025-03-23 14:45:38,1450.36,27.2,Beauty,10,22.3,0
ORD500354,CUST101335,560036,2025-03-23 14:53:37,962.49,20.8,Other,1,23.3,0
ORD502575,CUST101543,560039,2025-03-23 15:03:58,405.27,16.0,Grocery,9,10.4,0
ORD502090,CUST101467,560091,2025-03-23 15:05:00,712.61,17.0,Electronics,14,19.3,0
ORD506995,CUST100324,560037,2025-03-23 16:09:42,447.28,12.5,Beauty,14,22.0,0
ORD501044,CUST101146,560062,2025-03-23 17:04:32,348.83,9.9,Home,13,12.8,0
ORD507506,CUST100361,560095,2025-03-23 17:15:39,848.75,45.2,Fashion,23,28.9,0
ORD507558,CUST100532,560038,2025-03-23 17:20:47,1145.18,22.6,Home,10,13.8,0
ORD506157,CUST101522,560024,2025-03-23 18:25:34,285.35,6.5,Grocery,1,19.5,0
ORD504548,CUST101875,560009,2025-03-23 18:47:35,480.86,7.4,Fashion,0,24.2,0
ORD507051,CUST100240,560093,2025-03-23 20:48:15,280.82,54.2,Fashion,3,14.1,0
ORD501993,CUST100199,560075,2025-03-23 21:50:16,567.79,29.1,Beauty,20,5.6,0
ORD505648,CUST100400,560063,2025-03-23 22:27:04,267.91,11.4,Home,19,20.0,0
ORD504702,CUST100605,560111,2025-03-23 23:04:55,1041.18,7.6,Electronics,3,2.0,0
ORD500936,CUST100006,560020,2025-03-23 23:52:40,873.89,22.0,Electronics,22,3.4,0
ORD503046,CUST101657,560019,2025-03-24 00:09:38,180.44,0.7,Electronics,0,2.6,0
ORD501010,CUST100593,560070,2025-03-24 01:08:59,655.77,28.3,Home,23,10.0,1
ORD503972,CUST100364,560038,2025-03-24 01:31:54,1394.62,2.1,Fashion,17,12.7,1
ORD500849,CUST100428,560033,2025-03-24 01:35:16,1209.46,16.5,Home,15,14.4,0
ORD507845,CUST101995,560085,2025-03-24 01:41:11,815.25,2.2,Fashion,7,14.6,0
ORD500043,CUST101216,560026,2025-03-24 01:56:32,744.87,31.4,Home,6,7.7,0
ORD502437,CUST100236,560008,2025-03-24 02:15:15,2053.26,26.8,Home,19,19.3,0
ORD501905,CUST100545,560076,2025-03-24 06:16:10,375.8,7.8,Electronics,15,16.2,1
ORD503149,CUST101786,560057,2025-03-24 06:20:12,385.3,8.2,Fashion,23,15.3,0
ORD505617,CUST100799,560113,2025-03-24 06:54:41,570.89,31.6,Electronics,15,13.3,0
ORD503142,CUST101374,560072,2025-03-24 07:39:23,627.55,38.0,Fashion,10,17.2,0
ORD506086,CUST100007,560003,2025-03-24 08:31:17,762.73,21.6,Electronics,12,20.7,0
ORD503095,CUST101658,560040,2025-03-24 08:39:07,614.94,39.2,Beauty,1,2.6,0
ORD502872,CUST101834,560088,2025-03-24 09:26:48,540.45,42.3,Beauty,17,1.0,0
ORD503283,CUST100502,560055,2025-03-24 09:44:11,518.7,35.4,Other,1,31.5,1
ORD503227,CUST101918,560058,2025-03-24 10:28:19,338.66,13.8,Fashion,16,14.7,0
ORD500738,CUST100307,560104,2025-03-24 11:01:30,357.38,18.4,Grocery,1,3.6,0
ORD507882,CUST100374,560074,2025-03-24 11:06:15,230.42,10.4,Beauty,8,27.8,0
ORD506926,CUST100416,560083,2025-03-24 11:27:31,820.05,33.0,Electronics,19,18.1,0
ORD506261,CUST101125,560036,2025-03-24 11:35:21,931.56,30.3,Home,10,10.2,0
ORD504867,CUST100860,560099,2025-03-24 11:55:34,673.85,24.9,Fashion,7,14.4,0
ORD501218,CUST101498,560022,2025-03-24 12:56:18,1273.62,7.8,Electronics,19,10.8,0
ORD504812,CUST101388,560093,2025-03-24 15:05:23,478.28,2.7,Electronics,20,17.0,0
ORD505834,CUST101394,560004,2025-03-24 16:07:09,1687.97,0.1,Home,0,20.0,0
ORD504815,CUST101267,560010,2025-03-24 17:18:05,441.01,5.3,Beauty,20,12.7,0
ORD506373,CUST101453,560064,2025-03-24 17:35:55,396.59,16.8,Fashion,16,13.2,1
ORD501024,CUST100134,560051,2025-03-24 20:26:02,1264.11,42.0,Beauty,12,12.6,0
ORD502610,CUST101203,560119,2025-03-24 20:33:34,846.52,15.3,Home,6,13.4,0
ORD502913,CUST100525,560063,2025-03-24 21:05:35,624.69,10.4,Fashion,16,8.1,1
ORD504664,CUST100325,560047,2025-03-24 22:20:45,409.28,23.8,Home,6,14.7,0
ORD503570,CUST100857,560105,2025-03-24 22:52:21,481.25,12.7,Home,9,9.6,0
ORD502987,CUST101987,560099,2025-03-24 23:24:09,466.59,11.4,Fashion,5,5.7,0
ORD507478,CUST101305,560063,2025-03-25 00:26:21,153.54,2.6,Electronics,17,8.9,0
ORD503521,CUST101662,560025,2025-03-25 01:38:39,355.13,7.5,Grocery,13,21.3,0
ORD500233,CUST101762,560094,2025-03-25 01:47:10,799.23,11.8,Fashion,7,12.3,0
ORD500470,CUST101608,560026,2025-03-25 02:05:40,626.76,1.8,Beauty,22,15.7,0
ORD503282,CUST101390,560099,2025-03-25 02:21:06,441.79,23.1,Fashion,13,4.7,0
ORD501786,CUST101294,560060,2025-03-25 02:36:59,516.16,10.3,Fashion,5,4.9,0
ORD507105,CUST101062,560013,2025-03-25 02:52:38,512.94,13.6,Beauty,23,9.1,1
ORD507615,CUST100901,560087,2025-03-25 03:48:16,720.65,30.3,Electronics,1,9.3,0
ORD505777,CUST101203,560050,2025-03-25 04:18:27,376.45,15.0,Fashion,17,19.2,0
ORD500779,CUST100872,560033,2025-03-25 04:38:45,1047.0,29.3,Grocery,16,9.6,1
ORD501773,CUST100407,560000,2025-03-25 04:39:56,553.45,23.6,Grocery,16,25.8,0
ORD501737,CUST101356,560114,2025-03-25 05:32:27,2305.93,6.1,Beauty,23,5.9,0
ORD507985,CUST101659,560013,2025-03-25 05:43:42,1518.99,17.6,Home,11,13.0,0
ORD505232,CUST100568,560021,2025-03-25 06:06:07,1016.61,13.2,Fashion,9,9.4,0
ORD505071,CUST100395,560038,2025-03-25 07:16:33,533.79,25.7,Grocery,10,22.2,0
ORD503924,CUST101573,560050,2025-03-25 07:46:19,434.02,17.9,Home,8,19.5,0
ORD504528,CUST100720,560103,2025-03-25 08:12:12,544.08,17.0,Beauty,2,10.8,0
ORD505808,CUST100583,560040,2025-03-25 09:10:16,1064.04,18.4,Beauty,3,12.2,0
ORD500680,CUST101618,560098,2025-03-25 09:11:15,2080.93,30.7,Home,8,19.1,0
ORD502462,CUST101639,560100,2025-03-25 12:30:06,398.85,17.5,Fashion,20,7.6,1
ORD503220,CUST101489,560029,2025-03-25 13:41:41,434.19,11.3,Fashion,21,6.0,0
ORD507386,CUST101005,560045,2025-03-25 14:16:24,372.97,32.2,Home,6,12.0,0
ORD504174,CUST101203,560101,2025-03-25 14:36:39,621.7,45.5,Beauty,22,26.0,1
ORD504942,CUST101265,560082,2025-03-25 15:00:26,727.05,10.8,Home,5,7.5,0
ORD504622,CUST101659,560098,2025-03-25 15:46:49,723.44,12.3,Grocery,16,2.4,0
ORD505328,CUST100325,560119,2025-03-25 15:49:24,674.1,17.8,Beauty,21,17.3,0
ORD501087,CUST100551,560055,2025-03-25 16:43:27,1042.53,23.8,Other,4,20.4,0
ORD504826,CUST101125,560005,2025-03-25 17:27:35,684.26,4.2,Fashion,13,25.5,1
ORD504030,CUST100381,560028,2025-03-25 17:32:05,1264.44,0.5,Beauty,4,1.0,0
ORD502824,CUST101579,560025,2025-03-25 18:59:27,484.79,18.0,Other,11,18.7,0
ORD501305,CUST100098,560036,2025-03-25 19:02:22,663.22,3.2,Fashion,7,16.8,0
ORD506201,CUST100169,560070,2025-03-25 19:52:35,788.12,13.7,Fashion,20,14.9,0
ORD506167,CUST100395,560066,2025-03-25 20:46:18,1188.33,13.2,Fashion,1,3.2,1
ORD502371,CUST100257,560071,2025-03-25 21:12:42,242.26,8.0,Fashion,0,4.6,0
ORD505361,CUST101951,560048,2025-03-25 22:13:12,1027.51,15.3,Electronics,2,4.4,0
ORD503056,CUST100495,560101,2025-03-25 23:16:35,1446.38,11.3,Grocery,7,10.0,0
ORD507090,CUST100995,560089,2025-03-26 01:11:29,183.99,52.0,Electronics,20,9.3,0
ORD506450,CUST100222,560070,2025-03-26 01:31:46,1124.54,18.7,Beauty,19,19.6,0
ORD502490,CUST100364,560061,2025-03-26 02:49:24,326.99,12.5,Electronics,11,17.0,0
ORD506756,CUST101015,560052,2025-03-26 04:37:46,321.43,6.2,Grocery,6,15.2,0
ORD506957,CUST101832,560093,2025-03-26 04:57:34,360.87,8.7,Other,10,2.9,0
ORD502979,CUST100508,560095,2025-03-26 05:04:58,669.52,12.4,Beauty,4,1.3,0
ORD501419,CUST101417,560030,2025-03-26 05:20:41,539.18,1.8,Grocery,1,5.4,0
ORD502652,CUST101579,560082,2025-03-26 05:22:42,903.04,20.6,Electronics,5,22.9,1
ORD502240,CUST100303,560084,2025-03-26 05:23:03,533.93,34.8,Fashion,15,17.3,1
ORD506367,CUST101007,560032,2025-03-26 06:53:11,1385.53,1.2,Home,1,25.2,1
ORD505056,CUST100766,560106,2025-03-26 07:11:34,499.95,1.3,Other,13,9.0,0
ORD504883,CUST100809,560097,2025-03-26 07:32:07,478.03,35.0,Home,6,7.0,0
ORD504719,CUST100684,560054,2025-03-26 07:32:54,3417.49,26.4,Beauty,5,8.3,0
ORD504108,CUST100410,560027,2025-03-26 08:09:32,1654.34,28.9,Beauty,5,12.0,0
ORD506486,CUST101413,560090,2025-03-26 08:19:11,1628.64,31.2,Other,21,6.7,0
ORD500380,CUST100891,560029,2025-03-26 08:38:35,1435.83,28.0,Electronics,23,19.8,1
ORD505184,CUST100177,560101,2025-03-26 08:47:48,744.67,48.4,Fashion,21,1.0,0
ORD507180,CUST101177,560004,2025-03-26 10:13:30,533.23,15.4,Home,8,5.2,0
ORD506681,CUST101087,560119,2025-03-26 10:14:34,2655.74,2.1,Electronics,5,14.0,0
ORD503562,CUST101916,560090,2025-03-26 10:20:53,319.56,6.1,Fashion,16,13.8,0
ORD507251,CUST101711,560095,2025-03-26 10:47:19,718.34,12.1,Grocery,3,9.0,0
ORD501658,CUST100444,560055,2025-03-26 11:17:57,847.2,19.6,Electronics,15,23.2,0
ORD503938,CUST101143,560101,2025-03-26 12:11:46,893.43,23.4,Fashion,8,15.4,1
ORD500052,CUST101878,560115,2025-03-26 13:51:37,700.92,29.5,Home,19,12.5,0
ORD506273,CUST100326,560023,2025-03-26 14:29:15,722.27,15.3,Beauty,3,15.7,0
ORD502667,CUST100975,560119,2025-03-26 14:48:23,462.59,24.7,Electronics,2,9.2,1
ORD504176,CUST100054,560094,2025-03-26 14:49:32,333.45,2.3,Beauty,3,22.1,0
ORD506951,CUST100543,560094,2025-03-26 14:50:45,1454.68,1.7,Fashion,3,25.2,1
ORD503182,CUST101496,560046,2025-03-26 15:01:23,414.92,25.4,Fashion,4,7.9,0
ORD506031,CUST100302,560004,2025-03-26 15:24:08,704.8,26.8,Fashion,7,21.0,0
ORD501604,CUST100206,560103,2025-03-26 15:40:36,284.22,34.8,Home,16,7.4,0
ORD504092,CUST100860,560060,2025-03-26 16:04:51,377.85,7.9,Grocery,7,11.6,0
ORD501744,CUST100169,560107,2025-03-26 16:23:28,1110.72,36.8,Home,20,11.3,1
ORD501631,CUST100461,560020,2025-03-26 16:40:02,1205.68,29.3,Other,22,11.9,0
ORD503984,CUST101431,560073,2025-03-26 16:41:58,754.67,11.3,Fashion,10,18.5,0
ORD503071,CUST101929,560024,2025-03-26 17:22:00,747.36,37.0,Beauty,13,18.2,1
ORD501678,CUST101815,560047,2025-03-26 17:40:19,1519.0,13.2,Beauty,11,2.7,1
ORD500415,CUST101484,560099,2025-03-26 19:57:12,401.36,21.2,Grocery,5,37.5,1
ORD507270,CUST100205,560069,2025-03-26 21:20:06,583.57,11.1,Grocery,15,13.2,0
ORD506252,CUST100834,560068,2025-03-26 21:34:06,875.96,17.6,Fashion,21,4.8,0
ORD503379,CUST100042,560102,2025-03-26 21:44:22,1409.05,6.2,Home,0,10.8,0
ORD505498,CUST101658,560019,2025-03-26 22:00:29,625.45,14.9,Fashion,2,20.1,0
ORD502197,CUST100541,560112,2025-03-26 23:00:14,736.5,1.8,Electronics,10,16.1,0
ORD502044,CUST101161,560066,2025-03-26 23:22:22,416.92,24.7,Electronics,2,9.1,0
ORD501301,CUST101147,560036,2025-03-26 23:34:52,297.34,10.0,Other,12,14.3,0
ORD505400,CUST100353,560024,2025-03-26 23:53:39,938.11,7.6,Beauty,9,27.3,0
ORD500283,CUST101872,560059,2025-03-27 00:23:44,506.92,12.0,Fashion,18,14.4,0
ORD505374,CUST101565,560087,2025-03-27 00:24:47,934.96,23.5,Grocery,5,7.2,0
ORD500410,CUST100225,560048,2025-03-27 00:42:53,1153.6,11.4,Fashion,13,12.3,0
ORD504175,CUST100795,560032,2025-03-27 02:35:04,1784.61,23.6,Grocery,19,12.2,1
ORD507730,CUST101701,560045,2025-03-27 04:13:44,687.45,18.1,Beauty,12,9.9,0
ORD504741,CUST100573,560058,2025-03-27 04:30:21,449.96,34.0,Beauty,21,3.6,0
ORD501056,CUST101300,560001,2025-03-27 05:18:06,1193.14,13.1,Grocery,0,1.0,1
ORD507424,CUST101979,560103,2025-03-27 05:22:03,805.21,22.6,Electronics,9,21.4,0
ORD506348,CUST100973,560058,2025-03-27 05:58:31,516.81,4.4,Beauty,16,20.0,1
ORD500970,CUST100922,560000,2025-03-27 07:49:53,507.09,13.8,Fashion,8,6.6,0
ORD503050,CUST100303,560037,2025-03-27 08:14:22,382.3,19.5,Home,6,4.0,0
ORD506251,CUST101431,560025,2025-03-27 08:35:43,3707.19,16.4,Home,10,14.8,0
ORD502530,CUST100868,560003,2025-03-27 08:37:15,174.46,20.7,Grocery,12,1.0,0
ORD506540,CUST100671,560013,2025-03-27 08:39:22,1841.02,3.6,Electronics,1,7.3,0
ORD505542,CUST101974,560067,2025-03-27 09:05:05,230.12,12.5,Beauty,6,11.8,0
ORD506980,CUST100444,560053,2025-03-27 09:36:58,950.83,42.9,Beauty,4,22.8,1
ORD507169,CUST101268,560092,2025-03-27 09:54:51,1633.6,24.0,Electronics,18,16.3,1
ORD502273,CUST101190,560012,2025-03-27 10:36:24,302.05,6.1,Beauty,21,17.4,0
ORD507514,CUST101087,560116,2025-03-27 11:02:36,720.33,15.4,Grocery,17,3.6,0
ORD503741,CUST100935,560007,2025-03-27 11:44:29,778.04,8.4,Home,5,9.0,1
ORD502456,CUST100742,560088,2025-03-27 11:48:28,1549.58,28.2,Fashion,11,13.3,0
ORD502581,CUST100066,560083,2025-03-27 12:02:24,408.32,19.3,Electronics,0,1.9,0
ORD501049,CUST100633,560077,2025-03-27 12:14:14,412.43,6.4,Fashion,20,31.7,0
ORD501892,CUST100667,560115,2025-03-27 13:36:58,670.38,35.4,Home,7,19.7,0
ORD507890,CUST100370,560069,2025-03-27 13:59:22,1804.83,6.1,Beauty,17,19.4,0
ORD500048,CUST101465,560055,2025-03-27 14:05:51,675.33,20.2,Beauty,12,19.8,0
ORD502187,CUST100194,560112,2025-03-27 14:31:09,545.65,40.9,Home,1,21.3,1
ORD505839,CUST100165,560055,2025-03-27 16:48:35,1048.03,23.5,Other,15,6.3,1
ORD504420,CUST101237,560045,2025-03-27 19:18:01,943.58,28.2,Other,11,7.1,1
ORD502795,CUST101810,560026,2025-03-27 19:54:26,520.71,31.7,Electronics,16,3.1,1
ORD507433,CUST101487,560015,2025-03-27 19:54:31,282.36,18.3,Electronics,10,13.0,1
ORD507196,CUST100452,560044,2025-03-27 20:32:49,1481.09,16.4,Home,17,9.5,0
ORD506937,CUST100616,560049,2025-03-27 21:22:00,712.68,52.9,Grocery,13,1.5,0
ORD507722,CUST100534,560047,2025-03-27 22:17:37,1067.69,4.9,Fashion,17,15.8,1
ORD500648,CUST100286,560016,2025-03-27 22:51:06,866.86,27.2,Grocery,2,25.3,1
ORD507323,CUST100007,560032,2025-03-27 23:03:40,523.4,5.7,Electronics,14,6.0,0
ORD506506,CUST101622,560071,2025-03-27 23:10:13,898.02,21.8,Beauty,23,3.0,0
ORD503584,CUST101711,560004,2025-03-27 23:45:38,1227.21,29.2,Electronics,10,11.0,0
ORD502231,CUST100725,560101,2025-03-28 01:04:33,822.9,22.0,Fashion,6,10.8,0
ORD503889,CUST101106,560061,2025-03-28 01:52:26,687.98,3.0,Other,23,25.2,0
ORD505251,CUST100914,560076,2025-03-28 02:37:58,278.88,40.7,Beauty,11,3.3,0
ORD504600,CUST101786,560040,2025-03-28 02:56:58,827.31,12.8,Fashion,5,2.4,0
ORD507855,CUST100459,560104,2025-03-28 03:10:03,1307.52,7.4,Fashion,9,29.1,0
ORD505533,CUST101987,560044,2025-03-28 03:11:05,594.76,18.9,Fashion,5,6.9,0
ORD506640,CUST101463,560103,2025-03-28 04:51:00,546.4,28.3,Fashion,17,13.9,0
ORD506136,CUST101356,560087,2025-03-28 05:13:02,2832.53,6.0,Electronics,16,2.0,0
ORD503061,CUST101192,560009,2025-03-28 05:31:32,804.91,26.9,Electronics,4,16.1,1
ORD503215,CUST101651,560107,2025-03-28 05:35:54,800.97,10.0,Fashion,19,16.6,0
ORD507324,CUST101714,560019,2025-03-28 06:56:23,346.99,40.7,Beauty,8,13.0,0
ORD503618,CUST100297,560019,2025-03-28 07:04:44,1064.99,17.0,Electronics,16,40.8,0
ORD505093,CUST100671,560093,2025-03-28 07:36:26,833.01,22.1,Beauty,14,7.0,0
ORD505772,CUST100542,560065,2025-03-28 08:20:33,1697.57,25.5,Fashion,22,27.8,0
ORD501851,CUST101529,560054,2025-03-28 08:34:22,677.34,4.3,Electronics,4,27.2,0
ORD505891,CUST100041,560102,2025-03-28 08:41:02,2695.58,29.9,Fashion,10,4.4,0
ORD507188,CUST100759,560056,2025-03-28 09:31:20,816.23,14.9,Home,18,28.9,0
ORD507529,CUST100882,560010,2025-03-28 09:41:55,367.48,19.6,Home,19,8.1,0
ORD507394,CUST100367,560036,2025-03-28 10:17:01,568.41,26.4,Fashion,21,11.6,0
ORD500282,CUST100872,560089,2025-03-28 10:52:42,4299.94,8.6,Fashion,21,2.9,0
ORD502214,CUST100474,560091,2025-03-28 11:26:44,2257.11,17.0,Fashion,5,10.1,0
ORD505901,CUST100835,560112,2025-03-28 11:49:59,862.14,21.9,Grocery,12,12.8,0
ORD501732,CUST101454,560092,2025-03-28 12:56:01,764.31,26.5,Fashion,15,17.8,1
ORD500606,CUST101380,560040,2025-03-28 14:56:02,389.3,35.5,Home,15,20.2,0
ORD505313,CUST100898,560045,2025-03-28 15:10:54,695.03,16.2,Fashion,23,2.8,0
ORD505944,CUST100707,560112,2025-03-28 15:17:58,559.93,1.3,Grocery,9,6.8,0
ORD502028,CUST100222,560002,2025-03-28 15:48:10,1519.35,22.0,Electronics,1,15.1,0
ORD501521,CUST101511,560027,2025-03-28 16:15:40,440.99,19.5,Beauty,3,7.0,1
ORD502311,CUST100141,560056,2025-03-28 17:36:18,1135.1,14.0,Electronics,14,10.3,0
ORD502984,CUST101335,560097,2025-03-28 18:59:37,2300.33,26.0,Electronics,18,7.2,0
ORD506154,CUST100707,560071,2025-03-28 19:54:14,553.82,28.0,Beauty,16,12.9,0
ORD503094,CUST100869,560081,2025-03-28 20:24:24,1514.43,32.1,Grocery,17,2.6,0
ORD505155,CUST101335,560086,2025-03-28 20:34:07,1315.76,33.0,Grocery,17,9.3,0
ORD507895,CUST100057,560105,2025-03-28 21:05:49,262.24,33.0,Beauty,16,22.2,0
ORD505966,CUST100727,560032,2025-03-28 22:29:48,771.48,22.4,Electronics,20,7.8,1
ORD507602,CUST100723,560059,2025-03-28 23:09:12,466.7,12.3,Grocery,16,17.4,0
ORD506389,CUST101394,560091,2025-03-29 00:08:32,650.33,14.3,Fashion,19,15.1,1
ORD507004,CUST100332,560071,2025-03-29 00:12:26,1606.12,21.5,Electronics,19,11.5,0
ORD503648,CUST101062,560064,2025-03-29 00:34:14,552.46,31.6,Grocery,3,13.5,0
ORD502359,CUST100355,560111,2025-03-29 01:23:44,1573.4,39.1,Home,23,16.1,0
ORD503404,CUST101251,560016,2025-03-29 02:29:19,481.26,8.5,Electronics,13,14.0,0
ORD504706,CUST101801,560097,2025-03-29 03:30:40,591.11,11.2,Other,3,16.4,1
ORD502418,CUST100834,560086,2025-03-29 03:31:53,2113.8,20.7,Electronics,13,19.4,0
ORD507564,CUST100407,560080,2025-03-29 03:38:42,646.75,3.9,Fashion,13,1.4,0
ORD502291,CUST100689,560058,2025-03-29 03:43:41,187.94,16.6,Electronics,10,19.2,0
ORD506571,CUST101852,560114,2025-03-29 04:17:19,2075.98,41.9,Other,9,12.5,0
ORD500304,CUST101465,560063,2025-03-29 05:48:21,518.55,22.0,Electronics,15,19.4,1
ORD505031,CUST101429,560048,2025-03-29 07:25:56,589.67,20.9,Electronics,3,1.9,0
ORD506783,CUST100990,560095,2025-03-29 07:32:44,230.6,28.9,Beauty,21,6.1,0
ORD506190,CUST100297,560035,2025-03-29 07:58:30,660.32,7.1,Fashion,19,3.7,1
ORD505088,CUST100877,560032,2025-03-29 08:21:19,543.25,18.2,Electronics,2,6.1,0
ORD504366,CUST100872,560076,2025-03-29 08:59:53,730.16,17.8,Electronics,0,14.8,1
ORD503572,CUST100057,560098,2025-03-29 09:13:49,467.13,42.8,Home,13,26.1,0
ORD500318,CUST100424,560072,2025-03-29 09:19:47,219.76,32.0,Home,17,8.6,0
ORD507891,CUST101596,560016,2025-03-29 09:39:57,177.83,44.7,Fashion,13,2.2,0
ORD503808,CUST101003,560001,2025-03-29 09:47:57,718.79,16.9,Grocery,4,14.2,0
ORD502532,CUST100573,560095,2025-03-29 09:53:51,636.41,27.9,Fashion,3,17.4,1
ORD506080,CUST101796,560019,2025-03-29 10:27:37,766.55,29.6,Electronics,15,17.4,0
ORD507612,CUST100807,560071,2025-03-29 10:59:00,284.43,47.8,Beauty,15,11.3,0
ORD502694,CUST100686,560044,2025-03-29 11:13:02,1168.22,30.1,Electronics,2,7.0,0
ORD504967,CUST100204,560033,2025-03-29 12:24:08,1036.89,34.8,Beauty,3,2.9,0
ORD503078,CUST101000,560023,2025-03-29 12:29:06,695.2,32.7,Fashion,11,5.2,1
ORD507677,CUST100994,560052,2025-03-29 13:53:20,920.92,35.8,Beauty,23,10.5,0
ORD506398,CUST101276,560111,2025-03-29 14:09:28,791.97,4.4,Fashion,8,2.8,0
ORD505408,CUST100183,560116,2025-03-29 14:48:29,771.13,15.0,Fashion,7,13.3,0
ORD500823,CUST101087,560018,2025-03-29 15:09:54,1701.4,12.7,Electronics,0,19.9,0
ORD507979,CUST100315,560112,2025-03-29 15:36:05,407.23,20.3,Electronics,13,9.1,0
ORD500752,CUST100212,560059,2025-03-29 16:20:54,447.56,22.9,Fashion,8,3.3,0
ORD505345,CUST101705,560117,2025-03-29 16:41:09,1005.04,7.9,Other,10,15.5,1
ORD506509,CUST100283,560080,2025-03-29 17:29:16,1115.29,1.1,Beauty,21,18.0,0
ORD505191,CUST100331,560113,2025-03-29 18:07:15,745.83,29.6,Home,0,16.9,1
ORD504349,CUST101525,560055,2025-03-29 18:09:26,899.46,13.8,Electronics,6,18.8,1
ORD501271,CUST100906,560081,2025-03-29 18:38:53,604.01,2.3,Other,16,10.1,1
ORD507969,CUST100452,560020,2025-03-29 19:44:43,199.79,25.3,Fashion,18,21.4,1
ORD503596,CUST100120,560043,2025-03-29 19:55:03,668.96,38.9,Fashion,21,22.2,0
ORD501317,CUST101117,560050,2025-03-29 20:39:06,282.97,13.2,Electronics,10,4.1,0
ORD500953,CUST101474,560062,2025-03-29 20:51:00,360.86,15.9,Fashion,16,22.1,0
ORD502221,CUST101667,560086,2025-03-29 22:00:35,150.0,8.8,Electronics,22,19.1,0
ORD507811,CUST101397,560114,2025-03-29 22:03:05,265.68,18.7,Beauty,8,18.2,0
ORD500556,CUST100975,560069,2025-03-29 22:17:22,835.22,18.0,Grocery,20,11.3,0
ORD501561,CUST100297,560117,2025-03-29 22:20:18,582.78,18.3,Fashion,10,13.1,0
ORD501723,CUST100693,560057,2025-03-29 22:54:56,353.4,27.7,Beauty,6,12.5,0
ORD502352,CUST100692,560078,2025-03-29 22:58:56,515.07,26.0,Fashion,0,2.5,0
ORD505658,CUST100835,560110,2025-03-29 23:10:48,526.48,10.1,Beauty,12,9.5,1
ORD505124,CUST100813,560083,2025-03-30 00:36:00,828.88,7.8,Electronics,1,1.7,0
ORD501694,CUST100231,560041,2025-03-30 02:00:44,695.53,21.3,Grocery,20,1.3,0
ORD506627,CUST100079,560038,2025-03-30 03:52:21,294.3,23.3,Electronics,12,6.9,1
ORD506287,CUST100029,560041,2025-03-30 03:57:49,1251.28,6.3,Other,1,14.4,0
ORD502604,CUST100120,560000,2025-03-30 04:29:33,328.44,18.8,Electronics,2,2.0,0
ORD503031,CUST100693,560020,2025-03-30 05:16:59,1564.04,12.9,Fashion,10,5.3,0
ORD507803,CUST101405,560098,2025-03-30 05:21:40,1203.97,4.9,Fashion,22,5.5,0
ORD502523,CUST100328,560016,2025-03-30 06:10:06,430.23,32.5,Grocery,23,23.4,1
ORD502995,CUST101500,560073,2025-03-30 06:13:33,395.0,12.8,Other,20,22.0,0
ORD504064,CUST100547,560046,2025-03-30 06:14:47,373.03,42.0,Home,6,5.1,0
ORD502179,CUST101657,560022,2025-03-30 07:07:39,1142.27,31.4,Beauty,7,27.2,1
ORD500229,CUST101888,560077,2025-03-30 07:53:05,673.8,13.0,Fashion,18,6.5,1
ORD502020,CUST100758,560001,2025-03-30 09:22:02,267.49,32.1,Grocery,11,1.0,0
ORD506534,CUST100882,560116,2025-03-30 10:26:55,341.06,27.3,Beauty,23,9.7,1
ORD506158,CUST101579,560041,2025-03-30 12:00:02,566.41,13.0,Grocery,17,11.0,0
ORD504531,CUST100208,560094,2025-03-30 12:53:12,441.03,41.5,Home,21,6.4,0
ORD507753,CUST101779,560092,2025-03-30 13:14:25,844.81,6.2,Grocery,8,10.2,0
ORD504094,CUST101730,560014,2025-03-30 14:29:23,719.04,20.3,Electronics,21,15.9,0
ORD500603,CUST100364,560092,2025-03-30 15:04:59,654.05,1.6,Other,10,8.0,0
ORD505964,CUST100204,560055,2025-03-30 16:03:38,2042.31,34.5,Home,10,7.1,0
ORD503893,CUST100081,560008,2025-03-30 16:10:23,407.68,23.3,Grocery,22,12.0,0
ORD501589,CUST100296,560067,2025-03-30 16:55:57,562.13,7.6,Home,17,19.9,1
ORD501575,CUST100967,560092,2025-03-30 17:47:04,718.72,17.6,Fashion,14,5.9,0
ORD504709,CUST100962,560064,2025-03-30 18:05:31,497.25,10.8,Electronics,3,2.9,0
ORD501381,CUST100679,560045,2025-03-30 18:47:32,380.35,31.4,Fashion,14,6.6,0
ORD504682,CUST101280,560064,2025-03-30 19:07:47,1126.04,9.9,Fashion,10,11.4,0
ORD506168,CUST100886,560031,2025-03-30 19:36:56,437.94,15.8,Grocery,13,1.0,0
ORD507376,CUST100455,560098,2025-03-30 20:27:21,453.5,2.1,Fashion,7,12.0,0
ORD506969,CUST100444,560005,2025-03-30 20:32:32,1295.53,6.1,Fashion,9,4.0,1
ORD501244,CUST100901,560080,2025-03-30 20:36:13,748.05,43.3,Fashion,12,17.4,1
ORD502583,CUST100040,560033,2025-03-30 20:52:04,2031.04,3.4,Other,8,22.9,0
ORD505318,CUST101781,560118,2025-03-30 20:57:15,993.44,52.6,Electronics,10,5.4,0
ORD500668,CUST101325,560005,2025-03-30 20:58:15,536.75,10.0,Beauty,19,8.5,0
ORD503756,CUST100542,560042,2025-03-30 21:26:39,609.43,25.4,Beauty,8,26.0,0
ORD501061,CUST100557,560069,2025-03-30 22:12:28,765.91,28.4,Fashion,3,35.0,0
ORD501106,CUST100904,560097,2025-03-30 22:26:43,1560.53,20.0,Beauty,4,7.8,1
ORD503609,CUST101762,560106,2025-03-30 22:37:58,389.72,31.2,Beauty,12,7.9,0
ORD505612,CUST100037,560006,2025-03-30 23:48:46,641.91,6.7,Fashion,19,26.2,0
ORD504906,CUST101674,560100,2025-03-31 01:08:35,695.15,10.9,Electronics,22,8.8,0
ORD500333,CUST100234,560047,2025-03-31 01:21:19,1188.09,24.4,Beauty,12,13.8,0
ORD500521,CUST100532,560078,2025-03-31 02:05:09,1317.48,24.2,Fashion,11,1.0,0
ORD504736,CUST101048,560088,2025-03-31 02:53:55,1275.7,8.6,Fashion,11,22.1,0
ORD507563,CUST100262,560045,2025-03-31 02:56:07,660.95,7.6,Beauty,14,7.7,0
ORD502674,CUST101463,560114,2025-03-31 03:46:14,2010.26,32.7,Beauty,13,7.0,0
ORD503799,CUST101974,560012,2025-03-31 05:47:28,375.33,26.4,Other,23,13.7,0
ORD505218,CUST101429,560058,2025-03-31 06:55:28,569.93,30.7,Fashion,3,3.0,0
ORD506425,CUST100111,560023,2025-03-31 08:04:48,1346.96,29.5,Grocery,13,9.5,0
ORD500220,CUST100982,560028,2025-03-31 08:39:07,506.07,9.5,Other,3,19.2,0
ORD501270,CUST101511,560020,2025-03-31 08:56:16,989.34,20.6,Fashion,4,2.3,1
ORD503013,CUST101048,560087,2025-03-31 09:16:09,559.34,8.8,Electronics,13,24.8,0
ORD503910,CUST101774,560076,2025-03-31 09:27:45,952.54,5.2,Fashion,1,4.3,0
ORD500017,CUST100928,560049,2025-03-31 09:37:10,1899.43,9.2,Beauty,3,2.8,0
ORD503939,CUST101430,560013,2025-03-31 09:55:05,999.06,29.2,Fashion,22,4.0,0
ORD500031,CUST101580,560002,2025-03-31 09:59:18,368.59,19.5,Electronics,19,15.8,0
ORD503912,CUST101183,560037,2025-03-31 10:10:34,280.73,54.4,Grocery,9,18.9,0
ORD502860,CUST100681,560071,2025-03-31 10:17:57,848.45,8.0,Fashion,12,19.5,0
ORD500463,CUST100240,560020,2025-03-31 11:04:32,874.33,17.0,Other,13,18.0,0
ORD503466,CUST101753,560004,2025-03-31 11:34:33,920.81,12.7,Fashion,11,8.1,0
ORD502912,CUST101586,560058,2025-03-31 11:42:10,1082.62,16.7,Beauty,17,12.7,0
ORD506562,CUST100524,560051,2025-03-31 12:19:41,340.33,17.9,Beauty,19,12.0,0
ORD502383,CUST101080,560116,2025-03-31 12:38:14,698.16,5.4,Home,4,7.4,0
ORD507631,CUST100684,560092,2025-03-31 12:57:59,2001.86,17.7,Electronics,14,20.4,1
ORD507202,CUST101056,560091,2025-03-31 13:56:49,2002.83,5.7,Home,1,4.3,0
ORD505616,CUST101408,560011,2025-03-31 15:17:54,1049.87,20.2,Grocery,13,9.5,0
ORD507217,CUST100453,560086,2025-03-31 15:59:07,969.82,16.9,Fashion,10,7.3,0
ORD506731,CUST100416,560074,2025-03-31 17:10:27,443.98,0.4,Fashion,9,1.5,0
ORD507175,CUST101987,560119,2025-03-31 17:44:57,911.47,38.5,Fashion,17,19.8,0
ORD501906,CUST100834,560093,2025-03-31 17:58:19,562.53,31.2,Grocery,23,7.1,0
ORD502172,CUST101013,560116,2025-03-31 18:34:25,460.47,27.9,Beauty,1,21.3,0
ORD505448,CUST101179,560015,2025-03-31 18:43:18,217.48,19.8,Electronics,18,24.2,0
ORD500280,CUST100274,560001,2025-03-31 19:59:47,1141.04,52.2,Fashion,16,1.4,0
ORD504476,CUST100541,560083,2025-03-31 20:47:17,852.76,20.3,Grocery,10,5.2,0
ORD507277,CUST101183,560049,2025-03-31 21:03:55,214.03,19.5,Other,22,23.6,1
ORD503671,CUST101381,560094,2025-03-31 21:18:51,919.3,47.2,Fashion,5,13.7,1
ORD504576,CUST100834,560073,2025-03-31 21:21:51,1267.37,3.2,Fashion,2,2.6,0
ORD501216,CUST101666,560056,2025-03-31 21:23:24,3284.29,13.2,Beauty,2,7.1,0
ORD501719,CUST100794,560029,2025-03-31 21:28:29,1563.3,15.0,Beauty,7,23.0,0
ORD500313,CUST100720,560108,2025-03-31 22:01:51,916.2,25.6,Home,5,3.4,0
ORD503779,CUST100070,560116,2025-03-31 22:03:56,259.49,13.0,Electronics,23,26.5,0
ORD502586,CUST101280,560116,2025-03-31 22:13:30,779.2,41.3,Grocery,1,6.2,0
ORD505946,CUST100820,560108,2025-03-31 23:11:25,782.23,32.0,Beauty,2,17.0,0
ORD505709,CUST100213,560003,2025-03-31 23:50:30,759.1,10.1,Electronics,23,17.2,0
ORD500637,CUST100126,560069,2025-04-01 00:35:51,583.52,15.9,Fashion,5,6.4,0
ORD500639,CUST100573,560039,2025-04-01 00:47:38,453.8,13.7,Other,7,26.1,0
ORD507067,CUST101998,560026,2025-04-01 04:23:52,503.25,10.9,Home,2,11.3,0
ORD505429,CUST101596,560072,2025-04-01 04:59:04,1605.22,38.1,Home,6,9.2,0
ORD506391,CUST100171,560029,2025-04-01 06:10:47,642.06,13.8,Home,15,1.1,0
ORD507097,CUST101642,560090,2025-04-01 06:21:10,283.62,33.5,Other,16,20.0,0
ORD507830,CUST101608,560080,2025-04-01 07:18:37,971.74,4.8,Fashion,9,14.4,1
ORD500169,CUST100043,560100,2025-04-01 08:48:55,1094.78,2.5,Beauty,18,12.3,0
ORD504266,CUST100986,560037,2025-04-01 09:12:13,1038.38,59.1,Beauty,1,7.6,0
ORD501774,CUST100515,560005,2025-04-01 09:23:57,651.92,11.4,Beauty,8,17.6,0
ORD503461,CUST101183,560114,2025-04-01 09:35:37,438.11,44.1,Fashion,7,2.2,1
ORD505813,CUST101218,560010,2025-04-01 10:21:57,798.98,20.2,Other,12,14.3,0
ORD505247,CUST100310,560096,2025-04-01 11:28:19,833.7,14.4,Fashion,12,8.4,0
ORD506011,CUST101114,560095,2025-04-01 11:53:10,645.06,20.8,Electronics,20,8.0,0
ORD505338,CUST100143,560085,2025-04-01 12:27:11,2320.52,18.8,Beauty,9,2.6,1
ORD504743,CUST100421,560035,2025-04-01 13:22:17,261.88,31.1,Grocery,4,26.3,0
ORD502295,CUST100262,560011,2025-04-01 13:29:44,630.35,38.4,Fashion,7,1.0,1
ORD501269,CUST101804,560090,2025-04-01 13:30:16,445.28,31.4,Fashion,4,3.2,0
ORD502864,CUST100855,560071,2025-04-01 13:35:33,921.89,15.9,Fashion,3,12.8,0
ORD500450,CUST100438,560073,2025-04-01 14:34:40,587.15,20.3,Electronics,5,8.2,0
ORD503958,CUST100364,560117,2025-04-01 15:14:47,253.77,43.8,Beauty,10,4.6,0
ORD505342,CUST100410,560112,2025-04-01 15:22:03,439.57,8.2,Electronics,8,32.3,0
ORD503252,CUST101434,560056,2025-04-01 16:08:15,217.15,25.3,Fashion,13,5.3,0
ORD507331,CUST100520,560076,2025-04-01 18:02:21,633.54,22.8,Electronics,10,19.8,0
ORD500809,CUST100684,560031,2025-04-01 18:42:20,561.11,40.4,Home,15,17.2,1
ORD501090,CUST100490,560000,2025-04-01 20:34:41,596.65,40.2,Grocery,13,7.6,0
ORD501259,CUST100801,560107,2025-04-01 20:54:46,843.38,18.8,Home,16,4.5,0
ORD503253,CUST100001,560034,2025-04-01 21:13:06,463.18,10.6,Electronics,16,24.3,0
ORD500573,CUST101163,560100,2025-04-01 21:23:13,772.73,19.6,Electronics,14,17.0,0
ORD502468,CUST100770,560052,2025-04-01 21:42:35,1196.05,24.1,Grocery,18,9.9,0
ORD506793,CUST101496,560023,2025-04-01 22:12:53,505.88,19.9,Fashion,8,8.9,0
ORD506905,CUST101763,560081,2025-04-01 22:17:19,439.92,32.6,Fashion,22,11.7,0
ORD503098,CUST101605,560091,2025-04-01 23:44:57,815.2,10.7,Other,9,17.4,0
ORD505908,CUST101397,560022,2025-04-02 00:25:27,169.06,27.6,Beauty,2,10.7,0
ORD503509,CUST100824,560043,2025-04-02 01:37:33,663.05,15.5,Grocery,21,18.4,0
ORD505258,CUST101916,560004,2025-04-02 02:16:18,539.7,21.6,Electronics,1,19.6,1
ORD502629,CUST100573,560098,2025-04-02 02:26:04,703.62,16.1,Home,22,19.2,0
ORD503838,CUST101263,560041,2025-04-02 02:26:56,620.82,8.2,Beauty,18,9.2,0
ORD502031,CUST100272,560108,2025-04-02 03:20:47,1274.35,4.7,Home,19,20.6,0
ORD507094,CUST101044,560112,2025-04-02 04:31:30,1693.9,15.1,Home,9,10.6,0
ORD504894,CUST100270,560038,2025-04-02 05:00:16,2318.4,17.2,Fashion,23,20.8,0
ORD502414,CUST100774,560077,2025-04-02 05:43:24,558.57,25.3,Other,22,18.1,0
ORD500061,CUST101719,560081,2025-04-02 06:22:40,1432.92,18.9,Beauty,7,6.3,0
ORD502538,CUST101061,560007,2025-04-02 06:34:42,743.79,36.8,Fashion,22,11.5,0
ORD501493,CUST101850,560038,2025-04-02 07:03:06,898.76,12.2,Grocery,16,24.9,0
ORD506314,CUST101372,560025,2025-04-02 07:14:57,614.39,5.1,Other,22,8.1,1
ORD505602,CUST101062,560043,2025-04-02 07:40:35,671.14,12.0,Beauty,7,19.6,1
ORD504271,CUST100888,560027,2025-04-02 07:45:02,1045.31,19.0,Home,20,1.8,0
ORD504819,CUST100495,560042,2025-04-02 07:46:41,878.62,6.0,Beauty,18,26.8,0
ORD505233,CUST101377,560004,2025-04-02 07:53:40,923.35,5.1,Electronics,23,16.9,0
ORD506645,CUST101592,560040,2025-04-02 09:22:50,1506.27,53.3,Electronics,1,11.9,0
ORD501437,CUST100664,560045,2025-04-02 09:24:17,399.42,3.6,Beauty,2,14.6,0
ORD505940,CUST101762,560002,2025-04-02 09:50:19,945.92,33.6,Beauty,18,1.7,0
ORD501312,CUST101007,560080,2025-04-02 10:59:19,646.23,6.1,Beauty,1,11.9,0
ORD500890,CUST100622,560045,2025-04-02 11:11:56,197.97,8.8,Beauty,5,4.2,0
ORD507474,CUST100406,560118,2025-04-02 14:05:17,1473.96,18.9,Fashion,19,10.8,0
ORD503138,CUST100349,560118,2025-04-02 14:26:59,567.01,21.3,Home,19,3.1,0
ORD500925,CUST100759,560089,2025-04-02 15:03:04,150.0,25.4,Fashion,12,15.1,1
ORD500914,CUST101123,560025,2025-04-02 15:33:09,607.47,23.6,Fashion,23,15.8,1
ORD507554,CUST101802,560110,2025-04-02 15:47:26,723.45,13.1,Grocery,21,6.0,1
ORD507937,CUST100042,560067,2025-04-02 15:58:51,884.53,20.3,Other,6,7.1,0
ORD506459,CUST100485,560027,2025-04-02 16:10:18,480.83,12.7,Fashion,13,20.6,0
ORD500255,CUST100364,560015,2025-04-02 16:32:55,279.06,6.7,Home,8,3.4,0
ORD505880,CUST101221,560066,2025-04-02 16:48:47,348.34,10.8,Grocery,23,17.3,1
ORD503313,CUST101657,560113,2025-04-02 17:34:27,546.95,51.4,Home,16,6.5,0
ORD506300,CUST100297,560065,2025-04-02 18:13:46,295.35,38.6,Electronics,16,13.1,0
ORD504387,CUST101125,560106,2025-04-02 18:56:27,366.28,22.0,Home,23,4.3,0
ORD505672,CUST100310,560102,2025-04-02 19:43:17,270.01,4.6,Electronics,22,4.6,0
ORD506622,CUST101892,560021,2025-04-02 20:41:36,512.73,5.3,Beauty,8,7.3,0
ORD501416,CUST101398,560118,2025-04-02 21:08:23,1164.13,4.6,Electronics,18,5.9,0
ORD506333,CUST100496,560025,2025-04-02 21:28:26,822.0,8.3,Electronics,9,10.7,0
ORD500804,CUST100872,560026,2025-04-02 21:35:27,256.45,24.6,Fashion,14,19.1,0
ORD501549,CUST101529,560050,2025-04-02 21:49:38,390.92,3.1,Electronics,1,19.3,1
ORD507154,CUST101929,560054,2025-04-02 22:10:08,574.75,15.8,Grocery,1,3.5,1
ORD506153,CUST100654,560060,2025-04-02 22:52:45,602.87,24.8,Grocery,1,16.7,0
ORD503181,CUST101903,560095,2025-04-02 23:08:42,229.7,25.9,Home,12,6.7,0
ORD502167,CUST101767,560020,2025-04-02 23:41:53,725.13,23.1,Home,15,24.3,0
ORD503449,CUST100882,560085,2025-04-03 00:24:36,481.08,20.3,Fashion,2,3.4,1
ORD505146,CUST101333,560000,2025-04-03 00:41:18,1633.03,6.7,Fashion,21,6.1,0
ORD501457,CUST100297,560029,2025-04-03 01:17:45,487.27,26.9,Fashion,1,3.7,0
ORD503680,CUST100834,560093,2025-04-03 02:21:44,235.79,19.9,Fashion,4,5.8,0
ORD500285,CUST101520,560040,2025-04-03 02:43:08,921.82,25.7,Electronics,9,3.1,1
ORD500620,CUST100398,560026,2025-04-03 03:03:51,1118.39,12.2,Beauty,22,10.2,0
ORD501691,CUST100901,560032,2025-04-03 03:11:37,725.28,34.3,Grocery,13,18.0,0
ORD502195,CUST101467,560091,2025-04-03 03:35:48,387.91,4.6,Fashion,16,11.4,0
ORD500846,CUST101714,560037,2025-04-03 03:57:43,251.98,22.9,Home,5,21.1,0
ORD507257,CUST100161,560050,2025-04-03 05:03:07,625.29,13.8,Beauty,9,26.8,0
ORD505905,CUST101303,560017,2025-04-03 06:17:21,411.14,4.3,Beauty,13,13.3,0
ORD501452,CUST101268,560045,2025-04-03 06:27:38,760.47,9.7,Home,7,10.4,1
ORD507460,CUST101657,560095,2025-04-03 06:33:40,1123.03,2.8,Beauty,6,7.3,0
ORD506786,CUST101717,560066,2025-04-03 07:20:07,433.51,18.6,Fashion,18,16.0,0
ORD501991,CUST101265,560114,2025-04-03 07:25:36,486.42,29.2,Beauty,19,22.8,0
ORD501612,CUST101735,560014,2025-04-03 07:33:06,383.1,44.9,Fashion,2,28.6,0
ORD507214,CUST100182,560021,2025-04-03 08:54:26,1698.29,26.3,Electronics,11,13.1,0
ORD500816,CUST101393,560030,2025-04-03 09:56:28,682.91,7.3,Fashion,22,21.7,1
ORD507070,CUST100416,560035,2025-04-03 12:50:22,1611.69,32.6,Beauty,2,6.3,0
ORD506811,CUST100321,560028,2025-04-03 13:06:33,357.0,6.1,Fashion,14,11.4,0
ORD503859,CUST100541,560115,2025-04-03 13:24:22,889.85,35.0,Electronics,15,3.1,0
ORD506986,CUST100534,560029,2025-04-03 13:31:57,1432.83,20.2,Fashion,5,2.7,1
ORD505547,CUST101326,560063,2025-04-03 13:42:33,1165.03,16.3,Fashion,5,8.9,0
ORD507153,CUST100792,560055,2025-04-03 14:00:38,687.24,12.3,Fashion,0,2.4,0
ORD501284,CUST100633,560071,2025-04-03 14:26:47,376.41,36.3,Home,11,23.5,0
ORD500276,CUST101959,560013,2025-04-03 14:44:14,541.99,4.8,Beauty,6,24.0,0
ORD502578,CUST100630,560014,2025-04-03 15:23:15,1113.45,4.4,Fashion,8,10.0,1
ORD502489,CUST101095,560082,2025-04-03 15:40:22,311.4,5.9,Fashion,17,11.0,0
ORD504158,CUST100118,560064,2025-04-03 16:19:01,1740.04,20.0,Electronics,10,24.2,1
ORD502641,CUST101714,560080,2025-04-03 16:28:36,231.34,15.0,Home,23,12.1,0
ORD504450,CUST100440,560079,2025-04-03 19:26:01,640.12,6.2,Grocery,18,13.5,0
ORD505470,CUST101246,560069,2025-04-03 19:53:34,1594.38,8.0,Electronics,9,19.9,0
ORD500632,CUST100343,560057,2025-04-03 21:47:36,687.83,8.9,Beauty,21,12.0,0
ORD501642,CUST101553,560064,2025-04-03 21:48:46,642.66,40.5,Beauty,7,4.9,0
ORD507625,CUST101177,560091,2025-04-03 22:33:10,344.15,10.3,Electronics,23,16.4,0
ORD500118,CUST101239,560097,2025-04-03 22:42:23,353.63,8.4,Home,15,14.1,0
ORD505253,CUST101940,560076,2025-04-03 23:03:04,740.49,8.5,Electronics,23,8.0,0
ORD504279,CUST101714,560111,2025-04-03 23:10:41,1030.45,5.6,Grocery,18,18.5,0
ORD501752,CUST100000,560080,2025-04-03 23:14:08,1035.87,12.8,Electronics,2,12.9,0
ORD503831,CUST101974,560076,2025-04-04 00:06:23,1544.59,7.5,Grocery,1,10.9,0
ORD500678,CUST101523,560056,2025-04-04 00:08:13,501.17,35.0,Beauty,8,11.1,1
ORD504500,CUST101451,560025,2025-04-04 00:32:50,398.9,34.9,Beauty,3,10.9,0
ORD501690,CUST101997,560072,2025-04-04 00:43:40,208.45,10.8,Electronics,8,18.3,0
ORD500227,CUST100267,560055,2025-04-04 01:55:49,533.67,11.0,Home,19,15.1,0
ORD504419,CUST100696,560090,2025-04-04 02:38:02,483.75,3.6,Home,3,12.5,0
ORD500428,CUST100008,560042,2025-04-04 02:38:54,1533.53,18.7,Fashion,16,12.8,1
ORD500181,CUST100001,560081,2025-04-04 02:52:51,1060.03,11.1,Beauty,2,15.5,0
ORD506613,CUST101097,560101,2025-04-04 03:02:59,468.93,25.0,Home,12,8.4,0
ORD500628,CUST100349,560097,2025-04-04 06:48:21,379.1,16.9,Electronics,9,26.9,1
ORD505702,CUST100564,560114,2025-04-04 07:16:52,936.86,3.3,Beauty,8,8.6,0
ORD500111,CUST101008,560119,2025-04-04 09:06:28,609.71,7.7,Grocery,7,13.7,0
ORD507337,CUST101608,560092,2025-04-04 09:21:20,473.73,17.6,Home,5,19.4,0
ORD502952,CUST100003,560014,2025-04-04 09:28:55,983.25,2.4,Beauty,21,20.1,1
ORD502239,CUST100993,560090,2025-04-04 09:52:35,1490.16,6.8,Home,14,16.6,0
ORD504215,CUST100635,560082,2025-04-04 10:27:15,1804.44,11.7,Grocery,18,10.9,0
ORD501664,CUST101265,560093,2025-04-04 10:29:39,733.87,1.6,Fashion,13,22.7,0
ORD506956,CUST100975,560107,2025-04-04 11:55:21,652.01,12.3,Beauty,13,11.5,1
ORD502309,CUST101203,560099,2025-04-04 12:03:57,529.59,13.3,Electronics,13,12.6,0
ORD506561,CUST100047,560095,2025-04-04 13:34:04,496.35,35.4,Fashion,6,5.8,1
ORD502376,CUST100213,560048,2025-04-04 14:58:30,1307.83,6.8,Beauty,13,13.4,0
ORD504855,CUST100965,560050,2025-04-04 15:27:29,474.06,15.5,Electronics,10,8.6,0
ORD502476,CUST101639,560019,2025-04-04 16:30:08,362.37,15.4,Beauty,4,4.6,0
ORD507126,CUST101822,560106,2025-04-04 17:11:54,800.67,16.6,Fashion,6,12.6,0
ORD503051,CUST101237,560101,2025-04-04 17:55:16,320.53,15.4,Home,1,6.8,0
ORD501798,CUST100557,560029,2025-04-04 18:39:42,350.82,31.0,Electronics,13,15.1,1
ORD507726,CUST101551,560029,2025-04-04 18:39:56,785.87,7.8,Beauty,3,12.2,1
ORD503508,CUST101161,560044,2025-04-04 19:21:35,353.53,13.4,Fashion,9,1.0,0
ORD505747,CUST101892,560023,2025-04-04 22:03:51,1539.27,13.6,Grocery,18,10.4,0
ORD507485,CUST101785,560107,2025-04-04 22:30:56,793.63,30.2,Other,19,10.2,0
ORD503611,CUST101708,560094,2025-04-04 22:43:11,733.96,32.5,Grocery,21,11.3,0
ORD507715,CUST101664,560022,2025-04-04 23:09:00,823.93,8.8,Grocery,3,20.8,1
ORD503599,CUST101640,560055,2025-04-04 23:51:50,1806.72,8.6,Grocery,17,6.7,1
ORD501659,CUST100742,560020,2025-04-05 00:18:52,661.24,9.8,Other,17,5.9,0
ORD504688,CUST101748,560055,2025-04-05 00:33:40,678.63,26.7,Home,8,3.5,0
ORD500159,CUST101506,560011,2025-04-05 02:29:04,543.21,8.4,Fashion,12,8.4,0
ORD503731,CUST101875,560108,2025-04-05 03:18:06,573.12,20.5,Home,20,10.9,0
ORD506553,CUST100386,560026,2025-04-05 04:18:37,817.61,10.7,Grocery,7,19.1,0
ORD506763,CUST101929,560066,2025-04-05 05:22:08,1542.6,21.7,Home,21,1.6,0
ORD500334,CUST101730,560046,2025-04-05 06:33:28,1631.11,15.2,Fashion,11,6.8,0
ORD506062,CUST100902,560100,2025-04-05 07:13:46,365.15,52.0,Home,21,1.0,0
ORD506734,CUST101230,560005,2025-04-05 07:23:03,429.98,23.4,Home,20,13.2,1
ORD507670,CUST100206,560068,2025-04-05 08:12:00,705.22,20.1,Beauty,1,3.7,0
ORD501677,CUST101937,560088,2025-04-05 09:18:37,703.32,12.5,Grocery,20,12.6,1
ORD502726,CUST101333,560101,2025-04-05 09:48:42,976.75,28.3,Grocery,10,4.2,0
ORD501121,CUST101062,560047,2025-04-05 11:02:24,1396.84,27.0,Grocery,21,14.3,1
ORD505239,CUST101742,560083,2025-04-05 11:21:56,580.93,17.5,Grocery,22,6.2,0
ORD507357,CUST100256,560104,2025-04-05 11:45:17,672.25,11.0,Fashion,8,31.4,0
ORD506689,CUST100037,560099,2025-04-05 12:07:45,262.41,30.3,Home,7,9.4,0
ORD502237,CUST100135,560086,2025-04-05 12:52:44,521.7,11.9,Fashion,3,4.1,0
ORD505564,CUST100879,560002,2025-04-05 12:53:17,1081.53,8.2,Fashion,13,6.8,0
ORD507183,CUST101854,560055,2025-04-05 13:02:37,1280.2,7.7,Fashion,13,20.0,1
ORD501172,CUST101774,560024,2025-04-05 13:26:22,812.38,14.9,Other,15,9.9,0
ORD500024,CUST100423,560100,2025-04-05 13:32:12,2107.5,28.1,Grocery,16,24.6,0
ORD505304,CUST100380,560115,2025-04-05 13:58:08,321.77,32.4,Beauty,7,26.5,0
ORD505186,CUST101214,560001,2025-04-05 14:12:20,833.4,21.2,Other,20,23.0,0
ORD505281,CUST101995,560054,2025-04-05 14:33:51,458.37,8.6,Electronics,19,19.4,0
ORD507734,CUST101684,560114,2025-04-05 14:54:07,1039.99,53.4,Other,1,14.5,0
ORD503959,CUST101650,560092,2025-04-05 15:22:21,236.73,7.9,Fashion,23,2.9,0
ORD504618,CUST100006,560015,2025-04-05 17:03:57,696.72,4.6,Fashion,11,21.9,0
ORD504734,CUST101269,560092,2025-04-05 17:11:50,874.75,2.3,Grocery,22,9.5,1
ORD507674,CUST101974,560025,2025-04-05 17:31:16,458.59,8.2,Beauty,20,14.7,0
ORD505743,CUST101628,560057,2025-04-05 18:24:50,992.31,52.8,Home,10,7.6,0
ORD505038,CUST100139,560050,2025-04-05 19:05:02,628.75,8.6,Other,13,24.2,0
ORD504205,CUST100360,560053,2025-04-05 20:05:32,474.22,25.5,Electronics,19,18.7,1
ORD501841,CUST100935,560041,2025-04-05 20:31:13,413.05,19.6,Beauty,3,18.3,0
ORD502937,CUST101995,560116,2025-04-05 21:27:20,557.14,30.2,Grocery,5,10.0,0
ORD505990,CUST101740,560050,2025-04-05 21:46:29,464.03,0.8,Home,7,8.5,0
ORD507804,CUST101467,560027,2025-04-05 22:16:20,1490.69,4.7,Fashion,21,11.0,1
ORD500567,CUST101145,560055,2025-04-05 22:25:12,947.88,38.3,Beauty,19,3.2,0
ORD505316,CUST100860,560101,2025-04-05 22:48:57,277.09,5.4,Electronics,13,9.2,0
ORD502508,CUST101929,560114,2025-04-05 22:58:22,1133.21,41.2,Beauty,16,13.0,1
ORD507048,CUST100769,560108,2025-04-05 23:17:05,195.66,27.7,Fashion,21,15.3,0
ORD507179,CUST100774,560105,2025-04-05 23:24:15,1166.93,33.7,Electronics,22,20.2,0
ORD501540,CUST101062,560108,2025-04-05 23:25:18,1014.76,22.5,Electronics,19,19.0,1
ORD507510,CUST101850,560062,2025-04-05 23:46:45,411.16,2.0,Other,21,5.7,0
ORD507421,CUST100788,560014,2025-04-06 00:23:20,878.97,29.4,Home,20,16.4,1
ORD506376,CUST100547,560052,2025-04-06 01:02:00,1421.27,35.0,Electronics,10,16.2,0
ORD507170,CUST101494,560096,2025-04-06 01:49:51,524.98,40.1,Grocery,7,13.5,0
ORD500398,CUST101706,560043,2025-04-06 02:10:38,874.91,11.8,Other,23,12.7,0
ORD501240,CUST100503,560094,2025-04-06 02:11:15,1181.66,7.4,Electronics,11,13.7,0
ORD502009,CUST100680,560014,2025-04-06 02:21:44,758.81,13.8,Electronics,1,29.6,0
ORD504591,CUST100524,560093,2025-04-06 02:28:31,1898.66,6.9,Fashion,14,19.6,0
ORD502464,CUST101062,560012,2025-04-06 02:48:14,1675.04,7.9,Fashion,19,19.9,1
ORD503764,CUST100973,560095,2025-04-06 04:03:09,590.51,10.3,Home,15,6.5,0
ORD500839,CUST100432,560095,2025-04-06 04:10:13,767.17,20.6,Fashion,2,3.7,0
ORD506774,CUST101164,560049,2025-04-06 04:44:35,533.98,22.0,Beauty,14,20.0,0
ORD506331,CUST100343,560109,2025-04-06 04:46:31,537.63,33.0,Other,14,5.4,0
ORD501155,CUST101586,560018,2025-04-06 05:26:16,1572.04,0.9,Grocery,21,3.0,0
ORD507530,CUST100324,560081,2025-04-06 06:03:03,763.37,32.8,Electronics,22,10.1,0
ORD504156,CUST100834,560058,2025-04-06 06:44:44,328.76,37.7,Beauty,5,16.9,0
ORD503802,CUST101578,560097,2025-04-06 06:47:09,898.27,2.6,Beauty,5,27.8,0
ORD506941,CUST101013,560003,2025-04-06 07:02:58,262.43,44.4,Fashion,20,3.1,0
ORD503532,CUST101823,560069,2025-04-06 07:07:42,955.79,27.5,Fashion,10,14.8,0
ORD501576,CUST101323,560017,2025-04-06 07:10:13,976.21,8.3,Electronics,11,22.2,0
ORD504567,CUST101312,560119,2025-04-06 07:28:02,759.89,44.1,Grocery,19,4.0,0
ORD507968,CUST101092,560030,2025-04-06 08:00:45,1758.13,17.2,Fashion,21,23.8,0
ORD505601,CUST100204,560006,2025-04-06 08:08:44,643.76,13.3,Home,20,9.7,0
ORD505855,CUST100445,560022,2025-04-06 09:24:14,238.2,10.6,Grocery,11,12.8,0
ORD500811,CUST101268,560094,2025-04-06 10:23:36,1238.64,24.1,Home,11,13.6,0
ORD506800,CUST101067,560002,2025-04-06 11:24:06,969.38,4.7,Home,4,7.0,0
ORD504036,CUST101647,560081,2025-04-06 11:33:30,841.88,6.8,Fashion,2,11.2,0
ORD503794,CUST101160,560086,2025-04-06 12:21:39,856.4,33.3,Fashion,5,7.2,0
ORD504972,CUST101965,560017,2025-04-06 13:23:56,1028.52,35.6,Electronics,22,14.2,0
ORD500550,CUST100877,560052,2025-04-06 14:36:19,1365.63,17.1,Fashion,17,16.7,0
ORD507262,CUST100274,560045,2025-04-06 15:21:27,612.33,14.0,Electronics,19,3.3,0
ORD507045,CUST101958,560061,2025-04-06 15:34:05,1608.02,7.3,Electronics,14,15.4,0
ORD507005,CUST101762,560053,2025-04-06 16:06:48,302.35,9.6,Beauty,11,18.3,1
ORD506323,CUST100292,560096,2025-04-06 16:12:57,1476.62,6.4,Beauty,20,17.3,0
ORD501040,CUST100713,560077,2025-04-06 16:16:35,472.79,44.2,Electronics,6,6.6,0
ORD507713,CUST101862,560046,2025-04-06 18:00:25,194.37,38.8,Electronics,18,13.0,1
ORD507518,CUST100977,560098,2025-04-06 18:41:53,2333.2,53.0,Grocery,14,9.5,0
ORD507049,CUST100370,560091,2025-04-06 19:28:30,1016.42,15.3,Beauty,16,8.8,1
ORD501488,CUST100024,560069,2025-04-06 19:59:31,1064.76,7.6,Beauty,22,13.3,0
ORD501200,CUST100708,560016,2025-04-06 20:05:13,784.19,10.5,Electronics,14,17.6,0
ORD503755,CUST101768,560027,2025-04-06 20:43:52,962.18,9.2,Beauty,1,4.2,0
ORD506636,CUST100848,560033,2025-04-06 22:26:28,579.26,2.3,Home,14,9.6,1
ORD507247,CUST100646,560105,2025-04-06 22:36:34,622.95,1.4,Fashion,3,6.9,0
ORD503118,CUST101820,560105,2025-04-06 22:39:22,493.54,11.1,Home,7,19.6,1
ORD503971,CUST101359,560003,2025-04-06 23:04:18,592.81,10.8,Fashion,5,4.0,0
ORD506643,CUST100972,560092,2025-04-06 23:04:46,787.29,8.6,Beauty,21,8.4,0
ORD506623,CUST100066,560111,2025-04-06 23:10:15,708.93,24.8,Fashion,21,16.1,0
ORD501248,CUST100224,560013,2025-04-06 23:30:56,1221.56,18.7,Fashion,10,14.7,0
ORD501510,CUST101056,560097,2025-04-06 23:35:23,1066.34,38.1,Fashion,23,16.1,1
ORD503469,CUST101936,560037,2025-04-06 23:50:37,854.25,18.9,Fashion,14,11.0,0
ORD502094,CUST100089,560060,2025-04-07 00:55:02,701.94,33.4,Fashion,3,2.4,0
ORD503898,CUST101465,560022,2025-04-07 01:01:25,545.06,11.3,Fashion,12,6.1,0
ORD504465,CUST101551,560113,2025-04-07 01:50:44,698.8,2.4,Fashion,0,2.5,0
ORD503543,CUST100364,560039,2025-04-07 02:10:16,382.41,27.1,Other,8,23.4,0
ORD504498,CUST101324,560100,2025-04-07 02:34:08,322.83,8.7,Grocery,5,16.2,0
ORD500937,CUST100425,560000,2025-04-07 03:46:35,543.28,23.0,Fashion,6,1.0,0
ORD500911,CUST101653,560100,2025-04-07 04:35:48,485.32,11.0,Fashion,17,9.0,0
ORD502457,CUST100994,560080,2025-04-07 05:15:55,577.19,17.7,Fashion,6,13.1,0
ORD500070,CUST100453,560111,2025-04-07 06:11:26,462.14,44.5,Electronics,0,17.2,0
ORD503370,CUST100759,560063,2025-04-07 06:44:05,2279.78,17.5,Fashion,15,5.2,0
ORD506109,CUST100212,560091,2025-04-07 08:53:18,1176.61,40.5,Fashion,19,8.1,0
ORD505311,CUST101534,560017,2025-04-07 09:00:08,446.36,36.3,Beauty,0,15.4,1
ORD503830,CUST100532,560090,2025-04-07 09:27:31,743.3,13.6,Beauty,2,13.6,0
ORD500754,CUST100048,560048,2025-04-07 09:31:53,1035.1,35.2,Fashion,23,9.8,0
ORD504738,CUST100621,560047,2025-04-07 09:42:54,866.05,27.8,Other,11,9.9,0
ORD505213,CUST100360,560101,2025-04-07 10:12:37,1500.38,20.8,Grocery,17,9.3,0
ORD501328,CUST100337,560031,2025-04-07 10:17:12,1307.83,8.7,Other,8,5.4,0
ORD506118,CUST100485,560081,2025-04-07 10:37:29,905.39,19.3,Home,0,18.2,0
ORD507904,CUST101395,560001,2025-04-07 10:54:19,150.0,8.0,Beauty,12,13.8,0
ORD504829,CUST101048,560103,2025-04-07 11:47:10,800.44,41.6,Other,15,19.1,0
ORD503488,CUST100029,560089,2025-04-07 13:35:45,150.0,9.3,Other,1,23.4,1
ORD501832,CUST101335,560019,2025-04-07 13:43:29,696.13,26.7,Electronics,6,13.3,0
ORD503849,CUST100552,560054,2025-04-07 13:50:19,716.95,9.6,Beauty,9,12.3,0
ORD506384,CUST101164,560070,2025-04-07 13:51:57,391.05,13.1,Home,16,18.0,1
ORD500330,CUST100836,560117,2025-04-07 14:14:25,790.54,6.7,Home,23,18.8,0
ORD506521,CUST101326,560062,2025-04-07 14:31:37,1364.06,7.5,Other,3,15.1,1
ORD505999,CUST101937,560013,2025-04-07 14:37:50,1220.6,19.4,Fashion,4,10.6,1
ORD507373,CUST101884,560094,2025-04-07 15:23:17,521.86,32.8,Home,20,10.4,1
ORD500143,CUST101701,560069,2025-04-07 15:40:50,846.25,6.1,Electronics,21,10.3,0
ORD502929,CUST101852,560109,2025-04-07 15:49:53,281.9,39.0,Home,0,9.6,1
ORD505790,CUST100145,560037,2025-04-07 16:09:21,605.8,26.7,Other,16,11.7,0
ORD505689,CUST100250,560119,2025-04-07 17:22:04,553.47,24.3,Fashion,17,16.5,0
ORD503291,CUST101493,560102,2025-04-07 17:25:33,488.02,7.8,Electronics,15,9.1,0
ORD506254,CUST101294,560108,2025-04-07 17:27:15,391.33,18.8,Fashion,10,23.9,0
ORD504597,CUST100034,560072,2025-04-07 17:27:57,1188.97,22.1,Electronics,10,21.1,1
ORD503575,CUST100965,560094,2025-04-07 18:17:27,553.84,29.0,Fashion,7,17.4,1
ORD502207,CUST100954,560119,2025-04-07 19:14:54,697.52,31.7,Beauty,6,7.4,0
ORD504157,CUST101736,560095,2025-04-07 19:16:01,1291.97,6.5,Fashion,5,11.9,0
ORD500007,CUST101033,560003,2025-04-07 19:30:50,910.28,6.4,Fashion,16,14.7,0
ORD500406,CUST100292,560095,2025-04-07 19:56:07,778.35,29.9,Fashion,12,18.0,0
ORD502681,CUST101066,560005,2025-04-07 20:02:16,921.07,9.0,Home,1,2.9,0
ORD501558,CUST101999,560079,2025-04-07 21:09:28,976.22,26.6,Fashion,3,24.3,0
ORD503538,CUST101355,560018,2025-04-07 21:20:13,1236.86,24.8,Electronics,0,12.8,0
ORD501662,CUST101309,560071,2025-04-07 22:11:57,871.6,23.2,Other,1,10.0,0
ORD505936,CUST101033,560012,2025-04-07 22:23:12,804.01,8.0,Grocery,20,2.2,0
ORD501583,CUST100834,560081,2025-04-07 22:58:58,213.73,21.6,Beauty,6,6.4,0
ORD505275,CUST100452,560076,2025-04-08 00:49:17,1296.52,39.3,Fashion,3,9.9,1
ORD506960,CUST101430,560007,2025-04-08 04:00:23,1358.2,16.0,Home,4,14.6,1
ORD503576,CUST101908,560041,2025-04-08 05:20:52,1009.18,2.8,Electronics,17,19.0,0
ORD507050,CUST101652,560055,2025-04-08 05:31:55,597.93,18.7,Electronics,8,8.0,0
ORD502395,CUST101026,560117,2025-04-08 07:15:00,3059.9,35.3,Electronics,2,16.9,0
ORD504320,CUST101747,560104,2025-04-08 07:16:01,1032.12,27.4,Electronics,22,12.4,0
ORD500555,CUST101106,560059,2025-04-08 07:47:17,1136.9,3.6,Home,9,7.5,0
ORD506847,CUST101997,560070,2025-04-08 08:35:18,599.95,22.8,Beauty,2,3.8,0
ORD500654,CUST101390,560067,2025-04-08 09:04:52,922.1,31.4,Fashion,7,9.7,1
ORD501541,CUST101272,560024,2025-04-08 11:00:07,380.23,28.1,Fashion,19,9.7,0
ORD505052,CUST101412,560111,2025-04-08 11:04:06,528.27,29.7,Fashion,0,9.6,0
ORD505970,CUST101251,560078,2025-04-08 11:13:17,1326.2,3.8,Other,5,9.3,0
ORD504314,CUST101035,560023,2025-04-08 11:13:25,286.64,11.9,Grocery,13,2.0,0
ORD505467,CUST101062,560077,2025-04-08 12:02:29,712.61,28.1,Beauty,1,13.8,1
ORD504542,CUST101608,560112,2025-04-08 12:17:59,325.82,21.6,Beauty,22,13.6,1
ORD505799,CUST101751,560088,2025-04-08 13:46:18,434.43,14.3,Other,2,5.0,0
ORD506834,CUST101164,560086,2025-04-08 13:58:17,507.23,39.1,Beauty,15,4.1,0
ORD502322,CUST100577,560072,2025-04-08 14:32:49,457.61,14.9,Grocery,20,19.7,0
ORD507013,CUST100678,560097,2025-04-08 14:57:39,783.87,16.7,Home,6,11.8,0
ORD500894,CUST100453,560033,2025-04-08 15:14:51,659.3,11.6,Fashion,22,7.8,0
ORD502924,CUST101868,560058,2025-04-08 15:50:12,685.28,10.6,Electronics,16,12.0,0
ORD503415,CUST100091,560049,2025-04-08 17:56:01,2088.19,25.0,Electronics,9,8.4,0
ORD505568,CUST101045,560091,2025-04-08 21:11:11,1486.21,10.2,Fashion,13,10.2,0
ORD507507,CUST101553,560000,2025-04-08 21:21:05,1005.96,16.1,Beauty,20,19.1,0
ORD505070,CUST100104,560041,2025-04-08 21:48:25,337.14,25.7,Other,1,14.9,0
ORD500204,CUST100953,560001,2025-04-08 22:53:54,774.47,19.2,Fashion,7,6.1,0
ORD502428,CUST100371,560013,2025-04-08 23:55:30,171.98,30.8,Electronics,7,1.7,0
ORD501267,CUST100514,560114,2025-04-09 00:59:11,1379.64,10.6,Electronics,21,15.8,0
ORD500728,CUST100872,560059,2025-04-09 02:02:30,432.95,43.1,Fashion,11,8.0,1
ORD503607,CUST100760,560044,2025-04-09 02:58:20,440.39,14.6,Electronics,4,17.8,1
ORD504714,CUST101762,560019,2025-04-09 03:51:29,920.8,19.4,Electronics,7,10.4,0
ORD500459,CUST100355,560065,2025-04-09 04:14:33,758.76,19.5,Fashion,1,8.9,0
ORD504227,CUST101442,560098,2025-04-09 04:41:05,953.14,9.1,Home,4,6.0,0
ORD504869,CUST101045,560019,2025-04-09 04:43:44,421.23,15.0,Electronics,4,25.7,0
ORD507547,CUST100918,560115,2025-04-09 06:17:16,1751.58,34.0,Beauty,11,2.1,0
ORD504874,CUST101018,560082,2025-04-09 06:40:56,241.51,28.7,Fashion,17,16.0,1
ORD500607,CUST101033,560036,2025-04-09 07:30:26,751.21,22.5,Other,11,1.2,0
ORD505295,CUST100576,560030,2025-04-09 07:49:37,783.72,23.7,Other,1,17.1,0
ORD502916,CUST100666,560072,2025-04-09 08:24:46,377.18,9.7,Other,13,4.6,0
ORD505123,CUST101751,560036,2025-04-09 08:30:10,407.34,59.2,Electronics,6,16.3,0
ORD503690,CUST100782,560086,2025-04-09 08:49:34,208.82,12.0,Fashion,10,10.6,0
ORD506909,CUST100664,560001,2025-04-09 09:06:53,252.37,37.2,Fashion,10,6.4,1
ORD507285,CUST101333,560047,2025-04-09 09:18:09,150.0,8.9,Beauty,10,27.1,0
ORD503721,CUST100723,560093,2025-04-09 11:24:17,1026.25,15.5,Home,13,13.8,0
ORD504924,CUST101796,560111,2025-04-09 11:24:28,491.05,26.3,Grocery,19,1.8,0
ORD500163,CUST100602,560095,2025-04-09 11:38:54,806.84,23.3,Electronics,4,5.0,0
ORD506923,CUST100398,560098,2025-04-09 12:10:11,1138.88,13.5,Other,2,5.9,0
ORD501002,CUST101153,560088,2025-04-09 12:22:33,704.17,49.2,Home,22,2.7,0
ORD502724,CUST101124,560031,2025-04-09 12:41:13,1688.87,35.1,Electronics,4,12.4,1
ORD501963,CUST101429,560036,2025-04-09 14:30:30,844.81,5.5,Electronics,16,26.5,0
ORD506704,CUST101215,560011,2025-04-09 14:42:37,411.9,26.1,Electronics,19,14.5,0
ORD500051,CUST100356,560036,2025-04-09 14:43:13,387.53,30.7,Other,21,18.1,0
ORD503472,CUST101579,560102,2025-04-09 15:26:16,364.3,37.4,Beauty,6,13.1,1
ORD504282,CUST101701,560117,2025-04-09 15:27:22,746.75,16.7,Fashion,10,15.0,0
ORD501292,CUST100391,560020,2025-04-09 15:51:13,773.64,10.6,Home,6,13.7,0
ORD504403,CUST101888,560031,2025-04-09 15:51:21,784.29,14.1,Home,11,4.5,0
ORD504089,CUST100194,560119,2025-04-09 15:59:25,364.29,30.9,Fashion,19,9.2,0
ORD503554,CUST101183,560054,2025-04-09 16:39:27,1295.82,20.3,Beauty,8,4.2,1
ORD504885,CUST101467,560070,2025-04-09 17:27:45,533.27,1.2,Home,8,15.4,0
ORD505221,CUST100250,560050,2025-04-09 18:11:49,276.66,25.6,Beauty,4,23.0,1
ORD506648,CUST101467,560075,2025-04-09 19:07:19,275.36,14.7,Electronics,12,10.1,0
ORD501934,CUST100289,560012,2025-04-09 19:11:25,653.19,29.9,Beauty,4,7.9,0
ORD504264,CUST100575,560073,2025-04-09 20:00:09,529.04,21.2,Home,2,20.7,1
ORD502227,CUST101448,560102,2025-04-09 20:48:49,547.39,8.1,Electronics,21,11.3,0
ORD506408,CUST101645,560075,2025-04-09 21:57:46,319.68,3.2,Electronics,15,15.5,0
ORD507036,CUST101591,560032,2025-04-09 22:33:26,514.48,11.4,Beauty,22,5.5,1
ORD505875,CUST101281,560104,2025-04-09 22:35:44,1088.51,14.0,Home,3,15.5,0
ORD504054,CUST101764,560028,2025-04-09 23:05:32,781.36,9.8,Fashion,14,24.5,0
ORD501768,CUST101396,560078,2025-04-09 23:35:43,580.85,11.0,Other,6,12.5,0
ORD503397,CUST100963,560103,2025-04-09 23:41:49,802.58,2.2,Electronics,7,12.6,0
ORD504779,CUST101133,560061,2025-04-10 00:11:45,693.39,18.4,Other,23,8.2,0
ORD506244,CUST100310,560108,2025-04-10 00:25:35,1239.87,31.3,Home,14,11.8,0
ORD500191,CUST100708,560063,2025-04-10 00:40:30,1709.49,36.4,Fashion,8,19.3,0
ORD504818,CUST101717,560093,2025-04-10 00:52:00,925.61,27.7,Fashion,21,16.2,0
ORD507842,CUST100447,560111,2025-04-10 00:55:47,535.24,1.3,Electronics,19,25.9,1
ORD502363,CUST100335,560112,2025-04-10 01:02:18,636.98,30.1,Fashion,22,18.1,1
ORD500136,CUST101995,560109,2025-04-10 01:03:18,1210.47,28.9,Home,4,2.4,0
ORD506026,CUST101848,560114,2025-04-10 01:36:31,1390.55,47.0,Fashion,13,1.5,0
ORD507637,CUST101080,560075,2025-04-10 01:36:56,316.05,21.0,Fashion,16,15.9,1
ORD500393,CUST100545,560092,2025-04-10 02:01:51,679.48,15.0,Electronics,9,3.8,0
ORD505916,CUST100179,560022,2025-04-10 02:10:47,267.51,10.0,Fashion,23,23.0,0
ORD503518,CUST100001,560065,2025-04-10 04:06:48,988.62,14.3,Home,2,14.6,0
ORD500192,CUST100515,560009,2025-04-10 05:36:15,389.19,27.3,Beauty,18,12.9,0
ORD503385,CUST101092,560035,2025-04-10 05:43:18,776.58,28.4,Electronics,1,19.5,0
ORD504612,CUST100322,560033,2025-04-10 07:05:01,941.18,8.7,Grocery,2,10.5,0
ORD507274,CUST100906,560115,2025-04-10 07:26:20,377.81,5.1,Fashion,22,9.3,0
ORD503088,CUST100678,560083,2025-04-10 07:36:19,371.46,21.0,Fashion,8,19.2,0
ORD503589,CUST100361,560046,2025-04-10 07:48:38,934.48,18.3,Fashion,23,4.5,1
ORD500060,CUST101884,560097,2025-04-10 09:33:19,881.28,11.0,Fashion,14,9.8,0
ORD504987,CUST100460,560026,2025-04-10 09:37:32,405.99,3.4,Beauty,8,9.5,1
ORD502244,CUST101480,560036,2025-04-10 10:00:35,407.76,48.3,Fashion,18,9.2,1
ORD504727,CUST100114,560050,2025-04-10 10:05:52,718.39,2.1,Grocery,23,19.1,0
ORD502062,CUST101868,560026,2025-04-10 12:01:30,1595.81,1.6,Other,7,6.4,0
ORD503705,CUST100343,560051,2025-04-10 12:42:11,735.28,40.0,Other,8,20.1,1
ORD503052,CUST100888,560108,2025-04-10 15:10:12,1670.45,4.8,Beauty,5,17.8,0
ORD500712,CUST101657,560012,2025-04-10 15:45:18,365.52,5.4,Other,4,16.2,0
ORD503108,CUST101507,560060,2025-04-10 16:00:39,916.76,6.3,Home,20,23.7,0
ORD507687,CUST100194,560104,2025-04-10 16:28:47,333.14,19.3,Fashion,19,19.1,0
ORD504378,CUST100125,560003,2025-04-10 16:44:06,711.13,14.7,Electronics,19,1.0,0
ORD507084,CUST100806,560010,2025-04-10 16:44:23,709.1,29.1,Electronics,13,21.1,0
ORD500681,CUST101884,560008,2025-04-10 17:52:20,1792.69,16.0,Other,16,5.1,0
ORD501046,CUST101246,560103,2025-04-10 18:32:02,353.46,13.4,Home,18,11.4,0
ORD500657,CUST101335,560065,2025-04-10 18:33:02,1213.0,12.5,Electronics,9,7.9,0
ORD507125,CUST101078,560100,2025-04-10 19:10:18,308.72,11.4,Home,6,1.0,0
ORD501813,CUST100744,560004,2025-04-10 19:30:20,1725.86,27.0,Electronics,23,7.1,0
ORD500323,CUST101143,560070,2025-04-10 20:03:10,1191.18,2.1,Other,17,11.3,0
ORD507259,CUST101178,560008,2025-04-10 20:12:23,240.9,24.7,Grocery,18,1.4,0
ORD501574,CUST100376,560040,2025-04-10 20:46:07,405.97,18.3,Grocery,1,22.1,0
ORD507260,CUST101701,560082,2025-04-10 21:20:30,807.27,12.3,Grocery,20,28.3,0
ORD502447,CUST100532,560021,2025-04-10 21:36:47,313.42,9.6,Fashion,5,11.2,0
ORD505711,CUST100545,560062,2025-04-10 23:44:56,505.28,32.1,Other,5,7.8,1
ORD506497,CUST100135,560003,2025-04-11 00:27:23,744.7,0.8,Other,4,13.5,0
ORD503378,CUST101701,560023,2025-04-11 01:17:38,410.55,37.5,Grocery,15,2.5,0
ORD501143,CUST101646,560081,2025-04-11 01:28:24,439.41,16.0,Electronics,23,24.5,1
ORD505586,CUST100290,560101,2025-04-11 02:00:02,675.1,40.2,Grocery,14,4.7,0
ORD500314,CUST101730,560045,2025-04-11 03:01:34,387.56,11.8,Fashion,5,16.3,1
ORD507059,CUST100723,560031,2025-04-11 03:05:57,201.59,22.2,Beauty,21,18.4,0
ORD503180,CUST100660,560070,2025-04-11 03:22:40,262.55,11.1,Fashion,21,24.3,1
ORD503597,CUST100247,560060,2025-04-11 04:22:15,387.8,15.6,Electronics,11,15.2,0
ORD503029,CUST100746,560037,2025-04-11 04:24:34,649.99,19.6,Grocery,13,18.4,0
ORD502944,CUST100048,560117,2025-04-11 04:37:18,401.65,14.5,Fashion,18,10.6,0
ORD501624,CUST100349,560102,2025-04-11 04:39:03,928.88,7.3,Grocery,21,21.1,0
ORD506237,CUST100304,560110,2025-04-11 04:49:31,1146.52,27.0,Electronics,21,22.2,0
ORD503861,CUST101467,560037,2025-04-11 05:34:26,767.14,26.8,Fashion,22,11.8,0
ORD506479,CUST101628,560009,2025-04-11 05:38:43,536.35,10.8,Home,3,18.7,1
ORD506146,CUST101062,560100,2025-04-11 06:53:10,712.94,27.5,Fashion,5,13.2,0
ORD506212,CUST101733,560093,2025-04-11 09:35:53,2245.5,3.1,Beauty,4,7.7,0
ORD500640,CUST101183,560084,2025-04-11 10:10:02,503.27,19.8,Beauty,9,39.7,1
ORD500376,CUST101267,560083,2025-04-11 10:28:12,766.64,26.7,Electronics,6,1.2,0
ORD506396,CUST100530,560069,2025-04-11 12:37:35,556.24,40.5,Electronics,0,7.5,0
ORD504104,CUST100667,560040,2025-04-11 12:56:39,483.76,10.7,Home,19,24.2,0
ORD502520,CUST100085,560028,2025-04-11 12:59:52,294.94,7.1,Beauty,19,1.5,0
ORD507475,CUST100455,560059,2025-04-11 13:03:17,2753.61,3.4,Home,2,21.8,0
ORD500258,CUST100689,560076,2025-04-11 13:13:19,418.9,12.9,Grocery,2,10.2,0
ORD503832,CUST101969,560100,2025-04-11 13:25:28,810.63,4.3,Electronics,14,11.1,0
ORD507741,CUST100231,560061,2025-04-11 13:45:59,472.38,19.0,Electronics,21,1.0,0
ORD502492,CUST100906,560068,2025-04-11 15:22:31,258.39,7.3,Electronics,20,1.6,0
ORD506233,CUST101942,560029,2025-04-11 15:35:47,457.26,36.5,Fashion,7,16.9,0
ORD503073,CUST101391,560093,2025-04-11 16:21:26,1273.67,30.1,Fashion,10,4.7,1
ORD504988,CUST100633,560096,2025-04-11 16:22:59,1133.47,32.3,Beauty,7,10.0,0
ORD503742,CUST101560,560100,2025-04-11 16:42:18,514.7,8.1,Fashion,8,2.6,0
ORD507447,CUST100285,560077,2025-04-11 16:56:50,1004.78,21.7,Electronics,8,26.9,1
ORD506116,CUST101579,560059,2025-04-11 17:00:36,880.88,7.3,Beauty,3,11.3,0
ORD501683,CUST100568,560034,2025-04-11 17:28:43,891.68,33.5,Grocery,23,9.5,0
ORD505821,CUST100030,560057,2025-04-11 17:30:17,1848.98,28.8,Fashion,19,10.8,0
ORD507459,CUST100129,560004,2025-04-11 17:37:09,363.44,21.2,Other,12,8.9,0
ORD506139,CUST100116,560059,2025-04-11 18:21:22,382.98,24.7,Fashion,1,8.1,0
ORD503876,CUST101620,560051,2025-04-11 19:05:25,492.82,4.9,Electronics,12,10.5,0
ORD506390,CUST100758,560048,2025-04-11 19:10:57,828.03,13.3,Fashion,20,12.1,1
ORD501371,CUST100037,560114,2025-04-11 19:12:33,202.63,13.2,Home,19,8.0,0
ORD503718,CUST100522,560070,2025-04-11 19:43:16,635.72,14.4,Fashion,11,12.9,0
ORD504360,CUST101640,560070,2025-04-11 19:44:51,1181.32,16.0,Fashion,16,1.8,0
ORD501165,CUST100544,560029,2025-04-11 20:00:53,331.94,19.2,Electronics,21,29.6,0
ORD504021,CUST100855,560083,2025-04-11 20:07:39,1283.82,6.9,Beauty,9,20.8,0
ORD504535,CUST101335,560027,2025-04-11 20:34:15,913.87,8.6,Fashion,2,1.5,0
ORD507019,CUST101762,560039,2025-04-11 21:11:25,508.52,5.5,Fashion,5,11.0,0
ORD502591,CUST101015,560032,2025-04-11 22:18:18,360.61,24.3,Home,14,16.2,1
ORD504629,CUST101126,560096,2025-04-11 22:44:13,837.88,5.2,Fashion,12,7.3,0
ORD507301,CUST101080,560010,2025-04-11 22:49:13,558.52,10.0,Beauty,13,1.0,0
ORD503204,CUST101401,560072,2025-04-11 22:56:36,1267.53,34.2,Fashion,4,3.0,0
ORD506023,CUST101504,560062,2025-04-11 23:17:55,712.55,51.1,Other,21,23.2,1
ORD507609,CUST101461,560072,2025-04-11 23:26:52,740.33,17.7,Electronics,13,3.0,0
ORD502569,CUST100355,560028,2025-04-12 00:33:49,377.18,0.7,Home,22,17.5,0
ORD504683,CUST100398,560060,2025-04-12 02:05:01,389.97,11.2,Beauty,15,11.8,0
ORD502593,CUST100901,560086,2025-04-12 02:46:54,425.96,6.2,Other,0,15.1,0
ORD505036,CUST100906,560083,2025-04-12 03:38:32,785.7,18.7,Beauty,4,19.2,0
ORD503074,CUST101369,560018,2025-04-12 04:26:47,1761.23,3.2,Grocery,19,8.5,0
ORD506922,CUST100696,560037,2025-04-12 04:48:59,1768.66,5.5,Fashion,18,21.9,0
ORD503208,CUST101606,560103,2025-04-12 05:55:09,472.3,26.2,Beauty,9,18.8,0
ORD500309,CUST100901,560094,2025-04-12 06:05:50,4013.04,22.7,Other,22,9.3,0
ORD504451,CUST100359,560013,2025-04-12 06:50:14,285.53,17.0,Electronics,15,19.4,0
ORD503548,CUST101116,560101,2025-04-12 07:07:14,249.92,22.9,Fashion,22,1.6,1
ORD502989,CUST101306,560077,2025-04-12 07:26:11,276.36,3.1,Fashion,21,21.1,0
ORD504725,CUST100102,560012,2025-04-12 08:06:08,1085.2,8.5,Fashion,12,12.9,0
ORD504938,CUST101608,560083,2025-04-12 08:10:06,239.69,45.9,Beauty,3,16.9,0
ORD502592,CUST100515,560082,2025-04-12 08:15:09,325.99,36.1,Electronics,3,11.1,0
ORD505928,CUST101466,560075,2025-04-12 08:25:09,765.31,16.1,Beauty,13,3.0,0
ORD500457,CUST101203,560091,2025-04-12 09:32:25,707.61,25.1,Fashion,23,19.6,0
ORD507900,CUST101160,560030,2025-04-12 09:53:49,380.54,24.7,Home,22,10.6,0
ORD502585,CUST101974,560021,2025-04-12 10:32:19,448.73,21.0,Other,2,1.0,1
ORD506833,CUST100360,560038,2025-04-12 10:39:06,325.69,18.2,Electronics,21,28.6,1
ORD504270,CUST100872,560082,2025-04-12 11:00:34,289.24,20.6,Fashion,13,3.3,0
ORD506920,CUST100531,560035,2025-04-12 11:01:09,251.18,8.8,Beauty,14,4.2,1
ORD500073,CUST101162,560071,2025-04-12 11:03:58,236.24,31.6,Fashion,0,13.0,0
ORD503203,CUST100679,560007,2025-04-12 12:34:57,953.75,6.2,Fashion,0,16.4,0
ORD506633,CUST100889,560110,2025-04-12 14:01:25,387.77,1.5,Fashion,7,2.0,0
ORD502700,CUST100646,560047,2025-04-12 14:39:11,710.21,22.0,Beauty,18,31.8,0
ORD502315,CUST100759,560099,2025-04-12 14:40:15,444.7,5.8,Home,6,17.3,1
ORD505028,CUST100007,560067,2025-04-12 15:01:00,657.52,45.9,Electronics,16,14.3,0
ORD506052,CUST101255,560056,2025-04-12 15:08:52,950.6,18.9,Fashion,9,11.2,0
ORD500710,CUST101360,560059,2025-04-12 15:39:22,1012.95,20.0,Fashion,8,1.0,0
ORD504790,CUST101015,560058,2025-04-12 17:09:10,272.13,22.2,Electronics,14,19.1,0
ORD500686,CUST100151,560053,2025-04-12 17:10:30,1403.04,8.8,Grocery,8,17.9,0
ORD500414,CUST100455,560110,2025-04-12 17:25:08,735.59,56.2,Home,11,2.0,0
ORD507199,CUST101261,560039,2025-04-12 18:40:07,475.37,9.7,Beauty,13,8.8,0
ORD502369,CUST100676,560099,2025-04-12 18:59:27,518.04,52.0,Fashion,13,24.3,0
ORD502516,CUST101394,560015,2025-04-12 19:53:26,212.38,30.3,Home,12,1.9,0
ORD500784,CUST101704,560090,2025-04-12 20:31:44,2608.97,10.9,Fashion,10,17.8,0
ORD501462,CUST101693,560011,2025-04-12 20:45:09,360.63,14.5,Grocery,9,12.9,0
ORD505492,CUST100277,560027,2025-04-12 20:57:31,648.39,48.0,Home,3,1.9,1
ORD505369,CUST101378,560026,2025-04-12 21:31:14,357.37,32.0,Fashion,2,15.7,0
ORD504495,CUST101008,560077,2025-04-12 22:59:04,1024.6,5.0,Electronics,23,17.8,0
ORD507742,CUST101246,560076,2025-04-13 00:36:35,489.53,38.4,Grocery,4,7.4,0
ORD505357,CUST100583,560078,2025-04-13 00:38:36,1056.65,49.3,Grocery,3,14.7,0
ORD503355,CUST101269,560083,2025-04-13 01:33:13,503.38,17.9,Grocery,22,14.1,0
ORD505287,CUST101990,560073,2025-04-13 02:19:39,1055.84,9.1,Fashion,2,18.3,0
ORD500824,CUST100888,560088,2025-04-13 02:32:23,1104.56,13.4,Home,21,22.0,1
ORD505412,CUST100453,560086,2025-04-13 03:56:54,2439.53,15.2,Fashion,22,10.9,0
ORD500871,CUST100003,560037,2025-04-13 04:15:56,333.6,6.7,Home,17,11.9,0
ORD500015,CUST100362,560109,2025-04-13 04:36:06,709.19,24.8,Fashion,13,20.5,1
ORD501241,CUST101762,560093,2025-04-13 04:53:11,282.67,15.0,Fashion,12,18.6,0
ORD507189,CUST101829,560066,2025-04-13 05:01:13,407.39,31.0,Electronics,13,15.0,0
ORD503350,CUST100988,560015,2025-04-13 05:22:02,586.19,10.7,Fashion,6,14.8,0
ORD504705,CUST100526,560107,2025-04-13 05:39:27,1339.22,56.2,Electronics,0,1.0,0
ORD502940,CUST101070,560076,2025-04-13 05:48:38,1725.84,5.0,Beauty,18,1.8,0
ORD501771,CUST101335,560012,2025-04-13 07:26:07,377.86,22.8,Electronics,11,5.6,0
ORD502908,CUST101222,560084,2025-04-13 08:38:49,323.74,37.2,Grocery,13,3.2,0
ORD504491,CUST101531,560060,2025-04-13 10:12:57,416.14,17.1,Electronics,14,6.3,0
ORD500735,CUST100161,560014,2025-04-13 10:58:10,535.55,17.3,Fashion,9,5.9,0
ORD504490,CUST100267,560051,2025-04-13 12:26:20,2235.41,10.3,Electronics,10,6.0,0
ORD500054,CUST101048,560001,2025-04-13 12:55:53,538.87,33.3,Grocery,11,2.5,0
ORD504943,CUST100820,560007,2025-04-13 17:10:10,812.84,15.0,Beauty,4,13.2,1
ORD503693,CUST101357,560083,2025-04-13 17:35:23,455.29,14.2,Fashion,15,21.2,0
ORD505870,CUST100047,560098,2025-04-13 18:19:43,570.75,24.7,Fashion,10,27.2,1
ORD506299,CUST100301,560074,2025-04-13 19:24:36,1127.41,25.5,Beauty,1,22.2,0
ORD506859,CUST101892,560112,2025-04-13 20:28:37,303.1,15.9,Other,16,18.1,0
ORD504001,CUST101559,560092,2025-04-13 20:28:43,534.72,5.3,Beauty,16,14.5,1
ORD504324,CUST101087,560010,2025-04-13 21:17:15,753.47,6.0,Beauty,23,10.8,0
ORD507204,CUST100012,560073,2025-04-13 21:37:39,1243.84,11.8,Electronics,5,8.9,1
ORD503700,CUST100730,560117,2025-04-13 22:13:30,783.36,15.2,Fashion,10,13.7,0
ORD506928,CUST100674,560012,2025-04-13 23:13:05,304.29,10.6,Fashion,0,8.6,1
ORD506513,CUST101718,560116,2025-04-14 01:09:59,602.18,6.4,Other,0,7.0,1
ORD502932,CUST101740,560070,2025-04-14 01:40:30,585.45,18.2,Electronics,22,7.7,0
ORD504866,CUST101116,560021,2025-04-14 02:01:58,798.42,5.0,Other,7,7.1,0
ORD507724,CUST100573,560089,2025-04-14 02:07:50,332.61,50.8,Home,1,8.0,0
ORD500373,CUST101045,560022,2025-04-14 02:45:49,196.06,28.4,Home,3,26.9,1
ORD502264,CUST101559,560032,2025-04-14 03:48:56,306.58,36.4,Electronics,21,1.0,0
ORD503688,CUST100225,560012,2025-04-14 04:26:33,643.13,40.4,Fashion,18,23.5,0
ORD500155,CUST100924,560109,2025-04-14 04:28:28,1510.5,39.7,Grocery,7,14.4,0
ORD501347,CUST101519,560014,2025-04-14 05:21:12,320.83,2.9,Beauty,0,1.1,0
ORD501057,CUST101463,560114,2025-04-14 05:28:30,453.27,18.0,Home,3,14.5,0
ORD504340,CUST101230,560083,2025-04-14 05:51:09,1450.41,15.1,Fashion,11,17.1,0
ORD507949,CUST101429,560009,2025-04-14 06:03:36,1359.99,6.6,Beauty,23,12.2,0
ORD505115,CUST100854,560081,2025-04-14 06:13:36,164.57,23.5,Grocery,19,11.3,0
ORD507484,CUST100292,560116,2025-04-14 06:17:26,1656.27,8.4,Fashion,19,17.7,0
ORD506078,CUST101739,560066,2025-04-14 06:28:19,584.6,1.8,Electronics,14,15.2,0
ORD505863,CUST100468,560058,2025-04-14 06:52:22,415.26,16.6,Fashion,3,21.1,0
ORD502153,CUST101638,560084,2025-04-14 07:15:09,614.35,33.2,Other,0,13.3,0
ORD506885,CUST101333,560114,2025-04-14 07:18:25,870.51,19.8,Electronics,18,16.2,1
ORD501571,CUST100692,560058,2025-04-14 08:25:42,390.27,33.2,Electronics,13,9.5,1
ORD506844,CUST100798,560011,2025-04-14 08:32:39,330.6,16.7,Electronics,18,13.0,1
ORD507982,CUST101878,560010,2025-04-14 09:21:37,473.26,28.2,Electronics,13,14.1,1
ORD502362,CUST100057,560110,2025-04-14 10:40:36,795.58,23.2,Grocery,23,21.5,0
ORD505640,CUST100091,560115,2025-04-14 11:10:15,1475.47,6.4,Home,5,3.1,0
ORD502570,CUST100306,560041,2025-04-14 11:28:57,531.23,13.2,Fashion,1,4.4,0
ORD502131,CUST100349,560081,2025-04-14 11:34:11,1262.46,16.1,Beauty,9,27.4,0
ORD505546,CUST101435,560015,2025-04-14 11:36:15,732.83,28.8,Fashion,11,4.4,0
ORD503556,CUST100862,560023,2025-04-14 11:54:37,511.13,32.2,Fashion,20,24.1,0
ORD502228,CUST101161,560020,2025-04-14 11:55:06,404.9,27.4,Fashion,15,1.2,0
ORD505102,CUST101062,560048,2025-04-14 12:03:03,672.1,12.2,Fashion,8,28.8,0
ORD507562,CUST101448,560119,2025-04-14 12:04:50,833.9,44.6,Electronics,7,4.5,0
ORD505392,CUST100047,560076,2025-04-14 12:07:17,501.61,22.7,Fashion,21,6.9,1
ORD502097,CUST100261,560047,2025-04-14 12:27:53,1663.78,29.5,Fashion,5,21.6,0
ORD501132,CUST100062,560083,2025-04-14 12:59:47,686.97,11.0,Home,1,2.0,0
ORD502209,CUST101032,560117,2025-04-14 13:01:55,2330.7,28.3,Other,20,10.8,0
ORD507828,CUST101233,560031,2025-04-14 13:28:12,630.75,48.3,Electronics,22,8.5,0
ORD505797,CUST100324,560014,2025-04-14 14:15:46,594.14,12.4,Fashion,18,18.5,0
ORD503285,CUST100751,560074,2025-04-14 14:45:03,665.06,25.0,Beauty,12,2.5,0
ORD500105,CUST101597,560058,2025-04-14 14:45:53,650.83,0.3,Other,4,14.9,0
ORD501626,CUST101981,560023,2025-04-14 14:54:14,482.73,11.7,Beauty,23,3.1,0
ORD500476,CUST100314,560082,2025-04-14 15:12:12,661.05,13.4,Home,16,4.0,0
ORD506649,CUST101348,560045,2025-04-14 15:23:40,485.34,22.7,Home,20,15.2,0
ORD503527,CUST101214,560009,2025-04-14 18:10:25,702.28,15.3,Electronics,5,4.3,0
ORD507282,CUST101767,560081,2025-04-14 20:53:30,332.57,35.4,Electronics,0,6.2,1
ORD505655,CUST101973,560073,2025-04-14 21:16:26,368.32,10.6,Electronics,19,9.0,1
ORD507369,CUST100901,560023,2025-04-14 21:18:52,714.78,36.3,Beauty,8,20.3,0
ORD506541,CUST100048,560056,2025-04-14 22:07:23,730.33,5.3,Fashion,13,9.6,1
ORD507043,CUST101771,560012,2025-04-14 22:25:45,814.04,10.0,Electronics,18,12.6,0
ORD501388,CUST100571,560063,2025-04-14 23:14:03,1120.24,11.2,Home,5,18.9,0
ORD501480,CUST101974,560001,2025-04-15 00:54:13,1617.87,29.2,Electronics,2,6.1,0
ORD502265,CUST100965,560046,2025-04-15 01:06:27,441.19,5.9,Grocery,17,16.0,0
ORD506703,CUST100474,560096,2025-04-15 01:31:29,297.32,28.5,Electronics,21,12.5,0
ORD504877,CUST101481,560016,2025-04-15 01:35:45,741.09,16.6,Electronics,6,16.8,1
ORD501971,CUST100508,560046,2025-04-15 02:53:02,425.04,23.3,Home,20,3.9,0
ORD506758,CUST101836,560073,2025-04-15 03:40:59,317.55,3.2,Fashion,14,14.1,0
ORD503106,CUST101473,560035,2025-04-15 04:08:25,1599.5,27.1,Beauty,0,2.4,0
ORD506577,CUST101767,560044,2025-04-15 04:30:51,811.45,41.5,Grocery,16,10.8,0
ORD503941,CUST101246,560113,2025-04-15 05:01:21,1059.76,37.3,Beauty,9,8.1,0
ORD504781,CUST101482,560051,2025-04-15 05:04:07,1070.82,16.5,Grocery,9,11.2,0
ORD507560,CUST101608,560054,2025-04-15 05:23:51,2556.11,26.7,Fashion,19,18.5,0
ORD507705,CUST101123,560009,2025-04-15 05:25:12,467.03,14.2,Electronics,7,6.0,0
ORD506197,CUST101179,560068,2025-04-15 05:25:15,725.14,23.8,Electronics,12,10.1,0
ORD504210,CUST101608,560008,2025-04-15 05:37:24,826.75,21.2,Home,2,11.3,0
ORD503789,CUST101758,560038,2025-04-15 06:56:22,443.94,29.1,Home,18,13.8,0
ORD507203,CUST100262,560052,2025-04-15 08:45:24,271.39,12.9,Beauty,4,21.3,0
ORD503674,CUST100192,560058,2025-04-15 09:25:28,783.65,23.3,Fashion,6,19.8,0
ORD505805,CUST101774,560092,2025-04-15 10:06:50,534.23,4.9,Home,1,2.7,0
ORD502711,CUST100120,560001,2025-04-15 10:07:11,302.69,5.9,Electronics,0,20.3,1
ORD501860,CUST101263,560080,2025-04-15 10:13:05,884.79,7.7,Grocery,22,19.4,0
ORD505187,CUST101710,560011,2025-04-15 10:35:10,633.87,18.3,Home,1,2.5,0
ORD502305,CUST101430,560065,2025-04-15 10:45:07,470.2,8.1,Fashion,6,8.5,0
ORD504795,CUST101892,560062,2025-04-15 12:40:18,1940.18,13.7,Home,23,5.6,0
ORD501401,CUST101515,560026,2025-04-15 12:42:14,838.22,7.3,Electronics,1,20.8,0
ORD505483,CUST101040,560011,2025-04-15 14:29:21,1313.63,23.3,Beauty,5,11.9,1
ORD500445,CUST101714,560018,2025-04-15 14:49:12,326.79,38.8,Beauty,11,1.2,0
ORD506606,CUST100001,560027,2025-04-15 15:04:23,1199.25,10.6,Grocery,6,11.6,0
ORD505228,CUST101118,560111,2025-04-15 15:25:48,485.63,8.5,Electronics,4,27.3,0
ORD500793,CUST100089,560029,2025-04-15 15:52:30,212.71,31.9,Fashion,10,16.5,0
ORD501526,CUST101430,560014,2025-04-15 15:58:55,582.4,9.1,Home,16,11.9,1
ORD507948,CUST100162,560027,2025-04-15 16:06:13,1302.38,8.7,Home,23,21.4,0
ORD501028,CUST101167,560015,2025-04-15 17:27:11,890.23,31.8,Other,17,11.4,0
ORD506632,CUST100935,560105,2025-04-15 17:32:22,432.0,29.6,Home,15,8.0,0
ORD501073,CUST100928,560022,2025-04-15 17:40:08,808.06,22.9,Electronics,10,2.1,0
ORD503151,CUST100310,560045,2025-04-15 18:14:43,720.73,32.3,Beauty,0,15.3,0
ORD504526,CUST100343,560118,2025-04-15 19:33:58,595.31,6.5,Fashion,23,9.4,1
ORD504220,CUST101742,560008,2025-04-15 20:37:48,2807.5,21.1,Fashion,1,12.3,0
ORD500295,CUST101062,560085,2025-04-15 20:52:26,839.89,27.9,Grocery,3,8.0,0
ORD501154,CUST101183,560044,2025-04-15 21:40:43,1111.1,51.8,Other,9,19.1,1
ORD503612,CUST100007,560065,2025-04-15 21:59:33,589.25,2.3,Beauty,21,18.3,0
ORD500508,CUST100467,560039,2025-04-15 22:01:59,1286.62,25.1,Electronics,9,7.1,0
ORD501652,CUST100707,560017,2025-04-15 22:52:02,645.89,17.3,Fashion,18,11.1,0
ORD502683,CUST101573,560007,2025-04-15 23:12:38,780.18,42.4,Beauty,20,28.8,1
ORD502448,CUST100374,560004,2025-04-15 23:34:04,1298.92,9.7,Fashion,4,5.1,0
ORD505979,CUST100541,560114,2025-04-15 23:43:23,941.9,12.8,Fashion,1,11.5,0
ORD507065,CUST101465,560019,2025-04-16 00:23:13,905.6,11.8,Grocery,8,7.1,0
ORD501298,CUST101007,560082,2025-04-16 00:52:08,1225.36,46.2,Electronics,10,4.0,0
ORD506199,CUST101138,560102,2025-04-16 01:20:08,1227.3,4.4,Fashion,13,21.3,0
ORD504050,CUST100988,560086,2025-04-16 02:40:48,703.59,23.8,Electronics,5,15.4,0
ORD500391,CUST101571,560090,2025-04-16 02:48:03,434.81,22.1,Home,18,9.1,1
ORD504407,CUST100218,560070,2025-04-16 03:37:18,285.12,2.6,Grocery,7,30.2,0
ORD502387,CUST100395,560062,2025-04-16 03:54:00,1486.77,27.7,Grocery,6,12.9,0
ORD507156,CUST100355,560096,2025-04-16 03:58:35,1426.61,15.2,Home,5,27.0,0
ORD501873,CUST100393,560087,2025-04-16 03:59:48,738.11,14.9,Home,9,17.3,0
ORD503482,CUST100871,560020,2025-04-16 05:29:12,289.54,26.3,Beauty,1,11.4,0
ORD505085,CUST101193,560067,2025-04-16 05:51:34,212.5,15.3,Fashion,23,9.0,0
ORD506444,CUST101657,560109,2025-04-16 06:08:46,582.63,27.3,Beauty,23,12.0,1
ORD505414,CUST100746,560020,2025-04-16 06:14:35,790.91,9.3,Home,1,20.2,0
ORD504965,CUST101638,560008,2025-04-16 07:06:42,664.08,30.2,Fashion,22,6.3,0
ORD500326,CUST100443,560089,2025-04-16 07:11:52,397.01,5.4,Electronics,0,1.0,1
ORD505569,CUST100935,560054,2025-04-16 08:17:28,803.78,20.6,Electronics,15,12.9,0
ORD500306,CUST101203,560079,2025-04-16 08:18:47,316.41,8.6,Beauty,12,25.3,0
ORD504655,CUST101112,560087,2025-04-16 08:22:17,578.63,7.2,Beauty,8,16.0,1
ORD500505,CUST101258,560065,2025-04-16 09:02:15,732.54,17.2,Beauty,3,11.9,0
ORD504844,CUST101374,560012,2025-04-16 10:17:07,672.96,18.6,Beauty,6,8.2,0
ORD504594,CUST100003,560086,2025-04-16 10:37:05,1246.09,34.4,Fashion,16,11.1,0
ORD500949,CUST100532,560117,2025-04-16 10:41:27,628.16,31.8,Fashion,23,13.2,0
ORD505806,CUST101852,560000,2025-04-16 11:27:59,1522.57,21.3,Electronics,23,8.8,0
ORD501772,CUST100005,560058,2025-04-16 11:35:54,618.13,21.2,Other,23,13.6,1
ORD500005,CUST101620,560091,2025-04-16 11:55:53,1117.8,9.7,Home,19,8.4,0
ORD503579,CUST101429,560000,2025-04-16 13:09:07,365.64,19.9,Home,0,1.5,0
ORD507610,CUST100234,560044,2025-04-16 13:12:29,209.29,10.4,Beauty,16,13.3,0
ORD502350,CUST101708,560038,2025-04-16 15:09:22,279.94,8.6,Grocery,3,13.3,1
ORD504061,CUST101184,560010,2025-04-16 15:44:34,485.99,17.9,Electronics,6,9.1,0
ORD500844,CUST100666,560035,2025-04-16 15:57:38,1641.75,23.3,Beauty,23,24.8,0
ORD502108,CUST100870,560000,2025-04-16 16:27:27,414.6,26.8,Electronics,16,20.5,1
ORD507311,CUST101019,560018,2025-04-16 16:41:30,750.58,55.4,Electronics,22,11.7,1
ORD507445,CUST101650,560076,2025-04-16 17:06:29,463.87,22.6,Other,18,12.0,0
ORD506347,CUST100742,560076,2025-04-16 17:58:34,426.26,15.4,Other,19,12.9,0
ORD500041,CUST100969,560031,2025-04-16 18:37:12,525.92,20.2,Fashion,9,5.1,0
ORD501922,CUST101904,560074,2025-04-16 19:19:34,781.77,18.1,Other,10,17.4,1
ORD502013,CUST100264,560027,2025-04-16 20:12:03,807.31,6.4,Electronics,16,10.6,0
ORD506812,CUST100760,560033,2025-04-16 20:20:40,1080.16,24.7,Fashion,18,7.8,0
ORD505554,CUST100532,560065,2025-04-16 20:28:05,1106.6,18.2,Electronics,12,5.9,0
ORD503702,CUST100420,560084,2025-04-16 21:06:51,370.86,11.2,Beauty,8,25.4,0
ORD504487,CUST100610,560089,2025-04-16 21:12:58,1446.11,2.6,Other,5,8.6,0
ORD501495,CUST100144,560104,2025-04-16 21:29:35,992.93,25.2,Beauty,22,31.5,1
ORD500520,CUST100973,560012,2025-04-16 21:44:10,1084.94,5.3,Beauty,15,26.3,0
ORD503470,CUST100089,560060,2025-04-16 21:54:24,1680.96,20.9,Home,18,22.1,0
ORD501191,CUST101651,560048,2025-04-16 22:40:21,288.97,36.2,Electronics,15,6.9,0
ORD503033,CUST100774,560000,2025-04-16 23:24:56,1013.64,17.8,Grocery,21,6.4,0
ORD506614,CUST101062,560051,2025-04-16 23:29:43,687.22,4.7,Beauty,3,17.1,1
ORD506574,CUST100393,560089,2025-04-16 23:59:08,771.56,25.6,Beauty,9,16.2,1
ORD501256,CUST100296,560014,2025-04-17 00:25:27,1559.87,19.0,Grocery,14,4.1,0
ORD506777,CUST100531,560009,2025-04-17 01:00:28,1577.12,44.9,Other,6,10.5,0
ORD502863,CUST100096,560046,2025-04-17 01:49:29,950.62,35.9,Fashion,4,8.6,0
ORD504209,CUST100973,560027,2025-04-17 02:11:51,851.6,13.7,Fashion,8,14.9,0
ORD502648,CUST100495,560085,2025-04-17 02:25:53,403.07,2.3,Grocery,1,1.1,0
ORD507939,CUST100315,560033,2025-04-17 02:43:49,465.48,52.4,Beauty,14,6.9,1
ORD506668,CUST100490,560096,2025-04-17 03:30:16,237.88,44.3,Beauty,15,22.2,1
ORD506522,CUST101214,560057,2025-04-17 03:40:10,475.63,4.7,Grocery,19,14.4,0
ORD507867,CUST100088,560049,2025-04-17 05:19:13,341.33,9.9,Home,0,16.1,0
ORD507316,CUST100236,560071,2025-04-17 05:38:45,1837.9,35.4,Grocery,23,10.2,0
ORD501088,CUST100935,560114,2025-04-17 05:48:23,541.49,21.2,Other,10,7.1,0
ORD502640,CUST101579,560013,2025-04-17 06:33:08,826.53,17.1,Other,14,15.6,0
ORD500931,CUST101301,560075,2025-04-17 07:24:41,965.3,23.4,Electronics,17,4.3,1
ORD506471,CUST101438,560023,2025-04-17 07:47:32,228.67,17.0,Fashion,3,12.2,0
ORD505803,CUST100992,560063,2025-04-17 08:32:51,713.68,18.8,Fashion,3,17.1,0
ORD500203,CUST101858,560063,2025-04-17 09:25:41,350.4,24.8,Fashion,8,8.3,0
ORD507439,CUST100900,560030,2025-04-17 10:13:50,549.07,27.3,Grocery,3,4.4,0
ORD501717,CUST101740,560054,2025-04-17 10:36:12,247.93,13.6,Fashion,4,21.9,0
ORD505432,CUST101579,560111,2025-04-17 10:45:42,793.2,47.2,Home,2,11.7,1
ORD501948,CUST101471,560020,2025-04-17 11:06:03,1267.5,25.5,Beauty,9,15.5,1
ORD503060,CUST100353,560010,2025-04-17 11:53:24,1302.84,13.6,Fashion,22,17.7,0
ORD503026,CUST101269,560080,2025-04-17 12:19:13,384.1,18.4,Fashion,17,13.6,1
ORD504005,CUST101087,560058,2025-04-17 13:12:36,2124.5,24.3,Electronics,2,8.0,0
ORD500345,CUST101405,560009,2025-04-17 13:49:51,577.86,39.2,Fashion,6,11.2,0
ORD503315,CUST101648,560119,2025-04-17 14:01:23,405.95,2.3,Fashion,17,9.7,0
ORD503708,CUST101394,560008,2025-04-17 15:35:35,819.12,54.4,Electronics,7,14.3,0
ORD504724,CUST101543,560099,2025-04-17 17:22:53,769.85,27.0,Fashion,16,9.4,1
ORD501965,CUST101304,560054,2025-04-17 18:40:58,1121.75,4.6,Other,9,10.0,0
ORD503017,CUST101714,560024,2025-04-17 18:54:24,342.7,4.6,Other,3,1.4,0
ORD506924,CUST100274,560074,2025-04-17 19:10:42,462.09,31.8,Grocery,5,2.4,0
ORD502398,CUST100226,560051,2025-04-17 20:35:08,394.79,24.1,Fashion,13,7.0,0
ORD507436,CUST100751,560004,2025-04-17 21:04:22,467.79,16.2,Beauty,12,16.8,0
ORD504252,CUST101811,560059,2025-04-17 21:25:01,1595.94,11.0,Beauty,22,18.9,0
ORD501900,CUST101049,560100,2025-04-17 21:28:31,1233.31,24.2,Beauty,9,12.0,1
ORD503411,CUST101592,560065,2025-04-17 21:48:15,936.56,13.7,Fashion,6,12.2,0
ORD500460,CUST100330,560096,2025-04-17 23:09:25,2664.05,28.2,Fashion,12,1.0,0
ORD504630,CUST100566,560039,2025-04-17 23:15:54,290.64,12.5,Home,16,3.3,0
ORD502936,CUST101102,560017,2025-04-17 23:21:41,277.3,45.4,Beauty,2,3.6,0
ORD500383,CUST101102,560043,2025-04-17 23:23:03,1779.27,42.6,Other,21,4.5,0
ORD507835,CUST101335,560090,2025-04-17 23:30:18,798.31,25.7,Beauty,8,13.4,0
ORD507487,CUST101579,560047,2025-04-17 23:35:08,685.85,3.5,Home,11,10.5,0
ORD505058,CUST100076,560082,2025-04-17 23:48:07,299.75,8.1,Home,18,6.1,1
ORD505701,CUST100749,560103,2025-04-18 00:00:11,158.42,35.2,Beauty,1,14.6,0
ORD507246,CUST101262,560003,2025-04-18 00:19:54,365.46,12.1,Other,6,11.4,0
ORD504342,CUST100723,560097,2025-04-18 00:45:46,708.53,33.3,Grocery,0,15.5,0
ORD503644,CUST101404,560001,2025-04-18 01:13:30,601.68,36.6,Fashion,19,23.3,1
ORD501550,CUST101882,560041,2025-04-18 01:23:30,2030.41,22.3,Electronics,15,15.1,0
ORD502735,CUST100256,560067,2025-04-18 01:44:33,2077.93,7.9,Electronics,1,17.8,0
ORD503895,CUST101614,560040,2025-04-18 01:54:38,403.9,9.3,Electronics,14,19.2,0
ORD501315,CUST100886,560084,2025-04-18 01:55:56,364.72,23.7,Grocery,4,9.4,0
ORD501275,CUST100116,560058,2025-04-18 02:31:43,2293.27,2.5,Electronics,14,9.5,0
ORD500390,CUST100169,560092,2025-04-18 03:06:53,877.99,9.4,Beauty,14,9.3,0
ORD505597,CUST100655,560040,2025-04-18 03:47:00,366.3,33.3,Grocery,21,4.2,0
ORD502684,CUST101982,560041,2025-04-18 04:10:00,579.71,32.3,Home,5,5.0,0
ORD506468,CUST101779,560103,2025-04-18 04:28:24,575.7,24.4,Fashion,8,13.6,0
ORD500756,CUST101375,560042,2025-04-18 04:32:27,550.85,36.5,Fashion,8,10.6,0
ORD505423,CUST100487,560061,2025-04-18 04:44:00,1102.39,12.9,Beauty,13,14.0,0
ORD507425,CUST101539,560027,2025-04-18 05:08:24,291.01,50.0,Home,14,10.3,0
ORD507680,CUST101579,560034,2025-04-18 05:32:20,532.3,16.8,Electronics,3,4.3,1
ORD504006,CUST101878,560074,2025-04-18 05:46:37,436.0,33.1,Electronics,1,1.1,0
ORD504244,CUST101858,560110,2025-04-18 06:09:56,852.79,19.1,Home,3,2.4,1
ORD503025,CUST100602,560057,2025-04-18 06:21:29,1304.63,19.2,Fashion,14,16.3,0
ORD503484,CUST101692,560100,2025-04-18 07:58:30,461.34,1.0,Electronics,13,11.5,0
ORD505707,CUST101251,560047,2025-04-18 08:24:14,956.68,33.2,Fashion,2,2.8,0
ORD501206,CUST100374,560030,2025-04-18 09:12:12,859.84,11.6,Fashion,9,29.1,0
ORD504671,CUST100297,560098,2025-04-18 10:15:01,1042.95,52.7,Other,13,5.5,0
ORD507201,CUST101520,560026,2025-04-18 10:26:38,1220.1,32.6,Home,14,22.1,0
ORD504991,CUST101987,560049,2025-04-18 11:23:48,318.78,17.4,Fashion,16,8.6,0
ORD505811,CUST100962,560052,2025-04-18 11:25:39,182.15,9.2,Fashion,20,15.6,0
ORD503475,CUST100532,560089,2025-04-18 11:39:15,200.49,6.6,Fashion,9,24.1,0
ORD503645,CUST100204,560118,2025-04-18 11:41:27,511.4,22.6,Fashion,14,15.4,0
ORD504916,CUST100057,560113,2025-04-18 11:54:41,942.63,32.4,Fashion,16,17.1,0
ORD501137,CUST100744,560025,2025-04-18 12:49:41,834.06,22.5,Grocery,22,1.7,1
ORD503966,CUST100396,560104,2025-04-18 13:37:50,637.67,7.8,Fashion,4,8.4,0
ORD506133,CUST101325,560026,2025-04-18 13:51:52,947.1,4.1,Fashion,5,5.3,0
ORD501126,CUST100723,560070,2025-04-18 14:40:19,170.3,18.3,Grocery,3,9.2,0
ORD506724,CUST101915,560036,2025-04-18 14:52:29,870.67,7.1,Beauty,6,6.8,0
ORD506320,CUST100796,560106,2025-04-18 15:36:22,408.82,11.5,Electronics,4,13.6,0
ORD500622,CUST101633,560100,2025-04-18 16:24:02,1235.56,15.1,Home,6,8.2,0
ORD503150,CUST101377,560068,2025-04-18 16:30:04,348.5,17.2,Home,19,34.9,0
ORD507031,CUST101102,560097,2025-04-18 19:09:51,408.24,7.3,Fashion,4,17.0,0
ORD507286,CUST101674,560042,2025-04-18 20:39:37,601.49,31.6,Other,16,15.6,0
ORD507166,CUST101535,560090,2025-04-18 20:42:35,319.34,26.1,Fashion,16,24.1,0
ORD502527,CUST101018,560119,2025-04-18 21:01:38,607.71,29.6,Other,13,21.5,0
ORD507160,CUST101525,560103,2025-04-18 22:43:53,554.43,19.1,Home,20,1.0,0
ORD501855,CUST100722,560037,2025-04-18 23:03:18,807.52,19.6,Grocery,3,14.7,0
ORD501062,CUST101512,560102,2025-04-18 23:30:00,748.02,18.5,Electronics,18,20.1,1
ORD501273,CUST100096,560052,2025-04-18 23:38:18,548.87,23.5,Electronics,5,8.3,0
ORD501711,CUST100901,560034,2025-04-18 23:45:14,726.39,21.0,Fashion,10,6.5,0
ORD505306,CUST101586,560092,2025-04-18 23:47:45,862.36,1.7,Beauty,6,24.5,0
ORD507134,CUST100674,560119,2025-04-19 00:30:16,554.79,24.3,Grocery,16,7.8,1
ORD501059,CUST100674,560052,2025-04-19 00:30:22,415.7,13.9,Electronics,6,1.0,1
ORD503610,CUST101966,560087,2025-04-19 02:05:32,368.7,16.4,Fashion,1,10.6,0
ORD503736,CUST100795,560105,2025-04-19 02:40:40,949.11,2.7,Electronics,18,9.4,0
ORD500774,CUST101161,560013,2025-04-19 03:58:15,1962.55,10.7,Fashion,2,14.2,0
ORD504011,CUST101779,560017,2025-04-19 05:17:50,1652.56,25.0,Home,4,10.0,0
ORD505315,CUST101406,560022,2025-04-19 05:25:52,696.26,19.4,Fashion,17,19.0,0
ORD501908,CUST100272,560010,2025-04-19 05:39:41,565.08,15.5,Home,19,27.0,0
ORD503995,CUST101467,560078,2025-04-19 06:11:52,388.45,29.9,Fashion,23,12.5,0
ORD504915,CUST100620,560055,2025-04-19 07:06:03,1151.11,6.1,Fashion,20,16.3,1
ORD500704,CUST100532,560116,2025-04-19 07:39:35,553.11,11.7,Home,16,8.7,0
ORD503455,CUST101777,560084,2025-04-19 08:16:54,830.47,21.1,Electronics,8,15.6,0
ORD504339,CUST101418,560103,2025-04-19 08:47:49,491.33,26.2,Fashion,3,13.5,0
ORD501359,CUST100231,560035,2025-04-19 09:14:20,685.05,13.6,Beauty,15,21.0,1
ORD507780,CUST101268,560025,2025-04-19 09:20:05,212.8,12.0,Home,17,22.0,0
ORD502161,CUST100689,560093,2025-04-19 09:21:21,1345.17,29.4,Fashion,13,11.9,0
ORD500455,CUST101170,560116,2025-04-19 09:28:12,708.85,32.8,Other,7,17.8,0
ORD506615,CUST100265,560009,2025-04-19 09:36:34,1014.51,25.7,Fashion,22,11.9,0
ORD504433,CUST101308,560032,2025-04-19 09:58:37,809.18,25.3,Electronics,7,2.9,0
ORD500593,CUST101916,560118,2025-04-19 10:51:10,544.81,19.8,Fashion,10,19.8,1
ORD505997,CUST101886,560003,2025-04-19 11:11:04,1062.62,29.2,Fashion,11,17.1,0
ORD506143,CUST100060,560040,2025-04-19 13:21:59,1204.66,7.0,Beauty,0,8.8,1
ORD504749,CUST101199,560041,2025-04-19 13:44:21,732.3,38.8,Fashion,4,14.3,1
ORD504730,CUST100262,560105,2025-04-19 13:56:52,688.88,33.0,Other,20,2.2,0
ORD501504,CUST101022,560095,2025-04-19 14:44:17,871.61,13.2,Home,17,10.2,0
ORD501568,CUST100621,560042,2025-04-19 16:28:52,499.71,14.0,Beauty,17,14.5,0
ORD506084,CUST101351,560066,2025-04-19 17:00:03,515.77,24.3,Fashion,16,5.0,1
ORD505288,CUST101592,560081,2025-04-19 17:13:40,3521.58,14.2,Fashion,15,5.5,0
ORD504345,CUST101505,560000,2025-04-19 19:48:01,1514.89,10.7,Beauty,15,2.1,0
ORD501889,CUST100540,560068,2025-04-19 20:03:21,699.13,6.0,Fashion,14,21.7,0
ORD500210,CUST100921,560009,2025-04-19 21:24:46,501.58,35.2,Fashion,1,18.0,0
ORD501391,CUST101730,560004,2025-04-19 21:29:07,352.23,29.7,Other,4,1.0,0
ORD507919,CUST100132,560006,2025-04-19 21:40:06,547.11,58.3,Grocery,23,23.7,0
ORD505413,CUST100234,560088,2025-04-19 21:52:21,655.81,16.3,Electronics,0,10.8,0
ORD507402,CUST101246,560103,2025-04-19 22:40:24,389.95,15.5,Other,11,17.5,0
ORD506020,CUST100918,560037,2025-04-19 22:45:25,2335.27,43.1,Beauty,7,15.9,0
ORD507265,CUST100708,560014,2025-04-19 22:52:43,1038.44,3.6,Grocery,12,4.1,0
ORD501140,CUST100088,560028,2025-04-19 22:59:39,766.35,18.7,Other,5,11.3,0
ORD504862,CUST100542,560026,2025-04-19 23:35:33,995.49,12.3,Fashion,3,8.2,0
ORD503105,CUST101203,560098,2025-04-20 01:10:39,418.54,32.9,Beauty,15,24.9,1
ORD502964,CUST100194,560072,2025-04-20 02:42:49,2210.44,17.7,Home,11,24.8,0
ORD505537,CUST100256,560042,2025-04-20 02:56:22,382.41,5.0,Home,1,19.3,1
ORD506708,CUST100684,560085,2025-04-20 03:00:30,508.6,26.1,Fashion,0,1.7,0
ORD504533,CUST101484,560088,2025-04-20 03:53:54,681.95,16.7,Fashion,14,1.0,0
ORD501130,CUST100349,560107,2025-04-20 03:56:16,539.62,18.1,Beauty,11,20.9,0
ORD507635,CUST100861,560037,2025-04-20 04:17:22,912.84,27.6,Home,16,6.0,0
ORD506837,CUST101061,560000,2025-04-20 05:58:19,298.21,48.4,Beauty,6,6.2,0
ORD500618,CUST101040,560004,2025-04-20 06:20:20,599.12,20.0,Fashion,4,12.6,0
ORD502433,CUST100324,560086,2025-04-20 06:48:47,1244.2,15.2,Beauty,9,18.7,0
ORD503167,CUST101875,560104,2025-04-20 07:01:21,592.78,46.7,Grocery,14,19.0,0
ORD504462,CUST100194,560034,2025-04-20 07:24:14,1014.78,3.2,Home,8,16.2,0
ORD507892,CUST100452,560102,2025-04-20 08:13:27,606.51,11.0,Fashion,5,17.9,1
ORD503500,CUST101246,560069,2025-04-20 08:21:38,2002.36,30.3,Other,1,25.3,0
ORD500526,CUST100120,560072,2025-04-20 09:40:13,684.62,13.7,Home,10,25.5,0
ORD502193,CUST101139,560096,2025-04-20 10:34:23,666.12,29.4,Home,2,9.0,0
ORD504395,CUST100996,560078,2025-04-20 11:40:22,1422.56,9.1,Fashion,11,28.8,0
ORD502819,CUST101987,560057,2025-04-20 13:22:56,485.04,7.9,Fashion,1,19.7,0
ORD507383,CUST100618,560100,2025-04-20 13:29:05,1591.93,6.3,Beauty,14,7.3,0
ORD500700,CUST101496,560033,2025-04-20 16:15:48,598.38,19.4,Fashion,11,1.0,0
ORD503961,CUST101087,560119,2025-04-20 16:49:31,508.67,14.3,Fashion,14,9.2,0
ORD502096,CUST100534,560103,2025-04-20 16:51:51,383.38,1.5,Electronics,15,27.8,1
ORD506304,CUST100289,560028,2025-04-20 17:40:01,852.6,12.5,Fashion,2,15.8,1
ORD501904,CUST100638,560034,2025-04-20 18:32:23,270.24,8.8,Beauty,19,10.8,1
ORD502689,CUST100967,560081,2025-04-20 19:14:47,1676.2,6.1,Home,15,26.1,0
ORD500900,CUST101816,560091,2025-04-20 19:56:45,959.12,51.3,Fashion,7,8.3,1
ORD502117,CUST101239,560084,2025-04-20 20:01:03,150.0,27.7,Beauty,7,10.8,0
ORD506989,CUST101927,560103,2025-04-20 20:38:17,900.3,19.8,Grocery,1,4.9,0
ORD505693,CUST100451,560010,2025-04-20 20:46:41,699.82,36.1,Fashion,20,15.0,0
ORD500090,CUST101203,560084,2025-04-20 21:29:42,677.92,33.8,Fashion,14,9.0,0
ORD503035,CUST101048,560014,2025-04-20 21:53:48,1822.46,23.9,Fashion,8,1.4,0
ORD507024,CUST101869,560056,2025-04-20 22:12:01,1060.6,31.7,Electronics,11,16.6,0
ORD502238,CUST101302,560085,2025-04-20 22:17:55,1559.13,3.3,Home,11,5.7,0
ORD502729,CUST101465,560037,2025-04-20 22:19:58,829.74,3.3,Other,23,7.9,0
ORD506073,CUST101875,560051,2025-04-21 01:37:22,245.92,7.3,Electronics,5,8.1,0
ORD500270,CUST100673,560090,2025-04-21 01:52:01,596.49,24.4,Beauty,8,5.7,0
ORD506550,CUST100708,560062,2025-04-21 02:25:10,447.41,28.2,Fashion,21,8.4,0
ORD506257,CUST100037,560100,2025-04-21 02:28:44,1337.06,24.1,Home,18,13.2,1
ORD502045,CUST101007,560092,2025-04-21 02:29:35,227.89,12.0,Beauty,21,3.6,0
ORD507140,CUST100307,560112,2025-04-21 03:14:11,930.36,3.2,Fashion,3,3.3,0
ORD501909,CUST100639,560084,2025-04-21 03:40:15,546.86,11.5,Grocery,23,16.5,0
ORD506325,CUST101127,560015,2025-04-21 04:22:57,478.39,40.8,Home,16,17.3,1
ORD501085,CUST101268,560054,2025-04-21 05:01:51,1000.77,9.4,Home,19,8.2,1
ORD500254,CUST101121,560026,2025-04-21 05:11:17,1034.39,1.6,Home,4,1.0,0
ORD505359,CUST100159,560094,2025-04-21 05:22:11,1195.62,4.9,Fashion,4,9.9,0
ORD500098,CUST100684,560074,2025-04-21 06:21:28,712.02,9.9,Beauty,1,16.4,0
ORD503296,CUST101160,560030,2025-04-21 08:23:33,267.78,9.3,Grocery,23,14.5,0
ORD507420,CUST101951,560067,2025-04-21 08:53:11,501.56,3.0,Electronics,5,5.6,0
ORD506357,CUST101467,560059,2025-04-21 09:40:10,500.05,2.5,Other,17,2.1,0
ORD507328,CUST100360,560072,2025-04-21 09:42:48,1354.75,33.4,Fashion,18,18.7,0
ORD503821,CUST100576,560063,2025-04-21 10:13:21,781.18,16.1,Beauty,12,19.9,0
ORD507750,CUST101123,560102,2025-04-21 10:19:20,1137.21,20.0,Other,9,3.0,0
ORD503316,CUST100774,560080,2025-04-21 10:23:20,652.34,21.5,Other,8,3.9,0
ORD506491,CUST101579,560095,2025-04-21 11:20:33,150.0,19.1,Fashion,12,29.8,0
ORD505773,CUST100331,560110,2025-04-21 12:07:46,368.86,22.1,Electronics,1,3.6,0
ORD507080,CUST100898,560009,2025-04-21 12:08:31,650.36,24.0,Beauty,22,9.8,1
ORD500267,CUST100240,560000,2025-04-21 13:14:12,354.23,29.4,Fashion,16,8.4,0
ORD500116,CUST101782,560102,2025-04-21 13:26:06,1760.93,13.4,Beauty,22,15.5,0
ORD504519,CUST100374,560093,2025-04-21 14:04:11,641.29,16.2,Home,23,27.5,1
ORD506196,CUST101203,560062,2025-04-21 15:26:01,2130.07,31.2,Fashion,7,13.6,0
ORD502953,CUST101356,560090,2025-04-21 15:43:28,686.17,20.5,Other,11,15.8,0
ORD507473,CUST101516,560084,2025-04-21 17:04:34,496.62,38.9,Fashion,8,17.8,1
ORD502074,CUST100058,560057,2025-04-21 17:14:01,503.01,5.4,Electronics,6,20.6,0
ORD500335,CUST100650,560098,2025-04-21 17:33:10,487.91,24.1,Beauty,23,15.8,0
ORD504321,CUST100231,560075,2025-04-21 17:56:55,669.28,49.7,Home,17,12.5,0
ORD501032,CUST100745,560068,2025-04-21 18:10:08,836.66,5.9,Fashion,23,26.5,1
ORD505740,CUST101467,560057,2025-04-21 18:24:48,2358.58,8.3,Beauty,3,21.5,0
ORD504672,CUST101892,560002,2025-04-21 20:01:01,505.89,16.1,Fashion,16,14.6,0
ORD503115,CUST100713,560030,2025-04-21 20:28:47,730.85,23.8,Electronics,19,11.7,0
ORD503754,CUST101757,560050,2025-04-21 21:32:02,888.02,15.1,Fashion,3,20.3,1
ORD502768,CUST100270,560056,2025-04-21 21:50:13,482.7,16.3,Other,21,23.8,0
ORD506801,CUST101514,560090,2025-04-21 22:20:48,1157.73,13.9,Electronics,17,5.2,0
ORD502790,CUST101192,560021,2025-04-21 23:05:21,438.8,5.1,Other,6,6.6,0
ORD504926,CUST100367,560019,2025-04-21 23:53:02,326.02,2.3,Fashion,20,1.0,0
ORD506428,CUST100234,560087,2025-04-22 00:38:36,472.71,30.8,Beauty,7,9.9,0
ORD501527,CUST100208,560008,2025-04-22 01:12:57,302.24,24.5,Grocery,19,14.6,0
ORD504670,CUST100708,560046,2025-04-22 01:25:57,3448.82,9.7,Beauty,17,8.3,0
ORD504989,CUST101283,560039,2025-04-22 01:57:17,800.78,14.9,Grocery,3,22.2,0
ORD502119,CUST100151,560022,2025-04-22 03:05:15,348.6,24.9,Fashion,12,5.5,0
ORD503471,CUST100444,560109,2025-04-22 03:26:07,799.45,2.8,Beauty,2,12.5,1
ORD505323,CUST100381,560006,2025-04-22 03:33:46,458.71,17.7,Fashion,8,10.3,0
ORD502072,CUST101423,560017,2025-04-22 03:42:18,1389.45,16.1,Fashion,17,17.4,1
ORD502452,CUST100545,560108,2025-04-22 04:05:04,1524.87,25.2,Electronics,21,12.5,1
ORD505830,CUST101791,560104,2025-04-22 05:31:43,716.59,10.2,Grocery,23,2.0,0
ORD507398,CUST100577,560103,2025-04-22 06:31:50,524.1,32.3,Fashion,11,19.4,0
ORD502657,CUST101826,560057,2025-04-22 07:44:22,540.89,50.7,Electronics,20,20.5,0
ORD500223,CUST100375,560012,2025-04-22 08:13:24,1148.76,10.7,Beauty,16,2.5,1
ORD500433,CUST101405,560081,2025-04-22 08:17:08,372.17,1.5,Electronics,15,10.6,0
ORD502037,CUST100095,560014,2025-04-22 08:20:56,540.49,23.1,Electronics,6,15.4,1
ORD502959,CUST100684,560086,2025-04-22 08:58:36,858.06,19.0,Home,20,9.6,0
ORD501184,CUST101450,560007,2025-04-22 09:05:48,472.74,21.1,Home,11,8.1,0
ORD501886,CUST101881,560109,2025-04-22 09:30:29,495.2,10.8,Fashion,17,14.0,1
ORD507135,CUST101187,560040,2025-04-22 10:02:50,828.7,5.6,Electronics,23,11.5,0
ORD501567,CUST100744,560115,2025-04-22 10:45:06,839.21,29.6,Fashion,5,19.9,1
ORD506710,CUST101130,560079,2025-04-22 11:01:58,230.78,13.3,Electronics,21,11.5,0
ORD505838,CUST100095,560004,2025-04-22 11:20:11,555.28,24.1,Fashion,21,15.4,1
ORD505926,CUST101297,560011,2025-04-22 12:13:52,243.76,18.2,Electronics,10,17.0,0
ORD505874,CUST100236,560002,2025-04-22 12:52:55,150.0,13.3,Grocery,0,19.3,0
ORD506999,CUST101335,560016,2025-04-22 12:59:10,739.29,28.6,Beauty,23,7.3,1
ORD507086,CUST101091,560100,2025-04-22 13:03:12,1334.26,19.1,Electronics,22,3.6,1
ORD504552,CUST101431,560061,2025-04-22 13:51:09,1124.64,30.9,Beauty,2,2.0,1
ORD503289,CUST101443,560016,2025-04-22 14:45:28,294.94,19.1,Electronics,11,8.2,0
ORD507315,CUST100037,560018,2025-04-22 14:50:49,355.84,20.4,Fashion,11,24.8,0
ORD501940,CUST100459,560101,2025-04-22 14:52:22,658.05,46.6,Home,23,27.3,0
ORD502869,CUST101942,560079,2025-04-22 16:53:43,1027.81,34.2,Other,1,2.6,0
ORD505571,CUST101916,560118,2025-04-22 17:29:56,1453.72,12.6,Fashion,5,25.9,0
ORD502080,CUST100560,560052,2025-04-22 17:39:05,331.19,7.4,Electronics,12,5.2,0
ORD503502,CUST100110,560110,2025-04-22 17:59:08,336.61,30.2,Other,13,27.7,1
ORD507216,CUST101982,560102,2025-04-22 18:58:54,1117.19,8.3,Fashion,11,1.0,0
ORD500177,CUST101930,560070,2025-04-22 19:24:04,753.81,38.1,Fashion,4,17.0,1
ORD503528,CUST101650,560031,2025-04-22 20:49:38,413.67,8.3,Beauty,18,9.0,0
ORD504062,CUST100114,560106,2025-04-22 21:14:04,1428.12,13.4,Fashion,0,22.5,0
ORD503063,CUST101532,560040,2025-04-22 22:12:52,540.92,23.6,Electronics,12,11.5,0
ORD502511,CUST100281,560024,2025-04-22 22:23:11,2463.27,10.4,Fashion,18,15.7,0
ORD505718,CUST101579,560071,2025-04-22 22:49:03,922.93,2.5,Other,12,9.6,0
ORD505676,CUST101060,560020,2025-04-22 23:02:53,1078.11,31.3,Fashion,17,12.6,0
ORD505678,CUST100962,560031,2025-04-22 23:05:32,832.12,8.1,Fashion,10,3.3,0
ORD504575,CUST101462,560049,2025-04-22 23:26:51,1251.87,7.7,Electronics,3,3.7,0
ORD502471,CUST101796,560090,2025-04-23 00:17:58,709.54,7.4,Grocery,5,8.7,0
ORD503239,CUST101886,560116,2025-04-23 00:40:39,436.04,32.6,Electronics,14,16.0,0
ORD504355,CUST101579,560042,2025-04-23 00:42:40,640.14,16.8,Other,2,26.0,1
ORD502413,CUST101543,560005,2025-04-23 00:49:28,1397.8,7.6,Home,20,1.9,1
ORD502968,CUST100120,560094,2025-04-23 01:37:29,1788.35,28.5,Fashion,18,16.2,0
ORD502927,CUST100577,560016,2025-04-23 02:48:13,768.3,2.5,Beauty,0,7.0,0
ORD501334,CUST100722,560029,2025-04-23 03:30:40,311.68,46.8,Other,4,15.7,0
ORD502109,CUST101583,560112,2025-04-23 03:37:47,477.89,25.5,Grocery,18,24.8,1
ORD501494,CUST100351,560093,2025-04-23 04:23:18,417.13,35.9,Grocery,4,12.5,0
ORD503776,CUST101106,560117,2025-04-23 04:24:08,1627.09,15.7,Electronics,18,11.9,0
ORD506141,CUST101207,560065,2025-04-23 04:49:37,873.77,15.5,Other,23,18.6,1
ORD506671,CUST101441,560088,2025-04-23 05:17:27,230.73,2.0,Beauty,11,15.3,0
ORD505441,CUST101869,560083,2025-04-23 05:48:12,425.14,34.1,Home,9,14.2,0
ORD505503,CUST101748,560110,2025-04-23 05:54:17,1541.74,11.3,Electronics,7,13.1,1
ORD507678,CUST100527,560055,2025-04-23 06:24:18,520.38,16.4,Electronics,11,12.9,0
ORD502945,CUST101430,560109,2025-04-23 06:57:35,733.09,8.8,Beauty,20,18.2,0
ORD500456,CUST101262,560112,2025-04-23 07:33:35,286.91,7.3,Grocery,10,10.2,0
ORD502522,CUST100713,560004,2025-04-23 08:12:23,394.66,2.1,Beauty,12,9.1,0
ORD506163,CUST100012,560118,2025-04-23 08:34:46,1616.4,14.8,Home,3,8.6,0
ORD501392,CUST101032,560096,2025-04-23 09:33:44,518.72,36.7,Home,23,6.9,0
ORD504404,CUST100084,560076,2025-04-23 09:37:01,415.05,5.0,Home,15,11.1,0
ORD502110,CUST100068,560119,2025-04-23 09:38:52,1454.38,20.4,Electronics,23,2.8,0
ORD502975,CUST100759,560099,2025-04-23 11:12:51,444.32,31.6,Beauty,2,5.8,0
ORD503818,CUST100054,560061,2025-04-23 11:15:03,649.19,1.7,Electronics,3,6.9,0
ORD504330,CUST100089,560079,2025-04-23 11:17:15,784.15,1.5,Other,17,1.4,0
ORD507527,CUST101423,560024,2025-04-23 12:02:32,426.92,17.9,Electronics,2,1.1,0
ORD503844,CUST100936,560096,2025-04-23 12:35:16,703.72,25.8,Other,18,21.3,0
ORD503004,CUST101239,560098,2025-04-23 12:47:31,618.83,23.8,Home,12,8.7,0
ORD502466,CUST100832,560096,2025-04-23 13:50:06,893.97,27.3,Beauty,22,8.2,0
ORD503729,CUST100398,560000,2025-04-23 14:01:26,522.71,14.2,Fashion,11,3.0,0
ORD505635,CUST101265,560075,2025-04-23 14:06:46,339.44,11.8,Beauty,2,7.5,0
ORD501729,CUST100232,560119,2025-04-23 14:23:17,173.83,35.3,Electronics,10,13.9,0
ORD501704,CUST100872,560042,2025-04-23 14:51:05,272.28,6.1,Beauty,14,11.0,1
ORD506900,CUST101921,560108,2025-04-23 16:12:06,714.96,18.1,Home,2,10.8,0
ORD503499,CUST101162,560024,2025-04-23 17:54:45,1399.58,50.9,Beauty,15,12.1,0
ORD503231,CUST101588,560006,2025-04-23 18:03:44,1511.68,5.4,Fashion,0,18.4,0
ORD500838,CUST100667,560065,2025-04-23 18:25:43,634.76,3.8,Fashion,12,9.0,0
ORD501730,CUST100493,560049,2025-04-23 18:27:36,330.24,34.1,Electronics,8,10.9,0
ORD500035,CUST101162,560077,2025-04-23 19:28:28,496.04,17.7,Fashion,10,16.3,1
ORD501202,CUST101078,560067,2025-04-23 19:42:18,882.09,18.8,Electronics,10,26.6,0
ORD504201,CUST100414,560107,2025-04-23 20:22:13,712.84,9.5,Grocery,22,4.3,1
ORD506575,CUST101805,560022,2025-04-23 20:44:28,1590.23,15.3,Fashion,7,11.9,0
ORD505001,CUST100988,560050,2025-04-23 22:36:40,720.08,0.9,Home,17,11.8,0
ORD503477,CUST100624,560114,2025-04-23 22:40:17,639.13,3.9,Electronics,10,8.5,0
ORD503006,CUST101107,560085,2025-04-23 22:43:43,1231.9,25.0,Fashion,11,17.8,0
ORD507806,CUST101620,560002,2025-04-24 01:09:32,1082.1,13.1,Grocery,17,9.7,0
ORD507523,CUST101505,560040,2025-04-24 01:39:18,360.89,13.8,Home,3,9.5,0
ORD505254,CUST100222,560042,2025-04-24 01:43:14,687.11,3.6,Grocery,9,9.9,0
ORD502834,CUST101920,560019,2025-04-24 01:57:25,544.9,11.1,Fashion,12,8.9,0
ORD500736,CUST100101,560052,2025-04-24 02:16:27,517.31,7.1,Electronics,17,9.9,0
ORD503130,CUST100272,560111,2025-04-24 02:23:28,907.19,9.0,Beauty,17,19.5,0
ORD502459,CUST101656,560000,2025-04-24 03:13:44,1078.24,23.7,Home,12,21.4,0
ORD501917,CUST100944,560080,2025-04-24 04:17:31,653.33,26.7,Beauty,18,5.8,0
ORD502439,CUST100696,560025,2025-04-24 04:51:42,301.84,18.7,Home,23,29.7,0
ORD500734,CUST100063,560081,2025-04-24 05:04:23,357.99,18.6,Beauty,2,4.6,0
ORD502898,CUST100007,560102,2025-04-24 06:17:24,567.6,14.6,Grocery,12,19.3,1
ORD503782,CUST100608,560003,2025-04-24 08:02:14,271.25,9.9,Beauty,16,15.0,0
ORD507770,CUST100792,560094,2025-04-24 08:22:08,313.86,3.2,Electronics,13,16.0,0
ORD503991,CUST100982,560098,2025-04-24 08:57:52,765.11,23.8,Home,23,11.0,0
ORD504772,CUST100173,560114,2025-04-24 09:27:06,292.4,23.3,Other,21,12.0,1
ORD504446,CUST101967,560021,2025-04-24 10:15:24,850.95,16.2,Fashion,0,15.1,1
ORD506074,CUST101669,560113,2025-04-24 11:32:27,1693.37,17.1,Other,21,3.5,0
ORD503624,CUST101940,560118,2025-04-24 11:44:59,304.9,8.3,Electronics,13,7.7,0
ORD503613,CUST101484,560013,2025-04-24 12:11:25,1229.03,43.0,Grocery,11,17.3,0
ORD502050,CUST101543,560003,2025-04-24 12:11:50,1325.37,31.3,Fashion,15,3.3,0
ORD506702,CUST100105,560026,2025-04-24 12:52:30,583.44,41.6,Electronics,23,2.6,0
ORD503358,CUST101579,560007,2025-04-24 14:38:27,346.78,45.0,Fashion,5,20.1,1
ORD505574,CUST101786,560092,2025-04-24 15:36:27,890.73,9.1,Beauty,16,4.4,0
ORD505090,CUST101429,560095,2025-04-24 16:11:31,465.64,3.2,Beauty,1,24.2,0
ORD503709,CUST101344,560065,2025-04-24 16:17:28,1176.39,21.1,Beauty,19,14.4,0
ORD501695,CUST101958,560071,2025-04-24 16:26:23,527.55,22.3,Beauty,8,18.2,0
ORD500019,CUST100969,560041,2025-04-24 18:56:48,1879.49,13.0,Other,9,6.4,0
ORD503734,CUST100291,560032,2025-04-24 19:43:41,289.58,24.6,Other,23,8.4,0
ORD503788,CUST101892,560043,2025-04-24 20:38:10,591.79,29.6,Beauty,7,13.3,0
ORD503585,CUST100669,560070,2025-04-24 21:00:55,1776.49,15.3,Electronics,11,10.5,0
ORD505294,CUST100227,560091,2025-04-24 21:05:26,1284.38,15.1,Fashion,20,15.9,0
ORD503021,CUST100844,560007,2025-04-24 21:43:37,350.26,29.6,Other,8,16.4,1
ORD506262,CUST101179,560039,2025-04-24 23:37:53,788.42,24.3,Beauty,21,14.2,0
ORD500454,CUST101281,560013,2025-04-25 01:13:38,511.43,20.4,Fashion,22,9.0,0
ORD505521,CUST101604,560087,2025-04-25 01:14:43,345.33,23.4,Beauty,16,22.2,0
ORD506475,CUST101892,560087,2025-04-25 01:28:30,454.41,11.9,Home,22,13.6,0
ORD502988,CUST100911,560080,2025-04-25 03:42:03,423.98,11.7,Beauty,13,14.1,0
ORD506835,CUST101579,560028,2025-04-25 05:36:47,1745.39,27.7,Grocery,6,5.4,0
ORD507137,CUST100192,560008,2025-04-25 05:50:21,205.14,12.5,Beauty,2,17.9,0
ORD506365,CUST101977,560030,2025-04-25 06:30:08,535.41,18.8,Fashion,22,15.8,0
ORD507740,CUST101429,560087,2025-04-25 06:54:52,415.3,11.0,Other,0,14.4,0
ORD500685,CUST100240,560069,2025-04-25 07:54:20,921.84,12.4,Beauty,12,15.7,0
ORD502030,CUST101186,560020,2025-04-25 08:31:33,488.03,6.3,Home,7,20.4,0
ORD504166,CUST100686,560071,2025-04-25 08:59:24,692.59,27.1,Beauty,19,15.4,0
ORD500411,CUST101362,560068,2025-04-25 09:59:47,917.98,5.5,Home,17,1.0,0
ORD507268,CUST101815,560008,2025-04-25 10:05:26,805.14,15.1,Fashion,4,16.8,1
ORD503777,CUST101197,560009,2025-04-25 10:20:44,356.43,32.0,Grocery,4,18.5,0
ORD500792,CUST101145,560116,2025-04-25 12:52:28,851.31,14.0,Grocery,15,1.4,0
ORD505127,CUST100194,560049,2025-04-25 13:41:01,1185.39,18.3,Fashion,7,12.5,0
ORD506419,CUST101832,560064,2025-04-25 14:53:40,2199.52,2.4,Other,4,1.9,0
ORD500832,CUST101650,560118,2025-04-25 15:15:45,410.05,7.4,Grocery,19,7.3,0
ORD500002,CUST101884,560047,2025-04-25 15:27:56,1483.47,7.0,Beauty,15,15.3,0
ORD504379,CUST101843,560066,2025-04-25 15:28:23,524.04,6.8,Fashion,5,11.7,0
ORD507697,CUST101203,560099,2025-04-25 18:28:10,618.16,25.1,Beauty,18,10.1,0
ORD502806,CUST100194,560066,2025-04-25 19:04:39,621.63,12.0,Fashion,1,19.1,1
ORD502812,CUST100311,560118,2025-04-25 19:41:20,1098.41,36.9,Electronics,14,28.2,1
ORD504211,CUST100872,560078,2025-04-25 21:11:30,690.46,24.4,Electronics,23,18.7,0
ORD505230,CUST100096,560009,2025-04-25 21:28:21,1219.5,1.7,Other,11,4.3,0
ORD504454,CUST100643,560035,2025-04-25 21:30:40,646.68,13.6,Grocery,4,8.6,1
ORD500532,CUST100621,560012,2025-04-25 23:50:44,601.54,1.8,Home,6,17.9,0
ORD505138,CUST101786,560021,2025-04-26 00:15:35,390.84,15.8,Home,14,15.2,0
ORD507798,CUST100583,560046,2025-04-26 00:43:17,965.03,8.8,Fashion,11,29.5,1
ORD500867,CUST100205,560086,2025-04-26 01:49:17,491.68,36.5,Electronics,6,18.5,0
ORD503574,CUST101608,560111,2025-04-26 01:58:28,1354.15,21.1,Home,8,13.1,0
ORD502375,CUST100121,560074,2025-04-26 02:01:09,413.4,15.2,Other,23,17.8,1
ORD504260,CUST100577,560013,2025-04-26 02:06:40,1956.07,17.9,Beauty,21,20.0,0
ORD501403,CUST101250,560025,2025-04-26 02:30:41,676.79,4.9,Electronics,19,7.2,0
ORD501501,CUST101516,560016,2025-04-26 03:39:44,1687.95,1.4,Beauty,6,2.2,0
ORD502887,CUST101203,560089,2025-04-26 03:41:50,981.65,14.5,Home,12,23.1,1
ORD501916,CUST100532,560058,2025-04-26 04:46:22,646.43,30.7,Grocery,6,6.2,0
ORD504791,CUST100551,560072,2025-04-26 05:13:33,566.75,26.2,Other,0,15.5,0
ORD507339,CUST100971,560083,2025-04-26 05:22:07,2925.51,14.3,Fashion,9,5.5,0
ORD503024,CUST100541,560100,2025-04-26 05:54:37,852.59,25.3,Other,1,7.2,1
ORD507375,CUST100687,560102,2025-04-26 06:08:35,786.98,13.7,Electronics,8,12.5,0
ORD500901,CUST101950,560077,2025-04-26 06:16:56,503.47,2.7,Beauty,7,12.2,0
ORD504930,CUST100482,560115,2025-04-26 07:23:40,534.57,3.5,Home,18,5.5,1
ORD500305,CUST100551,560007,2025-04-26 08:33:05,772.64,42.1,Electronics,8,11.3,1
ORD503113,CUST100973,560008,2025-04-26 11:35:09,2613.5,14.9,Fashion,13,13.0,0
ORD502122,CUST101125,560118,2025-04-26 13:39:09,1730.01,9.4,Electronics,11,19.6,0
ORD502440,CUST100461,560008,2025-04-26 14:04:51,474.19,18.1,Fashion,14,16.6,0
ORD500419,CUST101740,560025,2025-04-26 14:26:57,551.92,2.3,Grocery,16,8.6,0
ORD501929,CUST101381,560076,2025-04-26 14:49:22,185.19,34.1,Fashion,17,15.7,0
ORD504759,CUST100577,560036,2025-04-26 15:10:32,422.85,36.5,Electronics,23,6.1,0
ORD503199,CUST100648,560018,2025-04-26 16:52:57,1426.45,18.5,Home,9,30.2,0
ORD504811,CUST101390,560048,2025-04-26 17:09:46,676.64,5.7,Fashion,16,16.3,0
ORD500224,CUST101929,560014,2025-04-26 17:56:14,630.87,38.8,Fashion,0,5.1,1
ORD505160,CUST100095,560093,2025-04-26 19:35:44,411.72,45.6,Electronics,8,9.0,1
ORD503143,CUST100393,560025,2025-04-26 19:59:51,923.93,37.2,Beauty,22,20.6,1
ORD505579,CUST101173,560101,2025-04-26 20:28:38,2100.28,5.3,Grocery,11,4.3,0
ORD505826,CUST101966,560105,2025-04-26 20:47:50,632.94,10.6,Other,16,13.7,0
ORD501050,CUST101534,560068,2025-04-26 20:49:14,631.18,23.5,Other,4,8.7,0
ORD507508,CUST101395,560083,2025-04-26 21:12:30,1251.19,3.4,Grocery,8,3.5,0
ORD501159,CUST100514,560019,2025-04-26 21:23:16,2428.32,7.0,Fashion,18,9.3,0
ORD501915,CUST101294,560033,2025-04-26 21:58:06,544.6,0.7,Home,15,6.1,0
ORD502616,CUST101596,560087,2025-04-26 23:56:22,445.01,10.8,Home,21,19.9,0
ORD501139,CUST100063,560019,2025-04-27 00:08:11,332.96,27.1,Home,1,8.1,0
ORD505344,CUST101377,560117,2025-04-27 00:32:41,364.25,22.6,Electronics,6,16.2,0
ORD500612,CUST100098,560052,2025-04-27 00:53:02,296.42,39.6,Grocery,6,6.7,1
ORD504698,CUST100689,560098,2025-04-27 01:40:11,881.38,5.8,Beauty,3,19.5,0
ORD505095,CUST101187,560015,2025-04-27 02:10:06,744.33,23.1,Home,6,21.0,0
ORD500935,CUST101543,560094,2025-04-27 02:23:08,891.6,26.4,Fashion,0,13.6,0
ORD506335,CUST100542,560055,2025-04-27 03:14:16,655.46,2.0,Electronics,6,10.6,0
ORD507253,CUST100410,560082,2025-04-27 05:58:06,420.57,19.3,Beauty,22,23.5,0
ORD503686,CUST100424,560086,2025-04-27 06:20:09,840.77,8.9,Fashion,1,1.0,0
ORD502220,CUST101940,560035,2025-04-27 06:56:00,520.32,6.3,Fashion,23,20.0,0
ORD505024,CUST100759,560094,2025-04-27 08:11:25,732.0,14.1,Other,23,20.0,0
ORD502660,CUST101201,560085,2025-04-27 08:31:56,893.4,21.7,Fashion,5,6.9,0
ORD502263,CUST101394,560068,2025-04-27 09:16:55,614.93,38.9,Other,14,19.9,1
ORD507978,CUST100998,560049,2025-04-27 10:01:49,812.35,12.1,Fashion,22,8.2,0
ORD505696,CUST100337,560053,2025-04-27 12:01:41,822.58,29.6,Beauty,23,19.6,0
ORD501801,CUST101294,560044,2025-04-27 12:46:14,572.23,10.6,Fashion,8,21.2,0
ORD502688,CUST101955,560019,2025-04-27 13:02:11,325.58,30.8,Grocery,19,18.6,1
ORD503036,CUST101740,560073,2025-04-27 13:03:59,605.73,23.6,Home,1,15.0,0
ORD500647,CUST100505,560097,2025-04-27 18:04:14,439.15,8.9,Electronics,8,10.3,0
ORD501239,CUST100935,560005,2025-04-27 18:28:29,846.75,20.8,Beauty,21,25.3,1
ORD501102,CUST101822,560038,2025-04-27 18:49:43,308.0,11.2,Fashion,17,18.6,1
ORD500337,CUST100610,560006,2025-04-27 19:11:48,326.73,42.3,Other,18,11.7,0
ORD505370,CUST101725,560002,2025-04-27 19:19:06,554.83,18.1,Electronics,0,17.7,0
ORD507366,CUST100410,560004,2025-04-27 20:19:40,306.89,12.9,Home,17,6.7,0
ORD501827,CUST100393,560033,2025-04-27 21:10:23,974.82,21.2,Grocery,9,6.9,0
ORD502049,CUST101550,560068,2025-04-27 21:29:40,369.94,30.2,Electronics,7,17.1,0
ORD503330,CUST101259,560006,2025-04-27 22:03:06,339.22,11.1,Fashion,3,13.9,0
ORD501151,CUST100018,560075,2025-04-27 22:44:20,326.11,17.0,Other,21,22.1,0
ORD504137,CUST101384,560075,2025-04-28 01:28:57,495.86,30.3,Electronics,21,27.4,0
ORD501914,CUST100208,560047,2025-04-28 02:03:11,637.39,25.9,Beauty,6,7.5,0
ORD500635,CUST101922,560064,2025-04-28 02:39:52,947.04,31.6,Home,1,9.7,0
ORD504642,CUST100541,560006,2025-04-28 03:14:49,1363.12,24.7,Grocery,21,13.0,0
ORD503902,CUST101250,560104,2025-04-28 03:21:37,636.78,17.2,Fashion,16,7.9,0
ORD502246,CUST100774,560032,2025-04-28 04:17:07,784.07,39.5,Grocery,13,7.9,1
ORD500806,CUST100714,560061,2025-04-28 05:12:05,1121.55,37.9,Home,4,10.7,0
ORD501124,CUST101657,560060,2025-04-28 05:26:38,519.85,9.7,Fashion,12,1.4,0
ORD503944,CUST101875,560067,2025-04-28 06:38:51,471.04,14.5,Fashion,23,13.7,0
ORD505726,CUST100608,560091,2025-04-28 06:51:09,724.42,26.9,Home,14,14.3,0
ORD503242,CUST101183,560087,2025-04-28 08:52:50,748.14,6.0,Electronics,20,16.2,0
ORD507630,CUST100057,560083,2025-04-28 10:09:05,171.56,3.4,Other,3,26.1,0
ORD504085,CUST101809,560081,2025-04-28 10:31:32,590.76,25.2,Fashion,21,27.8,0
ORD501903,CUST101033,560053,2025-04-28 11:06:52,1135.86,13.8,Grocery,19,7.7,0
ORD504316,CUST101701,560042,2025-04-28 11:11:42,316.79,21.9,Fashion,10,10.1,0
ORD505881,CUST101550,560010,2025-04-28 11:52:41,706.72,19.5,Other,21,15.6,0
ORD504878,CUST101914,560030,2025-04-28 12:16:44,814.7,37.1,Fashion,14,22.4,0
ORD503183,CUST101013,560097,2025-04-28 12:17:37,986.75,11.3,Beauty,4,1.8,0
ORD501896,CUST100194,560012,2025-04-28 12:30:53,1120.29,10.0,Fashion,2,6.6,0
ORD507601,CUST100973,560092,2025-04-28 13:34:00,2067.77,7.5,Electronics,16,13.5,0
ORD501602,CUST100901,560044,2025-04-28 13:40:10,1469.63,13.3,Electronics,7,14.7,0
ORD507850,CUST100194,560118,2025-04-28 14:50:17,627.96,14.8,Fashion,15,1.0,0
ORD503034,CUST101193,560046,2025-04-28 15:10:34,443.83,18.9,Electronics,4,1.0,1
ORD502006,CUST101665,560098,2025-04-28 15:34:32,1572.43,7.7,Fashion,18,24.6,0
ORD501463,CUST101487,560036,2025-04-28 15:47:02,1084.76,3.1,Home,19,5.0,0
ORD501572,CUST101823,560097,2025-04-28 15:49:54,450.77,4.6,Grocery,18,9.1,0
ORD501843,CUST100361,560013,2025-04-28 15:58:27,2015.33,24.2,Electronics,4,4.8,0
ORD502342,CUST100884,560056,2025-04-28 16:55:04,752.22,3.4,Electronics,1,18.6,1
ORD505889,CUST101084,560058,2025-04-28 17:04:50,973.5,11.1,Electronics,4,2.3,0
ORD505409,CUST100397,560003,2025-04-28 17:39:18,595.98,17.0,Beauty,15,8.6,0
ORD502997,CUST101606,560054,2025-04-28 18:32:33,1034.23,20.3,Other,22,2.0,0
ORD502356,CUST100763,560009,2025-04-28 18:34:28,1137.05,4.4,Grocery,7,1.5,0
ORD500706,CUST100545,560085,2025-04-28 19:06:17,237.34,18.0,Fashion,12,9.4,0
ORD504241,CUST101189,560016,2025-04-28 19:08:07,634.46,21.3,Other,9,21.6,0
ORD502405,CUST101481,560119,2025-04-28 19:46:34,326.24,16.8,Home,12,13.3,1
ORD501296,CUST100619,560088,2025-04-28 20:00:34,166.15,19.9,Electronics,18,3.1,0
ORD505690,CUST100256,560046,2025-04-28 21:02:22,803.13,7.8,Fashion,9,21.6,0
ORD503800,CUST101904,560098,2025-04-28 21:32:07,1180.14,12.5,Fashion,1,28.9,0
ORD501171,CUST101193,560044,2025-04-28 23:15:56,1471.96,2.6,Electronics,10,22.5,0
ORD505959,CUST100393,560048,2025-04-29 00:05:56,700.75,6.0,Fashion,23,20.5,1
ORD500807,CUST101377,560113,2025-04-29 01:18:56,200.22,6.6,Home,3,16.4,0
ORD503059,CUST100770,560093,2025-04-29 01:28:55,312.6,18.1,Electronics,0,20.2,0
ORD502175,CUST101852,560069,2025-04-29 01:46:43,495.68,5.4,Fashion,10,13.9,0
ORD502453,CUST101968,560026,2025-04-29 02:23:38,879.58,27.6,Home,2,7.4,1
ORD500930,CUST100906,560035,2025-04-29 02:53:59,987.51,25.2,Grocery,21,11.7,0
ORD503192,CUST101677,560042,2025-04-29 03:10:31,543.61,19.0,Fashion,14,10.5,0
ORD500924,CUST100573,560073,2025-04-29 03:20:06,294.56,22.3,Fashion,5,5.9,1
ORD501254,CUST101701,560118,2025-04-29 04:20:19,582.43,8.5,Electronics,2,15.1,1
ORD502685,CUST101052,560086,2025-04-29 05:01:28,381.65,9.7,Fashion,5,12.7,0
ORD503955,CUST100405,560009,2025-04-29 07:00:55,458.49,25.1,Other,21,11.7,0
ORD507942,CUST101876,560059,2025-04-29 07:25:35,723.27,23.6,Electronics,3,19.6,0
ORD501830,CUST101982,560023,2025-04-29 07:52:17,1252.35,24.9,Beauty,9,4.6,0
ORD506176,CUST101495,560080,2025-04-29 07:59:41,1477.76,13.0,Home,2,16.9,0
ORD504875,CUST100054,560110,2025-04-29 09:24:50,2246.82,27.5,Fashion,23,8.0,1
ORD505954,CUST101160,560062,2025-04-29 09:44:45,242.39,19.7,Electronics,18,6.7,0
ORD504019,CUST101763,560022,2025-04-29 10:15:50,1444.25,39.7,Fashion,1,15.3,0
ORD503354,CUST101869,560113,2025-04-29 10:20:01,1093.91,37.1,Other,18,23.4,0
ORD506585,CUST100212,560093,2025-04-29 11:29:49,1528.3,8.3,Fashion,8,12.9,0
ORD506263,CUST100256,560059,2025-04-29 12:33:47,1189.82,34.1,Grocery,20,12.5,0
ORD500964,CUST100407,560080,2025-04-29 12:51:57,1577.03,2.2,Electronics,11,3.6,0
ORD506621,CUST101747,560089,2025-04-29 15:03:43,1300.06,27.4,Beauty,4,1.0,0
ORD502165,CUST101907,560110,2025-04-29 15:12:36,566.43,5.4,Other,10,10.6,0
ORD505932,CUST101908,560101,2025-04-29 16:08:33,1170.32,24.2,Fashion,9,8.4,0
ORD506438,CUST101194,560063,2025-04-29 16:51:23,735.19,15.8,Beauty,6,5.7,1
ORD507003,CUST101431,560013,2025-04-29 17:53:20,401.05,24.3,Other,14,23.6,0
ORD503981,CUST100667,560118,2025-04-29 18:16:02,883.59,5.9,Beauty,19,7.7,0
ORD505760,CUST101974,560019,2025-04-29 20:19:46,624.38,6.1,Electronics,3,5.1,0
ORD502166,CUST100301,560062,2025-04-29 20:22:17,1143.66,12.5,Grocery,10,12.8,0
ORD504369,CUST100470,560069,2025-04-29 20:48:45,2177.43,18.0,Fashion,1,11.2,0
ORD505062,CUST101429,560111,2025-04-29 21:17:28,1240.08,9.9,Other,5,10.1,0
ORD506584,CUST101968,560049,2025-04-29 21:50:29,1075.06,11.1,Home,13,18.2,0
ORD507865,CUST101294,560039,2025-04-29 22:58:23,562.94,18.1,Grocery,3,14.8,0
ORD501761,CUST100431,560029,2025-04-30 00:58:30,708.93,36.0,Home,4,11.3,0
ORD502579,CUST100664,560019,2025-04-30 02:27:10,279.37,7.7,Fashion,13,4.8,0
ORD504689,CUST101430,560035,2025-04-30 03:53:25,2051.88,8.1,Fashion,16,2.2,0
ORD507953,CUST100647,560080,2025-04-30 04:02:57,556.85,42.7,Fashion,2,17.7,0
ORD502093,CUST101030,560009,2025-04-30 06:22:36,850.26,13.6,Home,22,11.6,0
ORD505906,CUST101250,560089,2025-04-30 06:51:18,1351.35,10.0,Electronics,23,17.3,0
ORD500421,CUST100524,560064,2025-04-30 07:05:03,1343.03,24.0,Other,13,4.0,0
ORD502201,CUST100685,560060,2025-04-30 08:30:01,1467.43,9.0,Beauty,14,8.1,0
ORD504584,CUST100647,560080,2025-04-30 08:42:21,665.27,35.9,Electronics,1,2.6,0
ORD501288,CUST101796,560009,2025-04-30 08:44:17,474.77,9.6,Home,13,5.7,0
ORD504284,CUST101498,560088,2025-04-30 08:45:13,307.57,40.7,Electronics,18,7.0,0
ORD505694,CUST101649,560049,2025-04-30 08:46:38,987.49,32.3,Grocery,6,1.4,0
ORD500574,CUST101121,560069,2025-04-30 10:45:10,248.47,29.4,Home,18,8.8,0
ORD501699,CUST100037,560028,2025-04-30 11:01:56,658.3,14.5,Beauty,3,21.2,0
ORD502129,CUST101335,560074,2025-04-30 11:06:16,997.5,14.4,Other,21,19.7,0
ORD505815,CUST101942,560058,2025-04-30 11:38:02,599.93,14.1,Home,16,29.4,0
ORD507148,CUST101592,560044,2025-04-30 12:04:33,1532.43,5.1,Beauty,5,9.3,0
ORD505824,CUST100129,560070,2025-04-30 12:12:49,550.98,33.7,Electronics,19,13.0,1
ORD501565,CUST100901,560023,2025-04-30 12:18:55,403.93,31.8,Fashion,15,1.7,0
ORD502853,CUST101273,560060,2025-04-30 13:31:06,1104.88,25.1,Fashion,14,7.1,0
ORD507977,CUST101768,560028,2025-04-30 13:52:33,309.85,12.9,Other,3,4.4,0
ORD506492,CUST100374,560046,2025-04-30 15:23:39,326.87,9.3,Other,5,13.6,0
ORD503622,CUST100319,560060,2025-04-30 15:30:38,338.4,2.4,Beauty,1,17.9,0
ORD504034,CUST100906,560048,2025-04-30 15:38:33,1318.65,44.9,Electronics,9,2.6,1
ORD500435,CUST101916,560093,2025-04-30 15:48:38,1021.21,32.0,Electronics,9,9.1,0
ORD502488,CUST101246,560081,2025-04-30 16:08:12,735.77,1.6,Home,2,2.1,1
ORD506538,CUST101892,560113,2025-04-30 16:26:09,492.74,23.1,Home,14,10.3,0
ORD502702,CUST101547,560095,2025-04-30 16:57:12,1736.72,15.9,Beauty,20,17.0,1
ORD501733,CUST100424,560008,2025-04-30 17:13:37,537.33,3.8,Electronics,9,10.8,1
ORD506715,CUST100116,560069,2025-04-30 18:00:40,351.1,19.3,Home,8,10.8,0
ORD503766,CUST101215,560027,2025-04-30 18:58:07,547.47,34.6,Other,12,16.0,0
ORD504960,CUST101211,560060,2025-04-30 19:30:09,627.75,40.1,Grocery,1,6.3,1
ORD501563,CUST100906,560052,2025-04-30 19:54:12,324.98,27.4,Home,4,25.6,0
ORD506770,CUST101556,560062,2025-04-30 19:56:09,1233.17,8.3,Fashion,12,22.5,1
ORD504566,CUST100444,560018,2025-04-30 19:59:49,1282.38,32.8,Fashion,22,15.9,0
ORD507834,CUST100835,560090,2025-04-30 20:07:19,830.13,30.2,Electronics,9,21.8,0
ORD503885,CUST101480,560070,2025-04-30 20:25:54,852.51,30.6,Beauty,11,18.9,0
ORD506953,CUST100037,560016,2025-04-30 20:28:17,475.7,6.3,Fashion,3,7.7,0
ORD504798,CUST101044,560017,2025-04-30 21:19:15,858.66,62.1,Grocery,8,29.7,1
ORD506814,CUST100713,560074,2025-04-30 21:22:56,1074.49,9.8,Electronics,3,21.6,0
ORD503657,CUST100434,560070,2025-04-30 21:32:12,629.52,10.6,Beauty,1,19.1,0
ORD504250,CUST100950,560108,2025-04-30 22:05:43,676.48,32.8,Electronics,20,12.1,0
ORD502215,CUST101062,560042,2025-04-30 22:36:34,905.29,25.5,Fashion,5,5.4,0
ORD501977,CUST100515,560079,2025-04-30 22:59:29,567.58,15.1,Beauty,11,5.2,0
ORD502665,CUST101327,560027,2025-04-30 23:11:21,471.88,20.8,Home,14,21.1,1
ORD506114,CUST100098,560071,2025-04-30 23:23:13,487.25,27.5,Beauty,7,13.5,0
ORD504957,CUST101496,560027,2025-05-01 00:34:18,645.61,24.7,Home,10,23.8,0
ORD505623,CUST100606,560063,2025-05-01 01:08:31,1174.0,15.7,Beauty,9,17.7,0
ORD505105,CUST100168,560105,2025-05-01 01:23:45,2973.86,33.5,Beauty,2,18.8,0
ORD503286,CUST101117,560069,2025-05-01 03:12:15,480.14,9.5,Home,13,3.1,0
ORD504477,CUST100901,560011,2025-05-01 04:17:17,1232.18,30.7,Beauty,4,9.7,0
ORD507464,CUST100593,560081,2025-05-01 04:28:32,767.52,43.8,Beauty,11,8.0,1
ORD503992,CUST101472,560080,2025-05-01 05:00:29,635.57,24.0,Fashion,16,26.3,1
ORD505466,CUST101129,560019,2025-05-01 05:09:09,818.92,11.1,Fashion,1,12.8,0
ORD507240,CUST101737,560019,2025-05-01 05:10:29,1360.31,10.3,Fashion,0,17.1,0
ORD501818,CUST100161,560071,2025-05-01 06:26:23,556.28,29.4,Home,6,8.7,1
ORD507236,CUST101836,560088,2025-05-01 06:36:20,1233.56,11.2,Electronics,4,5.0,0
ORD502832,CUST100659,560095,2025-05-01 06:37:23,664.77,33.4,Electronics,17,13.4,0
ORD506169,CUST101774,560020,2025-05-01 07:16:59,636.76,13.9,Electronics,1,3.4,0
ORD505804,CUST100679,560083,2025-05-01 07:35:06,291.29,22.7,Fashion,19,12.8,1
ORD502568,CUST101885,560028,2025-05-01 08:07:23,781.68,29.1,Fashion,3,8.6,0
ORD506012,CUST100395,560003,2025-05-01 09:25:36,790.09,30.5,Grocery,14,20.0,0
ORD504435,CUST101669,560108,2025-05-01 09:49:57,1255.01,23.5,Electronics,11,4.7,0
ORD501621,CUST101990,560068,2025-05-01 10:28:55,179.09,26.0,Fashion,13,17.1,0
ORD500103,CUST101246,560102,2025-05-01 11:05:25,265.54,16.9,Fashion,12,15.9,0
ORD502710,CUST101762,560001,2025-05-01 11:30:51,385.51,1.5,Electronics,3,14.2,1
ORD507974,CUST100064,560067,2025-05-01 11:33:19,501.56,25.2,Grocery,3,1.0,0
ORD503229,CUST101379,560041,2025-05-01 11:46:16,582.43,7.9,Fashion,1,10.2,0
ORD501814,CUST101237,560081,2025-05-01 12:18:09,413.15,36.7,Fashion,4,12.7,0
ORD507788,CUST100270,560031,2025-05-01 13:50:22,742.77,4.2,Electronics,16,21.1,0
ORD503361,CUST101060,560035,2025-05-01 14:19:07,352.09,27.1,Electronics,15,21.6,0
ORD507590,CUST100541,560091,2025-05-01 14:43:36,3726.32,5.6,Fashion,12,14.5,0
ORD502313,CUST101645,560085,2025-05-01 15:15:24,321.4,25.5,Grocery,14,8.8,0
ORD503440,CUST100918,560013,2025-05-01 15:19:34,178.48,24.9,Grocery,19,3.9,0
ORD503649,CUST100810,560064,2025-05-01 15:26:35,267.91,11.0,Electronics,23,24.4,0
ORD505788,CUST100395,560057,2025-05-01 15:51:37,382.4,4.1,Fashion,11,16.6,0
ORD505614,CUST100541,560103,2025-05-01 16:15:04,342.17,16.6,Fashion,0,8.5,0
ORD501423,CUST101237,560119,2025-05-01 16:47:09,1038.34,19.4,Fashion,15,6.7,1
ORD507763,CUST101579,560072,2025-05-01 16:49:07,330.97,3.4,Home,11,16.4,0
ORD500536,CUST100120,560062,2025-05-01 17:36:42,584.1,17.4,Electronics,0,2.4,0
ORD500559,CUST101740,560036,2025-05-01 19:05:20,723.13,36.0,Grocery,22,19.0,0
ORD507399,CUST101982,560015,2025-05-01 19:29:25,825.58,11.2,Home,13,8.9,0
ORD504351,CUST101056,560095,2025-05-01 21:50:51,1032.72,43.9,Electronics,23,14.4,0
ORD502469,CUST101768,560108,2025-05-01 22:36:37,1568.8,25.6,Beauty,12,4.9,0
ORD506024,CUST100621,560097,2025-05-01 22:53:00,566.76,7.6,Home,8,13.5,0
ORD507131,CUST101531,560057,2025-05-01 22:56:05,803.3,18.2,Electronics,21,18.7,1
ORD505424,CUST101224,560083,2025-05-01 22:58:52,465.23,30.5,Fashion,5,12.6,0
ORD501756,CUST101251,560074,2025-05-01 23:40:07,410.8,26.4,Other,9,18.2,0
ORD500600,CUST101013,560040,2025-05-01 23:48:47,1001.07,18.4,Beauty,16,12.3,0
ORD500512,CUST100921,560117,2025-05-02 00:44:17,225.19,14.0,Home,4,3.2,0
ORD503771,CUST101843,560082,2025-05-02 01:04:46,1428.24,9.5,Fashion,8,29.5,0
ORD506741,CUST101193,560095,2025-05-02 01:51:59,857.41,48.8,Grocery,10,31.6,0
ORD503270,CUST101922,560010,2025-05-02 02:42:59,956.24,28.9,Beauty,23,8.0,0
ORD503757,CUST101250,560059,2025-05-02 04:24:33,801.04,15.3,Electronics,17,16.7,0
ORD505807,CUST100988,560033,2025-05-02 06:02:36,958.91,11.9,Fashion,20,8.3,0
ORD501190,CUST101422,560039,2025-05-02 06:54:05,752.08,26.1,Fashion,4,8.5,0
ORD506487,CUST100556,560047,2025-05-02 07:27:00,326.03,5.4,Electronics,16,17.8,0
ORD504119,CUST100416,560019,2025-05-02 07:30:05,1465.77,1.0,Beauty,1,5.3,1
ORD505224,CUST101221,560033,2025-05-02 08:42:07,874.04,44.2,Electronics,15,13.4,0
ORD506498,CUST101408,560098,2025-05-02 08:45:34,285.51,26.8,Electronics,11,13.8,0
ORD504675,CUST101479,560017,2025-05-02 08:59:34,688.67,39.0,Electronics,13,8.3,0
ORD504426,CUST101013,560031,2025-05-02 10:12:30,1713.0,9.1,Fashion,23,12.9,0
ORD502841,CUST100544,560039,2025-05-02 10:12:42,360.14,18.6,Grocery,6,12.1,0
ORD505629,CUST100995,560116,2025-05-02 10:35:22,828.08,44.4,Fashion,22,13.3,0
ORD504813,CUST100746,560096,2025-05-02 10:50:05,1338.97,11.2,Grocery,7,12.4,0
ORD501592,CUST100532,560017,2025-05-02 11:45:05,752.49,22.7,Fashion,13,6.9,0
ORD505474,CUST100410,560035,2025-05-02 11:45:55,847.21,20.7,Other,0,8.3,0
ORD502272,CUST100905,560001,2025-05-02 12:50:25,659.89,20.3,Other,1,24.7,0
ORD501862,CUST101465,560072,2025-05-02 14:41:07,2017.95,33.9,Fashion,14,7.2,0
ORD501861,CUST100772,560087,2025-05-02 14:57:19,788.13,20.2,Electronics,7,1.7,0
ORD501366,CUST101200,560078,2025-05-02 15:56:13,330.69,17.0,Home,2,8.3,0
ORD507490,CUST100032,560027,2025-05-02 16:05:24,170.0,14.2,Home,8,17.8,0
ORD504808,CUST101110,560044,2025-05-02 16:46:30,481.39,13.3,Other,19,1.0,0
ORD502474,CUST100987,560086,2025-05-02 16:56:54,717.89,20.4,Fashion,21,4.1,0
ORD504338,CUST101124,560074,2025-05-02 17:08:07,350.95,4.9,Electronics,13,1.5,1
ORD506602,CUST101131,560079,2025-05-02 18:37:37,519.55,21.7,Electronics,19,2.1,0
ORD507592,CUST100161,560028,2025-05-02 19:57:59,997.46,28.9,Electronics,8,29.4,0
ORD504766,CUST100359,560029,2025-05-02 22:33:50,387.87,20.9,Fashion,8,24.8,0
ORD505134,CUST100202,560087,2025-05-02 23:13:34,969.68,12.9,Electronics,21,21.4,0
ORD505814,CUST101505,560063,2025-05-02 23:54:26,672.66,9.0,Grocery,9,15.4,0
ORD504081,CUST100705,560041,2025-05-03 00:10:00,219.32,9.4,Beauty,22,14.1,0
ORD507102,CUST100145,560069,2025-05-03 00:23:06,1833.51,15.2,Beauty,6,10.6,1
ORD500744,CUST100249,560055,2025-05-03 01:45:19,2017.04,37.0,Electronics,20,6.2,0
ORD504828,CUST101430,560028,2025-05-03 02:35:24,722.8,17.4,Other,4,6.2,0
ORD503950,CUST101516,560070,2025-05-03 02:55:09,275.62,8.5,Fashion,4,4.5,0
ORD502566,CUST101212,560044,2025-05-03 03:12:14,810.28,26.6,Beauty,22,22.5,0
ORD504150,CUST101688,560097,2025-05-03 03:43:15,418.08,9.1,Grocery,14,5.4,0
ORD502816,CUST101852,560042,2025-05-03 04:15:54,569.48,33.4,Fashion,6,23.4,1
ORD500776,CUST100524,560041,2025-05-03 05:40:52,1004.51,5.3,Fashion,10,7.8,0
ORD505762,CUST101661,560085,2025-05-03 05:59:47,1661.65,8.4,Beauty,22,15.1,1
ORD503781,CUST101211,560089,2025-05-03 06:03:42,623.36,18.0,Other,2,13.1,0
ORD502423,CUST100407,560108,2025-05-03 06:05:53,1094.72,24.7,Beauty,12,1.7,0
ORD501316,CUST101841,560069,2025-05-03 06:20:24,611.84,15.7,Fashion,9,9.7,0
ORD506721,CUST100194,560111,2025-05-03 07:14:27,1249.48,6.0,Fashion,13,18.1,0
ORD502536,CUST101212,560057,2025-05-03 07:41:43,1148.14,28.6,Beauty,11,8.1,0
ORD504578,CUST101458,560053,2025-05-03 08:40:45,487.44,36.6,Fashion,22,1.7,0
ORD503638,CUST100547,560080,2025-05-03 09:45:59,616.03,16.9,Fashion,9,1.8,0
ORD500947,CUST101662,560028,2025-05-03 10:05:13,411.24,4.2,Fashion,12,14.8,0
ORD500372,CUST100759,560084,2025-05-03 10:09:48,1875.65,4.1,Grocery,11,16.7,0
ORD501506,CUST101702,560037,2025-05-03 10:11:36,606.09,22.7,Fashion,11,3.0,0
ORD502487,CUST100699,560062,2025-05-03 11:21:54,756.83,37.1,Beauty,17,2.2,1
ORD500310,CUST100725,560042,2025-05-03 11:46:47,439.01,40.5,Home,23,11.3,1
ORD505978,CUST101061,560030,2025-05-03 11:47:39,914.96,26.1,Home,13,11.6,0
ORD503505,CUST100467,560021,2025-05-03 12:15:32,1124.17,8.3,Other,16,3.9,0
ORD502297,CUST101378,560037,2025-05-03 12:49:50,626.55,22.6,Fashion,15,5.6,0
ORD505846,CUST101972,560002,2025-05-03 12:58:27,452.57,33.5,Grocery,1,6.8,1
ORD503978,CUST101062,560092,2025-05-03 13:32:34,369.95,39.9,Fashion,0,19.6,1
ORD500564,CUST101920,560029,2025-05-03 14:13:17,523.66,4.0,Other,5,11.2,0
ORD505333,CUST100872,560002,2025-05-03 14:29:19,777.34,43.0,Fashion,1,22.2,0
ORD507618,CUST100037,560003,2025-05-03 15:23:49,592.33,23.5,Electronics,22,21.4,0
ORD507832,CUST101508,560068,2025-05-03 15:34:50,1582.79,20.8,Electronics,12,3.6,0
ORD505403,CUST100722,560056,2025-05-03 17:06:48,2401.85,16.0,Fashion,0,10.8,0
ORD500540,CUST100810,560066,2025-05-03 18:36:54,286.41,36.7,Fashion,13,11.9,0
ORD500226,CUST101065,560112,2025-05-03 18:48:56,620.32,17.9,Other,23,1.0,0
ORD504959,CUST100036,560095,2025-05-03 20:05:01,607.96,8.8,Beauty,3,28.5,0
ORD504186,CUST100213,560059,2025-05-03 20:12:34,385.28,0.4,Electronics,12,1.1,0
ORD502992,CUST101207,560027,2025-05-03 20:24:43,948.45,12.3,Beauty,20,6.2,1
ORD503593,CUST101211,560053,2025-05-03 20:28:35,1128.96,15.6,Fashion,20,16.1,1
ORD502630,CUST101317,560086,2025-05-03 21:39:31,265.68,19.3,Electronics,8,5.6,0
ORD506432,CUST101363,560021,2025-05-03 21:43:08,367.04,8.3,Fashion,4,28.8,0
ORD504392,CUST101556,560063,2025-05-03 21:55:00,653.13,28.6,Beauty,10,1.0,0
ORD506281,CUST100708,560088,2025-05-03 22:18:57,829.12,18.6,Electronics,8,3.2,0
ORD500721,CUST100006,560003,2025-05-03 22:23:17,1150.34,17.1,Home,22,6.3,0
ORD503476,CUST100638,560112,2025-05-03 22:53:09,219.84,16.4,Home,11,4.1,0
ORD503070,CUST101200,560030,2025-05-03 22:59:09,1471.62,30.7,Fashion,20,1.0,0
ORD501320,CUST100760,560009,2025-05-03 23:32:16,499.98,29.5,Home,21,10.6,1
ORD506148,CUST101349,560064,2025-05-03 23:48:14,2320.49,21.0,Beauty,10,18.4,1
ORD500885,CUST101317,560071,2025-05-04 00:09:56,671.37,17.1,Grocery,2,25.1,0
ORD506666,CUST100557,560041,2025-05-04 00:33:18,224.14,29.6,Electronics,15,1.0,0
ORD502366,CUST100715,560001,2025-05-04 00:52:01,1776.48,3.6,Other,3,17.5,1
ORD502676,CUST100461,560035,2025-05-04 02:14:49,406.5,3.4,Fashion,8,14.5,1
ORD502441,CUST101919,560003,2025-05-04 02:33:11,952.23,7.9,Home,13,11.9,0
ORD506149,CUST101781,560093,2025-05-04 02:40:27,376.34,28.2,Fashion,21,15.8,0
ORD504717,CUST101893,560114,2025-05-04 02:41:35,578.01,15.3,Beauty,6,12.4,1
ORD507320,CUST101714,560026,2025-05-04 03:59:10,421.27,26.4,Other,14,9.8,0
ORD505111,CUST101884,560006,2025-05-04 04:06:14,869.13,35.7,Fashion,15,3.0,0
ORD506568,CUST100615,560016,2025-05-04 04:18:41,771.34,30.4,Electronics,8,16.8,1
ORD500079,CUST101435,560032,2025-05-04 04:36:30,280.18,16.5,Grocery,3,5.1,0
ORD503654,CUST100895,560093,2025-05-04 06:06:19,556.84,10.0,Fashion,4,17.1,0
ORD501341,CUST100772,560075,2025-05-04 07:28:42,365.18,30.5,Fashion,6,6.6,0
ORD500655,CUST100872,560083,2025-05-04 08:21:37,280.66,37.4,Fashion,8,11.1,0
ORD507541,CUST100523,560088,2025-05-04 11:23:12,999.32,7.7,Grocery,10,7.9,0
ORD500278,CUST101033,560026,2025-05-04 12:05:32,522.76,5.1,Fashion,9,6.1,0
ORD507650,CUST101596,560065,2025-05-04 12:53:04,657.11,54.0,Fashion,11,23.7,0
ORD500636,CUST100120,560072,2025-05-04 13:03:58,351.79,61.0,Fashion,18,15.9,0
ORD503534,CUST101754,560067,2025-05-04 13:32:28,322.11,31.5,Fashion,13,1.0,0
ORD507684,CUST101356,560035,2025-05-04 15:58:58,150.0,31.1,Home,4,4.3,0
ORD505962,CUST100747,560051,2025-05-04 16:16:26,754.24,10.2,Home,8,9.6,0
ORD506029,CUST101347,560107,2025-05-04 17:57:14,579.7,7.8,Fashion,1,14.6,1
ORD505822,CUST101495,560058,2025-05-04 18:15:02,374.81,19.3,Fashion,4,4.5,0
ORD501176,CUST101974,560003,2025-05-04 19:12:33,1822.64,31.3,Electronics,10,11.8,0
ORD502324,CUST101169,560119,2025-05-04 19:17:04,1837.7,16.2,Beauty,6,15.6,1
ORD502501,CUST100231,560068,2025-05-04 19:38:13,879.48,13.3,Electronics,8,9.9,1
ORD504859,CUST100688,560101,2025-05-04 20:04:15,446.75,11.0,Home,20,1.1,0
ORD505782,CUST101691,560062,2025-05-04 20:09:48,1379.82,31.6,Electronics,4,12.3,0
ORD501949,CUST100566,560073,2025-05-04 20:22:55,796.18,28.0,Electronics,22,17.6,1
ORD504230,CUST101586,560066,2025-05-04 20:32:49,925.77,36.1,Home,4,13.5,1
ORD505063,CUST101125,560033,2025-05-04 21:23:02,557.61,3.1,Grocery,18,11.4,1
ORD506186,CUST101431,560004,2025-05-04 22:34:42,1016.81,60.9,Beauty,5,14.3,1
ORD502054,CUST100988,560046,2025-05-04 22:57:29,3000.04,16.6,Beauty,3,17.6,0
ORD501031,CUST100444,560046,2025-05-04 23:51:40,492.09,12.7,Electronics,19,14.6,0
ORD506897,CUST101294,560033,2025-05-04 23:52:42,815.61,10.9,Electronics,6,14.1,1
ORD506482,CUST101538,560038,2025-05-05 00:11:07,417.91,33.5,Electronics,23,19.5,1
ORD505200,CUST101454,560066,2025-05-05 00:23:07,403.54,19.8,Electronics,5,11.2,1
ORD501581,CUST101701,560074,2025-05-05 00:33:12,738.59,2.2,Fashion,0,17.6,1
ORD503166,CUST100101,560073,2025-05-05 01:00:34,646.09,6.4,Home,21,9.8,0
ORD500596,CUST100217,560074,2025-05-05 01:26:16,770.19,11.2,Fashion,11,18.9,0
ORD505783,CUST100322,560014,2025-05-05 01:31:46,449.81,17.1,Home,15,11.2,0
ORD506407,CUST101875,560063,2025-05-05 01:45:33,506.01,0.8,Grocery,18,10.6,1
ORD501421,CUST101971,560113,2025-05-05 02:42:25,815.77,7.8,Other,4,6.7,0
ORD506720,CUST101281,560010,2025-05-05 02:57:46,426.89,8.0,Electronics,16,18.0,0
ORD503217,CUST101237,560072,2025-05-05 03:28:14,1502.74,6.5,Electronics,22,6.7,0
ORD506328,CUST100566,560062,2025-05-05 03:44:09,454.72,5.3,Grocery,21,14.4,0
ORD504315,CUST101124,560074,2025-05-05 05:14:36,591.54,11.0,Grocery,10,5.7,0
ORD505922,CUST100178,560103,2025-05-05 05:53:18,1011.58,9.2,Beauty,18,14.2,0
ORD506036,CUST100982,560029,2025-05-05 06:09:16,609.06,28.2,Electronics,20,9.3,0
ORD501372,CUST100906,560007,2025-05-05 06:56:57,883.63,25.5,Electronics,15,8.9,1
ORD501633,CUST100380,560024,2025-05-05 07:31:09,915.66,0.7,Electronics,6,7.6,0
ORD504093,CUST101125,560074,2025-05-05 07:31:46,271.01,31.3,Electronics,3,7.0,0
ORD504978,CUST100202,560033,2025-05-05 08:39:37,928.06,25.8,Other,14,26.6,1
ORD505402,CUST101103,560049,2025-05-05 08:48:51,964.2,19.8,Fashion,2,27.2,0
ORD505319,CUST101467,560037,2025-05-05 09:00:22,675.02,22.7,Fashion,1,6.7,0
ORD506249,CUST100924,560042,2025-05-05 09:36:39,228.94,9.9,Other,0,19.4,0
ORD500491,CUST101476,560000,2025-05-05 09:55:19,823.34,7.4,Electronics,11,16.8,0
ORD502281,CUST100405,560017,2025-05-05 10:06:35,571.04,25.3,Home,1,5.2,0
ORD501319,CUST101806,560010,2025-05-05 10:22:06,556.89,25.6,Beauty,1,13.2,0
ORD500392,CUST100474,560004,2025-05-05 11:15:44,469.95,4.9,Fashion,9,15.6,1
ORD501508,CUST101048,560116,2025-05-05 11:16:35,1122.32,7.6,Home,12,11.2,0
ORD505216,CUST100861,560116,2025-05-05 11:33:06,1129.46,13.9,Fashion,3,11.9,0
ORD500820,CUST101429,560116,2025-05-05 12:06:06,265.04,18.0,Electronics,0,27.1,0
ORD503366,CUST101711,560102,2025-05-05 12:21:15,364.64,20.8,Grocery,3,12.5,1
ORD502302,CUST101960,560020,2025-05-05 12:57:23,405.43,2.3,Grocery,16,13.5,0
ORD501831,CUST100924,560109,2025-05-05 13:23:46,289.5,9.3,Electronics,15,3.9,0
ORD506624,CUST100406,560035,2025-05-05 13:47:28,242.43,22.5,Home,22,18.7,0
ORD506881,CUST100405,560021,2025-05-05 13:58:10,729.86,18.7,Other,6,1.0,0
ORD505297,CUST101701,560097,2025-05-05 14:02:07,242.03,10.8,Grocery,14,26.4,0
ORD504931,CUST100665,560065,2025-05-05 14:04:05,685.93,2.5,Fashion,14,8.5,0
ORD501864,CUST101833,560027,2025-05-05 14:28:30,531.14,35.6,Electronics,14,14.7,1
ORD502664,CUST100711,560093,2025-05-05 15:24:01,693.27,8.6,Home,7,18.0,0
ORD501588,CUST101164,560021,2025-05-05 15:36:20,1095.16,11.6,Fashion,3,16.7,1
ORD504441,CUST100445,560040,2025-05-05 16:05:43,674.06,32.8,Electronics,6,13.0,0
ORD501705,CUST100448,560004,2025-05-05 17:34:46,314.45,8.5,Grocery,4,11.9,0
ORD506918,CUST101169,560039,2025-05-05 18:47:15,265.99,18.0,Grocery,4,1.1,0
ORD502512,CUST101508,560068,2025-05-05 19:11:40,1166.15,13.5,Electronics,10,5.2,0
ORD503198,CUST101692,560111,2025-05-05 19:44:20,443.21,37.9,Electronics,15,1.0,0
ORD507934,CUST100543,560006,2025-05-05 22:03:27,603.67,33.1,Fashion,23,16.9,1
ORD505642,CUST101998,560101,2025-05-05 22:52:21,850.29,12.0,Beauty,23,4.7,0
ORD500340,CUST100452,560044,2025-05-05 23:34:10,454.12,16.7,Fashion,19,17.0,1
ORD507218,CUST101306,560030,2025-05-05 23:35:31,1133.75,18.4,Grocery,11,9.2,0
ORD503380,CUST101337,560006,2025-05-05 23:52:58,420.12,11.2,Fashion,11,22.6,0
ORD505179,CUST100427,560093,2025-05-06 00:26:26,301.07,37.3,Electronics,11,29.2,0
ORD503762,CUST100208,560000,2025-05-06 00:41:42,571.19,8.3,Fashion,4,11.2,0
ORD500663,CUST101139,560061,2025-05-06 02:53:24,648.55,32.3,Grocery,20,10.6,0
ORD504555,CUST101020,560036,2025-05-06 03:12:06,283.97,10.8,Fashion,6,13.9,0
ORD507385,CUST100427,560050,2025-05-06 03:55:31,579.56,6.0,Beauty,18,15.5,0
ORD504115,CUST100541,560042,2025-05-06 04:03:13,494.44,46.7,Grocery,15,5.1,0
ORD505007,CUST100364,560070,2025-05-06 04:40:28,1636.66,22.3,Fashion,23,2.9,1
ORD506591,CUST100258,560051,2025-05-06 05:05:31,323.83,17.3,Other,1,14.6,0
ORD504489,CUST101472,560103,2025-05-06 05:27:29,1109.18,16.0,Grocery,9,21.7,0
ORD500972,CUST101203,560033,2025-05-06 05:50:29,469.78,11.0,Fashion,6,12.7,0
ORD507708,CUST100975,560016,2025-05-06 08:20:05,2748.14,35.9,Electronics,8,3.5,0
ORD502402,CUST101390,560102,2025-05-06 08:32:59,221.49,14.7,Beauty,21,4.0,0
ORD507213,CUST101491,560028,2025-05-06 08:47:21,624.16,16.9,Beauty,8,22.6,1
ORD507627,CUST100746,560072,2025-05-06 10:38:20,1396.44,16.9,Beauty,18,4.9,0
ORD503158,CUST100760,560075,2025-05-06 11:01:20,605.03,20.8,Home,1,6.2,0
ORD506095,CUST101628,560100,2025-05-06 12:10:36,832.5,11.1,Grocery,20,25.6,1
ORD502695,CUST101335,560067,2025-05-06 12:17:05,1318.21,19.7,Home,5,20.6,0
ORD501338,CUST100872,560099,2025-05-06 12:28:43,981.91,27.6,Fashion,12,5.4,0
ORD502251,CUST100431,560116,2025-05-06 13:00:16,1689.46,39.7,Fashion,4,21.1,1
ORD505192,CUST101246,560007,2025-05-06 13:10:17,1741.68,26.0,Fashion,0,17.2,1
ORD506822,CUST100192,560028,2025-05-06 13:14:23,866.75,31.4,Electronics,21,9.8,0
ORD502292,CUST100007,560022,2025-05-06 13:25:24,816.7,6.4,Beauty,23,2.1,0
ORD504570,CUST101246,560037,2025-05-06 14:10:48,282.25,31.0,Other,23,12.9,1
ORD501686,CUST100463,560038,2025-05-06 14:35:43,285.7,5.0,Fashion,0,1.0,1
ORD503665,CUST101465,560059,2025-05-06 14:40:49,237.67,47.3,Beauty,14,11.7,0
ORD501512,CUST100172,560099,2025-05-06 15:03:22,841.32,12.5,Electronics,11,22.6,1
ORD504481,CUST100998,560058,2025-05-06 15:19:26,436.62,11.6,Fashion,13,6.3,0
ORD506278,CUST101516,560061,2025-05-06 16:22:12,388.79,13.3,Fashion,19,4.0,0
ORD501322,CUST100233,560037,2025-05-06 17:53:21,635.24,22.7,Beauty,0,7.9,0
ORD506322,CUST101974,560118,2025-05-06 18:31:32,1388.26,2.9,Electronics,22,12.4,0
ORD504008,CUST100708,560040,2025-05-06 22:55:52,1595.15,28.5,Fashion,0,11.7,0
ORD504804,CUST100452,560002,2025-05-06 23:20:58,441.02,4.3,Home,21,20.2,0
ORD504968,CUST101185,560054,2025-05-07 00:06:33,400.73,33.6,Other,2,22.4,0
ORD500870,CUST100187,560082,2025-05-07 00:34:22,1282.13,9.4,Fashion,20,14.8,0
ORD506205,CUST101967,560087,2025-05-07 02:06:09,1697.91,8.7,Beauty,16,17.3,0
ORD506038,CUST101324,560099,2025-05-07 03:06:38,351.11,0.9,Electronics,20,7.5,0
ORD505560,CUST100445,560016,2025-05-07 03:12:02,532.34,28.1,Electronics,12,14.8,1
ORD504708,CUST101032,560003,2025-05-07 04:09:23,551.33,29.6,Beauty,10,1.8,0
ORD503263,CUST101408,560048,2025-05-07 04:19:36,832.48,17.5,Fashion,19,13.3,1
ORD504994,CUST100343,560118,2025-05-07 04:21:00,670.98,6.5,Home,18,7.8,0
ORD503384,CUST100785,560087,2025-05-07 04:23:23,1232.09,42.5,Grocery,3,32.1,1
ORD507293,CUST101954,560114,2025-05-07 05:19:34,596.04,34.5,Fashion,8,30.1,0
ORD505153,CUST101239,560101,2025-05-07 05:47:26,923.01,13.2,Fashion,3,20.5,1
ORD502250,CUST101233,560071,2025-05-07 05:50:28,854.31,37.6,Fashion,0,31.7,1
ORD502177,CUST101869,560117,2025-05-07 06:46:00,544.15,12.7,Fashion,14,8.9,0
ORD502518,CUST100924,560099,2025-05-07 06:48:34,954.26,2.3,Grocery,21,2.4,0
ORD506788,CUST101884,560026,2025-05-07 06:50:09,1997.04,24.5,Grocery,3,9.4,0
ORD502678,CUST101749,560064,2025-05-07 07:30:34,432.69,5.2,Home,10,13.7,0
ORD504774,CUST101997,560003,2025-05-07 08:04:49,1242.03,1.5,Home,12,1.2,0
ORD501638,CUST100151,560112,2025-05-07 10:39:13,893.49,21.7,Electronics,9,14.9,0
ORD506507,CUST100618,560014,2025-05-07 10:59:40,724.19,13.1,Electronics,9,7.8,1
ORD500440,CUST101836,560067,2025-05-07 11:10:48,2151.41,53.5,Electronics,9,30.1,0
ORD505241,CUST101969,560013,2025-05-07 11:12:57,998.85,17.2,Grocery,0,12.1,0
ORD500986,CUST100087,560005,2025-05-07 12:06:58,1046.11,4.6,Beauty,12,26.8,0
ORD504850,CUST100275,560082,2025-05-07 12:16:54,764.92,43.4,Beauty,2,20.4,0
ORD504246,CUST101705,560048,2025-05-07 12:39:36,1160.82,9.9,Electronics,13,8.6,0
ORD503396,CUST101430,560108,2025-05-07 13:08:08,708.91,21.8,Home,8,12.3,0
ORD506360,CUST101701,560013,2025-05-07 13:15:28,318.64,13.4,Grocery,16,25.6,0
ORD503351,CUST100376,560112,2025-05-07 13:26:11,1554.29,13.6,Electronics,16,16.6,0
ORD500259,CUST101512,560081,2025-05-07 14:23:13,365.32,32.8,Electronics,5,17.2,0
ORD506578,CUST101430,560091,2025-05-07 15:06:13,589.45,6.6,Home,19,14.8,1
ORD504792,CUST101905,560102,2025-05-07 15:30:11,717.47,23.4,Home,19,9.9,0
ORD500851,CUST100410,560012,2025-05-07 16:14:17,419.28,13.3,Fashion,9,9.1,0
ORD500475,CUST100155,560023,2025-05-07 16:15:22,757.91,20.7,Grocery,10,9.0,0
ORD500311,CUST100508,560013,2025-05-07 16:43:48,578.0,14.7,Other,22,20.3,0
ORD505094,CUST101875,560062,2025-05-07 17:11:11,634.56,17.9,Fashion,10,1.0,0
ORD501876,CUST100317,560082,2025-05-07 17:35:05,1904.84,30.6,Electronics,0,25.5,0
ORD506929,CUST100922,560019,2025-05-07 18:56:48,1464.22,18.6,Home,3,20.8,0
ORD501100,CUST101246,560099,2025-05-07 19:10:39,549.48,14.2,Fashion,5,2.5,0
ORD501237,CUST100474,560027,2025-05-07 19:11:47,824.14,32.5,Fashion,3,19.5,1
ORD504666,CUST101116,560046,2025-05-07 19:37:48,667.45,13.8,Beauty,23,1.0,0
ORD504694,CUST101858,560014,2025-05-07 19:54:45,248.2,29.7,Home,23,2.2,1
ORD500176,CUST101867,560098,2025-05-07 20:44:12,378.91,21.2,Grocery,19,16.5,0
ORD507909,CUST101774,560079,2025-05-07 20:53:26,652.12,3.4,Other,13,16.0,0
ORD504936,CUST100339,560010,2025-05-07 22:27:32,474.91,49.4,Other,14,18.2,0
ORD506405,CUST100120,560072,2025-05-07 22:54:34,2025.93,43.6,Electronics,2,14.6,0
ORD506286,CUST100250,560116,2025-05-08 00:07:30,684.61,52.3,Electronics,21,7.8,0
ORD500149,CUST101684,560108,2025-05-08 00:20:08,809.36,31.3,Beauty,11,19.3,0
ORD503835,CUST100453,560058,2025-05-08 00:22:50,1307.75,12.7,Home,17,18.0,0
ORD500486,CUST100194,560057,2025-05-08 00:45:32,1693.92,23.3,Fashion,20,4.2,1
ORD502168,CUST101516,560077,2025-05-08 01:18:22,334.04,18.5,Electronics,12,4.7,1
ORD506676,CUST101274,560045,2025-05-08 02:01:53,428.16,30.8,Fashion,19,7.9,0
ORD506090,CUST101509,560087,2025-05-08 02:07:31,680.58,12.5,Home,10,1.0,0
ORD507377,CUST100110,560090,2025-05-08 04:28:37,362.54,17.8,Other,16,11.5,0
ORD502389,CUST101246,560011,2025-05-08 04:32:06,481.86,32.3,Electronics,8,1.9,0
ORD505890,CUST100228,560034,2025-05-08 04:53:51,1530.24,9.1,Home,0,11.3,0
ORD506045,CUST100321,560040,2025-05-08 05:17:58,2431.77,13.3,Grocery,20,11.2,0
ORD502016,CUST101858,560054,2025-05-08 06:20:40,430.68,2.9,Home,18,8.3,0
ORD501838,CUST100853,560078,2025-05-08 07:00:31,514.88,3.7,Other,20,4.1,0
ORD501003,CUST100860,560074,2025-05-08 07:17:51,380.42,16.8,Home,4,16.8,0
ORD504976,CUST101189,560048,2025-05-08 08:06:51,642.94,28.5,Beauty,12,3.7,1
ORD502461,CUST100818,560082,2025-05-08 08:16:14,1420.32,11.0,Home,20,6.4,0
ORD500180,CUST101592,560019,2025-05-08 08:17:21,691.94,22.6,Electronics,10,8.5,0
ORD507329,CUST101029,560079,2025-05-08 08:17:44,1206.31,31.5,Electronics,14,13.5,1
ORD500599,CUST100962,560012,2025-05-08 08:42:03,328.55,19.8,Home,1,10.5,0
ORD501884,CUST101523,560059,2025-05-08 08:58:00,798.48,2.1,Grocery,7,10.4,0
ORD505125,CUST101951,560008,2025-05-08 09:22:38,411.67,6.8,Other,18,20.6,1
ORD500082,CUST101916,560079,2025-05-08 09:28:30,308.07,5.4,Other,15,6.7,0
ORD503376,CUST100796,560110,2025-05-08 10:09:46,507.93,25.2,Electronics,7,17.7,0
ORD501089,CUST100367,560090,2025-05-08 10:19:26,714.0,6.1,Fashion,17,22.7,0
ORD504428,CUST100386,560085,2025-05-08 10:36:23,244.26,24.1,Fashion,22,24.1,1
ORD503664,CUST101785,560028,2025-05-08 10:37:04,1509.07,11.1,Other,20,35.4,0
ORD502278,CUST101357,560035,2025-05-08 11:07:24,278.73,9.6,Fashion,8,3.1,1
ORD502326,CUST100689,560037,2025-05-08 12:36:15,505.13,13.0,Electronics,11,2.9,0
ORD504394,CUST101579,560042,2025-05-08 12:59:46,327.9,8.8,Grocery,13,1.8,0
ORD504523,CUST101884,560031,2025-05-08 13:04:36,635.37,17.7,Other,15,17.0,1
ORD504543,CUST100248,560090,2025-05-08 13:12:08,401.9,3.9,Fashion,11,2.9,0
ORD506533,CUST100935,560080,2025-05-08 14:12:55,418.96,16.1,Beauty,6,6.9,1
ORD500242,CUST100672,560063,2025-05-08 15:18:28,1181.24,32.5,Grocery,19,18.0,0
ORD506954,CUST101968,560020,2025-05-08 15:40:58,363.76,2.6,Beauty,9,13.6,0
ORD507077,CUST101153,560041,2025-05-08 15:55:18,613.01,32.9,Home,14,5.7,0
ORD503850,CUST101255,560117,2025-05-08 16:27:45,703.91,26.5,Grocery,12,1.3,0
ORD500095,CUST101341,560018,2025-05-08 16:37:55,1265.8,0.1,Other,18,16.6,0
ORD503015,CUST100191,560006,2025-05-08 16:46:35,1069.28,28.9,Fashion,22,1.2,0
ORD503345,CUST100742,560001,2025-05-08 16:53:46,421.81,7.5,Home,8,5.2,0
ORD502252,CUST100950,560066,2025-05-08 16:53:57,434.74,16.1,Other,15,14.5,0
ORD501628,CUST101847,560026,2025-05-08 17:13:40,416.8,10.2,Electronics,9,1.0,0
ORD506240,CUST101800,560007,2025-05-08 17:23:18,634.41,35.5,Fashion,21,20.9,0
ORD502963,CUST100582,560113,2025-05-08 18:13:07,571.75,12.5,Grocery,16,24.6,0
ORD502654,CUST101536,560077,2025-05-08 18:47:43,1739.37,8.3,Beauty,14,19.4,1
ORD504658,CUST101628,560096,2025-05-08 19:20:13,1273.18,16.5,Grocery,7,7.5,1
ORD500571,CUST100452,560061,2025-05-08 19:53:00,600.15,23.6,Beauty,7,13.5,0
ORD505898,CUST101972,560009,2025-05-08 20:14:13,907.63,32.5,Fashion,7,14.3,1
ORD504780,CUST100453,560074,2025-05-08 20:59:03,282.72,27.0,Grocery,22,10.2,0
ORD506174,CUST100888,560068,2025-05-09 00:11:08,804.14,4.8,Grocery,13,16.6,0
ORD500150,CUST100746,560004,2025-05-09 01:03:22,757.62,15.8,Grocery,11,10.9,0
ORD503759,CUST100485,560112,2025-05-09 01:22:42,644.78,21.0,Home,15,19.3,0
ORD507757,CUST101377,560056,2025-05-09 01:42:06,404.58,35.9,Electronics,15,15.4,0
ORD503117,CUST101135,560035,2025-05-09 03:48:46,175.8,13.6,Electronics,15,12.2,0
ORD505720,CUST101762,560062,2025-05-09 03:54:48,670.86,48.6,Fashion,19,5.4,0
ORD502079,CUST101668,560035,2025-05-09 03:57:41,500.1,3.3,Grocery,15,17.9,0
ORD503049,CUST100464,560032,2025-05-09 03:59:04,1862.82,11.7,Grocery,7,10.0,1
ORD503320,CUST100247,560067,2025-05-09 04:02:32,2472.35,3.5,Other,12,16.8,0
ORD500014,CUST101335,560053,2025-05-09 04:19:44,678.56,2.4,Electronics,19,10.5,0
ORD506864,CUST100360,560036,2025-05-09 05:00:00,351.98,39.4,Grocery,18,1.0,1
ORD503318,CUST101035,560025,2025-05-09 05:53:49,649.88,23.1,Grocery,15,3.8,0
ORD503439,CUST101620,560091,2025-05-09 06:54:01,703.5,52.2,Fashion,23,7.1,0
ORD503245,CUST101390,560002,2025-05-09 07:20:30,354.58,9.1,Home,23,1.0,0
ORD507533,CUST101982,560046,2025-05-09 07:42:06,403.43,0.9,Home,8,1.7,0
ORD502449,CUST100193,560116,2025-05-09 07:51:26,509.04,4.2,Other,0,16.1,0
ORD505377,CUST100830,560010,2025-05-09 08:31:40,495.58,24.0,Grocery,16,25.5,0
ORD500516,CUST100950,560002,2025-05-09 09:18:47,3362.07,41.7,Grocery,4,11.3,0
ORD502675,CUST100539,560118,2025-05-09 09:33:33,968.73,9.2,Other,22,19.7,0
ORD506526,CUST101465,560007,2025-05-09 10:06:15,581.59,28.0,Fashion,18,10.7,1
ORD502284,CUST101198,560091,2025-05-09 11:01:17,721.46,31.1,Grocery,23,6.8,0
ORD505147,CUST101203,560105,2025-05-09 11:11:34,489.32,2.8,Fashion,3,13.1,0
ORD504868,CUST100474,560112,2025-05-09 11:27:58,675.7,16.8,Other,8,16.6,1
ORD505415,CUST100971,560103,2025-05-09 12:40:41,771.38,8.8,Home,15,24.4,0
ORD500581,CUST100494,560001,2025-05-09 12:55:30,372.42,27.1,Fashion,19,18.7,0
ORD505255,CUST101183,560103,2025-05-09 14:49:42,742.97,40.5,Home,15,15.3,1
ORD504606,CUST101035,560074,2025-05-09 16:47:42,2081.09,4.1,Fashion,7,11.0,0
ORD502580,CUST101505,560119,2025-05-09 18:52:45,804.87,9.4,Fashion,5,9.5,1
ORD503214,CUST101789,560072,2025-05-09 19:06:41,722.18,30.4,Fashion,15,11.3,0
ORD500371,CUST100713,560023,2025-05-09 20:17:27,1201.02,31.0,Beauty,9,1.0,0
ORD507725,CUST100928,560093,2025-05-09 20:27:55,718.24,17.6,Home,16,6.9,0
ORD507211,CUST101748,560100,2025-05-09 21:15:48,690.0,21.2,Other,2,14.1,0
ORD504497,CUST101819,560089,2025-05-09 22:58:44,528.82,14.5,Fashion,19,14.7,0
ORD503811,CUST100039,560064,2025-05-09 23:09:20,341.27,17.5,Beauty,18,13.0,0
ORD500873,CUST101048,560107,2025-05-10 00:30:47,370.49,16.7,Home,15,7.5,0
ORD506856,CUST101811,560030,2025-05-10 00:34:10,1292.38,28.0,Electronics,17,5.3,0
ORD504416,CUST101183,560096,2025-05-10 02:33:43,840.36,13.0,Electronics,1,19.3,1
ORD500727,CUST101458,560049,2025-05-10 03:06:05,200.05,32.8,Fashion,11,9.9,0
ORD503375,CUST100436,560077,2025-05-10 03:52:16,332.25,5.1,Grocery,12,6.4,0
ORD504996,CUST101657,560093,2025-05-10 04:14:34,585.79,16.5,Fashion,11,10.9,0
ORD506351,CUST101335,560107,2025-05-10 04:16:48,731.45,47.4,Electronics,23,18.5,1
ORD504598,CUST101211,560018,2025-05-10 04:17:23,409.21,22.8,Grocery,8,26.9,0
ORD501788,CUST101413,560021,2025-05-10 05:13:17,745.04,32.1,Grocery,10,14.0,0
ORD507897,CUST101569,560055,2025-05-10 05:20:00,1181.8,7.0,Electronics,4,11.2,0
ORD501285,CUST100038,560004,2025-05-10 05:32:59,438.03,40.8,Fashion,0,9.0,0
ORD504245,CUST101250,560038,2025-05-10 06:43:25,1756.0,59.8,Fashion,14,11.5,1
ORD503473,CUST101045,560099,2025-05-10 07:45:46,781.13,38.4,Other,22,1.9,0
ORD501476,CUST100988,560077,2025-05-10 08:05:03,2114.9,39.8,Beauty,8,5.7,0
ORD500248,CUST100235,560028,2025-05-10 08:11:06,271.28,18.0,Electronics,22,9.0,0
ORD505971,CUST101082,560115,2025-05-10 08:18:54,272.98,18.6,Grocery,15,5.6,0
ORD505018,CUST100541,560101,2025-05-10 08:24:36,347.63,10.2,Home,1,11.9,1
ORD502320,CUST100792,560073,2025-05-10 08:47:31,540.36,34.2,Grocery,3,9.9,0
ORD505751,CUST100742,560022,2025-05-10 10:27:30,1491.78,37.8,Beauty,16,4.9,0
ORD504899,CUST100485,560102,2025-05-10 10:42:24,454.58,2.4,Other,18,11.4,0
ORD507801,CUST100472,560046,2025-05-10 11:02:24,409.69,19.7,Fashion,7,1.0,0
ORD507016,CUST100818,560040,2025-05-10 11:42:21,736.92,5.9,Other,9,19.3,0
ORD503099,CUST100731,560095,2025-05-10 12:36:59,1092.2,9.8,Other,7,16.4,0
ORD506687,CUST101858,560014,2025-05-10 13:09:54,369.71,32.3,Fashion,2,4.6,0
ORD503714,CUST100157,560091,2025-05-10 13:40:45,378.88,32.7,Fashion,13,2.2,0
ORD506554,CUST101990,560045,2025-05-10 14:31:23,518.84,18.6,Fashion,20,10.4,0
ORD504088,CUST101677,560012,2025-05-10 15:16:38,548.14,14.4,Grocery,3,15.1,0
ORD505030,CUST100948,560019,2025-05-10 20:04:09,1381.61,25.0,Fashion,10,11.1,0
ORD500561,CUST101250,560021,2025-05-10 20:26:29,732.93,9.6,Home,14,6.0,0
ORD506732,CUST101929,560119,2025-05-10 21:03:22,264.59,27.4,Grocery,19,17.7,1
ORD504644,CUST101786,560064,2025-05-10 21:12:07,600.91,16.1,Beauty,8,19.3,1
ORD503685,CUST101884,560015,2025-05-10 21:39:48,282.85,26.9,Home,20,18.6,0
ORD504842,CUST100150,560030,2025-05-10 22:10:11,848.09,50.6,Other,1,19.0,0
ORD502553,CUST101048,560002,2025-05-10 22:18:12,265.18,14.7,Beauty,19,11.2,0
ORD503913,CUST100225,560079,2025-05-10 23:15:41,773.33,23.8,Home,4,8.5,0
ORD500469,CUST101259,560010,2025-05-10 23:51:16,1370.68,23.6,Home,3,29.7,0
ORD505953,CUST101580,560092,2025-05-10 23:59:56,697.74,19.4,Electronics,1,4.8,1
ORD506103,CUST100795,560113,2025-05-11 00:13:22,1943.27,43.5,Home,9,11.9,0
ORD506555,CUST100405,560061,2025-05-11 00:35:14,757.79,31.2,Beauty,21,13.5,0
ORD503082,CUST101995,560018,2025-05-11 03:01:30,338.29,43.5,Fashion,21,6.2,0
ORD501466,CUST101045,560021,2025-05-11 03:47:58,777.39,58.0,Electronics,0,4.0,0
ORD502899,CUST100515,560057,2025-05-11 04:55:59,724.2,4.6,Home,22,21.8,0
ORD506437,CUST100708,560070,2025-05-11 05:23:56,866.64,13.8,Fashion,22,20.5,1
ORD507672,CUST101592,560110,2025-05-11 07:51:45,296.13,15.2,Fashion,22,4.6,0
ORD504623,CUST100962,560023,2025-05-11 08:41:10,948.74,4.8,Home,2,25.3,0
ORD507046,CUST100983,560113,2025-05-11 11:29:25,855.08,24.8,Fashion,18,10.4,0
ORD506280,CUST101294,560113,2025-05-11 12:17:04,3206.26,43.3,Home,21,10.3,0
ORD507851,CUST100006,560052,2025-05-11 12:28:50,423.72,31.6,Electronics,17,23.3,0
ORD505522,CUST100156,560084,2025-05-11 13:40:21,1518.89,14.7,Fashion,2,4.0,1
ORD503306,CUST101615,560006,2025-05-11 14:15:22,599.84,2.4,Home,2,22.4,0
ORD507047,CUST100440,560116,2025-05-11 15:15:30,1007.91,7.5,Fashion,4,16.4,1
ORD501833,CUST101823,560060,2025-05-11 16:22:19,1493.34,19.2,Electronics,11,15.7,0
ORD501727,CUST101547,560118,2025-05-11 17:22:35,1525.55,25.8,Fashion,8,11.8,1
ORD505175,CUST101251,560094,2025-05-11 17:42:04,414.16,36.5,Beauty,11,18.1,0
ORD506430,CUST101450,560099,2025-05-11 19:27:30,683.9,50.4,Home,23,4.4,0
ORD502991,CUST101797,560073,2025-05-11 19:59:16,393.73,12.0,Fashion,20,10.6,0
ORD507279,CUST100785,560101,2025-05-11 20:30:12,714.83,24.0,Fashion,0,3.9,0
ORD505064,CUST100872,560040,2025-05-11 20:31:01,309.47,12.8,Other,10,1.0,0
ORD502883,CUST101106,560089,2025-05-11 20:47:21,262.88,24.2,Other,22,12.0,0
ORD501921,CUST100442,560008,2025-05-11 20:57:28,349.41,23.7,Home,2,18.0,0
ORD502115,CUST100490,560021,2025-05-11 21:06:34,234.33,8.5,Fashion,13,25.2,0
ORD504609,CUST100861,560105,2025-05-11 21:09:52,173.37,21.3,Fashion,16,18.1,0
ORD504693,CUST101291,560078,2025-05-11 21:43:02,564.68,14.1,Fashion,13,6.2,0
ORD503153,CUST101771,560112,2025-05-11 22:15:35,720.77,13.3,Fashion,1,22.3,0
ORD505166,CUST101628,560056,2025-05-11 22:48:31,1003.21,5.8,Electronics,15,7.2,0
ORD504255,CUST100684,560032,2025-05-12 02:12:03,612.8,20.7,Beauty,9,23.4,0
ORD501554,CUST100440,560093,2025-05-12 02:16:59,1208.23,11.4,Home,20,6.2,0
ORD501598,CUST100191,560016,2025-05-12 02:22:47,772.59,27.1,Home,11,28.7,0
ORD500252,CUST101200,560032,2025-05-12 03:03:08,275.36,35.1,Fashion,6,3.4,0
ORD500840,CUST101294,560115,2025-05-12 04:26:14,1881.75,30.2,Electronics,23,11.0,0
ORD505679,CUST101335,560088,2025-05-12 05:54:21,382.3,6.1,Grocery,8,15.8,0
ORD501893,CUST101439,560049,2025-05-12 06:59:56,883.89,19.9,Electronics,13,19.8,0
ORD502780,CUST100834,560048,2025-05-12 07:35:37,1865.56,24.6,Fashion,6,24.0,1
ORD503332,CUST101429,560067,2025-05-12 07:58:28,381.06,45.7,Fashion,21,4.5,0
ORD502776,CUST100398,560007,2025-05-12 09:38:47,370.16,17.9,Other,9,14.1,0
ORD503653,CUST100849,560099,2025-05-12 10:12:51,468.9,18.1,Grocery,16,11.0,1
ORD503299,CUST100580,560003,2025-05-12 11:07:06,1013.28,12.5,Electronics,21,18.3,0
ORD507453,CUST100204,560017,2025-05-12 11:55:54,914.5,25.2,Home,1,23.2,0
ORD501828,CUST100844,560089,2025-05-12 13:44:19,1144.41,13.6,Beauty,23,16.3,0
ORD502914,CUST100339,560025,2025-05-12 14:20:07,1187.33,7.8,Fashion,14,1.4,0
ORD507477,CUST101739,560076,2025-05-12 14:57:56,683.57,27.8,Home,14,24.6,1
ORD501707,CUST100324,560119,2025-05-12 15:36:29,1256.47,11.5,Fashion,4,9.9,1
ORD506867,CUST101013,560073,2025-05-12 15:49:55,508.89,22.9,Grocery,13,19.2,1
ORD502879,CUST101989,560096,2025-05-12 15:51:31,592.12,13.6,Grocery,10,6.5,0
ORD506939,CUST101163,560083,2025-05-12 16:30:43,695.63,15.7,Electronics,14,21.7,0
ORD506243,CUST100406,560114,2025-05-12 16:51:31,507.07,11.2,Beauty,1,16.4,0
ORD502095,CUST100315,560041,2025-05-12 17:59:22,1198.74,29.6,Electronics,13,7.6,0
ORD507871,CUST101878,560088,2025-05-12 18:00:15,448.06,18.5,Home,21,11.7,0
ORD502507,CUST101836,560006,2025-05-12 18:32:34,150.0,17.6,Fashion,19,17.4,0
ORD504357,CUST101916,560100,2025-05-12 18:44:33,2253.54,16.4,Home,3,17.8,0
ORD502158,CUST100532,560013,2025-05-12 20:37:20,539.49,19.2,Fashion,17,17.4,0
ORD501926,CUST100397,560095,2025-05-12 21:58:02,830.31,20.5,Fashion,9,5.3,0
ORD506998,CUST100247,560063,2025-05-12 23:42:12,774.01,7.4,Grocery,5,1.0,0
ORD500821,CUST101174,560043,2025-05-12 23:45:35,422.04,13.6,Home,11,9.9,0
ORD506349,CUST100554,560054,2025-05-12 23:51:59,1044.56,1.7,Electronics,22,27.1,0
ORD500151,CUST100116,560011,2025-05-13 00:32:16,586.52,14.0,Beauty,11,13.6,1
ORD504648,CUST100444,560084,2025-05-13 01:38:06,671.42,19.1,Fashion,11,11.4,1
ORD505849,CUST101998,560071,2025-05-13 02:10:15,150.0,15.9,Fashion,16,11.3,0
ORD500146,CUST101779,560082,2025-05-13 03:04:18,895.66,18.4,Home,0,11.8,0
ORD500480,CUST101048,560093,2025-05-13 04:50:46,463.44,23.3,Home,1,4.8,0
ORD506826,CUST101203,560094,2025-05-13 05:08:43,724.61,50.6,Other,20,13.3,0
ORD507990,CUST100976,560047,2025-05-13 06:57:50,330.84,26.3,Fashion,2,25.9,0
ORD503740,CUST100088,560102,2025-05-13 07:08:17,1229.11,26.4,Fashion,22,9.8,0
ORD504722,CUST101317,560106,2025-05-13 07:23:53,768.77,38.7,Electronics,3,30.5,0
ORD505363,CUST100949,560114,2025-05-13 08:04:37,274.54,11.7,Beauty,0,21.3,0
ORD503352,CUST100988,560066,2025-05-13 09:56:27,290.59,20.9,Fashion,21,4.4,0
ORD503717,CUST100428,560110,2025-05-13 09:59:16,390.14,5.0,Beauty,4,4.4,0
ORD505817,CUST100173,560101,2025-05-13 10:36:37,415.44,39.9,Grocery,10,8.8,0
ORD506377,CUST101628,560042,2025-05-13 10:38:34,476.35,24.0,Fashion,11,19.7,0
ORD501382,CUST100768,560082,2025-05-13 11:00:51,746.83,7.7,Fashion,13,5.3,0
ORD507438,CUST100062,560106,2025-05-13 11:03:05,1055.2,3.9,Other,6,12.3,0
ORD506850,CUST101125,560040,2025-05-13 11:10:39,691.45,19.8,Fashion,0,5.8,0
ORD500642,CUST101265,560106,2025-05-13 11:13:45,865.97,15.1,Fashion,2,24.4,0
ORD501258,CUST100116,560054,2025-05-13 11:25:56,374.92,12.2,Fashion,16,14.6,0
ORD501386,CUST101997,560013,2025-05-13 11:28:22,1911.18,29.3,Electronics,20,19.2,0
ORD501324,CUST101390,560083,2025-05-13 12:06:13,581.43,20.9,Beauty,6,2.0,0
ORD502588,CUST101804,560039,2025-05-13 12:31:33,1168.87,38.0,Fashion,17,4.5,0
ORD502823,CUST100132,560110,2025-05-13 12:45:46,213.09,47.9,Electronics,22,1.2,1
ORD507774,CUST101974,560107,2025-05-13 13:04:55,740.21,16.3,Other,1,29.3,1
ORD506383,CUST100532,560081,2025-05-13 13:14:29,935.43,37.5,Electronics,8,13.5,0
ORD506964,CUST100398,560072,2025-05-13 14:25:59,482.75,1.9,Beauty,10,32.3,0
ORD501857,CUST101477,560112,2025-05-13 15:43:17,684.96,10.1,Other,3,10.2,0
ORD505526,CUST101897,560067,2025-05-13 15:47:43,622.89,27.8,Fashion,19,6.4,0
ORD500718,CUST100444,560006,2025-05-13 16:09:06,1471.26,20.6,Fashion,2,2.5,0
ORD500055,CUST101941,560063,2025-05-13 16:19:32,659.02,34.6,Beauty,16,15.7,1
ORD502033,CUST100532,560049,2025-05-13 17:02:05,1434.32,25.0,Beauty,14,3.8,0
ORD504982,CUST101703,560111,2025-05-13 17:03:23,447.71,3.0,Home,20,14.2,0
ORD507938,CUST101230,560105,2025-05-13 17:26:54,513.94,0.7,Other,14,15.1,0
ORD503193,CUST101110,560013,2025-05-13 17:46:56,374.62,19.0,Fashion,8,16.6,0
ORD504678,CUST100872,560060,2025-05-13 18:05:15,319.9,40.8,Fashion,20,4.1,1
ORD505016,CUST100935,560049,2025-05-13 19:02:26,1071.65,3.1,Fashion,0,21.5,1
ORD503018,CUST101880,560008,2025-05-13 19:16:38,346.73,35.8,Fashion,10,15.8,1
ORD503559,CUST100720,560115,2025-05-13 19:19:30,299.88,43.3,Other,11,32.7,0
ORD503710,CUST101216,560040,2025-05-13 20:39:44,684.11,1.1,Home,13,9.0,0
ORD503659,CUST100267,560069,2025-05-13 21:14:48,326.39,5.9,Home,2,20.9,0
ORD505717,CUST101420,560079,2025-05-13 22:04:13,460.45,2.6,Electronics,13,24.1,0
ORD507588,CUST100807,560031,2025-05-13 23:15:26,430.33,26.5,Fashion,13,20.0,0
ORD500898,CUST101536,560109,2025-05-13 23:20:29,554.09,8.3,Home,16,9.2,1
ORD504226,CUST101067,560118,2025-05-13 23:21:02,241.96,4.0,Grocery,7,6.8,0
ORD507194,CUST100165,560041,2025-05-13 23:27:05,519.03,2.7,Other,4,1.4,0
ORD504195,CUST100194,560086,2025-05-14 00:58:41,279.62,6.7,Electronics,15,8.9,0
ORD500962,CUST100763,560036,2025-05-14 03:07:14,1491.1,33.5,Beauty,22,20.5,0
ORD507694,CUST101087,560050,2025-05-14 04:14:24,803.23,8.6,Fashion,12,21.9,0
ORD505684,CUST101199,560112,2025-05-14 04:48:11,411.72,28.5,Electronics,8,9.3,0
ORD506127,CUST100954,560087,2025-05-14 05:54:05,614.98,48.2,Grocery,23,16.6,1
ORD503293,CUST101361,560058,2025-05-14 07:01:25,150.0,34.8,Home,9,2.3,0
ORD502666,CUST100146,560052,2025-05-14 07:04:14,711.82,15.0,Electronics,10,4.6,0
ORD501468,CUST100828,560080,2025-05-14 07:12:26,851.16,14.3,Beauty,21,22.4,1
ORD501406,CUST100760,560108,2025-05-14 07:46:35,933.97,0.3,Beauty,20,4.3,0
ORD502015,CUST100301,560076,2025-05-14 08:32:07,578.31,18.6,Home,21,11.0,0
ORD504918,CUST100447,560116,2025-05-14 09:46:35,1320.08,15.3,Fashion,22,20.0,1
ORD503854,CUST101540,560109,2025-05-14 09:49:21,1045.76,14.2,Home,16,5.3,0
ORD503506,CUST100653,560039,2025-05-14 10:00:07,451.13,1.3,Grocery,17,13.3,0
ORD505578,CUST101391,560060,2025-05-14 10:04:55,690.06,8.3,Home,21,15.9,0
ORD507248,CUST100047,560033,2025-05-14 10:11:55,551.12,4.6,Fashion,1,5.5,0
ORD500920,CUST100297,560020,2025-05-14 11:16:40,779.26,7.3,Electronics,9,14.0,0
ORD503445,CUST100620,560093,2025-05-14 11:48:25,1660.28,9.7,Electronics,20,11.2,0
ORD505049,CUST100663,560011,2025-05-14 12:19:47,1444.86,21.3,Fashion,15,14.0,0
ORD503616,CUST101869,560051,2025-05-14 12:35:27,422.7,17.3,Grocery,3,3.8,0
ORD503668,CUST100602,560048,2025-05-14 13:33:34,1339.84,16.3,Fashion,8,14.0,0
ORD503290,CUST101447,560049,2025-05-14 13:37:26,718.77,32.8,Fashion,3,11.6,1
ORD503125,CUST100888,560113,2025-05-14 13:55:04,622.56,34.3,Fashion,2,1.0,0
ORD503770,CUST101233,560054,2025-05-14 14:01:35,487.72,15.9,Fashion,0,17.3,0
ORD506974,CUST101964,560040,2025-05-14 14:54:52,860.43,12.7,Electronics,16,18.5,0
ORD500238,CUST100901,560116,2025-05-14 15:25:59,1129.52,20.7,Electronics,11,7.9,0
ORD504390,CUST100355,560077,2025-05-14 15:46:20,1414.33,25.2,Fashion,7,12.6,0
ORD500167,CUST100129,560075,2025-05-14 15:49:04,589.77,13.9,Fashion,13,20.5,0
ORD502136,CUST100713,560075,2025-05-14 16:36:29,346.86,23.0,Fashion,5,17.7,0
ORD502358,CUST100113,560036,2025-05-14 16:54:20,382.5,37.6,Fashion,11,7.7,0
ORD500788,CUST100147,560100,2025-05-14 16:56:00,368.54,28.8,Fashion,2,7.5,1
ORD505246,CUST100520,560105,2025-05-14 17:49:08,1762.67,38.3,Beauty,16,25.2,1
ORD501854,CUST101553,560075,2025-05-14 17:59:01,745.0,16.0,Beauty,18,1.0,0
ORD507868,CUST101564,560074,2025-05-14 18:14:28,495.73,25.0,Home,6,19.1,0
ORD503998,CUST101474,560061,2025-05-14 18:41:27,844.22,13.7,Fashion,13,7.2,0
ORD500312,CUST100270,560014,2025-05-14 18:53:05,278.05,23.4,Other,3,18.8,0
ORD507836,CUST101141,560033,2025-05-14 20:03:51,1150.57,3.6,Other,8,17.3,0
ORD507338,CUST100888,560029,2025-05-14 20:12:28,404.74,21.2,Other,4,11.4,0
ORD507821,CUST101495,560027,2025-05-14 20:31:54,588.52,22.3,Grocery,17,27.6,0
ORD500063,CUST100500,560104,2025-05-14 21:36:25,294.03,2.2,Grocery,11,27.9,1
ORD505206,CUST100460,560064,2025-05-14 21:38:10,191.41,18.7,Beauty,9,20.1,1
ORD507463,CUST100583,560065,2025-05-14 22:10:21,342.97,4.8,Electronics,12,7.7,0
ORD506667,CUST101203,560014,2025-05-14 22:49:57,2007.14,6.4,Electronics,15,6.2,0
ORD506193,CUST100206,560052,2025-05-14 23:03:13,413.31,10.4,Grocery,9,20.3,0
ORD500219,CUST101113,560107,2025-05-14 23:24:51,662.89,2.7,Beauty,2,10.2,0
ORD503144,CUST100962,560103,2025-05-15 02:18:36,547.3,1.3,Other,20,5.4,0
ORD502973,CUST101183,560105,2025-05-15 02:29:50,1368.58,26.4,Home,9,3.3,1
ORD501741,CUST100947,560025,2025-05-15 02:49:09,736.13,17.7,Fashion,19,21.4,0
ORD500083,CUST100213,560038,2025-05-15 02:52:19,1340.79,7.9,Fashion,16,8.7,1
ORD502915,CUST100758,560084,2025-05-15 03:27:35,835.14,9.3,Fashion,3,13.4,0
ORD502391,CUST100249,560016,2025-05-15 04:09:06,818.49,9.5,Grocery,0,2.6,0
ORD500102,CUST101542,560063,2025-05-15 04:47:31,1296.28,11.7,Other,10,22.7,0
ORD505600,CUST100997,560034,2025-05-15 04:49:12,1007.91,17.9,Other,23,9.1,0
ORD507717,CUST101858,560002,2025-05-15 05:05:00,597.48,19.2,Beauty,3,5.8,1
ORD501637,CUST100377,560001,2025-05-15 05:18:34,526.42,15.0,Electronics,14,8.7,1
ORD500510,CUST100503,560092,2025-05-15 05:32:22,153.17,34.7,Grocery,22,7.9,0
ORD505784,CUST101611,560078,2025-05-15 05:51:45,825.44,12.7,Fashion,1,22.4,0
ORD505027,CUST100557,560060,2025-05-15 07:13:11,230.26,15.6,Fashion,12,9.6,0
ORD505459,CUST100510,560101,2025-05-15 07:59:01,1237.8,19.1,Other,13,16.2,0
ORD503184,CUST100872,560108,2025-05-15 08:12:24,724.83,20.9,Beauty,17,4.9,0
ORD507653,CUST100459,560073,2025-05-15 08:22:38,985.13,11.9,Grocery,21,31.8,0
ORD507009,CUST101465,560018,2025-05-15 08:56:33,1053.74,27.4,Beauty,13,5.2,0
ORD504449,CUST101620,560062,2025-05-15 09:35:17,395.93,8.0,Beauty,18,11.3,0
ORD501875,CUST101390,560020,2025-05-15 09:35:40,1426.09,18.9,Electronics,2,15.4,0
ORD500558,CUST101441,560089,2025-05-15 10:02:42,1138.32,22.9,Electronics,18,22.9,0
ORD506747,CUST100047,560087,2025-05-15 10:04:13,1214.46,32.1,Electronics,23,25.1,0
ORD500213,CUST101878,560036,2025-05-15 10:06:19,515.22,22.1,Electronics,20,8.0,0
ORD507406,CUST101573,560110,2025-05-15 11:44:38,899.71,23.8,Home,7,20.2,0
ORD500708,CUST101564,560100,2025-05-15 12:35:52,1402.07,16.6,Fashion,5,10.9,1
ORD501189,CUST101479,560087,2025-05-15 12:49:01,262.08,19.4,Electronics,12,16.6,0
ORD501671,CUST101169,560071,2025-05-15 12:54:24,704.98,20.0,Beauty,14,8.6,1
ORD500260,CUST101086,560004,2025-05-15 12:55:28,752.78,15.7,Other,19,13.7,0
ORD500147,CUST100453,560090,2025-05-15 13:25:13,783.21,13.8,Fashion,6,6.3,0
ORD502741,CUST101893,560082,2025-05-15 13:27:10,418.48,7.9,Other,8,19.1,1
ORD502354,CUST100983,560000,2025-05-15 13:53:37,1390.11,8.1,Home,11,3.7,0
ORD505646,CUST100913,560116,2025-05-15 14:23:15,467.0,2.0,Fashion,2,10.8,0
ORD503715,CUST101138,560069,2025-05-15 15:02:39,556.19,8.6,Home,16,20.8,0
ORD504568,CUST100783,560084,2025-05-15 15:38:58,371.56,11.1,Home,23,12.0,1
ORD505307,CUST101244,560092,2025-05-15 15:50:09,1013.82,6.7,Fashion,6,6.7,0
ORD506544,CUST101960,560064,2025-05-15 17:57:59,1657.12,29.0,Beauty,6,20.5,0
ORD507898,CUST101580,560067,2025-05-15 18:02:18,1527.22,21.6,Home,19,17.7,0
ORD500927,CUST101269,560063,2025-05-15 18:34:34,950.47,36.7,Fashion,6,13.7,1
ORD500209,CUST101620,560050,2025-05-15 19:08:25,704.12,14.7,Electronics,3,6.3,0
ORD507805,CUST101080,560101,2025-05-15 19:53:38,620.46,8.7,Beauty,4,5.0,0
ORD502540,CUST100593,560026,2025-05-15 20:36:46,650.62,12.9,Fashion,18,21.8,1
ORD502756,CUST101211,560024,2025-05-15 21:11:52,1157.85,1.3,Beauty,9,26.7,0
ORD507288,CUST101166,560094,2025-05-15 21:20:29,571.67,12.2,Electronics,4,1.0,0
ORD501972,CUST101290,560049,2025-05-15 22:43:04,2669.06,20.2,Beauty,20,4.6,0
ORD503001,CUST101246,560103,2025-05-15 22:53:47,1316.08,11.5,Beauty,11,11.5,0
ORD503684,CUST100805,560050,2025-05-15 23:35:23,369.85,36.9,Electronics,12,18.8,0
ORD505833,CUST101430,560018,2025-05-16 01:02:04,1001.42,14.4,Fashion,7,20.9,1
ORD501306,CUST100243,560056,2025-05-16 01:24:40,501.83,6.7,Grocery,10,6.7,0
ORD504589,CUST100205,560008,2025-05-16 01:34:59,306.15,16.7,Electronics,2,1.0,0
ORD506530,CUST101547,560042,2025-05-16 02:01:14,1321.49,16.3,Beauty,7,20.9,0
ORD505879,CUST101747,560012,2025-05-16 02:05:46,1665.88,18.3,Electronics,12,20.9,0
ORD501214,CUST100162,560034,2025-05-16 02:17:53,260.27,25.2,Other,11,4.9,0
ORD500206,CUST101877,560109,2025-05-16 02:43:26,744.6,14.6,Electronics,16,15.2,1
ORD504512,CUST101494,560108,2025-05-16 02:55:15,756.93,1.7,Electronics,14,7.8,0
ORD503525,CUST100150,560116,2025-05-16 03:17:28,677.8,34.4,Other,22,11.3,1
ORD503430,CUST101087,560081,2025-05-16 05:04:45,592.68,13.7,Fashion,19,14.0,0
ORD505097,CUST101458,560087,2025-05-16 05:36:59,410.54,20.9,Fashion,17,24.8,0
ORD501300,CUST101430,560082,2025-05-16 06:06:59,525.96,31.2,Beauty,20,16.9,0
ORD502058,CUST101735,560087,2025-05-16 06:13:57,492.47,13.4,Beauty,22,16.2,0
ORD500487,CUST100495,560069,2025-05-16 06:21:45,1320.31,14.9,Fashion,19,21.6,0
ORD504541,CUST101964,560066,2025-05-16 07:19:02,502.32,39.0,Home,1,14.4,1
ORD507230,CUST100593,560080,2025-05-16 07:30:24,508.09,11.4,Home,3,15.8,1
ORD501369,CUST100208,560109,2025-05-16 08:55:50,483.65,24.6,Fashion,13,12.2,1
ORD505293,CUST101645,560044,2025-05-16 08:57:54,296.6,26.4,Fashion,18,6.6,0
ORD500215,CUST101499,560053,2025-05-16 09:31:28,1250.29,9.0,Fashion,9,15.1,0
ORD505972,CUST100324,560045,2025-05-16 09:34:02,400.94,7.7,Fashion,21,27.6,0
ORD501107,CUST100964,560102,2025-05-16 09:58:14,817.05,32.4,Grocery,18,13.3,0
ORD505507,CUST100671,560067,2025-05-16 10:09:51,501.22,16.4,Other,8,5.9,0
ORD500040,CUST101467,560057,2025-05-16 10:31:55,1821.67,3.5,Home,14,13.9,0
ORD500261,CUST101808,560012,2025-05-16 10:46:28,423.06,7.3,Fashion,13,16.6,0
ORD500232,CUST101104,560088,2025-05-16 11:34:25,1603.57,0.5,Home,11,15.5,0
ORD500077,CUST100139,560017,2025-05-16 12:25:04,198.16,12.3,Home,16,25.2,0
ORD506644,CUST101858,560077,2025-05-16 12:47:35,714.85,4.8,Electronics,21,9.7,0
ORD506853,CUST100969,560034,2025-05-16 13:04:22,350.88,11.2,Electronics,7,9.3,0
ORD502978,CUST101250,560058,2025-05-16 14:50:53,2093.38,2.6,Fashion,4,13.5,0
ORD502956,CUST100380,560098,2025-05-16 14:51:55,1119.94,9.7,Other,4,17.3,0
ORD505435,CUST100131,560100,2025-05-16 14:53:22,803.36,13.3,Beauty,12,17.9,1
ORD507407,CUST100542,560105,2025-05-16 14:59:33,1428.74,45.0,Beauty,16,8.7,0
ORD504300,CUST100770,560117,2025-05-16 15:06:46,209.12,18.8,Home,5,10.6,1
ORD504751,CUST101783,560074,2025-05-16 15:28:59,400.61,9.5,Grocery,15,4.8,0
ORD506195,CUST101061,560058,2025-05-16 15:29:29,4518.25,44.7,Home,13,1.8,0
ORD504267,CUST100347,560025,2025-05-16 16:09:24,620.13,27.4,Fashion,22,3.3,0
ORD505376,CUST100042,560097,2025-05-16 17:41:37,1751.15,15.5,Beauty,14,12.7,0
ORD501790,CUST101270,560029,2025-05-16 18:05:17,680.86,18.7,Fashion,9,6.0,0
ORD503953,CUST100171,560093,2025-05-16 18:48:10,614.97,17.2,Grocery,17,1.5,0
ORD506075,CUST101129,560007,2025-05-16 19:36:37,562.91,2.7,Fashion,4,13.8,0
ORD502242,CUST100427,560108,2025-05-16 20:53:56,1056.91,38.3,Electronics,13,14.2,0
ORD506883,CUST100381,560070,2025-05-16 21:04:28,566.66,18.0,Grocery,22,6.8,0
ORD507997,CUST100006,560031,2025-05-16 22:20:05,2489.29,10.7,Beauty,19,20.4,0
ORD503388,CUST100663,560070,2025-05-16 22:58:24,544.58,14.3,Electronics,11,5.7,0
ORD505615,CUST101771,560005,2025-05-17 00:42:54,556.0,17.1,Electronics,8,3.8,1
ORD500122,CUST100767,560113,2025-05-17 00:47:49,1787.56,32.5,Electronics,0,14.3,0
ORD503513,CUST100461,560030,2025-05-17 01:47:40,182.87,18.1,Other,9,15.8,0
ORD507933,CUST101294,560088,2025-05-17 01:55:05,609.12,15.0,Home,8,9.8,0
ORD505549,CUST101022,560105,2025-05-17 02:05:55,692.3,20.9,Home,11,16.5,1
ORD507281,CUST101084,560051,2025-05-17 03:14:14,1208.9,3.5,Fashion,13,2.9,0
ORD504934,CUST101240,560070,2025-05-17 03:37:06,1855.93,25.6,Fashion,8,12.0,0
ORD505301,CUST100148,560100,2025-05-17 04:04:57,605.29,17.6,Beauty,12,1.1,0
ORD503698,CUST100301,560105,2025-05-17 04:54:23,527.85,13.7,Home,23,10.7,0
ORD501619,CUST100471,560061,2025-05-17 04:55:42,545.49,24.4,Home,12,17.2,1
ORD500127,CUST100532,560007,2025-05-17 07:41:10,1849.71,8.9,Fashion,23,5.1,0
ORD503750,CUST100601,560015,2025-05-17 07:45:43,630.07,5.2,Fashion,3,13.0,1
ORD501047,CUST100008,560067,2025-05-17 07:55:22,523.04,32.5,Home,12,4.2,0
ORD507581,CUST100007,560007,2025-05-17 08:20:17,973.88,10.4,Fashion,14,11.3,0
ORD502709,CUST100256,560058,2025-05-17 08:53:19,809.62,8.7,Beauty,12,15.0,0
ORD501330,CUST100173,560099,2025-05-17 09:05:45,767.3,21.5,Grocery,14,7.1,1
ORD505786,CUST100964,560064,2025-05-17 09:06:43,622.4,26.4,Fashion,10,17.6,0
ORD506413,CUST100160,560023,2025-05-17 10:15:21,1064.64,37.3,Fashion,21,11.6,1
ORD506780,CUST100742,560055,2025-05-17 11:30:25,660.65,6.4,Fashion,15,9.5,0
ORD502266,CUST100861,560048,2025-05-17 13:14:51,1067.61,28.1,Electronics,2,14.5,1
ORD502894,CUST101884,560040,2025-05-17 13:20:29,405.86,7.2,Electronics,2,4.3,0
ORD506552,CUST101233,560116,2025-05-17 13:56:46,509.59,9.1,Fashion,4,16.3,0
ORD504043,CUST101218,560010,2025-05-17 14:25:44,1451.56,33.8,Other,4,1.5,0
ORD502420,CUST101762,560004,2025-05-17 14:33:58,355.4,5.4,Beauty,8,22.6,0
ORD507422,CUST101556,560090,2025-05-17 14:51:34,426.42,11.4,Other,8,2.6,0
ORD504684,CUST101085,560113,2025-05-17 15:01:25,344.2,18.8,Fashion,13,9.6,0
ORD502609,CUST101553,560114,2025-05-17 15:24:54,600.55,16.1,Home,9,3.5,0
ORD504468,CUST101260,560100,2025-05-17 15:27:10,1273.91,15.3,Fashion,4,5.8,0
ORD506680,CUST100088,560077,2025-05-17 16:02:08,250.62,3.8,Fashion,12,18.7,1
ORD503615,CUST100192,560059,2025-05-17 16:36:40,320.99,44.1,Fashion,20,16.6,0
ORD500342,CUST101273,560018,2025-05-17 16:48:03,735.68,26.9,Grocery,0,11.4,0
ORD502759,CUST100863,560007,2025-05-17 17:08:48,799.53,20.7,Other,10,18.4,0
ORD507060,CUST100064,560088,2025-05-17 17:11:41,1152.75,12.4,Fashion,14,4.2,0
ORD500413,CUST100297,560046,2025-05-17 18:13:46,1782.21,25.7,Beauty,23,7.1,0
ORD507419,CUST101431,560102,2025-05-17 19:10:20,615.61,26.3,Beauty,10,17.6,0
ORD500027,CUST100563,560101,2025-05-17 19:25:15,313.05,18.4,Home,13,9.8,0
ORD505969,CUST100926,560034,2025-05-17 19:28:49,359.91,7.3,Fashion,11,18.9,0
ORD503390,CUST101791,560006,2025-05-17 21:09:07,456.63,17.5,Other,22,1.0,0
ORD502208,CUST100530,560012,2025-05-17 21:11:46,309.9,41.2,Fashion,13,5.3,1
ORD507011,CUST100794,560026,2025-05-17 21:23:47,1089.33,28.6,Fashion,19,15.4,0
ORD505767,CUST101579,560017,2025-05-17 22:05:07,969.03,28.5,Beauty,0,12.9,1
ORD506065,CUST101431,560119,2025-05-17 22:24:18,685.91,6.4,Fashion,15,5.8,0
ORD501297,CUST101717,560079,2025-05-17 23:03:04,978.41,36.6,Grocery,22,15.1,0
ORD506520,CUST100679,560087,2025-05-17 23:20:50,172.39,10.5,Grocery,6,1.3,0
ORD505925,CUST101019,560019,2025-05-17 23:51:03,831.43,8.4,Fashion,9,6.3,0
ORD501849,CUST100935,560057,2025-05-17 23:53:25,483.79,37.6,Other,14,26.4,1
ORD503068,CUST100059,560015,2025-05-18 01:19:02,563.8,36.9,Other,7,4.4,1
ORD501848,CUST100116,560112,2025-05-18 02:25:14,753.88,7.2,Home,18,2.0,0
ORD506906,CUST100324,560041,2025-05-18 02:49:54,1332.51,2.1,Beauty,17,16.1,0
ORD504833,CUST101900,560063,2025-05-18 03:15:13,865.68,38.8,Fashion,1,3.1,0
ORD501532,CUST101724,560013,2025-05-18 03:38:32,951.0,17.0,Home,1,5.0,0
ORD506410,CUST100467,560085,2025-05-18 05:04:26,314.94,19.9,Home,9,20.9,0
ORD503888,CUST101508,560024,2025-05-18 05:18:28,273.1,28.6,Electronics,13,11.6,0
ORD507739,CUST101129,560110,2025-05-18 05:19:55,198.79,31.8,Grocery,20,14.8,1
ORD507343,CUST101183,560056,2025-05-18 05:21:18,552.83,39.9,Fashion,4,24.8,1
ORD505169,CUST100332,560077,2025-05-18 05:46:00,1335.98,10.5,Electronics,4,23.0,0
ORD506945,CUST101772,560027,2025-05-18 06:03:05,810.36,12.5,Home,21,8.9,0
ORD504900,CUST100872,560012,2025-05-18 06:48:29,319.12,17.6,Grocery,22,8.5,0
ORD500196,CUST100761,560003,2025-05-18 09:13:31,409.68,15.5,Electronics,5,16.9,0
ORD507341,CUST101978,560032,2025-05-18 10:06:00,562.75,13.7,Electronics,23,8.8,0
ORD507792,CUST101937,560011,2025-05-18 10:24:23,1239.64,4.5,Fashion,3,18.2,1
ORD505080,CUST100047,560037,2025-05-18 10:31:19,909.9,11.9,Fashion,16,23.5,1
ORD501523,CUST100935,560105,2025-05-18 10:37:02,695.05,25.4,Other,18,5.0,0
ORD502254,CUST100763,560096,2025-05-18 10:38:21,730.21,14.3,Fashion,12,20.4,0
ORD507727,CUST100969,560075,2025-05-18 12:27:11,569.73,4.8,Fashion,14,18.5,1
ORD500791,CUST101184,560063,2025-05-18 13:28:24,2493.9,5.3,Electronics,8,10.1,0
ORD500401,CUST100343,560031,2025-05-18 13:43:40,520.66,10.6,Fashion,2,14.7,0
ORD506439,CUST101467,560071,2025-05-18 14:32:50,1950.89,23.0,Home,17,19.3,0
ORD502677,CUST100571,560027,2025-05-18 15:29:40,1333.89,40.4,Fashion,11,1.1,1
ORD502808,CUST101974,560099,2025-05-18 15:43:35,307.3,21.2,Home,14,16.9,1
ORD506565,CUST100906,560003,2025-05-18 15:50:30,309.62,3.5,Fashion,18,19.8,1
ORD500541,CUST100583,560002,2025-05-18 16:00:08,912.09,14.7,Beauty,23,14.6,0
ORD501585,CUST100713,560031,2025-05-18 16:47:31,461.13,28.2,Other,10,11.4,0
ORD507340,CUST100444,560002,2025-05-18 16:49:13,950.21,5.7,Home,21,12.2,0
ORD506790,CUST100847,560004,2025-05-18 17:57:22,601.16,18.1,Grocery,11,2.3,0
ORD507499,CUST101250,560070,2025-05-18 18:07:04,681.75,17.5,Fashion,0,8.8,0
ORD506096,CUST101717,560102,2025-05-18 18:37:32,411.3,35.7,Grocery,8,8.0,0
ORD504922,CUST101939,560118,2025-05-18 19:01:26,406.06,12.8,Other,10,18.5,0
ORD500211,CUST100413,560014,2025-05-18 19:56:29,337.05,22.6,Home,18,9.2,1
ORD504846,CUST101589,560037,2025-05-18 20:00:03,1126.8,36.0,Grocery,22,4.3,0
ORD504980,CUST100967,560085,2025-05-18 20:10:08,423.35,7.6,Fashion,11,12.1,0
ORD505576,CUST100161,560107,2025-05-18 20:11:52,1843.51,26.1,Grocery,1,12.1,0
ORD500610,CUST100861,560015,2025-05-18 20:17:28,743.24,20.0,Fashion,1,1.2,0
ORD500859,CUST100955,560057,2025-05-18 20:48:25,887.11,23.6,Other,23,20.0,0
ORD503079,CUST101657,560022,2025-05-18 20:48:40,496.14,33.0,Fashion,23,12.8,0
ORD501042,CUST100076,560067,2025-05-18 21:33:08,354.06,6.5,Fashion,13,16.3,0
ORD503678,CUST101701,560056,2025-05-18 21:47:58,397.08,11.8,Home,4,21.6,0
ORD501740,CUST101938,560068,2025-05-18 23:28:34,232.22,13.7,Fashion,14,28.8,0
ORD504595,CUST101125,560010,2025-05-18 23:33:30,882.02,10.7,Grocery,20,24.4,0
ORD504750,CUST100693,560028,2025-05-19 00:34:10,1548.17,9.0,Electronics,9,8.8,0
ORD505022,CUST100570,560024,2025-05-19 01:12:30,1338.89,46.2,Fashion,12,18.6,1
ORD502455,CUST100699,560077,2025-05-19 01:35:00,483.85,23.8,Electronics,3,2.2,0
ORD501888,CUST101045,560056,2025-05-19 02:43:07,176.28,10.1,Fashion,15,6.1,1
ORD502828,CUST100852,560033,2025-05-19 03:05:22,439.85,8.9,Beauty,16,3.7,0
ORD505721,CUST100672,560068,2025-05-19 03:32:04,357.68,39.3,Fashion,6,1.6,0
ORD506488,CUST100794,560061,2025-05-19 03:45:42,1657.64,52.0,Beauty,11,19.2,0
ORD502397,CUST101859,560052,2025-05-19 04:00:03,1262.95,19.7,Electronics,4,17.5,0
ORD507536,CUST100469,560036,2025-05-19 05:16:36,1100.63,42.0,Fashion,20,24.0,1
ORD504624,CUST101300,560049,2025-05-19 05:34:57,482.67,3.5,Other,11,7.1,0
ORD500604,CUST100643,560102,2025-05-19 06:21:47,645.29,22.4,Electronics,14,5.3,0
ORD500987,CUST100095,560091,2025-05-19 06:27:49,1215.67,9.5,Grocery,20,7.0,0
ORD507104,CUST101556,560038,2025-05-19 06:46:58,365.78,10.8,Home,13,11.1,1
ORD502222,CUST100304,560068,2025-05-19 07:03:27,1596.25,27.2,Electronics,2,5.6,0
ORD500112,CUST100903,560039,2025-05-19 07:31:30,549.14,20.1,Electronics,4,7.2,0
ORD505041,CUST100774,560021,2025-05-19 07:52:35,180.17,39.0,Home,7,16.9,0
ORD504309,CUST100672,560005,2025-05-19 08:13:55,297.14,34.7,Home,8,4.5,1
ORD507537,CUST100557,560058,2025-05-19 08:29:39,272.6,26.4,Home,1,7.3,0
ORD505685,CUST100964,560053,2025-05-19 09:58:31,430.87,13.5,Grocery,21,9.2,0
ORD503020,CUST100381,560105,2025-05-19 10:35:34,803.65,32.9,Other,11,16.8,0
ORD506002,CUST101434,560071,2025-05-19 10:53:53,1145.05,17.6,Beauty,7,34.2,0
ORD506546,CUST101789,560006,2025-05-19 11:17:57,487.24,23.8,Electronics,3,14.5,1
ORD505761,CUST100508,560077,2025-05-19 11:35:19,606.92,5.6,Beauty,17,10.9,1
ORD500408,CUST100247,560039,2025-05-19 11:53:47,367.99,5.8,Other,1,12.1,0
ORD504206,CUST101582,560084,2025-05-19 12:03:09,301.24,19.3,Home,5,6.6,0
ORD501290,CUST100684,560089,2025-05-19 12:18:02,721.6,31.5,Fashion,23,20.0,1
ORD500848,CUST101543,560107,2025-05-19 13:35:12,881.16,11.1,Grocery,20,32.2,0
ORD501225,CUST100487,560027,2025-05-19 14:57:56,453.89,36.7,Beauty,12,2.9,1
ORD506206,CUST101881,560012,2025-05-19 15:10:35,780.24,3.7,Grocery,18,13.5,0
ORD500222,CUST100431,560016,2025-05-19 16:02:33,539.0,14.9,Fashion,0,4.4,0
ORD506942,CUST101857,560006,2025-05-19 17:36:01,1210.61,22.1,Electronics,11,15.8,0
ORD500789,CUST101431,560089,2025-05-19 17:44:47,1075.99,25.1,Fashion,5,4.0,0
ORD501995,CUST101702,560071,2025-05-19 18:39:53,466.22,14.3,Other,16,20.1,1
ORD506414,CUST101237,560087,2025-05-19 18:57:08,468.41,24.1,Fashion,8,15.0,1
ORD506183,CUST101359,560054,2025-05-19 19:33:13,678.8,23.5,Home,11,1.0,0
ORD501962,CUST101064,560038,2025-05-19 19:45:01,1092.1,20.3,Other,9,13.1,0
ORD507599,CUST101373,560032,2025-05-19 20:08:09,554.2,47.6,Electronics,7,17.9,0
ORD501877,CUST101579,560073,2025-05-19 20:08:49,2047.52,20.4,Other,8,8.9,0
ORD500389,CUST100444,560071,2025-05-19 20:22:08,567.36,36.3,Fashion,11,1.0,0
ORD506517,CUST100929,560040,2025-05-19 21:50:36,285.55,3.3,Electronics,5,11.3,0
ORD506033,CUST101869,560078,2025-05-19 22:23:23,1344.74,22.6,Other,12,16.4,0
ORD502023,CUST101125,560090,2025-05-19 22:44:48,223.61,35.6,Electronics,8,6.5,1
ORD507432,CUST101461,560116,2025-05-19 23:08:44,836.35,12.7,Home,19,1.0,0
ORD501615,CUST101211,560105,2025-05-19 23:56:08,917.77,30.7,Fashion,8,15.5,0
ORD503169,CUST100901,560093,2025-05-20 00:44:06,713.42,34.3,Beauty,14,7.6,1
ORD500812,CUST100270,560118,2025-05-20 01:24:08,1221.74,18.8,Beauty,9,15.6,0
ORD501376,CUST101239,560104,2025-05-20 01:41:01,637.68,10.4,Electronics,6,5.1,0
ORD503463,CUST101826,560006,2025-05-20 02:04:25,439.36,15.8,Fashion,2,12.8,0
ORD504297,CUST100008,560057,2025-05-20 02:13:24,444.56,3.5,Fashion,11,2.2,0
ORD501582,CUST100924,560015,2025-05-20 02:50:12,1361.87,8.7,Electronics,17,12.7,1
ORD500588,CUST101367,560119,2025-05-20 03:33:28,479.97,24.7,Grocery,20,8.0,0
ORD507579,CUST101950,560070,2025-05-20 03:37:46,196.43,1.6,Fashion,23,16.9,0
ORD500893,CUST101024,560105,2025-05-20 03:42:37,319.06,24.8,Fashion,18,12.0,0
ORD506406,CUST101377,560058,2025-05-20 05:00:19,700.0,11.6,Fashion,18,12.7,0
ORD500749,CUST101729,560076,2025-05-20 07:04:44,565.79,17.6,Fashion,3,16.6,0
ORD505857,CUST100738,560069,2025-05-20 07:51:04,1077.26,9.3,Beauty,19,12.9,0
ORD501608,CUST100307,560024,2025-05-20 07:51:08,438.61,27.5,Other,6,5.0,0
ORD501393,CUST100359,560103,2025-05-20 09:28:21,795.29,32.7,Home,9,7.8,0
ORD505174,CUST100532,560097,2025-05-20 10:25:08,626.86,18.6,Electronics,15,5.1,0
ORD503869,CUST101062,560119,2025-05-20 11:12:22,301.95,8.6,Fashion,23,9.4,0
ORD503012,CUST101214,560023,2025-05-20 11:13:03,521.17,0.8,Electronics,14,13.6,0
ORD500298,CUST101038,560074,2025-05-20 12:45:17,1048.91,34.8,Other,3,3.2,1
ORD503371,CUST101382,560028,2025-05-20 13:13:41,764.84,13.1,Fashion,23,14.9,0
ORD506332,CUST101991,560036,2025-05-20 13:28:06,1228.88,21.0,Fashion,22,15.9,0
ORD500042,CUST100924,560026,2025-05-20 14:24:59,1121.19,13.2,Home,18,8.0,0
ORD503200,CUST101369,560116,2025-05-20 15:05:54,1084.43,14.4,Home,21,22.1,0
ORD504979,CUST101638,560032,2025-05-20 15:11:57,508.35,29.3,Home,6,3.3,0
ORD506973,CUST100954,560034,2025-05-20 16:54:17,1027.26,1.3,Home,9,28.7,0
ORD506889,CUST101771,560087,2025-05-20 17:21:03,212.16,11.1,Fashion,0,4.1,0
ORD503847,CUST100585,560039,2025-05-20 17:51:05,659.41,7.4,Grocery,10,2.9,1
ORD501425,CUST101429,560097,2025-05-20 18:06:24,1057.92,35.7,Fashion,23,17.2,0
ORD502815,CUST101940,560088,2025-05-20 18:17:31,239.1,19.0,Other,17,14.8,0
ORD505524,CUST101920,560008,2025-05-20 18:47:39,1681.83,24.7,Fashion,2,22.3,1
ORD507556,CUST101967,560017,2025-05-20 19:06:53,1239.97,5.7,Beauty,20,4.2,0
ORD504735,CUST101771,560003,2025-05-20 20:06:05,1031.65,7.2,Beauty,23,10.2,1
ORD502742,CUST100689,560106,2025-05-20 20:44:33,587.73,37.2,Other,9,31.7,0
ORD505391,CUST100906,560029,2025-05-21 00:46:03,278.76,18.2,Fashion,23,13.7,0
ORD503712,CUST101579,560094,2025-05-21 02:26:32,577.48,16.5,Beauty,22,16.8,1
ORD501252,CUST101836,560026,2025-05-21 02:39:29,546.29,4.1,Home,11,7.2,0
ORD501799,CUST101084,560103,2025-05-21 02:42:39,705.03,24.2,Beauty,6,10.0,0
ORD503547,CUST100315,560001,2025-05-21 03:57:35,660.74,8.3,Other,2,13.3,1
ORD503785,CUST101589,560040,2025-05-21 04:50:51,244.99,18.4,Grocery,11,23.2,0
ORD505606,CUST101216,560003,2025-05-21 06:01:40,1351.53,10.4,Electronics,21,19.7,0
ORD504018,CUST100541,560073,2025-05-21 06:02:45,809.48,11.5,Electronics,1,18.9,1
ORD502380,CUST101072,560114,2025-05-21 06:33:52,520.88,13.9,Fashion,4,5.7,0
ORD506965,CUST100037,560035,2025-05-21 07:26:54,1181.92,9.0,Fashion,13,15.6,0
ORD504504,CUST100182,560051,2025-05-21 11:29:37,1097.21,17.2,Electronics,4,30.2,0
ORD501869,CUST101797,560108,2025-05-21 11:44:49,580.17,12.1,Fashion,10,9.6,0
ORD502505,CUST100315,560064,2025-05-21 12:32:34,229.07,17.4,Electronics,1,4.2,0
ORD507926,CUST100713,560010,2025-05-21 14:34:22,332.19,3.6,Electronics,3,31.4,0
ORD504557,CUST100376,560052,2025-05-21 14:38:12,444.98,19.9,Beauty,10,5.7,0
ORD501913,CUST101505,560092,2025-05-21 14:43:04,938.05,39.8,Beauty,8,7.2,0
ORD507269,CUST100860,560056,2025-05-21 14:54:09,568.8,21.2,Electronics,17,33.8,0
ORD504573,CUST101717,560063,2025-05-21 15:20:49,1136.54,41.8,Grocery,13,23.8,0
ORD504251,CUST101676,560013,2025-05-21 15:26:22,1045.7,39.8,Home,1,17.2,0
ORD505139,CUST101983,560034,2025-05-21 15:36:04,552.92,32.5,Electronics,2,6.9,0
ORD501826,CUST100690,560110,2025-05-21 15:39:15,415.14,46.8,Beauty,16,6.6,0
ORD507520,CUST100589,560108,2025-05-21 15:44:02,478.04,21.7,Fashion,21,23.6,0
ORD501283,CUST100901,560093,2025-05-21 17:10:52,301.38,6.8,Home,22,10.7,0
ORD506352,CUST100190,560015,2025-05-21 17:38:23,551.49,18.1,Grocery,15,12.3,0
ORD507091,CUST100787,560076,2025-05-21 18:49:10,1620.1,1.8,Beauty,23,22.2,0
ORD504020,CUST100057,560002,2025-05-21 18:51:01,1440.08,21.5,Beauty,16,13.4,0
ORD507962,CUST101114,560103,2025-05-21 19:04:23,618.0,27.2,Fashion,1,6.9,0
ORD501943,CUST100611,560100,2025-05-21 19:22:47,251.83,36.2,Fashion,12,10.4,1
ORD502948,CUST101022,560098,2025-05-21 19:43:09,684.6,8.3,Home,10,13.9,0
ORD500160,CUST100041,560016,2025-05-21 20:10:47,445.66,36.1,Electronics,3,18.8,1
ORD502258,CUST101763,560037,2025-05-21 20:32:25,324.26,13.0,Beauty,16,13.3,0
ORD502653,CUST101724,560054,2025-05-21 22:03:12,482.68,5.4,Fashion,4,15.4,0
ORD507987,CUST101390,560102,2025-05-21 22:05:45,498.79,17.9,Fashion,22,12.9,0
ORD505066,CUST101462,560094,2025-05-21 22:23:21,3473.11,4.5,Fashion,8,10.5,0
ORD501859,CUST100853,560036,2025-05-21 22:24:09,784.12,7.6,Fashion,0,19.0,0
ORD500544,CUST101000,560107,2025-05-21 23:10:52,625.17,5.6,Electronics,17,15.0,0
ORD506165,CUST101703,560003,2025-05-21 23:14:50,225.25,8.6,Electronics,21,5.4,0
ORD506996,CUST101869,560002,2025-05-21 23:18:30,409.77,21.0,Grocery,6,9.8,0
ORD503522,CUST101080,560062,2025-05-22 00:16:16,482.83,7.8,Fashion,3,14.3,1
ORD506873,CUST101064,560003,2025-05-22 01:49:34,1440.27,18.3,Grocery,4,3.2,0
ORD500860,CUST101413,560020,2025-05-22 01:52:59,319.56,52.1,Electronics,15,9.3,0
ORD504129,CUST100001,560111,2025-05-22 03:05:06,665.64,7.4,Home,4,22.2,0
ORD507903,CUST100141,560088,2025-05-22 03:48:41,1211.71,18.6,Electronics,4,17.0,0
ORD502085,CUST101250,560101,2025-05-22 04:08:39,1034.7,4.4,Electronics,2,9.5,0
ORD504397,CUST101125,560020,2025-05-22 04:28:39,1019.23,29.7,Electronics,10,16.5,1
ORD503689,CUST100251,560016,2025-05-22 04:35:38,503.6,11.8,Home,21,17.8,0
ORD505059,CUST101423,560037,2025-05-22 04:39:03,257.82,28.7,Home,11,6.9,1
ORD505183,CUST101467,560045,2025-05-22 04:52:00,505.69,12.1,Fashion,0,9.7,0
ORD501594,CUST101361,560105,2025-05-22 05:07:24,1420.52,20.8,Beauty,22,15.6,0
ORD507362,CUST100759,560007,2025-05-22 05:44:31,805.35,9.0,Other,20,6.9,0
ORD503443,CUST101657,560103,2025-05-22 05:53:07,1142.06,42.6,Electronics,6,18.4,0
ORD502983,CUST100467,560048,2025-05-22 06:37:22,450.08,25.2,Beauty,11,1.0,1
ORD506399,CUST100377,560018,2025-05-22 08:01:27,311.04,33.5,Electronics,8,5.1,0
ORD505639,CUST100573,560015,2025-05-22 08:07:46,602.61,21.4,Beauty,7,25.5,0
ORD501332,CUST101397,560019,2025-05-22 09:40:47,649.0,8.8,Home,9,36.6,1
ORD500630,CUST101239,560004,2025-05-22 09:54:21,356.35,16.1,Fashion,16,21.3,0
ORD505859,CUST100360,560086,2025-05-22 10:28:34,951.56,52.3,Beauty,23,18.5,0
ORD507143,CUST100639,560078,2025-05-22 11:10:13,324.15,32.6,Other,8,13.6,0
ORD501894,CUST101902,560114,2025-05-22 11:39:19,1082.09,13.6,Grocery,23,29.8,0
ORD504031,CUST100621,560074,2025-05-22 12:10:46,658.21,1.3,Electronics,7,3.2,0
ORD502444,CUST100324,560079,2025-05-22 12:41:16,2550.2,23.9,Grocery,3,18.1,1
ORD507815,CUST101376,560119,2025-05-22 13:51:45,521.24,10.8,Fashion,8,12.5,0
ORD503545,CUST101384,560023,2025-05-22 14:15:26,1383.07,30.0,Fashion,20,8.9,0
ORD500294,CUST101992,560111,2025-05-22 14:46:28,246.77,24.9,Other,19,25.6,0
ORD502138,CUST101587,560066,2025-05-22 14:53:21,1311.64,26.4,Electronics,7,4.2,0
ORD501618,CUST101878,560065,2025-05-22 15:01:34,1291.67,17.2,Home,4,6.4,0
ORD506187,CUST101990,560112,2025-05-22 15:10:32,686.59,26.5,Electronics,23,9.1,0
ORD504564,CUST101608,560048,2025-05-22 16:06:50,846.34,5.3,Home,1,4.9,0
ORD500854,CUST101789,560085,2025-05-22 16:35:01,861.19,23.2,Electronics,23,6.4,0
ORD507993,CUST100227,560115,2025-05-22 16:42:02,600.03,11.5,Other,1,24.4,0
ORD501878,CUST101116,560053,2025-05-22 16:48:23,824.28,17.6,Grocery,21,9.0,0
ORD504452,CUST100136,560009,2025-05-22 16:48:41,496.11,31.4,Beauty,9,17.9,1
ORD501205,CUST100487,560078,2025-05-22 17:06:08,536.68,20.8,Other,23,11.8,0
ORD502078,CUST101903,560051,2025-05-22 18:59:24,792.52,24.7,Other,6,7.5,0
ORD506200,CUST101688,560029,2025-05-22 20:47:08,635.7,8.3,Grocery,4,6.6,0
ORD503259,CUST100906,560006,2025-05-22 21:09:55,849.0,32.5,Fashion,6,20.7,1
ORD500569,CUST101740,560079,2025-05-22 21:38:04,1162.75,18.1,Electronics,2,26.6,0
ORD500822,CUST101680,560011,2025-05-22 22:51:21,651.83,4.3,Fashion,8,23.7,0
ORD502484,CUST101268,560116,2025-05-22 23:45:18,2524.02,9.6,Beauty,20,7.2,0
ORD500379,CUST100713,560072,2025-05-23 00:01:38,1084.5,1.0,Other,5,10.7,0
ORD504434,CUST100758,560071,2025-05-23 00:22:48,683.86,16.0,Electronics,6,10.5,0
ORD507764,CUST101412,560049,2025-05-23 00:26:06,844.2,21.8,Other,10,5.2,0
ORD503946,CUST100774,560061,2025-05-23 02:00:29,561.13,12.9,Other,18,11.0,0
ORD506821,CUST101250,560064,2025-05-23 02:04:26,166.73,9.6,Grocery,2,13.8,0
ORD502301,CUST101981,560034,2025-05-23 03:56:16,300.28,8.0,Beauty,20,11.0,1
ORD506682,CUST101123,560082,2025-05-23 04:03:12,223.72,6.8,Home,23,7.1,0
ORD503496,CUST100395,560073,2025-05-23 04:37:00,785.37,9.6,Beauty,14,7.9,0
ORD501548,CUST101094,560113,2025-05-23 04:54:47,904.32,16.6,Electronics,4,7.3,0
ORD506247,CUST100973,560104,2025-05-23 05:44:47,882.31,21.8,Fashion,18,9.0,0
ORD502125,CUST100321,560065,2025-05-23 06:02:23,1444.89,28.1,Electronics,17,12.8,0
ORD501936,CUST100591,560113,2025-05-23 06:07:06,1234.34,33.5,Electronics,22,6.2,0
ORD500773,CUST101996,560015,2025-05-23 06:29:27,1223.21,12.7,Fashion,23,5.4,0
ORD502255,CUST100380,560058,2025-05-23 06:44:01,450.72,24.0,Fashion,23,22.9,1
ORD503964,CUST101164,560068,2025-05-23 06:48:06,862.98,3.1,Beauty,23,15.3,0
ORD503161,CUST101118,560062,2025-05-23 06:52:28,949.09,5.5,Electronics,8,1.0,0
ORD500038,CUST101762,560049,2025-05-23 07:26:24,792.38,8.8,Electronics,3,1.3,0
ORD507078,CUST101215,560078,2025-05-23 08:10:16,1413.7,24.7,Electronics,19,12.8,0
ORD505129,CUST100089,560064,2025-05-23 08:12:10,1645.32,36.2,Fashion,4,21.2,0
ORD507920,CUST100707,560034,2025-05-23 08:21:42,538.03,11.9,Electronics,0,7.6,0
ORD501204,CUST100474,560046,2025-05-23 08:38:25,854.13,39.5,Fashion,17,10.1,1
ORD506600,CUST101228,560056,2025-05-23 08:48:40,343.5,27.0,Fashion,11,13.9,1
ORD503331,CUST101467,560028,2025-05-23 09:52:09,2674.9,3.6,Fashion,22,12.9,0
ORD501837,CUST100794,560084,2025-05-23 10:06:01,1153.22,4.5,Home,16,2.8,0
ORD504616,CUST100194,560079,2025-05-23 10:14:45,686.27,8.4,Beauty,13,36.6,0
ORD503965,CUST100035,560031,2025-05-23 10:36:59,182.36,2.8,Fashion,9,14.1,0
ORD500608,CUST101462,560065,2025-05-23 10:49:57,794.88,24.6,Fashion,2,15.1,0
ORD503075,CUST101301,560015,2025-05-23 11:04:49,278.08,11.6,Beauty,12,5.0,0
ORD504929,CUST101967,560094,2025-05-23 12:32:53,777.74,11.8,Home,16,12.9,0
ORD501547,CUST100401,560040,2025-05-23 15:49:14,520.87,10.1,Home,7,11.8,0
ORD507643,CUST100156,560117,2025-05-23 16:42:41,939.01,7.3,Beauty,16,14.6,0
ORD500518,CUST100453,560084,2025-05-23 16:44:20,586.36,53.8,Home,23,8.6,1
ORD507619,CUST100474,560005,2025-05-23 16:47:09,824.03,9.9,Grocery,10,24.9,0
ORD507995,CUST101840,560069,2025-05-23 16:50:34,445.17,35.2,Electronics,6,1.6,0
ORD506453,CUST101026,560068,2025-05-23 16:55:04,1439.37,8.1,Fashion,10,6.4,0
ORD501370,CUST100580,560066,2025-05-23 17:32:14,568.72,24.0,Other,6,1.1,0
ORD506934,CUST100774,560013,2025-05-23 17:39:11,697.55,10.6,Grocery,22,9.6,0
ORD502966,CUST100247,560061,2025-05-23 18:31:57,582.79,19.6,Grocery,4,16.3,0
ORD507181,CUST100689,560081,2025-05-23 18:54:03,963.77,22.1,Electronics,12,16.7,0
ORD503128,CUST101203,560078,2025-05-23 19:41:28,1041.78,15.3,Home,9,2.8,0
ORD506210,CUST100452,560053,2025-05-23 22:09:15,503.72,22.3,Grocery,8,17.9,0
ORD506589,CUST101008,560104,2025-05-23 22:11:53,1068.3,27.1,Other,6,6.3,0
ORD502192,CUST101105,560053,2025-05-23 22:25:46,912.66,25.2,Other,13,14.9,0
ORD503626,CUST100515,560009,2025-05-23 23:25:42,724.16,3.7,Home,14,24.3,0
ORD501147,CUST100779,560098,2025-05-24 00:21:48,1321.15,47.7,Other,23,7.1,0
ORD502720,CUST101161,560113,2025-05-24 01:23:17,498.4,24.4,Fashion,0,4.6,0
ORD502241,CUST101597,560108,2025-05-24 01:32:16,632.8,18.2,Beauty,0,7.5,0
ORD507054,CUST100571,560000,2025-05-24 02:45:33,959.7,2.2,Electronics,10,3.9,0
ORD507913,CUST101553,560089,2025-05-24 02:55:30,660.27,2.7,Grocery,6,24.5,0
ORD507668,CUST100740,560079,2025-05-24 02:58:35,1242.75,10.3,Fashion,3,8.5,0
ORD505756,CUST100226,560086,2025-05-24 03:30:14,493.86,4.5,Fashion,7,7.5,0
ORD504560,CUST100151,560103,2025-05-24 03:47:28,517.52,30.4,Other,5,3.8,0
ORD503413,CUST100898,560024,2025-05-24 03:59:59,753.37,12.2,Grocery,4,17.3,1
ORD506696,CUST100544,560094,2025-05-24 04:02:59,1493.17,26.9,Fashion,8,8.2,0
ORD507312,CUST101858,560001,2025-05-24 05:26:56,457.26,27.2,Fashion,9,10.9,1
ORD503175,CUST100206,560098,2025-05-24 06:00:39,1273.09,11.8,Home,17,17.9,0
ORD500175,CUST101267,560065,2025-05-24 06:05:42,212.44,5.6,Fashion,16,1.0,0
ORD502967,CUST101535,560092,2025-05-24 06:07:36,552.74,27.4,Fashion,16,10.3,1
ORD501787,CUST100307,560117,2025-05-24 08:53:42,1084.19,6.2,Fashion,14,11.5,1
ORD502334,CUST101106,560054,2025-05-24 09:32:32,1080.98,23.1,Other,16,16.4,0
ORD506194,CUST100674,560012,2025-05-24 09:44:57,375.18,24.5,Grocery,7,2.9,0
ORD505644,CUST101701,560065,2025-05-24 10:01:19,414.48,42.7,Beauty,20,8.9,0
ORD503997,CUST100541,560081,2025-05-24 10:52:52,1116.91,22.5,Electronics,4,13.6,0
ORD501022,CUST100872,560001,2025-05-24 11:22:18,281.05,13.6,Fashion,3,6.8,0
ORD500926,CUST101430,560017,2025-05-24 12:14:23,300.14,17.8,Fashion,1,27.7,0
ORD505934,CUST100228,560059,2025-05-24 13:24:40,516.96,10.4,Other,9,14.0,0
ORD504453,CUST100651,560087,2025-05-24 13:31:11,342.29,30.3,Fashion,2,12.9,0
ORD503658,CUST101273,560022,2025-05-24 14:25:45,880.36,18.3,Electronics,23,22.6,0
ORD501562,CUST100311,560080,2025-05-24 14:39:00,667.71,27.0,Home,22,21.2,1
ORD500094,CUST100604,560086,2025-05-24 14:53:16,865.3,12.8,Fashion,11,13.7,0
ORD505245,CUST100171,560019,2025-05-24 16:18:16,615.54,31.1,Home,13,10.2,0
ORD503903,CUST101430,560062,2025-05-24 16:42:31,472.8,27.2,Fashion,5,20.6,1
ORD500257,CUST101639,560016,2025-05-24 16:50:37,546.29,8.2,Home,3,18.8,1
ORD505591,CUST100194,560038,2025-05-24 17:11:53,598.95,26.1,Electronics,22,17.9,1
ORD501035,CUST101265,560000,2025-05-24 17:48:38,1095.78,4.0,Fashion,13,1.0,0
ORD507241,CUST100212,560081,2025-05-24 18:08:37,1593.94,31.3,Beauty,0,27.1,0
ORD505176,CUST101900,560101,2025-05-24 20:02:45,1046.79,3.4,Home,9,1.3,0
ORD501439,CUST101766,560111,2025-05-24 20:11:21,424.19,27.0,Home,14,11.5,0
ORD507115,CUST100448,560058,2025-05-24 20:49:07,464.33,13.1,Fashion,13,6.6,1
ORD507702,CUST101995,560023,2025-05-24 21:00:42,1453.15,10.9,Other,13,14.4,0
ORD501349,CUST100307,560052,2025-05-24 22:34:54,896.69,39.5,Electronics,19,2.3,0
ORD507294,CUST100453,560028,2025-05-24 23:04:04,973.55,4.1,Home,10,17.6,0
ORD503401,CUST101579,560045,2025-05-24 23:20:29,284.11,6.7,Home,3,15.2,0
ORD500999,CUST101608,560028,2025-05-25 00:42:28,1059.29,18.1,Grocery,11,14.5,0
ORD500699,CUST100471,560065,2025-05-25 00:59:59,1735.81,17.3,Fashion,20,20.1,0
ORD503879,CUST101408,560077,2025-05-25 01:10:32,2763.44,14.3,Fashion,13,19.4,1
ORD504124,CUST100593,560028,2025-05-25 01:15:29,1644.11,22.0,Home,21,13.9,1
ORD500797,CUST100476,560103,2025-05-25 01:15:41,756.78,16.8,Fashion,6,14.0,0
ORD505061,CUST101823,560112,2025-05-25 02:05:08,1425.56,9.8,Fashion,13,8.1,0
ORD500101,CUST101431,560117,2025-05-25 02:09:18,420.62,11.5,Fashion,12,10.9,0
ORD506204,CUST100444,560115,2025-05-25 02:20:49,1424.62,53.3,Other,23,18.7,0
ORD500300,CUST101106,560030,2025-05-25 03:32:03,566.74,40.5,Grocery,1,8.4,0
ORD500152,CUST100557,560078,2025-05-25 04:06:50,513.5,5.0,Other,2,24.9,1
ORD500004,CUST100048,560084,2025-05-25 04:08:26,677.23,12.4,Fashion,9,15.1,0
ORD504165,CUST100740,560060,2025-05-25 04:53:40,1273.27,16.0,Electronics,22,12.9,0
ORD501278,CUST101998,560115,2025-05-25 04:58:46,505.32,23.8,Electronics,0,22.6,0
ORD500296,CUST101711,560061,2025-05-25 07:18:52,639.37,29.9,Home,3,1.7,0
ORD504653,CUST100514,560043,2025-05-25 08:25:06,622.51,28.4,Fashion,23,15.4,0
ORD502257,CUST100751,560103,2025-05-25 09:12:20,813.21,8.4,Beauty,3,16.6,0
ORD502859,CUST101628,560021,2025-05-25 10:01:34,776.33,28.3,Electronics,1,14.3,0
ORD503691,CUST101389,560013,2025-05-25 10:04:24,716.53,32.8,Home,18,16.3,0
ORD503819,CUST101657,560091,2025-05-25 10:19:59,1142.64,25.7,Fashion,18,2.1,1
ORD507991,CUST101286,560047,2025-05-25 10:27:39,674.13,3.6,Other,18,16.7,0
ORD507390,CUST101969,560059,2025-05-25 11:17:01,523.84,21.3,Home,6,5.9,1
ORD503323,CUST100407,560064,2025-05-25 11:19:47,410.98,14.6,Other,6,24.9,1
ORD506752,CUST101461,560004,2025-05-25 11:55:17,381.39,16.1,Other,6,28.2,0
ORD502236,CUST100057,560070,2025-05-25 12:01:52,736.19,45.2,Fashion,9,9.1,0
ORD507139,CUST101852,560116,2025-05-25 12:03:32,435.23,34.5,Beauty,2,4.2,0
ORD507297,CUST100001,560063,2025-05-25 12:38:35,378.38,27.1,Other,18,7.9,0
ORD504864,CUST101335,560082,2025-05-25 13:35:39,412.28,8.2,Grocery,5,7.4,0
ORD500462,CUST101461,560019,2025-05-25 14:17:38,480.94,1.9,Fashion,1,3.3,0
ORD504134,CUST101723,560084,2025-05-25 15:16:48,251.51,35.7,Fashion,3,28.9,1
ORD500551,CUST100453,560076,2025-05-25 16:01:03,1178.86,47.4,Fashion,19,9.7,0
ORD500613,CUST100836,560034,2025-05-25 16:30:42,265.56,32.3,Fashion,11,1.7,0
ORD506722,CUST101608,560084,2025-05-25 16:40:01,567.3,27.4,Beauty,11,28.7,0
ORD505793,CUST100314,560035,2025-05-25 17:09:16,514.6,10.0,Home,15,17.7,0
ORD503552,CUST101756,560108,2025-05-25 17:27:11,1245.13,4.9,Home,11,6.3,0
ORD506318,CUST101639,560067,2025-05-25 18:25:48,281.0,42.9,Grocery,10,6.8,0
ORD507200,CUST100767,560085,2025-05-25 18:33:22,327.25,9.2,Beauty,0,3.7,0
ORD503870,CUST101462,560103,2025-05-25 19:28:45,637.64,35.3,Home,12,17.8,1
ORD503284,CUST101408,560067,2025-05-25 20:22:33,1267.07,16.2,Fashion,1,1.0,1
ORD501846,CUST101246,560086,2025-05-25 20:27:50,603.53,11.9,Fashion,23,13.4,0
ORD501211,CUST100884,560103,2025-05-25 21:38:15,217.68,37.7,Fashion,0,9.0,0
ORD500523,CUST101744,560074,2025-05-25 22:02:24,917.51,17.1,Beauty,10,14.7,0
ORD504237,CUST101481,560004,2025-05-25 22:11:02,388.36,22.4,Other,6,12.7,0
ORD507711,CUST100684,560077,2025-05-25 22:53:58,1582.17,18.7,Grocery,6,24.9,0
ORD506773,CUST100414,560055,2025-05-26 00:26:15,460.6,17.9,Home,23,11.3,0
ORD501603,CUST101892,560068,2025-05-26 01:32:54,1192.84,18.1,Fashion,17,5.3,0
ORD504933,CUST100120,560111,2025-05-26 02:16:48,423.27,8.8,Other,11,12.6,0
ORD506313,CUST100542,560116,2025-05-26 02:48:25,562.52,16.4,Other,20,9.7,0
ORD503923,CUST100948,560080,2025-05-26 03:02:46,966.01,10.4,Electronics,19,13.8,1
ORD503433,CUST100524,560018,2025-05-26 03:07:31,954.75,10.3,Electronics,22,21.7,0
ORD500434,CUST101596,560008,2025-05-26 04:06:26,487.04,4.3,Electronics,11,11.7,0
ORD506179,CUST100281,560000,2025-05-26 04:14:43,676.08,30.9,Electronics,3,12.0,0
ORD501363,CUST100860,560102,2025-05-26 04:34:29,748.66,39.9,Other,11,14.6,1
ORD501011,CUST101505,560093,2025-05-26 04:38:50,1384.05,23.7,Home,13,13.4,0
ORD506232,CUST101505,560033,2025-05-26 04:52:51,340.96,14.3,Beauty,15,6.3,1
ORD500161,CUST100212,560073,2025-05-26 05:30:11,514.12,2.5,Fashion,2,1.9,1
ORD503279,CUST100557,560093,2025-05-26 05:56:19,1541.11,25.7,Fashion,15,5.7,0
ORD505637,CUST101620,560018,2025-05-26 05:58:29,2139.72,13.0,Grocery,14,7.9,0
ORD500394,CUST100367,560035,2025-05-26 07:54:02,264.04,20.4,Fashion,14,18.3,1
ORD500771,CUST100582,560001,2025-05-26 07:59:54,346.65,16.6,Beauty,4,19.9,1
ORD500500,CUST101466,560105,2025-05-26 08:29:09,773.77,12.6,Fashion,8,13.1,0
ORD501337,CUST101992,560098,2025-05-26 08:51:40,916.05,30.9,Electronics,19,11.1,0
ORD502716,CUST100405,560019,2025-05-26 09:00:45,623.82,15.6,Beauty,2,9.2,1
ORD504455,CUST100576,560074,2025-05-26 09:36:28,310.57,9.7,Fashion,15,8.1,0
ORD506798,CUST101416,560054,2025-05-26 10:04:42,869.96,7.5,Fashion,5,21.0,0
ORD500982,CUST100193,560073,2025-05-26 10:10:27,908.05,2.7,Beauty,21,14.5,1
ORD507504,CUST100935,560003,2025-05-26 11:16:49,657.03,7.4,Fashion,8,2.3,1
ORD507984,CUST101629,560108,2025-05-26 11:45:09,556.19,6.5,Home,17,22.0,0
ORD502647,CUST100872,560005,2025-05-26 13:29:19,463.36,23.7,Home,18,9.3,0
ORD501066,CUST101318,560077,2025-05-26 14:03:46,873.92,40.8,Fashion,4,16.6,1
ORD500452,CUST100813,560068,2025-05-26 14:57:30,964.71,15.1,Fashion,4,14.8,0
ORD507567,CUST101466,560118,2025-05-26 15:41:54,758.56,51.7,Other,5,6.4,0
ORD504196,CUST101794,560082,2025-05-26 16:42:47,384.55,28.2,Electronics,21,21.2,0
ORD501451,CUST100231,560008,2025-05-26 17:26:27,745.2,14.9,Grocery,18,22.9,1
ORD504712,CUST100666,560018,2025-05-26 18:08:53,555.56,12.3,Beauty,19,2.3,0
ORD500437,CUST101013,560051,2025-05-26 18:37:26,997.56,6.5,Fashion,15,8.0,0
ORD505902,CUST100872,560058,2025-05-26 18:43:49,617.12,8.5,Fashion,23,5.3,0
ORD505610,CUST101998,560088,2025-05-26 18:55:35,1087.75,29.0,Fashion,8,27.4,0
ORD503824,CUST101997,560084,2025-05-26 19:04:39,1002.22,22.0,Beauty,6,16.2,0
ORD503874,CUST100679,560050,2025-05-26 19:21:28,350.8,16.9,Fashion,0,1.5,1
ORD502040,CUST100935,560006,2025-05-26 22:09:29,201.02,6.1,Fashion,14,5.3,0
ORD507902,CUST100364,560012,2025-05-26 22:28:37,1169.51,41.2,Electronics,4,1.7,0
ORD500506,CUST101628,560052,2025-05-26 22:43:08,1005.6,13.8,Home,17,8.9,0
ORD505172,CUST101884,560007,2025-05-26 23:07:40,811.27,20.6,Beauty,18,35.8,0
ORD506848,CUST101701,560002,2025-05-27 00:14:50,1075.31,17.3,Electronics,12,2.0,0
ORD503480,CUST101460,560040,2025-05-27 00:32:52,1130.61,11.0,Fashion,9,10.7,1
ORD505355,CUST100057,560069,2025-05-27 00:50:34,239.16,20.5,Grocery,18,1.0,0
ORD500119,CUST101349,560042,2025-05-27 01:01:04,542.47,15.2,Beauty,3,4.8,0
ORD503804,CUST101183,560014,2025-05-27 02:30:05,503.79,8.9,Home,14,1.0,1
ORD504507,CUST101929,560105,2025-05-27 02:57:54,670.89,15.4,Other,20,11.9,0
ORD505450,CUST101893,560060,2025-05-27 03:19:17,341.06,4.0,Beauty,16,13.0,1
ORD504401,CUST100830,560069,2025-05-27 03:22:26,618.41,43.7,Other,18,1.0,0
ORD505222,CUST101491,560046,2025-05-27 04:27:11,483.64,17.3,Fashion,15,32.3,1
ORD503891,CUST100933,560093,2025-05-27 05:09:36,460.49,36.9,Other,19,21.4,0
ORD505919,CUST100410,560027,2025-05-27 06:55:55,410.09,9.2,Home,20,10.3,0
ORD507361,CUST100839,560004,2025-05-27 07:39:02,1181.24,20.5,Fashion,1,11.9,0
ORD506093,CUST101356,560096,2025-05-27 08:33:19,625.74,35.1,Home,9,6.4,0
ORD504029,CUST100985,560004,2025-05-27 09:06:02,1019.21,15.6,Home,19,12.7,0
ORD503719,CUST100530,560057,2025-05-27 09:22:58,592.97,35.4,Home,11,12.4,1
ORD505951,CUST101431,560042,2025-05-27 09:34:55,460.18,23.6,Other,21,2.1,0
ORD501824,CUST101473,560002,2025-05-27 09:38:48,378.76,26.0,Home,15,4.7,0
ORD504783,CUST101221,560004,2025-05-27 10:02:13,202.8,23.1,Fashion,1,7.0,0
ORD505447,CUST100278,560097,2025-05-27 10:18:09,387.49,1.8,Fashion,6,12.6,0
ORD501253,CUST100515,560011,2025-05-27 10:49:46,1128.38,14.5,Fashion,20,27.8,1
ORD501009,CUST100307,560084,2025-05-27 11:34:52,493.5,39.1,Electronics,11,4.5,0
ORD507018,CUST100717,560116,2025-05-27 12:02:29,1581.07,6.3,Fashion,15,6.9,0
ORD502157,CUST101167,560034,2025-05-27 12:14:40,5355.83,10.6,Grocery,16,12.2,0
ORD505920,CUST101230,560054,2025-05-27 12:23:18,461.3,33.6,Grocery,15,13.5,0
ORD504274,CUST101614,560029,2025-05-27 12:41:15,220.53,16.7,Electronics,6,16.1,0
ORD501499,CUST100488,560079,2025-05-27 14:49:11,329.35,9.7,Electronics,21,13.9,0
ORD500148,CUST101045,560034,2025-05-27 15:46:31,657.61,31.9,Fashion,23,11.8,1
ORD500826,CUST100308,560016,2025-05-27 15:59:06,846.73,4.9,Beauty,8,12.2,0
ORD500187,CUST100367,560094,2025-05-27 16:04:23,3192.04,24.8,Beauty,2,18.7,0
ORD500705,CUST100091,560101,2025-05-27 16:47:31,630.95,17.2,Home,18,16.2,0
ORD503156,CUST100343,560112,2025-05-27 17:51:59,867.89,16.7,Grocery,21,18.3,0
ORD507565,CUST100995,560019,2025-05-27 18:00:22,789.37,31.6,Beauty,3,11.4,0
ORD505331,CUST100049,560060,2025-05-27 19:12:34,625.25,16.1,Home,11,12.0,0
ORD500805,CUST101672,560084,2025-05-27 19:16:02,2004.19,15.5,Other,10,24.9,0
ORD501660,CUST100192,560002,2025-05-27 19:17:43,569.6,11.8,Home,5,17.9,0
ORD506076,CUST101833,560096,2025-05-27 20:05:33,293.96,9.2,Electronics,8,3.9,0
ORD501907,CUST101778,560111,2025-05-27 21:35:38,298.96,6.5,Beauty,4,5.6,0
ORD504997,CUST101586,560044,2025-05-27 22:07:27,1156.44,19.4,Electronics,4,17.5,1
ORD500353,CUST100467,560091,2025-05-27 22:53:48,179.61,5.3,Beauty,10,19.8,0
ORD507112,CUST100936,560029,2025-05-27 23:06:18,2306.09,24.5,Fashion,15,23.5,0
ORD501674,CUST101826,560012,2025-05-28 01:05:03,1793.29,9.3,Other,3,8.0,0
ORD504716,CUST100412,560013,2025-05-28 01:32:59,556.04,2.6,Fashion,5,24.8,0
ORD504269,CUST101905,560059,2025-05-28 02:17:43,1070.39,9.9,Electronics,12,7.3,0
ORD503422,CUST100988,560031,2025-05-28 02:40:34,150.0,22.8,Home,0,12.8,0
ORD506616,CUST101203,560046,2025-05-28 03:04:00,187.3,34.6,Other,9,14.8,0
ORD503603,CUST100575,560003,2025-05-28 04:55:55,818.2,7.4,Electronics,20,13.1,1
ORD502837,CUST101640,560014,2025-05-28 04:57:01,544.24,5.5,Fashion,21,21.8,0
ORD500384,CUST101326,560024,2025-05-28 06:45:16,231.87,52.6,Fashion,16,17.5,0
ORD503145,CUST100693,560003,2025-05-28 07:54:42,228.05,7.5,Fashion,13,11.7,0
ORD501919,CUST101444,560000,2025-05-28 09:20:19,277.41,14.4,Home,12,4.3,1
ORD505530,CUST101620,560055,2025-05-28 10:27:16,412.39,12.1,Fashion,21,6.9,0
ORD502114,CUST100297,560023,2025-05-28 10:30:31,839.4,24.6,Grocery,23,1.0,0
ORD506329,CUST100643,560090,2025-05-28 11:32:15,871.34,13.6,Grocery,20,28.3,0
ORD505002,CUST101112,560091,2025-05-28 11:44:46,1273.56,2.4,Grocery,17,2.2,0
ORD507524,CUST101192,560097,2025-05-28 12:26:42,1075.38,14.8,Grocery,19,21.2,0
ORD500672,CUST100312,560092,2025-05-28 12:37:47,1369.29,9.9,Fashion,10,7.8,0
ORD502692,CUST101923,560014,2025-05-28 13:44:19,506.3,15.4,Fashion,21,4.0,0
ORD505367,CUST100510,560070,2025-05-28 13:56:37,2799.53,42.1,Electronics,6,5.0,0
ORD504276,CUST100879,560085,2025-05-28 14:16:08,865.03,32.0,Beauty,12,12.3,0
ORD503218,CUST100451,560018,2025-05-28 14:28:57,703.57,19.7,Beauty,10,1.4,0
ORD506006,CUST100146,560004,2025-05-28 14:40:57,722.99,33.8,Grocery,17,9.4,0
ORD505075,CUST101954,560101,2025-05-28 15:20:17,1415.59,20.8,Fashion,14,6.7,0
ORD506728,CUST100296,560017,2025-05-28 15:45:02,548.9,27.8,Beauty,16,12.1,0
ORD503392,CUST101714,560081,2025-05-28 15:53:33,832.28,30.3,Beauty,4,19.1,0
ORD506629,CUST100037,560054,2025-05-28 15:58:38,910.61,1.9,Fashion,15,25.0,0
ORD504202,CUST101125,560082,2025-05-28 17:56:12,2434.04,32.2,Beauty,20,16.3,0
ORD507679,CUST101350,560098,2025-05-28 18:31:19,1721.19,10.0,Beauty,2,19.6,0
ORD503027,CUST101216,560110,2025-05-28 19:33:18,389.62,37.7,Electronics,8,26.7,0
ORD506791,CUST100722,560018,2025-05-28 19:44:00,1768.16,26.3,Electronics,10,5.9,0
ORD501522,CUST100835,560066,2025-05-28 19:59:07,479.07,12.5,Fashion,8,8.9,1
ORD507497,CUST101373,560014,2025-05-28 20:05:14,326.76,17.3,Electronics,22,13.7,1
ORD503058,CUST100088,560046,2025-05-28 20:41:48,238.2,8.7,Beauty,11,5.9,0
ORD507681,CUST100206,560000,2025-05-28 20:54:57,206.88,27.1,Fashion,16,8.7,0
ORD506908,CUST101022,560028,2025-05-28 21:21:39,455.35,5.5,Electronics,11,18.0,0
ORD506914,CUST100180,560007,2025-05-28 22:25:27,846.21,39.3,Electronics,3,4.5,1
ORD504838,CUST101984,560052,2025-05-28 22:26:32,1690.59,21.8,Other,1,13.9,1
ORD503578,CUST101207,560022,2025-05-28 23:29:04,1405.27,8.1,Beauty,6,11.1,1
ORD506863,CUST100467,560042,2025-05-28 23:29:34,468.09,28.4,Electronics,22,24.5,0
ORD502663,CUST100928,560005,2025-05-28 23:33:32,821.92,15.2,Other,13,19.6,0
ORD503324,CUST101494,560071,2025-05-28 23:55:20,1235.4,12.1,Fashion,4,4.7,0
ORD505923,CUST101974,560050,2025-05-29 00:03:41,688.66,9.8,Fashion,14,21.6,1
ORD501630,CUST101085,560070,2025-05-29 00:41:51,703.46,15.4,Electronics,20,1.0,0
ORD507155,CUST100423,560027,2025-05-29 01:12:44,185.16,17.4,Other,14,3.9,0
ORD504002,CUST101209,560055,2025-05-29 01:54:11,619.4,19.2,Electronics,11,1.5,0
ORD507313,CUST100520,560088,2025-05-29 02:02:04,557.06,14.8,Fashion,18,11.3,0
ORD504307,CUST101767,560029,2025-05-29 02:12:13,3013.02,30.7,Fashion,12,19.2,1
ORD501755,CUST101628,560033,2025-05-29 02:16:39,1403.64,37.0,Grocery,16,27.7,0
ORD503479,CUST101284,560078,2025-05-29 02:36:07,557.33,9.0,Fashion,18,15.7,0
ORD501666,CUST101873,560106,2025-05-29 03:38:32,439.78,21.5,Fashion,6,5.5,0
ORD506001,CUST101620,560005,2025-05-29 04:11:32,451.9,49.3,Grocery,17,18.9,0
ORD503045,CUST100011,560094,2025-05-29 04:32:20,284.6,37.0,Electronics,15,18.3,0
ORD505480,CUST101246,560051,2025-05-29 04:38:47,859.1,24.0,Home,14,7.2,0
ORD506369,CUST100002,560097,2025-05-29 05:09:22,983.02,11.9,Other,13,13.8,0
ORD507304,CUST101125,560060,2025-05-29 05:11:10,1193.31,32.8,Electronics,7,25.8,0
ORD501079,CUST100467,560048,2025-05-29 05:12:18,690.81,8.5,Fashion,2,1.0,0
ORD505234,CUST101390,560079,2025-05-29 05:48:47,1548.79,33.5,Fashion,5,13.7,0
ORD505434,CUST100810,560073,2025-05-29 06:25:59,186.75,22.9,Fashion,18,14.0,0
ORD506650,CUST101184,560058,2025-05-29 07:14:56,411.48,26.9,Fashion,15,14.1,0
ORD502708,CUST101893,560045,2025-05-29 07:32:04,1949.99,13.6,Other,11,4.8,0
ORD507521,CUST101465,560073,2025-05-29 07:43:50,336.17,16.1,Other,6,11.6,0
ORD506761,CUST100482,560099,2025-05-29 08:10:04,338.42,14.9,Beauty,0,3.6,0
ORD502996,CUST101651,560119,2025-05-29 09:39:07,1569.36,20.5,Fashion,16,17.9,0
ORD501763,CUST100157,560085,2025-05-29 10:36:49,878.13,17.9,Beauty,22,22.3,0
ORD503123,CUST101647,560017,2025-05-29 10:42:01,364.96,13.2,Fashion,19,14.2,0
ORD500104,CUST100485,560008,2025-05-29 10:43:43,491.48,11.6,Electronics,19,8.1,0
ORD507593,CUST101551,560096,2025-05-29 11:19:27,507.19,16.1,Electronics,7,5.6,0
ORD501209,CUST100872,560047,2025-05-29 11:37:13,1382.77,9.8,Fashion,5,11.5,1
ORD501796,CUST100593,560073,2025-05-29 12:05:02,609.83,7.9,Grocery,0,10.5,1
ORD501446,CUST101224,560099,2025-05-29 14:02:50,1510.93,7.7,Fashion,6,4.4,0
ORD505505,CUST100032,560019,2025-05-29 15:44:50,443.64,43.4,Electronics,15,1.0,0
ORD501537,CUST100896,560081,2025-05-29 17:11:46,1779.7,13.2,Electronics,8,7.4,0
ORD503853,CUST101974,560110,2025-05-29 17:27:48,445.71,1.9,Fashion,11,14.5,0
ORD505083,CUST100620,560099,2025-05-29 18:54:31,408.62,26.8,Beauty,20,4.9,0
ORD500698,CUST100671,560057,2025-05-29 19:06:38,2111.04,15.3,Fashion,6,13.5,0
ORD505305,CUST100533,560037,2025-05-29 19:13:09,449.79,15.7,Fashion,16,11.8,0
ORD502349,CUST100264,560028,2025-05-29 20:14:22,562.49,24.9,Other,4,11.9,0
ORD507632,CUST101306,560017,2025-05-29 20:20:45,1317.63,3.1,Electronics,23,7.8,0
ORD506088,CUST101411,560078,2025-05-29 20:38:28,1325.04,2.6,Other,7,9.5,0
ORD505497,CUST100194,560086,2025-05-29 21:41:41,343.32,22.2,Home,15,19.9,0
ORD507879,CUST101164,560051,2025-05-29 22:02:05,532.8,0.8,Fashion,8,11.2,0
ORD506010,CUST101261,560065,2025-05-29 22:34:11,541.84,23.0,Fashion,21,8.6,0
ORD501402,CUST100759,560042,2025-05-29 23:19:38,1718.27,12.4,Fashion,1,4.5,0
ORD500780,CUST100455,560075,2025-05-30 00:08:41,573.75,8.2,Home,22,17.7,0
ORD506426,CUST101427,560096,2025-05-30 01:31:43,306.44,12.1,Beauty,11,9.4,0
ORD506592,CUST100742,560107,2025-05-30 01:52:04,1177.63,37.7,Home,21,15.3,0
ORD506994,CUST101543,560099,2025-05-30 02:24:03,1241.01,28.3,Electronics,22,21.3,1
ORD506748,CUST101087,560012,2025-05-30 02:56:42,1487.54,15.6,Fashion,7,3.4,0
ORD503865,CUST101852,560083,2025-05-30 02:58:50,322.15,34.9,Fashion,13,10.6,0
ORD501758,CUST100906,560021,2025-05-30 04:23:49,532.09,7.1,Electronics,0,10.2,0
ORD500802,CUST101662,560098,2025-05-30 04:35:19,310.31,35.7,Electronics,18,10.3,0
ORD500217,CUST101949,560103,2025-05-30 04:40:53,773.4,3.7,Fashion,20,15.0,0
ORD504323,CUST101962,560001,2025-05-30 04:40:55,325.64,13.9,Beauty,16,5.5,1
ORD500579,CUST100029,560023,2025-05-30 04:48:29,834.39,37.9,Fashion,7,15.0,0
ORD505737,CUST101553,560071,2025-05-30 04:49:40,359.64,15.2,Fashion,9,16.4,0
ORD502280,CUST100760,560032,2025-05-30 04:57:28,362.4,37.4,Beauty,8,25.4,0
ORD504430,CUST100225,560019,2025-05-30 05:25:21,441.03,16.1,Other,12,12.0,0
ORD502401,CUST101633,560042,2025-05-30 05:56:25,686.62,3.6,Electronics,23,1.1,0
ORD507943,CUST101301,560031,2025-05-30 06:27:02,156.53,15.5,Fashion,1,19.0,0
ORD503515,CUST100034,560100,2025-05-30 07:14:06,829.57,19.8,Home,10,13.9,1
ORD501847,CUST100654,560106,2025-05-30 07:37:02,189.1,23.4,Home,0,12.8,0
ORD504799,CUST100057,560110,2025-05-30 07:41:34,345.69,15.4,Electronics,15,7.9,0
ORD503212,CUST101798,560033,2025-05-30 07:46:36,2354.26,43.3,Beauty,4,5.4,1
ORD501556,CUST101269,560107,2025-05-30 09:02:48,363.77,3.9,Fashion,7,8.6,1
ORD505393,CUST101714,560047,2025-05-30 09:13:57,301.03,43.7,Beauty,16,21.6,0
ORD507008,CUST101839,560077,2025-05-30 09:18:51,2788.78,12.5,Beauty,0,2.2,0
ORD502419,CUST100888,560006,2025-05-30 11:07:14,1046.78,4.9,Beauty,19,16.6,0
ORD500863,CUST100261,560060,2025-05-30 11:40:10,1025.17,0.4,Fashion,7,11.3,0
ORD501840,CUST100542,560036,2025-05-30 12:00:17,1460.49,24.2,Fashion,6,10.6,0
ORD500045,CUST100500,560063,2025-05-30 15:15:06,337.24,14.3,Fashion,12,24.7,1
ORD504402,CUST101121,560103,2025-05-30 15:59:19,1209.42,20.8,Fashion,7,23.8,0
ORD507998,CUST100440,560021,2025-05-30 16:07:34,955.66,32.7,Electronics,13,12.4,0
ORD503905,CUST101430,560112,2025-05-30 16:12:41,395.31,20.0,Home,16,14.7,0
ORD506868,CUST101662,560005,2025-05-30 16:30:41,464.32,32.3,Electronics,12,9.8,0
ORD500214,CUST100715,560046,2025-05-30 16:45:40,546.28,5.6,Electronics,9,20.0,0
ORD505141,CUST101553,560115,2025-05-30 17:07:21,2385.99,3.6,Fashion,0,5.8,0
ORD507761,CUST101113,560001,2025-05-30 17:37:34,739.27,13.7,Beauty,15,13.3,0
ORD504422,CUST100236,560044,2025-05-30 18:48:58,163.37,5.9,Fashion,4,9.1,0
ORD507784,CUST101843,560094,2025-05-30 18:52:05,373.46,25.5,Home,5,7.4,0
ORD506207,CUST101668,560118,2025-05-30 19:07:38,2442.27,20.6,Beauty,21,9.0,0
ORD505490,CUST100478,560095,2025-05-30 20:21:58,278.28,37.3,Beauty,15,11.8,0
ORD506730,CUST101551,560018,2025-05-30 21:00:24,762.02,40.5,Beauty,5,5.3,1
ORD502655,CUST100217,560074,2025-05-30 21:07:10,1731.81,31.7,Electronics,19,9.6,0
ORD502454,CUST100370,560061,2025-05-30 21:22:20,390.16,15.7,Other,14,3.7,1
ORD505372,CUST101661,560087,2025-05-30 21:37:33,788.47,0.8,Electronics,0,23.6,0
ORD504713,CUST101280,560068,2025-05-30 22:14:45,155.57,9.5,Fashion,7,2.3,0
ORD506764,CUST100227,560015,2025-05-30 23:10:07,1755.81,28.6,Grocery,10,1.1,0
ORD505738,CUST101638,560079,2025-05-31 00:00:51,404.48,0.4,Electronics,22,13.0,0
ORD506440,CUST101706,560076,2025-05-31 00:32:14,1082.93,23.2,Fashion,12,15.1,0
ORD501309,CUST100759,560055,2025-05-31 01:04:31,481.49,0.9,Fashion,6,16.6,0
ORD505110,CUST101987,560049,2025-05-31 02:11:40,617.65,17.8,Fashion,16,1.0,0
ORD505677,CUST101268,560057,2025-05-31 02:25:56,2124.88,3.3,Fashion,19,7.8,0
ORD502805,CUST100527,560032,2025-05-31 03:08:08,859.56,13.6,Fashion,9,19.5,0
ORD500976,CUST101663,560016,2025-05-31 03:13:40,1116.01,33.6,Fashion,12,5.1,0
ORD500787,CUST101579,560100,2025-05-31 03:44:21,802.91,21.7,Electronics,3,15.1,1
ORD505384,CUST100050,560048,2025-05-31 04:09:03,950.8,36.7,Fashion,2,1.2,1
ORD504797,CUST100219,560017,2025-05-31 04:20:40,1165.3,11.2,Electronics,9,1.0,0
ORD501091,CUST100182,560034,2025-05-31 04:43:41,470.55,39.2,Fashion,6,18.0,0
ORD504876,CUST101202,560031,2025-05-31 04:44:04,939.05,3.1,Fashion,13,15.1,0
ORD504169,CUST100208,560085,2025-05-31 06:55:48,546.88,35.7,Other,22,8.1,0
ORD507996,CUST101843,560009,2025-05-31 10:08:51,1193.31,37.7,Other,10,21.0,0
ORD507026,CUST100274,560029,2025-05-31 10:31:28,205.3,4.6,Electronics,17,11.8,0
ORD501461,CUST101500,560081,2025-05-31 11:13:00,1585.3,10.0,Home,11,5.3,0
ORD505567,CUST101505,560113,2025-05-31 11:43:50,1181.53,10.9,Home,21,13.0,0
ORD501308,CUST101189,560048,2025-05-31 13:18:19,774.04,35.9,Fashion,21,24.3,1
ORD502589,CUST100514,560090,2025-05-31 13:52:19,697.46,6.4,Electronics,11,9.5,0
ORD503321,CUST100216,560014,2025-05-31 15:50:29,622.72,12.7,Beauty,12,14.4,1
ORD505722,CUST100511,560005,2025-05-31 16:21:14,2055.03,18.4,Fashion,21,11.3,0
ORD506940,CUST101244,560096,2025-05-31 16:50:19,388.66,17.2,Beauty,12,10.1,0
ORD507108,CUST101834,560065,2025-05-31 17:08:31,868.37,18.3,Electronics,15,22.0,1
ORD502503,CUST100604,560052,2025-05-31 17:36:50,389.37,38.9,Beauty,0,12.6,1
ORD506604,CUST100453,560104,2025-05-31 17:39:31,355.16,1.8,Fashion,10,10.4,0
ORD502922,CUST101201,560119,2025-05-31 17:47:45,879.26,8.0,Fashion,5,1.0,0
ORD506751,CUST101481,560038,2025-05-31 17:54:16,647.03,8.1,Fashion,20,9.2,1
ORD501174,CUST101834,560050,2025-05-31 19:09:35,579.95,2.2,Home,11,22.7,0
ORD503272,CUST101776,560077,2025-05-31 19:17:35,550.7,0.9,Beauty,1,19.2,1
ORD502721,CUST100964,560014,2025-05-31 19:38:08,1155.81,23.2,Fashion,4,4.6,0
ORD506230,CUST100024,560068,2025-05-31 20:36:49,997.82,6.9,Electronics,22,1.2,0
ORD507273,CUST101711,560033,2025-05-31 20:39:21,819.59,8.7,Beauty,17,8.1,0
ORD505692,CUST101497,560031,2025-05-31 20:47:52,1785.52,47.5,Electronics,23,6.6,1
ORD502942,CUST100359,560075,2025-05-31 22:10:21,150.34,12.2,Other,8,14.1,0
ORD502256,CUST101592,560104,2025-05-31 22:33:39,429.96,19.8,Grocery,9,3.0,0
ORD505929,CUST101263,560063,2025-05-31 22:38:09,457.25,4.7,Fashion,14,17.2,0
ORD504103,CUST100834,560047,2025-06-01 00:58:04,357.05,11.4,Electronics,13,5.5,0
ORD501591,CUST101122,560087,2025-06-01 01:59:42,2372.84,12.1,Home,9,16.0,0
ORD502336,CUST100034,560059,2025-06-01 02:08:16,789.61,29.6,Beauty,13,15.0,1
ORD506472,CUST101543,560096,2025-06-01 02:09:54,869.38,6.6,Grocery,11,19.7,1
ORD506046,CUST101036,560014,2025-06-01 02:54:42,353.36,8.9,Fashion,21,4.6,0
ORD507819,CUST100452,560031,2025-06-01 02:58:03,468.89,2.8,Fashion,22,12.2,0
ORD500892,CUST101334,560041,2025-06-01 03:00:43,1228.38,23.2,Fashion,2,14.1,0
ORD503054,CUST100520,560017,2025-06-01 03:32:54,532.15,9.5,Beauty,20,3.5,0
ORD507481,CUST100464,560049,2025-06-01 04:11:00,788.3,14.2,Fashion,1,21.2,1
ORD504715,CUST100231,560010,2025-06-01 04:28:42,512.65,35.9,Other,16,1.7,1
ORD501071,CUST101663,560027,2025-06-01 04:40:43,1078.8,32.0,Home,8,9.3,0
ORD504095,CUST100459,560061,2025-06-01 05:32:22,272.46,6.8,Fashion,8,11.9,0
ORD501496,CUST101830,560017,2025-06-01 05:41:46,371.19,38.9,Fashion,22,5.4,1
ORD503573,CUST100360,560057,2025-06-01 05:54:31,307.21,14.7,Home,22,17.7,1
ORD507894,CUST101408,560066,2025-06-01 05:58:17,620.96,31.6,Home,6,9.9,0
ORD500862,CUST101680,560068,2025-06-01 06:34:08,313.75,3.8,Grocery,18,13.4,0
ORD501196,CUST101763,560048,2025-06-01 06:55:24,160.87,16.1,Fashion,5,8.6,1
ORD501866,CUST100405,560114,2025-06-01 08:23:25,606.22,13.5,Beauty,9,11.4,0
ORD505840,CUST100906,560042,2025-06-01 08:30:54,1447.98,4.5,Fashion,23,6.8,0
ORD506531,CUST101467,560003,2025-06-01 09:08:59,346.36,6.1,Fashion,23,11.4,1
ORD504431,CUST101298,560007,2025-06-01 10:12:25,655.1,25.3,Home,11,2.3,0
ORD507321,CUST101626,560069,2025-06-01 10:16:07,1234.05,26.5,Beauty,20,1.9,0
ORD502210,CUST100520,560003,2025-06-01 10:49:50,150.73,14.6,Beauty,21,8.1,1
ORD505416,CUST100906,560074,2025-06-01 12:58:56,749.76,31.3,Fashion,6,7.9,0
ORD501115,CUST101771,560033,2025-06-01 14:02:20,718.62,23.9,Fashion,6,14.6,0
ORD504674,CUST101580,560118,2025-06-01 14:03:43,775.89,14.0,Fashion,5,11.3,0
ORD506818,CUST101751,560103,2025-06-01 14:30:31,150.0,20.0,Beauty,5,12.1,0
ORD503747,CUST101328,560104,2025-06-01 14:42:59,771.12,18.9,Beauty,6,13.0,0
ORD507237,CUST101763,560080,2025-06-01 15:11:35,288.69,13.9,Grocery,10,15.5,0
ORD507874,CUST100820,560072,2025-06-01 15:41:21,312.33,16.5,Fashion,19,14.5,0
ORD505963,CUST100151,560060,2025-06-01 16:03:18,698.64,14.0,Fashion,4,17.8,0
ORD507081,CUST100725,560007,2025-06-01 17:31:35,1285.75,43.2,Electronics,16,9.1,1
ORD506913,CUST101430,560000,2025-06-01 18:03:29,985.47,12.2,Home,13,24.4,0
ORD504375,CUST101819,560108,2025-06-01 18:30:59,231.18,29.3,Electronics,17,13.0,0
ORD503224,CUST101740,560045,2025-06-01 19:01:38,329.64,14.0,Fashion,5,14.5,0
ORD505632,CUST100725,560107,2025-06-01 20:19:42,1932.18,15.8,Electronics,17,3.4,0
ORD500906,CUST101167,560117,2025-06-01 20:28:08,632.88,2.5,Other,19,2.8,0
ORD506101,CUST101730,560099,2025-06-01 21:10:16,1391.21,8.0,Fashion,6,29.7,0
ORD502337,CUST101717,560074,2025-06-01 21:23:36,687.16,17.9,Electronics,9,7.3,0
ORD501294,CUST101527,560118,2025-06-01 21:41:10,744.77,15.5,Fashion,23,11.0,0
ORD506229,CUST100772,560017,2025-06-01 21:42:50,902.87,22.8,Grocery,22,25.9,0
ORD507457,CUST100813,560096,2025-06-01 22:23:00,2391.14,26.7,Electronics,11,28.6,0
ORD502848,CUST100944,560004,2025-06-01 22:34:37,1030.69,31.1,Grocery,1,3.2,0
ORD500241,CUST101149,560028,2025-06-01 22:54:38,694.49,7.7,Fashion,3,31.1,1
ORD504660,CUST101923,560112,2025-06-01 23:02:10,368.43,6.1,Home,14,11.4,0
ORD500701,CUST101681,560035,2025-06-02 00:23:56,1012.25,8.7,Grocery,7,5.7,0
ORD501743,CUST101261,560022,2025-06-02 00:48:54,969.6,26.9,Fashion,16,33.3,0
ORD502671,CUST100395,560038,2025-06-02 03:24:53,428.46,25.4,Home,21,13.4,0
ORD503176,CUST101998,560021,2025-06-02 03:35:02,305.41,7.9,Grocery,21,3.5,0
ORD502733,CUST101439,560081,2025-06-02 04:33:12,750.27,2.2,Electronics,1,2.0,0
ORD504856,CUST101251,560078,2025-06-02 05:43:03,2046.5,26.6,Home,11,5.1,0
ORD501669,CUST100409,560102,2025-06-02 07:36:54,328.07,40.7,Electronics,2,10.1,0
ORD504847,CUST101227,560046,2025-06-02 08:57:20,444.77,13.1,Beauty,8,16.8,1
ORD502658,CUST100278,560060,2025-06-02 09:40:12,483.01,21.7,Other,8,15.5,0
ORD503280,CUST100725,560010,2025-06-02 09:51:13,1726.92,12.1,Fashion,15,20.1,0
ORD507319,CUST100884,560096,2025-06-02 10:34:30,610.9,5.8,Electronics,21,6.2,0
ORD507545,CUST100753,560051,2025-06-02 11:11:43,553.55,11.6,Electronics,23,8.5,1
ORD505921,CUST100881,560070,2025-06-02 11:16:23,506.03,9.5,Fashion,20,12.2,0
ORD506115,CUST101228,560019,2025-06-02 11:25:31,2565.2,10.8,Electronics,0,16.4,1
ORD500420,CUST100374,560019,2025-06-02 11:30:40,878.75,24.4,Home,21,6.4,0
ORD507889,CUST100444,560057,2025-06-02 11:32:35,348.55,31.1,Beauty,17,11.9,1
ORD503551,CUST100733,560035,2025-06-02 12:30:05,1377.27,12.4,Fashion,12,21.4,1
ORD506545,CUST100007,560053,2025-06-02 12:51:31,1182.32,4.7,Fashion,20,4.8,0
ORD500011,CUST100320,560113,2025-06-02 13:05:01,411.51,3.0,Fashion,23,19.7,0
ORD500819,CUST101923,560102,2025-06-02 13:21:23,929.69,14.9,Fashion,18,20.6,1
ORD502267,CUST101144,560069,2025-06-02 14:25:17,636.31,30.2,Beauty,15,6.1,0
ORD505341,CUST100120,560048,2025-06-02 14:33:06,1023.15,19.7,Fashion,18,7.4,1
ORD506871,CUST100830,560003,2025-06-02 16:17:43,1226.51,22.8,Electronics,17,11.9,0
ORD507911,CUST100376,560002,2025-06-02 16:40:46,675.77,13.6,Fashion,9,20.7,0
ORD505596,CUST101473,560032,2025-06-02 17:06:41,757.68,15.1,Fashion,11,18.6,1
ORD504398,CUST100109,560112,2025-06-02 17:08:42,583.57,2.5,Electronics,4,14.3,0
ORD507162,CUST100983,560075,2025-06-02 17:35:22,696.09,18.8,Fashion,21,6.1,0
ORD505351,CUST100557,560060,2025-06-02 17:42:15,333.99,26.7,Fashion,21,4.5,0
ORD507352,CUST101495,560075,2025-06-02 18:08:21,554.06,12.9,Fashion,12,12.8,0
ORD507290,CUST101117,560056,2025-06-02 18:36:41,400.58,35.7,Grocery,5,7.3,0
ORD502270,CUST101499,560046,2025-06-02 18:53:02,1188.93,19.3,Beauty,20,14.3,0
ORD504334,CUST100354,560048,2025-06-02 19:09:18,356.52,19.8,Electronics,15,9.9,0
ORD502205,CUST101639,560032,2025-06-02 19:10:30,1251.5,35.7,Beauty,12,21.7,0
ORD504880,CUST100410,560066,2025-06-02 19:22:12,1315.69,14.2,Electronics,17,15.9,0
ORD500729,CUST100708,560074,2025-06-02 19:43:29,1043.8,42.0,Other,10,10.4,0
ORD505924,CUST100485,560049,2025-06-02 20:07:39,1215.1,1.4,Home,20,2.8,0
ORD503663,CUST100543,560112,2025-06-02 20:17:02,446.89,20.9,Fashion,0,11.1,1
ORD500869,CUST100772,560031,2025-06-02 21:11:11,1045.86,10.5,Electronics,1,2.9,0
ORD502502,CUST100266,560068,2025-06-02 21:35:38,564.26,50.3,Fashion,14,25.6,0
ORD505135,CUST101294,560024,2025-06-02 21:56:25,425.71,13.5,Home,11,1.0,0
ORD502432,CUST101987,560054,2025-06-02 21:58:36,731.46,36.4,Beauty,15,20.3,0
ORD507848,CUST100120,560052,2025-06-02 22:19:42,872.92,15.8,Electronics,10,6.2,0
ORD507586,CUST100699,560013,2025-06-02 23:33:08,1480.09,18.1,Fashion,22,9.4,1
ORD505825,CUST101013,560094,2025-06-03 00:15:46,948.79,48.8,Fashion,10,1.0,0
ORD504015,CUST101747,560119,2025-06-03 00:59:11,533.02,21.1,Fashion,17,13.5,0
ORD503812,CUST100563,560100,2025-06-03 01:19:23,503.37,12.9,Beauty,17,1.0,0
ORD500866,CUST100380,560025,2025-06-03 01:27:40,375.52,4.3,Electronics,20,2.1,0
ORD503349,CUST100169,560055,2025-06-03 02:32:15,1604.59,3.8,Home,11,7.4,0
ORD502748,CUST100684,560069,2025-06-03 02:48:15,182.46,13.3,Home,20,4.3,0
ORD506505,CUST101269,560007,2025-06-03 04:17:48,778.73,6.3,Other,12,8.9,1
ORD504742,CUST100194,560080,2025-06-03 05:47:02,543.61,8.9,Home,15,5.6,0
ORD505698,CUST100916,560075,2025-06-03 06:45:59,838.71,5.6,Home,18,5.4,0
ORD502434,CUST101684,560012,2025-06-03 07:49:36,671.62,43.8,Electronics,23,20.7,0
ORD506132,CUST101891,560056,2025-06-03 08:36:09,1045.0,7.3,Grocery,19,15.5,0
ORD505843,CUST101715,560099,2025-06-03 11:00:00,281.75,40.2,Grocery,11,1.6,0
ORD505104,CUST100872,560056,2025-06-03 11:11:52,470.17,24.9,Beauty,22,11.0,0
ORD502699,CUST100573,560019,2025-06-03 11:19:06,598.97,11.1,Fashion,23,16.0,0
ORD501754,CUST100973,560044,2025-06-03 11:20:08,695.12,7.2,Beauty,5,12.4,0
ORD500396,CUST101551,560115,2025-06-03 12:06:53,150.14,14.4,Other,2,12.7,0
ORD501201,CUST101431,560102,2025-06-03 12:15:26,865.15,26.7,Beauty,20,16.7,0
ORD503936,CUST101902,560043,2025-06-03 13:15:14,1246.11,11.8,Fashion,17,4.6,0
ORD505973,CUST100980,560029,2025-06-03 13:59:45,250.26,18.9,Home,4,8.9,1
ORD501696,CUST101417,560070,2025-06-03 15:51:21,1818.18,30.7,Electronics,2,6.3,1
ORD500263,CUST100066,560013,2025-06-03 16:12:31,846.27,4.7,Fashion,22,5.5,0
ORD505259,CUST100677,560038,2025-06-03 16:15:47,586.41,26.3,Home,5,18.5,0
ORD505113,CUST100515,560075,2025-06-03 16:52:45,624.94,31.3,Fashion,8,22.0,0
ORD505252,CUST100410,560024,2025-06-03 16:53:36,312.09,23.2,Electronics,10,3.1,0
ORD506588,CUST101665,560015,2025-06-03 17:02:14,609.66,23.6,Home,1,19.6,0
ORD507190,CUST101239,560082,2025-06-03 18:23:37,803.9,8.1,Electronics,18,1.9,1
ORD502905,CUST100302,560040,2025-06-03 19:13:12,213.73,5.7,Fashion,11,23.6,0
ORD501222,CUST100975,560088,2025-06-03 20:48:08,2287.68,18.5,Other,13,22.0,1
ORD504857,CUST100057,560028,2025-06-03 21:02:35,454.38,11.9,Grocery,23,7.6,0
ORD504745,CUST100256,560010,2025-06-03 21:30:37,666.38,29.0,Electronics,22,15.3,0
ORD500810,CUST100541,560007,2025-06-03 22:17:48,422.6,17.6,Home,16,4.6,0
ORD501795,CUST100939,560098,2025-06-03 22:36:17,891.96,3.2,Fashion,12,15.3,0
ORD506159,CUST101995,560096,2025-06-03 22:56:54,874.79,15.0,Home,0,13.8,0
ORD501945,CUST100295,560042,2025-06-03 23:28:00,486.09,2.8,Grocery,19,13.5,0
ORD506429,CUST100455,560112,2025-06-04 00:34:37,635.97,38.3,Fashion,19,23.7,0
ORD504408,CUST101899,560046,2025-06-04 01:19:57,876.05,22.6,Fashion,6,6.5,0
ORD505835,CUST100305,560033,2025-06-04 01:37:56,307.55,16.6,Fashion,4,1.2,0
ORD504213,CUST101397,560048,2025-06-04 02:13:34,815.7,29.9,Electronics,1,6.5,0
ORD506949,CUST100485,560022,2025-06-04 03:07:43,213.06,1.9,Home,0,8.0,0
ORD501414,CUST101624,560052,2025-06-04 03:55:26,862.22,43.3,Grocery,3,16.0,0
ORD505729,CUST101975,560103,2025-06-04 04:30:36,1359.32,19.6,Fashion,21,7.9,0
ORD501336,CUST101115,560090,2025-06-04 04:38:41,624.02,28.7,Home,1,13.4,0
ORD500629,CUST101588,560073,2025-06-04 05:05:27,434.99,3.1,Home,14,17.6,0
ORD507443,CUST100575,560119,2025-06-04 05:35:44,580.1,13.1,Fashion,11,12.1,0
ORD505746,CUST101948,560038,2025-06-04 05:38:54,903.46,18.8,Fashion,22,12.1,1
ORD506100,CUST100684,560118,2025-06-04 05:42:24,446.46,3.7,Fashion,9,11.9,0
ORD505210,CUST100491,560039,2025-06-04 06:33:47,1766.45,15.2,Home,6,26.6,0
ORD500993,CUST100745,560114,2025-06-04 08:15:58,441.6,19.9,Electronics,6,14.7,0
ORD507496,CUST101249,560095,2025-06-04 09:02:19,653.8,24.5,Home,19,10.9,1
ORD503897,CUST101258,560115,2025-06-04 09:05:52,284.83,13.2,Fashion,17,18.4,0
ORD507220,CUST101535,560101,2025-06-04 09:34:08,1016.69,26.3,Fashion,7,18.3,0
ORD507936,CUST101927,560060,2025-06-04 09:40:58,2251.6,9.3,Fashion,14,13.9,0
ORD502564,CUST101938,560112,2025-06-04 10:54:42,1825.12,16.4,Electronics,13,16.1,0
ORD506804,CUST100577,560101,2025-06-04 10:59:28,570.9,24.8,Electronics,15,11.5,0
ORD505436,CUST101826,560079,2025-06-04 12:17:53,515.26,16.6,Grocery,13,4.7,0
ORD505731,CUST100541,560042,2025-06-04 12:19:01,414.44,3.0,Beauty,3,6.1,0
ORD505619,CUST100677,560068,2025-06-04 13:45:09,844.01,6.4,Grocery,8,19.4,0
ORD505582,CUST101596,560013,2025-06-04 14:34:15,447.49,25.9,Electronics,21,7.3,0
ORD500971,CUST101267,560072,2025-06-04 14:40:35,602.21,8.3,Fashion,18,9.5,0
ORD506324,CUST101608,560043,2025-06-04 15:03:43,481.22,25.3,Fashion,23,9.1,0
ORD501135,CUST100002,560037,2025-06-04 15:11:50,677.18,6.1,Beauty,20,7.3,1
ORD500688,CUST101656,560022,2025-06-04 15:25:02,1026.72,3.2,Electronics,10,3.5,0
ORD505984,CUST100774,560114,2025-06-04 15:36:38,348.92,37.9,Home,12,33.7,0
ORD501326,CUST100640,560007,2025-06-04 15:55:38,817.22,30.5,Home,17,8.4,0
ORD503621,CUST100906,560083,2025-06-04 16:00:27,757.36,6.2,Electronics,3,2.8,0
ORD502525,CUST100674,560088,2025-06-04 16:07:49,2413.7,4.4,Fashion,22,3.4,0
ORD507197,CUST100988,560042,2025-06-04 16:25:42,699.88,6.4,Other,17,10.4,0
ORD506345,CUST101875,560077,2025-06-04 16:35:15,1366.01,15.1,Fashion,1,8.6,0
ORD501850,CUST101007,560107,2025-06-04 16:47:58,686.42,5.8,Home,7,4.9,0
ORD507929,CUST101729,560022,2025-06-04 16:55:37,1578.24,10.3,Grocery,22,10.0,0
ORD505195,CUST101909,560106,2025-06-04 19:18:16,409.31,14.5,Other,3,23.6,0
ORD500992,CUST101701,560115,2025-06-04 19:55:52,315.48,28.7,Fashion,19,12.4,0
ORD506637,CUST101444,560114,2025-06-04 20:13:30,1032.11,2.8,Electronics,13,18.1,0
ORD500731,CUST101499,560078,2025-06-04 20:34:00,1578.47,5.0,Grocery,23,30.6,0
ORD505942,CUST100534,560068,2025-06-04 20:36:45,596.22,10.2,Home,11,24.3,0
ORD507569,CUST100536,560077,2025-06-04 20:46:29,1899.58,27.7,Beauty,14,22.0,0
ORD506866,CUST100136,560119,2025-06-04 21:37:39,1160.03,19.8,Beauty,23,1.0,0
ORD501535,CUST100278,560063,2025-06-04 22:05:48,1346.83,21.5,Electronics,4,3.8,0
ORD500651,CUST100557,560119,2025-06-04 22:23:32,1773.41,17.3,Beauty,21,1.0,1
ORD507859,CUST100613,560097,2025-06-04 22:49:26,320.09,28.7,Beauty,20,19.6,0
ORD503561,CUST101121,560115,2025-06-04 23:00:16,610.23,29.7,Beauty,1,1.0,0
ORD501780,CUST100208,560034,2025-06-04 23:24:06,150.0,15.7,Electronics,8,18.3,0
ORD507515,CUST100406,560091,2025-06-05 00:33:44,1321.41,5.2,Beauty,13,6.0,0
ORD506858,CUST100091,560008,2025-06-05 00:50:54,496.03,11.7,Home,21,12.5,0
ORD502377,CUST101657,560074,2025-06-05 03:02:34,598.02,23.2,Fashion,15,6.2,0
ORD502843,CUST100541,560104,2025-06-05 03:45:30,487.72,32.3,Fashion,19,11.8,1
ORD500489,CUST101427,560002,2025-06-05 03:47:08,689.5,27.7,Grocery,14,22.3,0
ORD501310,CUST101075,560022,2025-06-05 04:11:42,515.75,7.4,Electronics,16,8.9,0
ORD505168,CUST101129,560035,2025-06-05 05:06:52,594.15,35.3,Fashion,3,4.3,0
ORD501017,CUST101307,560002,2025-06-05 05:27:49,1394.82,15.3,Home,15,5.8,0
ORD503537,CUST101423,560019,2025-06-05 05:46:49,1049.52,12.2,Home,13,5.0,0
ORD507335,CUST100759,560090,2025-06-05 06:17:35,956.39,20.7,Grocery,9,19.2,0
ORD505404,CUST100397,560016,2025-06-05 06:33:01,758.4,8.1,Other,18,13.6,0
ORD506085,CUST101805,560062,2025-06-05 07:50:41,1192.67,8.3,Beauty,12,11.5,0
ORD500665,CUST100353,560059,2025-06-05 08:01:02,675.01,22.2,Electronics,3,1.0,0
ORD507317,CUST100374,560086,2025-06-05 08:54:33,1099.8,24.5,Other,2,22.0,0
ORD504302,CUST100811,560031,2025-06-05 09:11:35,477.35,21.0,Grocery,18,7.9,0
ORD505017,CUST100524,560117,2025-06-05 09:23:33,528.8,1.1,Other,4,8.7,0
ORD501385,CUST101892,560040,2025-06-05 09:39:11,1486.23,6.2,Grocery,18,1.0,0
ORD504579,CUST100116,560066,2025-06-05 09:58:28,660.75,15.8,Electronics,3,29.6,1
ORD505847,CUST100053,560116,2025-06-05 10:18:51,689.56,7.6,Electronics,15,7.4,0
ORD502408,CUST101930,560117,2025-06-05 10:50:26,971.89,13.9,Grocery,8,18.8,0
ORD500833,CUST101988,560118,2025-06-05 11:28:48,784.26,26.1,Electronics,0,3.2,0
ORD506943,CUST100849,560093,2025-06-05 12:50:50,1244.22,9.8,Fashion,20,21.7,0
ORD502928,CUST101151,560008,2025-06-05 13:18:56,238.66,27.5,Electronics,4,13.9,1
ORD502496,CUST101480,560052,2025-06-05 15:32:13,1312.12,14.9,Fashion,12,20.4,0
ORD505708,CUST100901,560113,2025-06-05 16:48:34,1487.13,11.9,Electronics,15,11.4,0
ORD500387,CUST100610,560069,2025-06-05 17:24:55,843.84,20.1,Beauty,21,12.8,0
ORD506098,CUST101013,560078,2025-06-05 17:37:30,427.24,8.3,Fashion,22,28.3,1
ORD503956,CUST101550,560030,2025-06-05 17:38:51,563.74,9.6,Grocery,2,20.6,0
ORD505981,CUST100735,560081,2025-06-05 17:41:52,677.58,6.8,Electronics,16,12.5,0
ORD501890,CUST100545,560034,2025-06-05 17:51:30,587.05,40.9,Electronics,9,16.9,1
ORD507747,CUST100688,560010,2025-06-05 18:29:21,1377.46,10.1,Fashion,12,4.9,0
ORD507182,CUST100474,560043,2025-06-05 18:46:55,890.33,13.4,Fashion,3,20.1,0
ORD504550,CUST101543,560104,2025-06-05 19:29:36,796.72,3.2,Other,12,18.8,0
ORD505055,CUST100377,560052,2025-06-05 19:56:09,442.34,16.3,Electronics,5,12.2,0
ORD506626,CUST101534,560009,2025-06-05 19:57:41,753.17,4.9,Beauty,6,17.8,0
ORD506107,CUST100324,560059,2025-06-05 21:03:53,719.14,10.6,Home,14,7.4,0
ORD501346,CUST101762,560041,2025-06-05 21:08:32,375.47,7.1,Grocery,22,20.5,0
ORD506713,CUST100036,560094,2025-06-05 21:29:48,854.14,5.6,Electronics,14,21.9,0
ORD505236,CUST101065,560049,2025-06-05 21:33:20,1090.25,2.9,Fashion,18,3.5,0
ORD502216,CUST101828,560082,2025-06-05 22:06:58,161.58,14.5,Fashion,12,9.7,0
ORD504704,CUST101389,560081,2025-06-05 22:08:50,1516.43,30.3,Fashion,21,2.6,0
ORD504289,CUST100928,560095,2025-06-05 22:15:08,1609.04,16.3,Fashion,19,11.2,0
ORD507466,CUST100024,560013,2025-06-05 22:29:03,315.28,20.8,Home,3,19.3,0
ORD501353,CUST100470,560030,2025-06-05 22:34:24,899.5,8.0,Home,18,8.5,0
ORD502704,CUST100780,560027,2025-06-06 00:20:32,302.53,6.2,Beauty,11,24.3,0
ORD503362,CUST100190,560006,2025-06-06 01:15:52,1068.84,32.9,Fashion,20,21.8,0
ORD507479,CUST100324,560056,2025-06-06 01:41:13,1144.45,4.3,Home,7,4.2,0
ORD502046,CUST101183,560091,2025-06-06 02:20:32,1118.11,32.2,Other,12,24.4,1
ORD500018,CUST101657,560068,2025-06-06 02:36:27,674.96,12.3,Grocery,14,12.2,0
ORD500758,CUST100034,560118,2025-06-06 03:56:27,774.81,36.3,Electronics,13,26.5,0
ORD507157,CUST101888,560099,2025-06-06 04:31:39,997.56,2.8,Fashion,8,20.5,0
ORD507723,CUST100759,560077,2025-06-06 05:27:54,1544.01,53.6,Beauty,20,21.7,0
ORD507442,CUST100799,560048,2025-06-06 05:44:20,713.42,11.0,Beauty,14,4.8,0
ORD505744,CUST101125,560035,2025-06-06 06:03:36,333.87,32.2,Fashion,16,8.5,1
ORD504444,CUST101578,560027,2025-06-06 06:11:59,1239.58,8.9,Grocery,19,11.4,0
ORD505548,CUST100924,560003,2025-06-06 06:56:25,278.86,30.5,Fashion,3,24.8,1
ORD502519,CUST101380,560101,2025-06-06 07:04:41,215.83,4.4,Grocery,10,20.3,0
ORD505541,CUST100089,560091,2025-06-06 07:12:45,662.55,11.1,Electronics,6,2.0,0
ORD504358,CUST101408,560077,2025-06-06 08:14:42,1013.48,41.7,Other,12,9.1,0
ORD507807,CUST101250,560048,2025-06-06 08:51:45,250.24,37.6,Electronics,4,7.9,0
ORD505137,CUST101268,560099,2025-06-06 08:58:34,917.43,15.3,Electronics,4,4.2,0
ORD503814,CUST100857,560033,2025-06-06 09:34:20,1171.1,6.6,Fashion,15,3.7,0
ORD500565,CUST101680,560102,2025-06-06 09:55:48,344.35,10.6,Fashion,9,1.0,0
ORD503848,CUST101446,560002,2025-06-06 10:18:14,869.03,26.2,Other,4,12.6,0
ORD506976,CUST101215,560006,2025-06-06 10:19:35,839.79,17.0,Home,3,12.5,0
ORD504691,CUST101569,560104,2025-06-06 10:59:24,850.52,19.1,Fashion,13,13.2,0
ORD501014,CUST101216,560034,2025-06-06 11:03:04,550.3,21.8,Electronics,12,25.3,1
ORD500430,CUST101437,560086,2025-06-06 11:41:36,2406.61,8.9,Other,21,28.9,0
ORD502493,CUST101105,560077,2025-06-06 11:41:54,544.29,36.2,Beauty,8,24.3,1
ORD504995,CUST101373,560062,2025-06-06 11:59:17,1210.99,19.5,Fashion,20,10.6,0
ORD501935,CUST101193,560073,2025-06-06 12:28:59,322.86,37.1,Electronics,15,5.2,0
ORD504514,CUST101717,560018,2025-06-06 12:34:00,247.85,16.6,Fashion,12,5.8,0
ORD504700,CUST101905,560091,2025-06-06 13:00:47,655.91,16.4,Electronics,2,12.4,0
ORD500899,CUST101405,560094,2025-06-06 13:31:37,1169.33,13.2,Electronics,11,13.6,0
ORD504399,CUST100500,560117,2025-06-06 14:17:54,875.9,6.3,Fashion,1,13.1,1
ORD505212,CUST101135,560050,2025-06-06 16:05:56,613.39,20.7,Electronics,5,15.9,0
ORD504496,CUST100063,560002,2025-06-06 16:31:05,1308.19,25.2,Fashion,7,11.7,0
ORD502199,CUST100635,560057,2025-06-06 16:36:52,807.71,11.0,Home,14,13.8,0
ORD504026,CUST100405,560073,2025-06-06 16:49:28,678.36,13.3,Grocery,2,11.6,0
ORD507639,CUST100906,560113,2025-06-06 17:14:33,511.72,3.2,Electronics,6,20.0,0
ORD500916,CUST100416,560080,2025-06-06 17:58:27,368.88,29.5,Beauty,15,8.2,1
ORD505229,CUST100461,560073,2025-06-06 18:28:26,403.37,4.8,Electronics,10,8.8,0
ORD507326,CUST101447,560086,2025-06-06 19:13:40,676.64,16.4,Fashion,16,9.1,0
ORD501672,CUST101337,560118,2025-06-06 19:48:19,638.24,4.4,Beauty,4,28.8,0
ORD505069,CUST100039,560100,2025-06-06 20:23:07,1401.1,26.7,Fashion,22,8.1,0
ORD507058,CUST101880,560020,2025-06-06 20:25:18,602.49,20.2,Home,11,11.2,1
ORD500768,CUST100973,560031,2025-06-06 20:59:01,569.93,8.7,Grocery,15,14.1,0
ORD505388,CUST101757,560011,2025-06-06 21:37:26,872.91,15.4,Home,20,14.0,1
ORD500012,CUST100604,560103,2025-06-06 23:32:19,1422.24,12.6,Beauty,10,14.3,0
ORD501086,CUST101377,560043,2025-06-06 23:44:03,488.35,15.5,Electronics,11,6.0,0
ORD505904,CUST100988,560075,2025-06-07 00:16:37,659.11,9.2,Beauty,21,19.9,0
ORD506285,CUST101586,560089,2025-06-07 02:01:45,1407.96,35.4,Beauty,18,1.0,0
ORD502755,CUST100792,560045,2025-06-07 02:41:47,663.44,14.1,Home,22,2.8,0
ORD503080,CUST100520,560069,2025-06-07 02:43:34,743.31,14.7,Home,0,5.2,0
ORD505745,CUST100431,560005,2025-06-07 03:21:31,441.89,16.3,Home,12,13.7,0
ORD504695,CUST101592,560041,2025-06-07 03:31:37,825.97,8.5,Fashion,14,21.0,0
ORD506660,CUST101592,560056,2025-06-07 03:37:43,1418.44,11.9,Beauty,19,16.6,0
ORD506536,CUST100251,560085,2025-06-07 04:03:42,518.89,20.5,Beauty,15,21.2,0
ORD506015,CUST101324,560110,2025-06-07 04:09:41,637.85,21.5,Grocery,20,14.4,0
ORD507735,CUST101019,560067,2025-06-07 04:15:15,1954.69,10.1,Electronics,20,1.5,0
ORD504563,CUST100398,560034,2025-06-07 04:26:16,960.13,30.2,Fashion,11,10.8,0
ORD507114,CUST100453,560007,2025-06-07 04:47:12,1497.33,19.0,Grocery,21,10.2,0
ORD503249,CUST101997,560108,2025-06-07 05:02:13,877.39,23.2,Other,23,27.5,1
ORD503089,CUST101276,560083,2025-06-07 05:30:00,1108.07,42.0,Beauty,0,11.4,1
ORD504456,CUST101175,560009,2025-06-07 05:38:02,699.28,37.8,Fashion,18,15.8,0
ORD500369,CUST100901,560108,2025-06-07 07:12:20,598.72,42.2,Electronics,9,12.5,0
ORD501595,CUST100573,560102,2025-06-07 07:13:16,686.03,25.3,Home,16,14.9,0
ORD504217,CUST100725,560080,2025-06-07 07:14:18,717.97,1.3,Home,10,6.3,0
ORD507683,CUST100053,560099,2025-06-07 08:47:02,684.23,23.9,Fashion,9,18.3,0
ORD501420,CUST100240,560029,2025-06-07 09:36:29,569.54,21.6,Grocery,21,14.9,0
ORD507873,CUST101349,560033,2025-06-07 09:46:20,1228.72,10.8,Beauty,1,11.8,0
ORD506283,CUST100058,560086,2025-06-07 10:49:36,721.44,9.7,Electronics,7,9.2,0
ORD500424,CUST100502,560001,2025-06-07 11:15:48,638.46,28.9,Home,14,12.0,0
ORD503737,CUST101586,560054,2025-06-07 12:25:56,1833.29,5.9,Home,12,6.0,0
ORD507544,CUST101884,560100,2025-06-07 12:54:55,477.97,32.7,Electronics,19,17.1,1
ORD504328,CUST101639,560101,2025-06-07 12:58:31,992.51,15.3,Other,0,26.5,0
ORD505665,CUST101117,560068,2025-06-07 13:01:16,458.16,5.3,Beauty,3,6.6,0
ORD507951,CUST100088,560046,2025-06-07 13:24:34,910.59,23.6,Electronics,23,17.4,0
ORD506831,CUST101312,560102,2025-06-07 13:50:01,391.4,4.3,Fashion,15,9.1,0
ORD501609,CUST100314,560088,2025-06-07 14:50:13,1199.03,19.8,Electronics,16,3.6,0
ORD505264,CUST100451,560007,2025-06-07 15:03:13,773.56,29.1,Beauty,6,12.7,1
ORD501428,CUST100928,560073,2025-06-07 15:05:52,1148.58,28.1,Grocery,23,8.5,1
ORD500185,CUST100725,560105,2025-06-07 15:08:20,1325.49,49.1,Grocery,4,11.0,0
ORD502052,CUST101268,560092,2025-06-07 16:00:54,460.42,4.6,Fashion,5,16.6,0
ORD500028,CUST100498,560042,2025-06-07 16:27:28,1422.77,16.2,Beauty,2,11.5,0
ORD507854,CUST100872,560048,2025-06-07 17:33:18,1029.69,43.2,Fashion,14,17.4,1
ORD504107,CUST100335,560068,2025-06-07 19:23:55,732.61,39.4,Grocery,23,1.8,1
ORD504105,CUST101207,560081,2025-06-07 19:29:51,2200.78,12.9,Other,14,10.0,1
ORD505165,CUST101893,560093,2025-06-07 19:32:28,593.68,0.7,Beauty,21,11.4,1
ORD507605,CUST101183,560030,2025-06-07 19:46:56,399.09,18.6,Fashion,15,27.3,1
ORD507571,CUST100490,560020,2025-06-07 19:57:49,2014.74,16.5,Other,22,6.1,0
ORD507066,CUST100345,560053,2025-06-07 20:25:00,1437.82,16.4,Beauty,20,19.3,0
ORD500172,CUST101407,560111,2025-06-07 21:36:39,2114.81,25.6,Fashion,4,17.1,0
ORD507760,CUST101810,560066,2025-06-07 21:51:56,918.07,3.3,Electronics,15,12.5,0
ORD501249,CUST100376,560073,2025-06-07 22:21:12,517.28,12.9,Other,9,18.6,1
ORD507173,CUST101450,560074,2025-06-07 22:23:33,403.34,0.9,Other,17,15.0,0
ORD502939,CUST100659,560068,2025-06-07 23:14:34,873.04,34.8,Electronics,22,13.5,0
ORD507692,CUST101246,560092,2025-06-07 23:58:26,294.96,8.8,Home,5,1.0,1
ORD502202,CUST101327,560089,2025-06-08 00:05:37,937.6,9.8,Grocery,23,3.1,0
ORD501492,CUST100995,560069,2025-06-08 00:45:52,1074.89,27.0,Electronics,14,1.5,0
ORD507585,CUST100878,560092,2025-06-08 02:06:31,671.74,29.9,Beauty,8,1.6,0
ORD504801,CUST101869,560013,2025-06-08 02:26:08,725.21,14.5,Grocery,19,12.9,0
ORD500572,CUST100798,560060,2025-06-08 02:35:17,466.25,2.1,Fashion,16,10.2,0
ORD503230,CUST100448,560110,2025-06-08 02:59:37,556.3,4.7,Fashion,13,11.4,1
ORD501431,CUST101203,560021,2025-06-08 04:08:30,378.43,37.0,Fashion,17,12.0,0
ORD505463,CUST101116,560011,2025-06-08 04:19:22,440.7,48.7,Fashion,23,5.4,1
ORD500513,CUST101551,560049,2025-06-08 04:32:47,1461.24,13.4,Fashion,11,6.2,0
ORD506485,CUST100520,560057,2025-06-08 04:39:47,470.74,15.5,Home,4,7.7,0
ORD501109,CUST101022,560071,2025-06-08 06:01:19,356.22,12.0,Fashion,10,3.6,0
ORD504472,CUST101491,560072,2025-06-08 06:15:38,758.74,24.1,Home,7,10.0,1
ORD505607,CUST100064,560037,2025-06-08 08:50:25,264.91,8.8,Electronics,21,1.4,0
ORD502163,CUST101432,560113,2025-06-08 08:53:44,2136.52,22.4,Other,19,4.5,0
ORD506151,CUST101558,560077,2025-06-08 09:19:58,567.16,17.3,Fashion,20,16.7,0
ORD507654,CUST100424,560100,2025-06-08 09:20:24,389.86,25.5,Beauty,22,16.7,0
ORD505265,CUST100168,560066,2025-06-08 10:37:22,407.51,6.3,Electronics,13,10.2,0
ORD507033,CUST100860,560078,2025-06-08 11:05:20,609.28,32.5,Electronics,13,11.2,0
ORD502406,CUST100798,560045,2025-06-08 11:12:37,1345.99,15.9,Beauty,8,6.2,0
ORD503683,CUST101125,560045,2025-06-08 11:34:34,583.38,39.9,Fashion,2,8.5,0
ORD504488,CUST100607,560087,2025-06-08 12:04:02,1011.53,4.3,Home,15,10.2,0
ORD503195,CUST100962,560075,2025-06-08 12:15:08,714.41,23.0,Home,13,2.4,0
ORD500126,CUST101089,560064,2025-06-08 13:04:46,1156.08,22.0,Electronics,4,6.6,1
ORD503353,CUST101140,560029,2025-06-08 13:31:05,234.35,9.5,Other,17,2.5,0
ORD504569,CUST101657,560015,2025-06-08 13:51:17,443.5,2.5,Fashion,16,12.2,0
ORD505987,CUST100872,560099,2025-06-08 14:04:47,873.09,30.4,Fashion,8,12.1,0
ORD506543,CUST101866,560105,2025-06-08 14:40:54,741.88,9.8,Beauty,1,2.3,0
ORD504499,CUST101221,560027,2025-06-08 15:41:26,695.05,15.1,Beauty,17,14.9,1
ORD503827,CUST101055,560044,2025-06-08 16:21:29,1725.56,14.6,Fashion,2,13.5,0
ORD507264,CUST101977,560043,2025-06-08 16:34:50,606.48,31.5,Electronics,3,10.2,0
ORD505205,CUST101390,560101,2025-06-08 19:40:12,443.38,31.6,Grocery,5,11.7,0
ORD503716,CUST101480,560059,2025-06-08 20:44:38,871.73,21.2,Home,1,16.3,0
ORD507511,CUST100556,560072,2025-06-08 21:26:47,1273.89,21.6,Home,23,1.7,0
ORD507037,CUST100532,560074,2025-06-08 22:58:03,656.17,6.9,Fashion,10,32.0,0
ORD505112,CUST100688,560044,2025-06-08 23:26:04,1142.99,19.6,Beauty,9,17.6,0
ORD504483,CUST101261,560095,2025-06-08 23:32:18,891.84,14.9,Electronics,15,1.2,0
ORD504538,CUST100370,560117,2025-06-08 23:44:33,307.59,24.8,Beauty,9,16.7,0
ORD505523,CUST101764,560062,2025-06-09 00:08:25,340.81,28.5,Home,18,1.0,0
ORD502162,CUST100478,560103,2025-06-09 00:31:16,208.69,15.6,Home,13,14.5,1
ORD501530,CUST100085,560082,2025-06-09 00:51:24,1813.1,3.6,Home,2,1.3,0
ORD507896,CUST101749,560055,2025-06-09 02:43:39,326.68,12.2,Fashion,3,10.6,0
ORD503868,CUST100453,560072,2025-06-09 05:00:24,1554.92,13.7,Beauty,14,10.1,0
ORD507374,CUST101335,560111,2025-06-09 05:24:43,964.19,50.4,Fashion,5,1.0,1
ORD502799,CUST101794,560006,2025-06-09 06:07:33,1258.13,16.3,Fashion,11,10.3,0
ORD502147,CUST101681,560116,2025-06-09 06:18:52,963.46,18.3,Home,10,18.2,1
ORD501714,CUST101363,560110,2025-06-09 06:26:31,712.0,26.5,Grocery,22,12.9,0
ORD502142,CUST100212,560004,2025-06-09 07:26:49,389.37,19.3,Beauty,13,13.3,0
ORD507325,CUST100774,560052,2025-06-09 07:42:17,258.39,40.4,Grocery,8,25.1,0
ORD504090,CUST100888,560080,2025-06-09 07:58:32,210.67,5.4,Electronics,6,23.2,0
ORD503713,CUST101815,560052,2025-06-09 08:24:25,459.24,10.1,Fashion,10,5.0,0
ORD506757,CUST100517,560054,2025-06-09 08:25:25,322.88,19.3,Beauty,20,12.8,1
ORD501989,CUST101291,560037,2025-06-09 08:41:23,189.25,6.6,Electronics,20,22.2,0
ORD506053,CUST101118,560092,2025-06-09 08:47:21,310.08,4.6,Fashion,20,13.5,0
ORD504418,CUST100621,560029,2025-06-09 09:01:46,393.53,26.2,Other,5,13.2,0
ORD505779,CUST101072,560102,2025-06-09 10:09:45,541.44,8.1,Electronics,1,1.5,1
ORD507682,CUST101830,560023,2025-06-09 10:58:48,540.91,11.5,Electronics,20,22.5,0
ORD503225,CUST100968,560101,2025-06-09 11:10:47,1047.64,4.4,Fashion,9,10.1,1
ORD503839,CUST100145,560038,2025-06-09 12:42:22,705.45,31.0,Fashion,22,14.2,1
ORD503157,CUST101495,560106,2025-06-09 13:03:52,1497.01,23.9,Fashion,5,17.9,0
ORD500509,CUST100976,560072,2025-06-09 15:48:56,353.68,10.2,Home,23,7.8,0
ORD504153,CUST100708,560070,2025-06-09 16:45:39,364.85,34.3,Electronics,16,19.5,0
ORD502137,CUST100774,560018,2025-06-09 17:02:06,1012.92,43.0,Grocery,20,2.7,0
ORD505827,CUST101335,560059,2025-06-09 18:41:10,580.93,38.1,Grocery,7,21.1,0
ORD501996,CUST101551,560115,2025-06-09 19:08:02,635.3,4.1,Home,20,19.7,0
ORD505194,CUST100151,560015,2025-06-09 19:19:56,483.05,22.5,Fashion,9,18.2,1
ORD504268,CUST100602,560040,2025-06-09 20:38:47,1075.24,10.6,Other,3,16.8,0
ORD502868,CUST100017,560009,2025-06-09 21:24:20,1602.7,30.5,Electronics,8,31.4,0
ORD505154,CUST100678,560059,2025-06-10 01:52:28,783.05,27.1,Home,7,5.9,0
ORD500624,CUST101754,560108,2025-06-10 01:57:41,483.57,12.4,Electronics,19,3.3,0
ORD500331,CUST100759,560102,2025-06-10 04:11:28,258.09,31.1,Fashion,17,3.8,0
ORD507947,CUST100458,560116,2025-06-10 05:06:46,528.86,7.8,Electronics,14,11.7,0
ORD507205,CUST100416,560014,2025-06-10 05:24:55,573.92,2.4,Electronics,13,3.4,0
ORD507758,CUST100185,560075,2025-06-10 05:32:33,486.88,3.8,Home,5,2.9,0
ORD506067,CUST101806,560041,2025-06-10 05:44:40,1868.47,24.3,Fashion,11,4.2,1
ORD506311,CUST100035,560005,2025-06-10 05:56:07,162.67,7.5,Electronics,2,5.0,0
ORD507688,CUST101876,560104,2025-06-10 06:15:53,373.88,10.2,Beauty,5,14.6,0
ORD507244,CUST101834,560088,2025-06-10 06:40:24,622.97,34.1,Electronics,9,19.5,0
ORD502543,CUST100003,560008,2025-06-10 09:47:30,1343.71,8.4,Home,21,16.8,0
ORD504299,CUST100107,560038,2025-06-10 10:26:19,841.53,6.0,Fashion,13,11.0,0
ORD503458,CUST100380,560032,2025-06-10 10:34:16,418.58,49.3,Fashion,15,15.7,0
ORD504130,CUST101085,560079,2025-06-10 11:07:58,398.02,3.0,Home,12,11.9,0
ORD501104,CUST101246,560026,2025-06-10 11:45:50,260.16,36.9,Fashion,4,9.3,0
ORD503887,CUST100374,560089,2025-06-10 11:51:28,556.9,8.9,Fashion,15,1.3,0
ORD501069,CUST101038,560088,2025-06-10 11:51:32,482.45,5.7,Fashion,20,14.4,0
ORD500740,CUST101586,560052,2025-06-10 12:35:34,1529.51,24.5,Other,23,7.6,1
ORD506293,CUST100085,560041,2025-06-10 12:51:12,566.22,17.7,Fashion,5,14.7,1
ORD502786,CUST100516,560107,2025-06-10 12:57:21,542.45,12.5,Fashion,12,9.0,0
ORD501924,CUST101117,560102,2025-06-10 13:06:05,471.61,1.0,Home,15,15.3,0
ORD501000,CUST100713,560113,2025-06-10 13:22:11,403.43,1.8,Grocery,17,21.3,0
ORD504154,CUST100347,560078,2025-06-10 13:40:20,614.19,27.7,Electronics,21,8.5,0
ORD507797,CUST100131,560040,2025-06-10 13:50:28,712.9,10.3,Electronics,22,8.6,0
ORD501778,CUST101022,560071,2025-06-10 14:03:35,465.67,10.8,Fashion,10,14.7,0
ORD504492,CUST101268,560054,2025-06-10 14:36:59,721.45,7.0,Fashion,9,1.0,1
ORD501611,CUST100460,560067,2025-06-10 14:37:28,839.84,11.7,Electronics,21,21.4,1
ORD505534,CUST100147,560013,2025-06-10 15:18:24,306.59,5.5,Grocery,12,1.1,1
ORD506638,CUST101850,560110,2025-06-10 15:26:51,434.13,36.4,Fashion,14,16.8,0
ORD506284,CUST100079,560043,2025-06-10 15:51:02,389.14,36.6,Grocery,5,18.4,0
ORD502969,CUST100924,560046,2025-06-10 16:14:25,2349.16,55.6,Fashion,13,13.0,1
ORD502293,CUST100692,560038,2025-06-10 17:08:35,434.94,17.8,Other,1,23.0,1
ORD502424,CUST101638,560117,2025-06-10 17:49:37,892.76,27.2,Fashion,0,12.9,0
ORD505103,CUST101184,560065,2025-06-10 18:24:32,605.21,27.0,Electronics,17,18.8,0
ORD502718,CUST100272,560102,2025-06-10 19:21:46,479.05,32.3,Home,21,17.1,0
ORD502043,CUST101461,560066,2025-06-10 19:24:01,865.51,33.8,Fashion,12,16.2,0
ORD503650,CUST100667,560002,2025-06-10 20:08:37,444.49,4.6,Fashion,17,11.7,0
ORD500785,CUST100034,560049,2025-06-10 20:09:04,338.28,40.1,Electronics,8,13.7,0
ORD504809,CUST100699,560109,2025-06-10 20:34:23,192.27,15.0,Fashion,8,11.6,0
ORD506336,CUST100814,560054,2025-06-10 21:53:42,607.87,6.8,Home,19,2.8,0
ORD501360,CUST101714,560093,2025-06-11 02:53:41,374.3,24.6,Home,14,21.1,0
ORD506832,CUST100935,560077,2025-06-11 02:59:48,496.22,26.8,Fashion,19,17.1,1
ORD504895,CUST101751,560039,2025-06-11 03:05:49,558.43,38.8,Home,18,11.8,1
ORD502180,CUST100547,560028,2025-06-11 03:45:46,1289.23,12.9,Fashion,2,12.9,0
ORD501942,CUST101969,560062,2025-06-11 04:22:57,2743.47,13.2,Electronics,0,24.2,0
ORD504212,CUST101502,560051,2025-06-11 05:06:17,608.53,2.9,Beauty,19,19.7,0
ORD507409,CUST101674,560077,2025-06-11 06:13:22,497.77,8.7,Home,7,7.4,0
ORD500537,CUST100693,560110,2025-06-11 06:20:44,351.04,5.3,Electronics,15,17.5,0
ORD506933,CUST100964,560014,2025-06-11 06:30:14,531.63,38.2,Other,0,28.3,1
ORD501490,CUST101740,560023,2025-06-11 07:27:34,428.17,30.1,Fashion,23,18.4,0
ORD502599,CUST101717,560043,2025-06-11 08:09:35,436.34,35.9,Fashion,1,21.9,0
ORD503976,CUST101278,560011,2025-06-11 08:29:18,234.74,16.8,Other,23,16.6,0
ORD506789,CUST101742,560050,2025-06-11 09:08:35,299.92,13.2,Fashion,11,15.3,1
ORD506219,CUST100949,560015,2025-06-11 09:32:25,607.82,26.2,Electronics,0,15.6,0
ORD504634,CUST101884,560061,2025-06-11 09:41:46,2149.6,18.7,Grocery,5,15.7,1
ORD505337,CUST100969,560061,2025-06-11 09:51:22,880.74,6.4,Home,12,4.8,0
ORD502854,CUST101250,560040,2025-06-11 10:39:35,427.62,25.9,Fashion,11,4.7,0
ORD505556,CUST100872,560118,2025-06-11 11:04:20,1276.69,6.2,Fashion,5,3.4,0
ORD503790,CUST100431,560014,2025-06-11 11:13:11,375.51,28.4,Fashion,10,20.2,0
ORD503772,CUST101914,560081,2025-06-11 11:15:11,623.59,21.0,Fashion,20,13.5,1
ORD503363,CUST100475,560111,2025-06-11 11:20:35,1346.07,32.0,Home,23,13.1,1
ORD507232,CUST101608,560072,2025-06-11 11:39:21,640.9,36.9,Fashion,13,15.0,0
ORD506598,CUST101838,560033,2025-06-11 11:53:22,204.33,25.6,Beauty,5,10.5,1
ORD506619,CUST101055,560030,2025-06-11 12:05:57,606.5,6.9,Beauty,20,1.3,0
ORD502886,CUST100087,560095,2025-06-11 12:08:39,505.3,33.0,Fashion,17,5.3,0
ORD504767,CUST101580,560032,2025-06-11 12:37:37,1202.01,24.2,Beauty,6,3.5,0
ORD503421,CUST101892,560101,2025-06-11 13:15:22,599.44,18.2,Electronics,1,5.5,0
ORD502557,CUST100515,560055,2025-06-11 13:59:18,1132.42,4.8,Fashion,1,1.0,0
ORD504919,CUST101551,560096,2025-06-11 16:01:35,569.51,16.3,Electronics,20,14.8,0
ORD504474,CUST101215,560071,2025-06-11 16:19:10,301.06,6.8,Other,5,1.8,0
ORD506830,CUST100270,560037,2025-06-11 17:53:36,847.9,43.2,Fashion,19,1.6,0
ORD501045,CUST101389,560061,2025-06-11 18:08:01,648.87,9.6,Fashion,17,9.7,0
ORD502367,CUST101472,560104,2025-06-11 18:17:52,786.15,40.2,Beauty,16,6.9,1
ORD504585,CUST100148,560118,2025-06-11 18:53:21,377.82,11.8,Fashion,7,12.1,0
ORD506231,CUST101072,560051,2025-06-11 18:57:31,608.65,11.4,Fashion,18,1.5,0
ORD503481,CUST100027,560059,2025-06-11 19:03:06,379.52,6.1,Other,6,18.5,0
ORD500266,CUST101467,560049,2025-06-11 19:12:16,734.24,21.9,Electronics,10,22.1,0
ORD503798,CUST100708,560027,2025-06-11 20:37:55,480.86,36.2,Fashion,8,18.7,0
ORD500128,CUST100057,560027,2025-06-11 20:42:31,870.38,2.8,Fashion,15,5.3,0
ORD505378,CUST100405,560023,2025-06-11 21:03:37,814.18,11.2,Home,14,17.8,0
ORD502064,CUST100208,560040,2025-06-11 21:13:34,339.71,19.5,Electronics,18,27.2,0
ORD503326,CUST100881,560023,2025-06-11 23:12:03,4389.97,23.4,Beauty,1,10.4,0
ORD500621,CUST100222,560039,2025-06-11 23:38:35,170.76,14.9,Home,9,17.9,0
ORD504262,CUST100684,560106,2025-06-12 01:08:37,2288.43,18.3,Fashion,16,17.4,1
ORD504331,CUST100906,560089,2025-06-12 01:26:31,313.89,18.3,Fashion,11,15.4,0
ORD501454,CUST100173,560088,2025-06-12 02:04:54,365.29,6.2,Beauty,12,15.8,1
ORD504952,CUST100173,560027,2025-06-12 02:18:59,340.58,3.8,Beauty,22,14.0,0
ORD507525,CUST100915,560064,2025-06-12 02:19:58,1263.26,19.4,Other,10,24.0,0
ORD504843,CUST100420,560029,2025-06-12 02:20:26,380.13,22.8,Fashion,20,23.6,0
ORD507776,CUST100779,560054,2025-06-12 02:49:35,816.54,2.0,Home,19,16.1,0
ORD507408,CUST101604,560033,2025-06-12 02:54:00,929.48,4.5,Grocery,11,2.4,0
ORD506659,CUST101667,560105,2025-06-12 02:54:57,944.47,1.2,Electronics,16,2.5,0
ORD507957,CUST101604,560078,2025-06-12 03:06:15,753.97,50.7,Other,2,2.8,0
ORD507675,CUST100034,560074,2025-06-12 03:43:43,577.55,18.5,Fashion,22,1.7,1
ORD505226,CUST100687,560087,2025-06-12 04:02:17,755.35,28.7,Electronics,9,9.0,0
ORD506803,CUST100361,560038,2025-06-12 04:04:45,1236.3,24.7,Grocery,11,17.7,0
ORD504911,CUST100341,560055,2025-06-12 04:07:20,518.04,13.1,Fashion,17,5.5,0
ORD503019,CUST100863,560064,2025-06-12 04:19:48,608.43,13.9,Fashion,20,8.7,0
ORD505884,CUST101356,560081,2025-06-12 04:27:04,474.23,38.1,Fashion,0,2.1,0
ORD504939,CUST100034,560083,2025-06-12 04:46:21,454.63,25.7,Grocery,21,10.0,0
ORD503383,CUST100545,560004,2025-06-12 05:01:45,308.22,21.8,Grocery,23,9.6,1
ORD504913,CUST101499,560027,2025-06-12 05:23:43,1823.56,24.4,Fashion,10,9.8,0
ORD507056,CUST101344,560116,2025-06-12 07:15:30,227.16,21.7,Beauty,9,14.8,0
ORD503510,CUST100005,560001,2025-06-12 07:26:35,539.84,11.6,Electronics,12,3.7,0
ORD502670,CUST100232,560056,2025-06-12 07:44:57,471.16,20.6,Home,20,7.2,1
ORD506209,CUST100758,560066,2025-06-12 07:57:35,2271.42,49.3,Beauty,18,19.3,1
ORD502116,CUST101868,560022,2025-06-12 09:59:05,413.76,6.1,Electronics,2,9.2,1
ORD507193,CUST100809,560065,2025-06-12 10:17:26,302.29,16.5,Grocery,22,22.4,0
ORD505791,CUST100059,560072,2025-06-12 10:19:55,729.69,7.5,Beauty,2,25.2,0
ORD500301,CUST101674,560082,2025-06-12 11:12:16,4148.72,13.2,Home,22,6.8,0
ORD500587,CUST100675,560091,2025-06-12 11:53:00,372.44,3.5,Fashion,13,8.0,0
ORD507696,CUST101701,560055,2025-06-12 12:40:53,474.43,10.8,Beauty,21,11.9,0
ORD500271,CUST101759,560064,2025-06-12 12:49:55,559.62,17.4,Other,16,17.2,0
ORD503438,CUST101096,560029,2025-06-12 12:57:33,2147.25,31.4,Home,14,10.3,0
ORD507468,CUST101657,560081,2025-06-12 13:07:13,607.37,9.2,Fashion,0,13.2,0
ORD507543,CUST100660,560091,2025-06-12 13:50:31,1097.82,10.6,Other,7,15.4,1
ORD504803,CUST101013,560116,2025-06-12 15:26:59,399.07,9.5,Fashion,21,16.0,0
ORD502497,CUST100408,560093,2025-06-12 15:45:20,348.28,38.7,Beauty,18,24.1,0
ORD507782,CUST100777,560044,2025-06-12 16:17:40,347.65,18.7,Home,3,12.6,1
ORD500275,CUST100557,560065,2025-06-12 18:00:22,1245.91,24.4,Fashion,14,18.0,0
ORD504486,CUST101084,560009,2025-06-12 18:26:36,600.44,13.8,Fashion,13,14.5,0
ORD503462,CUST101072,560102,2025-06-12 18:45:54,572.96,7.1,Fashion,5,15.3,1
ORD500436,CUST101156,560004,2025-06-12 18:50:41,1120.03,18.3,Fashion,9,12.0,0
ORD505444,CUST100935,560092,2025-06-12 19:49:17,361.14,27.9,Beauty,5,6.5,1
ORD505716,CUST100194,560042,2025-06-12 20:17:58,249.45,10.9,Fashion,7,4.7,0
ORD505164,CUST101659,560113,2025-06-12 20:31:37,572.46,59.7,Grocery,3,14.3,0
ORD504189,CUST101608,560019,2025-06-12 21:37:04,389.31,36.3,Beauty,1,2.0,0
ORD502888,CUST101423,560071,2025-06-12 23:32:37,577.63,10.4,Other,14,23.2,1
ORD504639,CUST100059,560033,2025-06-12 23:45:49,1054.48,5.0,Other,11,6.9,0
ORD506082,CUST100577,560021,2025-06-13 00:26:17,1180.25,3.8,Beauty,8,3.3,0
ORD507089,CUST100888,560063,2025-06-13 01:25:42,351.78,13.6,Fashion,5,12.7,1
ORD504009,CUST100924,560021,2025-06-13 02:14:24,374.44,16.1,Fashion,5,6.6,0
ORD506988,CUST100424,560003,2025-06-13 02:24:35,426.68,6.0,Fashion,6,14.3,1
ORD503414,CUST101810,560058,2025-06-13 02:51:05,968.76,11.3,Home,17,11.5,0
ORD505998,CUST101390,560074,2025-06-13 03:31:44,650.59,19.7,Grocery,12,18.3,0
ORD503900,CUST100615,560017,2025-06-13 03:59:24,1148.12,21.7,Beauty,5,18.0,1
ORD507923,CUST100199,560109,2025-06-13 04:09:18,1883.24,30.0,Other,20,6.1,0
ORD503957,CUST101390,560048,2025-06-13 05:24:26,764.57,12.5,Other,9,1.4,0
ORD501647,CUST100758,560093,2025-06-13 07:09:55,451.93,19.8,Fashion,20,1.0,0
ORD502048,CUST101407,560100,2025-06-13 07:18:30,513.24,11.5,Fashion,9,21.1,0
ORD507963,CUST101377,560057,2025-06-13 07:24:26,2198.09,14.7,Other,12,17.3,0
ORD506656,CUST101153,560054,2025-06-13 07:59:00,889.03,19.4,Grocery,2,14.4,0
ORD502451,CUST101493,560114,2025-06-13 08:31:30,549.87,15.8,Fashion,17,1.0,0
ORD506077,CUST101265,560000,2025-06-13 11:20:13,188.57,5.8,Electronics,18,12.8,0
ORD507452,CUST101868,560105,2025-06-13 11:51:36,615.25,19.7,Beauty,13,15.7,1
ORD506744,CUST100321,560051,2025-06-13 11:55:36,444.19,24.3,Electronics,14,13.4,1
ORD503119,CUST100613,560111,2025-06-13 13:46:00,634.57,39.1,Beauty,17,18.1,1
ORD505099,CUST101742,560065,2025-06-13 13:55:13,246.94,23.3,Fashion,19,8.4,1
ORD507690,CUST101044,560082,2025-06-13 14:52:46,1130.43,15.2,Fashion,2,15.5,1
ORD504928,CUST101373,560039,2025-06-13 15:18:01,808.29,30.7,Fashion,20,15.7,0
ORD504814,CUST101183,560033,2025-06-13 15:24:30,325.55,36.1,Fashion,23,14.5,1
ORD506004,CUST101762,560013,2025-06-13 15:39:48,770.59,30.3,Electronics,12,3.1,0
ORD506564,CUST101045,560113,2025-06-13 15:41:12,1274.91,28.6,Electronics,23,11.5,0
ORD500057,CUST101118,560025,2025-06-13 15:59:14,431.84,14.9,Fashion,6,1.0,0
ORD505437,CUST101467,560086,2025-06-13 16:12:05,649.31,7.9,Fashion,18,1.6,0
ORD502310,CUST101967,560042,2025-06-13 18:34:52,353.83,25.3,Beauty,6,12.6,0
ORD505604,CUST100622,560021,2025-06-13 18:45:53,521.12,29.8,Fashion,6,11.2,0
ORD502226,CUST100975,560010,2025-06-13 19:22:58,870.56,35.3,Beauty,19,15.0,0
ORD500049,CUST100275,560088,2025-06-13 21:06:00,1473.94,20.5,Beauty,17,14.1,0
ORD502279,CUST100901,560076,2025-06-13 21:25:23,393.74,40.1,Grocery,4,11.6,0
ORD507999,CUST101363,560000,2025-06-13 22:05:41,632.42,15.0,Fashion,4,1.0,0
ORD506959,CUST101579,560046,2025-06-13 22:09:57,3365.8,22.8,Fashion,4,13.2,1
ORD500425,CUST101865,560106,2025-06-13 22:34:54,680.28,21.6,Fashion,15,2.2,0
ORD501713,CUST101657,560066,2025-06-13 22:46:04,1357.19,28.4,Home,23,28.1,1
ORD500921,CUST101989,560088,2025-06-13 23:00:25,483.22,2.9,Grocery,15,13.4,0
ORD504720,CUST100708,560030,2025-06-13 23:12:19,1803.75,18.2,Electronics,1,6.4,0
ORD502105,CUST100444,560016,2025-06-13 23:54:12,443.45,2.3,Fashion,18,19.3,0
ORD507243,CUST101096,560073,2025-06-14 00:01:22,513.97,32.0,Home,13,22.8,0
ORD507812,CUST101324,560087,2025-06-14 00:03:57,731.26,8.8,Fashion,14,7.3,0
ORD503417,CUST101551,560019,2025-06-14 00:29:51,606.87,45.1,Other,11,24.0,0
ORD504628,CUST101606,560040,2025-06-14 00:33:05,1083.89,2.3,Electronics,19,5.2,0
ORD502749,CUST100302,560042,2025-06-14 00:41:36,311.49,2.7,Beauty,17,22.6,0
ORD504335,CUST101227,560006,2025-06-14 01:24:34,967.03,24.0,Home,19,12.0,0
ORD506921,CUST100112,560011,2025-06-14 02:25:05,811.82,61.0,Electronics,3,24.2,1
ORD506670,CUST101859,560041,2025-06-14 02:26:40,1129.88,19.8,Other,3,32.9,0
ORD504461,CUST101166,560035,2025-06-14 03:44:28,1109.49,23.1,Beauty,22,8.9,0
ORD506303,CUST101579,560105,2025-06-14 04:22:27,924.42,28.0,Fashion,17,13.6,1
ORD507866,CUST100976,560060,2025-06-14 05:20:46,1011.08,12.5,Electronics,10,27.8,0
ORD500427,CUST101164,560047,2025-06-14 06:27:46,652.62,21.2,Fashion,6,5.3,1
ORD507623,CUST101191,560070,2025-06-14 08:30:18,448.07,29.3,Fashion,20,13.3,0
ORD504368,CUST100918,560115,2025-06-14 10:18:57,710.74,27.1,Fashion,16,9.0,1
ORD500549,CUST101865,560070,2025-06-14 10:21:25,179.97,10.7,Home,11,16.0,0
ORD500943,CUST100901,560115,2025-06-14 10:55:11,499.31,17.9,Fashion,7,7.0,0
ORD503553,CUST100834,560103,2025-06-14 10:56:57,634.59,13.1,Other,15,15.5,0
ORD500997,CUST101805,560081,2025-06-14 11:16:01,291.52,11.5,Electronics,15,16.4,0
ORD505015,CUST101072,560091,2025-06-14 11:55:34,317.92,10.7,Electronics,7,19.8,1
ORD505682,CUST101974,560020,2025-06-14 12:22:42,705.81,26.3,Home,16,14.1,0
ORD507771,CUST101922,560001,2025-06-14 12:44:30,702.76,9.0,Beauty,7,6.0,1
ORD507206,CUST101431,560024,2025-06-14 14:09:24,1422.96,5.3,Fashion,18,6.7,0
ORD505136,CUST101936,560056,2025-06-14 15:11:19,349.85,46.7,Fashion,18,11.1,0
ORD502763,CUST100588,560017,2025-06-14 15:48:40,638.92,3.6,Home,22,3.9,0
ORD503456,CUST101787,560068,2025-06-14 16:16:55,408.06,31.8,Grocery,14,30.3,0
ORD506663,CUST101511,560026,2025-06-14 16:46:07,1270.72,9.5,Home,0,1.0,0
ORD506054,CUST100872,560038,2025-06-14 17:16:03,519.07,31.2,Home,12,13.9,1
ORD505116,CUST101940,560035,2025-06-14 17:30:44,527.26,9.8,Electronics,21,14.8,0
ORD504773,CUST101184,560112,2025-06-14 18:57:34,620.24,3.2,Fashion,2,10.7,0
ORD503437,CUST100975,560109,2025-06-14 19:42:38,882.08,9.6,Other,7,13.0,0
ORD505122,CUST100740,560043,2025-06-14 19:46:36,729.4,36.7,Fashion,7,3.4,0
ORD504111,CUST100276,560090,2025-06-14 20:08:00,1030.8,19.6,Other,6,7.8,0
ORD501852,CUST101249,560056,2025-06-14 20:26:57,150.0,16.5,Electronics,4,16.4,0
ORD505223,CUST101129,560026,2025-06-14 21:26:02,1676.69,16.2,Fashion,23,21.2,0
ORD502550,CUST101129,560087,2025-06-14 23:47:08,435.64,11.5,Beauty,6,1.4,0
ORD502509,CUST100453,560080,2025-06-15 00:51:27,962.14,9.0,Home,12,19.5,0
ORD501203,CUST100906,560088,2025-06-15 01:23:36,1873.12,27.8,Fashion,9,15.3,0
ORD506057,CUST101139,560042,2025-06-15 01:38:16,373.36,18.0,Electronics,14,10.7,0
ORD502773,CUST100725,560090,2025-06-15 01:43:06,347.71,9.9,Fashion,7,1.4,0
ORD506401,CUST100364,560001,2025-06-15 01:45:01,422.36,29.7,Fashion,23,18.9,1
ORD507360,CUST101552,560033,2025-06-15 02:13:25,1226.38,34.7,Electronics,6,18.8,0
ORD502760,CUST100194,560103,2025-06-15 04:52:43,282.8,29.8,Electronics,9,9.0,0
ORD505077,CUST101543,560010,2025-06-15 05:13:26,1061.98,43.3,Other,1,15.7,0
ORD500388,CUST100699,560014,2025-06-15 05:44:48,933.35,10.2,Fashion,19,3.7,0
ORD505967,CUST100863,560049,2025-06-15 07:08:44,434.54,1.0,Electronics,0,3.6,0
ORD503635,CUST100247,560076,2025-06-15 07:15:28,510.57,1.6,Fashion,20,4.1,0
ORD500955,CUST100520,560109,2025-06-15 07:42:36,844.92,29.2,Other,23,21.2,1
ORD500570,CUST100014,560071,2025-06-15 08:49:59,638.3,34.9,Electronics,4,9.4,0
ORD504249,CUST100684,560013,2025-06-15 08:51:14,289.57,30.0,Other,15,16.6,0
ORD507354,CUST100684,560090,2025-06-15 09:22:38,965.37,16.8,Other,18,15.2,0
ORD504602,CUST100410,560083,2025-06-15 09:47:07,974.93,21.9,Other,11,13.5,0
ORD506056,CUST101377,560076,2025-06-15 09:57:03,1642.71,0.2,Fashion,10,18.9,0
ORD503894,CUST101657,560103,2025-06-15 10:22:08,425.19,4.5,Beauty,15,29.9,0
ORD503987,CUST101467,560034,2025-06-15 10:50:38,447.23,10.7,Beauty,15,3.8,0
ORD505340,CUST100206,560099,2025-06-15 10:50:49,1048.97,1.5,Grocery,3,18.9,0
ORD504073,CUST100531,560092,2025-06-15 11:00:14,507.89,16.8,Grocery,13,5.2,0
ORD504723,CUST101122,560078,2025-06-15 11:15:44,1309.31,18.1,Electronics,14,18.8,0
ORD504686,CUST101013,560096,2025-06-15 11:48:57,557.13,9.6,Fashion,15,12.8,0
ORD502680,CUST100485,560077,2025-06-15 12:19:03,761.82,41.1,Home,15,16.5,0
ORD501820,CUST101192,560023,2025-06-15 12:35:53,189.93,8.3,Fashion,6,7.2,0
ORD501197,CUST101251,560095,2025-06-15 13:42:02,1209.18,20.9,Fashion,14,3.3,0
ORD501255,CUST100713,560103,2025-06-15 13:55:55,340.66,36.0,Beauty,19,14.3,0
ORD502055,CUST100001,560107,2025-06-15 14:05:51,2181.18,11.8,Other,23,7.9,0
ORD506048,CUST100681,560048,2025-06-15 14:07:35,429.28,10.2,Electronics,22,5.0,0
ORD503529,CUST101666,560014,2025-06-15 17:30:59,267.73,5.3,Beauty,10,15.8,0
ORD501233,CUST100448,560119,2025-06-15 17:39:14,224.83,17.3,Fashion,16,23.7,1
ORD507833,CUST101203,560099,2025-06-15 17:56:59,727.63,34.3,Home,21,14.6,0
ORD500182,CUST101055,560116,2025-06-15 17:58:34,573.7,0.9,Electronics,9,10.3,0
ORD502800,CUST100520,560100,2025-06-15 18:27:56,598.31,35.4,Electronics,2,16.2,0
ORD501960,CUST101534,560023,2025-06-15 18:32:27,640.1,4.2,Other,13,33.9,0
ORD507695,CUST101164,560063,2025-06-15 18:49:43,933.71,17.4,Fashion,2,18.9,0
ORD507120,CUST100165,560115,2025-06-15 19:21:36,333.41,33.4,Fashion,12,17.1,0
ORD501182,CUST101467,560009,2025-06-15 20:27:03,1481.05,31.8,Grocery,19,14.6,1
ORD501287,CUST101203,560102,2025-06-15 20:37:31,442.75,19.6,Fashion,1,16.2,0
ORD503076,CUST101032,560024,2025-06-15 21:04:15,578.56,26.7,Fashion,23,15.9,0
ORD506766,CUST100677,560080,2025-06-15 21:24:07,226.57,10.8,Fashion,11,7.3,0
ORD502793,CUST100144,560089,2025-06-15 21:27:08,633.33,45.4,Fashion,4,10.6,0
ORD505320,CUST101519,560058,2025-06-15 21:35:45,214.67,12.6,Other,10,20.2,0
ORD503441,CUST100159,560093,2025-06-15 21:47:04,679.57,13.8,Electronics,8,17.7,0
ORD500813,CUST101701,560082,2025-06-15 22:35:39,781.86,23.6,Fashion,20,22.6,1
ORD501994,CUST100485,560023,2025-06-15 23:04:13,651.62,17.3,Other,9,2.6,0
ORD506618,CUST101161,560071,2025-06-15 23:12:45,286.67,26.1,Home,22,12.5,0
ORD504140,CUST100199,560038,2025-06-15 23:30:42,290.57,30.9,Home,10,16.5,1
ORD504405,CUST100901,560096,2025-06-16 00:29:08,609.51,39.6,Other,14,9.2,0
ORD505478,CUST101294,560100,2025-06-16 01:06:50,1567.29,26.1,Home,15,3.4,0
ORD504291,CUST101164,560003,2025-06-16 01:15:45,537.16,3.8,Grocery,6,21.2,0
ORD504516,CUST100321,560106,2025-06-16 02:39:25,786.72,14.0,Other,7,9.6,0
ORD506609,CUST100906,560035,2025-06-16 02:57:20,489.25,51.0,Electronics,8,1.0,1
ORD504235,CUST101661,560060,2025-06-16 03:58:11,640.43,31.7,Electronics,15,10.3,0
ORD501474,CUST101323,560036,2025-06-16 05:02:13,739.14,24.7,Beauty,2,4.9,0
ORD503064,CUST100231,560052,2025-06-16 05:10:44,1295.42,18.6,Grocery,10,19.2,1
ORD500239,CUST100435,560115,2025-06-16 05:38:30,1187.95,2.0,Beauty,5,11.0,0
ORD504529,CUST100227,560093,2025-06-16 06:00:16,197.8,19.2,Electronics,13,12.0,0
ORD500910,CUST100674,560013,2025-06-16 06:08:09,239.22,3.9,Fashion,5,10.9,1
ORD503945,CUST101430,560104,2025-06-16 06:08:50,530.21,21.4,Home,6,2.7,0
ORD503427,CUST100723,560056,2025-06-16 06:29:25,301.03,14.3,Beauty,21,26.0,0
ORD500782,CUST100801,560069,2025-06-16 07:03:15,2118.07,15.0,Electronics,5,20.1,0
ORD501081,CUST100906,560065,2025-06-16 07:08:29,395.6,5.4,Fashion,9,12.8,0
ORD500221,CUST101976,560114,2025-06-16 07:27:49,537.27,14.9,Electronics,1,6.3,0
ORD506877,CUST101295,560096,2025-06-16 08:15:15,756.54,12.4,Fashion,19,8.1,0
ORD502539,CUST101966,560070,2025-06-16 09:32:21,784.88,4.2,Fashion,2,17.6,0
ORD505198,CUST101791,560063,2025-06-16 10:32:17,299.17,25.0,Beauty,13,5.8,1
ORD500611,CUST101939,560053,2025-06-16 11:10:18,464.22,24.7,Other,21,10.2,0
ORD504199,CUST100114,560065,2025-06-16 11:23:37,317.45,36.6,Other,13,26.7,0
ORD502442,CUST100924,560085,2025-06-16 11:28:56,1416.36,43.7,Home,3,7.5,0
ORD502884,CUST101556,560042,2025-06-16 14:04:26,250.69,18.7,Home,13,1.0,0
ORD503872,CUST100018,560071,2025-06-16 14:42:48,524.41,25.9,Home,7,12.7,1
ORD506673,CUST101913,560086,2025-06-16 14:49:16,314.81,17.6,Beauty,19,4.6,1
ORD503931,CUST100428,560073,2025-06-16 15:25:18,858.66,24.7,Fashion,2,5.0,1
ORD502385,CUST101865,560119,2025-06-16 15:30:08,632.16,5.8,Electronics,10,12.6,0
ORD502809,CUST100566,560068,2025-06-16 15:49:06,554.25,28.5,Electronics,14,4.7,0
ORD501938,CUST100192,560029,2025-06-16 15:50:24,1043.48,37.8,Home,7,11.9,0
ORD507883,CUST101618,560081,2025-06-16 15:56:50,1076.18,32.7,Home,3,5.6,0
ORD504427,CUST100393,560109,2025-06-16 16:00:16,362.19,2.2,Electronics,10,11.4,1
ORD503604,CUST100872,560047,2025-06-16 17:38:06,1329.75,2.0,Fashion,19,14.9,0
ORD506142,CUST100424,560078,2025-06-16 18:18:51,920.77,18.7,Fashion,4,27.8,1
ORD503810,CUST100177,560037,2025-06-16 19:27:39,243.58,23.8,Beauty,5,21.1,0
ORD507073,CUST101741,560026,2025-06-16 20:03:57,836.81,38.1,Fashion,15,14.7,0
ORD503656,CUST101465,560113,2025-06-16 21:26:03,417.19,21.1,Beauty,1,16.5,0
ORD506016,CUST101189,560061,2025-06-16 23:08:07,1519.04,10.5,Grocery,7,4.6,0
ORD504256,CUST101527,560111,2025-06-16 23:10:07,941.81,5.6,Fashion,7,11.5,0
ORD506549,CUST101335,560075,2025-06-17 00:23:26,426.09,32.5,Electronics,13,22.7,0
ORD500356,CUST100070,560027,2025-06-17 00:35:46,845.23,20.8,Home,5,16.6,0
ORD503569,CUST101976,560055,2025-06-17 00:49:11,2327.35,32.3,Beauty,22,25.9,0
ORD507336,CUST100903,560119,2025-06-17 01:21:28,1347.6,32.1,Electronics,7,19.6,0
ORD507038,CUST101154,560051,2025-06-17 02:12:41,1444.26,8.8,Grocery,13,8.4,0
ORD506612,CUST100532,560063,2025-06-17 02:15:35,537.45,17.9,Fashion,3,13.7,0
ORD502960,CUST100482,560031,2025-06-17 02:26:21,163.71,21.6,Electronics,2,12.5,1
ORD504893,CUST101048,560064,2025-06-17 02:39:33,798.43,11.1,Electronics,8,7.5,0
ORD501436,CUST101898,560050,2025-06-17 02:55:23,2123.96,9.8,Fashion,3,22.9,0
ORD507754,CUST100018,560040,2025-06-17 03:09:03,544.12,20.9,Fashion,18,8.7,0
ORD501303,CUST101594,560037,2025-06-17 04:29:17,893.83,42.5,Electronics,4,20.8,0
ORD505353,CUST101959,560107,2025-06-17 04:44:53,1443.92,1.6,Other,0,18.5,1
ORD500468,CUST101013,560053,2025-06-17 06:34:21,641.42,6.0,Fashion,4,5.3,0
ORD505417,CUST101640,560018,2025-06-17 06:40:21,1310.28,37.2,Electronics,6,17.0,0
ORD502277,CUST100359,560114,2025-06-17 07:18:23,730.33,31.1,Fashion,11,10.8,0
ORD503274,CUST101561,560109,2025-06-17 07:30:17,681.63,31.9,Other,17,5.9,1
ORD506032,CUST101997,560014,2025-06-17 07:31:43,668.18,6.7,Fashion,1,8.5,0
ORD505440,CUST100551,560022,2025-06-17 07:41:26,348.85,26.9,Fashion,18,9.9,1
ORD502407,CUST100047,560082,2025-06-17 08:00:48,298.16,30.4,Home,20,18.3,1
ORD501483,CUST101031,560056,2025-06-17 08:20:24,686.31,5.1,Beauty,16,10.0,0
ORD502339,CUST101551,560025,2025-06-17 08:45:34,397.91,10.8,Home,5,2.3,0
ORD507437,CUST100054,560011,2025-06-17 09:41:41,613.07,10.4,Home,9,14.1,0
ORD500883,CUST100684,560026,2025-06-17 09:42:48,631.47,24.5,Other,14,24.0,1
ORD500939,CUST101892,560098,2025-06-17 09:51:46,299.03,20.0,Electronics,2,9.2,0
ORD502672,CUST101594,560075,2025-06-17 10:36:42,1245.67,17.8,Beauty,15,20.4,0
ORD501455,CUST100759,560116,2025-06-17 12:11:14,481.94,4.4,Electronics,16,10.4,0
ORD504442,CUST100911,560063,2025-06-17 12:42:00,323.63,41.8,Electronics,15,10.8,1
ORD503932,CUST100913,560072,2025-06-17 12:45:18,1367.85,15.3,Grocery,3,1.0,0
ORD502971,CUST100319,560104,2025-06-17 13:30:42,1673.88,6.4,Electronics,12,4.3,0
ORD506017,CUST100991,560062,2025-06-17 13:38:18,572.92,2.4,Electronics,0,2.5,0
ORD502970,CUST101886,560020,2025-06-17 14:07:14,560.06,21.2,Fashion,12,13.7,1
ORD501648,CUST100375,560074,2025-06-17 14:08:58,571.12,45.6,Beauty,23,8.1,0
ORD505354,CUST100354,560104,2025-06-17 14:23:14,400.9,19.0,Fashion,0,18.9,0
ORD507552,CUST100969,560082,2025-06-17 14:28:04,2677.97,3.0,Other,7,1.0,0
ORD502130,CUST100307,560111,2025-06-17 14:52:15,1353.44,10.7,Grocery,23,1.6,0
ORD506264,CUST100381,560003,2025-06-17 15:13:42,430.25,4.5,Fashion,19,10.0,0
ORD506035,CUST100296,560109,2025-06-17 16:21:24,1591.96,18.6,Electronics,12,12.6,0
ORD507746,CUST101581,560021,2025-06-17 17:50:25,821.37,23.7,Electronics,21,16.6,0
ORD507061,CUST101508,560059,2025-06-17 17:52:51,968.19,33.1,Home,14,5.3,1
ORD504225,CUST101964,560045,2025-06-17 18:45:32,2831.8,9.3,Fashion,12,24.3,0
ORD501675,CUST101893,560013,2025-06-17 19:27:48,1169.58,30.3,Beauty,0,8.1,1
ORD500025,CUST101628,560040,2025-06-17 19:38:01,467.44,8.4,Fashion,21,15.0,1
ORD500836,CUST101602,560095,2025-06-17 19:40:51,224.83,7.3,Other,10,13.8,0
ORD505358,CUST100772,560052,2025-06-17 20:05:58,150.0,9.2,Grocery,15,21.0,0
ORD503980,CUST100057,560067,2025-06-17 20:14:30,1069.79,4.4,Fashion,13,20.3,0
ORD504536,CUST101213,560021,2025-06-17 21:11:54,1149.72,8.3,Other,16,1.8,0
ORD501246,CUST100361,560087,2025-06-17 21:55:46,312.8,11.3,Fashion,17,16.4,1
ORD502312,CUST100304,560114,2025-06-17 23:30:19,1374.78,15.4,Other,20,7.1,0
ORD503341,CUST101153,560081,2025-06-17 23:32:22,981.52,23.7,Fashion,17,2.0,0
ORD503541,CUST100872,560100,2025-06-17 23:44:45,306.93,42.6,Home,1,25.8,1
ORD502831,CUST101730,560101,2025-06-18 01:10:56,1015.65,29.2,Fashion,19,24.2,0
ORD504577,CUST101086,560089,2025-06-18 01:47:10,358.94,25.4,Beauty,1,10.0,0
ORD503651,CUST100095,560118,2025-06-18 02:12:35,639.82,32.0,Electronics,20,9.6,1
ORD502754,CUST101628,560005,2025-06-18 02:20:00,432.17,6.5,Home,19,2.0,1
ORD507096,CUST101237,560029,2025-06-18 02:50:45,905.64,6.5,Fashion,20,6.9,0
ORD507572,CUST100541,560092,2025-06-18 03:16:34,3089.85,43.8,Grocery,2,9.9,1
ORD505527,CUST100543,560049,2025-06-18 03:33:57,1402.86,52.1,Home,12,25.1,1
ORD507370,CUST101182,560006,2025-06-18 03:50:29,2931.35,8.2,Grocery,13,14.1,0
ORD505725,CUST100116,560043,2025-06-18 03:55:05,544.22,6.3,Beauty,19,11.1,0
ORD501543,CUST101898,560078,2025-06-18 04:09:46,220.33,16.0,Grocery,10,18.0,0
ORD505861,CUST101397,560024,2025-06-18 04:28:31,1063.83,25.0,Electronics,23,3.3,0
ORD500684,CUST101267,560090,2025-06-18 05:17:25,1057.63,14.4,Home,20,1.2,0
ORD507800,CUST101294,560017,2025-06-18 05:56:09,1049.67,36.1,Electronics,17,13.9,0
ORD507912,CUST101298,560023,2025-06-18 06:33:25,387.4,14.5,Other,14,22.8,0
ORD501667,CUST101435,560091,2025-06-18 06:36:37,392.24,22.5,Beauty,14,3.4,0
ORD500382,CUST101789,560016,2025-06-18 07:13:07,288.19,31.5,Grocery,8,10.9,0
ORD501072,CUST101930,560061,2025-06-18 07:23:07,724.65,22.7,Beauty,15,15.3,0
ORD503497,CUST100897,560117,2025-06-18 07:45:09,166.02,10.4,Other,22,10.8,0
ORD504046,CUST100228,560056,2025-06-18 08:40:08,417.19,13.9,Home,22,13.5,0
ORD502381,CUST101237,560075,2025-06-18 08:55:56,925.26,6.8,Home,2,14.1,0
ORD506104,CUST100571,560083,2025-06-18 09:15:46,1610.05,48.7,Fashion,1,15.4,0
ORD503247,CUST100746,560038,2025-06-18 09:38:43,508.24,47.1,Fashion,9,1.0,0
ORD500423,CUST101429,560094,2025-06-18 11:25:07,705.88,0.8,Fashion,13,30.2,0
ORD504052,CUST101513,560114,2025-06-18 11:52:22,530.17,26.5,Electronics,10,2.4,0
ORD506925,CUST101465,560097,2025-06-18 12:28:11,900.77,25.1,Other,7,8.0,0
ORD500548,CUST101924,560058,2025-06-18 13:08:33,703.75,30.9,Fashion,17,2.5,0
ORD507404,CUST101916,560004,2025-06-18 13:35:24,307.14,18.1,Electronics,4,17.7,0
ORD506983,CUST100063,560110,2025-06-18 14:16:01,404.51,14.7,Home,0,12.1,0
ORD500694,CUST101430,560047,2025-06-18 14:20:59,550.93,28.9,Fashion,11,4.9,0
ORD500717,CUST100037,560056,2025-06-18 14:49:11,908.04,13.9,Beauty,5,6.9,0
ORD506291,CUST101657,560099,2025-06-18 15:22:16,674.98,26.8,Home,14,25.2,0
ORD501782,CUST100789,560058,2025-06-18 15:46:02,930.6,23.4,Fashion,6,4.9,0
ORD500643,CUST100381,560038,2025-06-18 16:11:54,298.22,32.2,Electronics,5,6.1,0
ORD507307,CUST100242,560104,2025-06-18 16:16:04,586.49,45.6,Electronics,22,11.5,0
ORD503791,CUST100309,560109,2025-06-18 16:21:27,496.48,4.2,Fashion,13,11.0,0
ORD501023,CUST100949,560013,2025-06-18 16:29:30,257.11,19.3,Beauty,14,9.7,0
ORD505723,CUST101783,560106,2025-06-18 17:24:58,616.66,22.7,Other,5,20.0,0
ORD505943,CUST101201,560097,2025-06-18 18:27:17,676.15,17.3,Electronics,11,14.0,0
ORD500429,CUST101757,560110,2025-06-18 18:54:38,1403.04,13.3,Beauty,12,8.7,1
ORD501352,CUST100995,560048,2025-06-18 19:19:13,431.76,12.9,Beauty,14,1.9,0
ORD500216,CUST101841,560057,2025-06-18 20:30:31,2281.27,21.8,Fashion,5,15.5,0
ORD506447,CUST101096,560113,2025-06-18 20:39:58,637.76,16.2,Electronics,9,16.2,0
ORD506646,CUST100305,560076,2025-06-18 21:09:49,930.06,9.4,Fashion,14,1.0,0
ORD505851,CUST101007,560072,2025-06-18 22:09:32,1061.94,17.6,Home,17,6.4,0
ORD501910,CUST100381,560037,2025-06-18 22:40:25,700.83,43.1,Fashion,14,21.7,0
ORD503047,CUST101391,560013,2025-06-18 23:17:26,365.95,4.4,Electronics,22,18.0,0
ORD503985,CUST101203,560095,2025-06-19 01:56:49,303.0,6.3,Electronics,11,13.0,0
ORD506717,CUST101837,560034,2025-06-19 02:41:37,397.86,3.8,Fashion,10,10.1,0
ORD504758,CUST101428,560052,2025-06-19 02:47:24,1247.39,15.5,Electronics,9,4.7,0
ORD503005,CUST101412,560097,2025-06-19 03:38:30,1078.8,5.9,Home,13,20.8,0
ORD501751,CUST100424,560040,2025-06-19 03:46:31,161.2,6.0,Other,11,9.9,0
ORD501941,CUST101139,560039,2025-06-19 05:31:55,1963.8,19.3,Fashion,3,26.9,0
ORD503435,CUST101116,560083,2025-06-19 06:16:04,1043.62,14.1,Beauty,21,4.5,1
ORD501345,CUST101335,560096,2025-06-19 07:12:21,535.18,27.8,Electronics,22,4.6,0
ORD501052,CUST101422,560030,2025-06-19 07:26:50,225.54,1.0,Fashion,12,18.4,0
ORD501721,CUST100270,560067,2025-06-19 09:45:03,610.4,17.9,Other,0,3.3,0
ORD503867,CUST101681,560001,2025-06-19 09:50:04,924.42,32.3,Electronics,12,31.2,1
ORD507450,CUST101072,560024,2025-06-19 09:50:26,1164.6,20.0,Fashion,16,9.6,0
ORD506105,CUST101272,560065,2025-06-19 09:51:42,473.94,32.7,Other,10,1.0,0
ORD503273,CUST100901,560081,2025-06-19 11:37:45,875.42,20.4,Electronics,2,18.2,0
ORD502007,CUST100151,560096,2025-06-19 11:55:16,825.0,18.8,Fashion,14,19.2,0
ORD506137,CUST100111,560013,2025-06-19 12:31:48,557.99,13.8,Fashion,5,2.0,0
ORD506950,CUST101591,560015,2025-06-19 13:05:08,742.96,32.9,Home,1,4.2,0
ORD503467,CUST100231,560116,2025-06-19 13:49:37,478.32,12.4,Fashion,2,15.7,1
ORD501054,CUST101267,560065,2025-06-19 13:53:09,726.68,15.1,Electronics,22,12.2,0
ORD506122,CUST101596,560053,2025-06-19 14:00:23,478.43,51.0,Electronics,17,6.6,1
ORD503787,CUST101233,560064,2025-06-19 14:38:10,514.33,37.1,Other,20,1.8,0
ORD504737,CUST101062,560115,2025-06-19 15:40:36,343.28,33.9,Electronics,16,12.5,0
ORD505173,CUST101243,560050,2025-06-19 16:34:55,593.44,46.1,Beauty,7,10.9,0
ORD505299,CUST100577,560086,2025-06-19 16:45:03,421.17,34.5,Beauty,13,4.3,0
ORD500519,CUST100696,560054,2025-06-19 17:43:08,1041.88,36.2,Fashion,0,18.6,0
ORD505983,CUST101270,560048,2025-06-19 20:06:29,385.13,3.4,Other,11,16.0,0
ORD504051,CUST101117,560108,2025-06-19 20:15:24,472.85,34.1,Beauty,1,16.4,1
ORD500933,CUST101246,560046,2025-06-19 21:31:25,1176.43,10.5,Fashion,8,25.1,1
ORD503179,CUST101123,560072,2025-06-19 21:33:44,1107.19,20.4,Fashion,9,8.0,0
ORD505899,CUST101608,560087,2025-06-19 21:42:07,380.0,21.1,Home,17,23.4,0
ORD500670,CUST101022,560098,2025-06-19 23:06:22,411.42,7.2,Grocery,8,3.9,0
ORD500677,CUST101480,560052,2025-06-19 23:14:30,321.5,31.3,Other,17,11.6,0
ORD503201,CUST101772,560070,2025-06-20 00:13:43,509.24,24.6,Fashion,22,22.4,0
ORD503039,CUST101663,560053,2025-06-20 04:10:16,735.97,21.0,Grocery,12,27.4,0
ORD504391,CUST100846,560113,2025-06-20 04:24:00,325.3,14.9,Beauty,13,21.6,0
ORD501067,CUST101317,560009,2025-06-20 04:34:15,663.5,4.4,Home,15,26.7,1
ORD505671,CUST100960,560031,2025-06-20 04:57:58,1061.25,11.3,Electronics,11,15.4,0
ORD506707,CUST100824,560113,2025-06-20 04:59:00,435.25,20.1,Fashion,3,28.2,0
ORD507752,CUST100557,560014,2025-06-20 06:19:39,541.3,12.0,Electronics,20,15.7,1
ORD503442,CUST100973,560067,2025-06-20 06:47:08,887.38,12.7,Fashion,23,6.3,0
ORD502838,CUST100825,560010,2025-06-20 07:36:05,1698.37,13.6,Electronics,11,6.4,0
ORD500404,CUST101424,560035,2025-06-20 08:28:10,341.41,19.1,Beauty,14,24.3,1
ORD504950,CUST100514,560003,2025-06-20 09:08:54,2312.73,44.3,Grocery,0,1.0,0
ORD507517,CUST100577,560051,2025-06-20 09:11:21,289.54,7.1,Beauty,2,6.1,0
ORD504539,CUST101579,560113,2025-06-20 10:15:40,726.7,3.0,Beauty,20,9.3,0
ORD504802,CUST100725,560048,2025-06-20 10:39:28,271.21,23.9,Other,2,12.1,0
ORD507085,CUST101679,560091,2025-06-20 12:09:06,638.74,17.1,Fashion,7,18.2,1
ORD504927,CUST101587,560000,2025-06-20 13:13:00,1072.88,12.5,Fashion,10,6.0,0
ORD501186,CUST100380,560100,2025-06-20 13:38:20,228.28,23.5,Home,13,23.7,0
ORD507333,CUST101918,560048,2025-06-20 15:21:22,1257.13,19.6,Grocery,0,14.8,0
ORD502473,CUST100692,560019,2025-06-20 16:56:00,570.73,30.4,Electronics,12,3.2,0
ORD503833,CUST100635,560061,2025-06-20 18:18:15,450.67,16.5,Grocery,0,5.5,0
ORD505545,CUST100936,560115,2025-06-20 19:28:52,578.93,9.0,Other,23,11.4,1
ORD507843,CUST101532,560096,2025-06-20 20:32:49,644.81,28.0,Electronics,0,11.8,0
ORD500715,CUST100180,560058,2025-06-20 21:58:53,911.51,16.1,Fashion,13,9.2,0
ORD506861,CUST100954,560118,2025-06-20 22:05:44,2287.78,18.6,Home,4,10.4,0
ORD507292,CUST100536,560063,2025-06-20 22:10:17,1055.88,7.1,Electronics,21,10.3,0
ORD506512,CUST101246,560081,2025-06-20 22:39:46,443.78,34.5,Other,4,6.0,0
ORD507455,CUST100771,560095,2025-06-20 23:02:23,642.32,16.2,Electronics,4,13.3,0
ORD501153,CUST100308,560052,2025-06-20 23:24:50,587.18,27.5,Electronics,14,15.4,0
ORD501803,CUST101106,560082,2025-06-20 23:26:07,1199.6,49.1,Electronics,19,8.5,0
ORD501613,CUST101006,560020,2025-06-21 01:20:52,150.0,8.8,Grocery,16,11.7,0
ORD503563,CUST101273,560082,2025-06-21 04:32:48,316.84,17.1,Beauty,11,3.5,0
ORD505802,CUST101974,560043,2025-06-21 06:09:14,1041.95,11.2,Grocery,14,16.0,0
ORD506213,CUST101637,560088,2025-06-21 08:16:32,988.54,32.0,Electronics,18,3.5,0
ORD500649,CUST101400,560056,2025-06-21 09:08:36,150.0,26.3,Fashion,20,9.2,0
ORD502400,CUST100570,560004,2025-06-21 09:49:09,529.99,18.9,Electronics,1,18.4,0
ORD505705,CUST101638,560049,2025-06-21 09:49:09,327.11,20.8,Fashion,1,14.7,0
ORD502005,CUST101157,560045,2025-06-21 10:00:14,670.64,5.7,Home,8,6.2,0
ORD507638,CUST101326,560058,2025-06-21 11:25:43,2090.55,7.6,Beauty,18,11.9,0
ORD507768,CUST101490,560084,2025-06-21 11:49:37,490.8,10.1,Fashion,19,17.3,0
ORD504822,CUST100116,560004,2025-06-21 12:11:42,620.66,17.8,Beauty,10,5.2,0
ORD503744,CUST101693,560084,2025-06-21 12:17:40,975.89,26.1,Home,8,13.2,0
ORD503951,CUST101730,560082,2025-06-21 12:18:35,1668.76,40.3,Grocery,18,10.5,0
ORD507113,CUST101246,560035,2025-06-21 13:13:59,496.18,6.2,Fashion,11,6.9,0
ORD504242,CUST100047,560074,2025-06-21 13:44:43,236.32,4.8,Grocery,8,8.0,0
ORD500249,CUST101998,560111,2025-06-21 14:59:38,563.09,26.6,Electronics,23,6.4,0
ORD502249,CUST100057,560105,2025-06-21 15:03:55,406.58,29.6,Electronics,14,21.7,0
ORD500086,CUST100545,560076,2025-06-21 16:55:03,322.82,39.0,Other,3,13.1,1
ORD505240,CUST100148,560045,2025-06-21 17:30:52,947.62,10.9,Fashion,17,13.2,1
ORD507813,CUST100669,560060,2025-06-21 17:33:11,462.47,19.1,Fashion,18,13.5,0
ORD504973,CUST100834,560098,2025-06-21 17:52:36,650.33,39.8,Beauty,12,26.4,0
ORD505193,CUST100988,560105,2025-06-21 19:32:36,939.88,2.4,Electronics,16,35.7,0
ORD507550,CUST100047,560087,2025-06-21 21:13:04,457.51,12.5,Beauty,0,9.7,0
ORD502601,CUST100067,560017,2025-06-21 21:29:36,424.59,17.1,Home,21,11.3,0
ORD500891,CUST101307,560058,2025-06-21 21:38:49,308.38,7.0,Fashion,9,8.6,1
ORD504645,CUST101643,560111,2025-06-21 22:48:29,792.18,39.3,Fashion,1,9.2,0
ORD507295,CUST101814,560005,2025-06-22 00:23:34,633.46,34.3,Fashion,10,9.5,1
ORD505303,CUST100978,560020,2025-06-22 00:39:09,579.17,25.7,Fashion,1,18.5,0
ORD504599,CUST100406,560090,2025-06-22 00:47:15,439.45,5.3,Electronics,5,4.6,0
ORD507057,CUST101022,560088,2025-06-22 02:06:33,653.28,48.5,Beauty,14,12.9,0
ORD501077,CUST101431,560002,2025-06-22 04:27:03,860.11,9.6,Home,7,9.1,0
ORD502035,CUST100048,560077,2025-06-22 04:52:26,490.19,9.4,Fashion,18,10.1,0
ORD506160,CUST101872,560071,2025-06-22 05:36:11,286.75,20.1,Fashion,7,8.2,0
ORD505150,CUST101906,560010,2025-06-22 05:42:45,289.06,33.8,Home,19,15.0,0
ORD505382,CUST100566,560105,2025-06-22 06:25:45,192.82,7.6,Electronics,6,5.8,1
ORD507423,CUST101467,560083,2025-06-22 07:24:41,836.43,15.6,Beauty,22,19.8,0
ORD503979,CUST101467,560044,2025-06-22 07:48:32,270.13,33.9,Home,23,18.8,0
ORD503254,CUST101117,560073,2025-06-22 08:50:07,487.37,16.8,Fashion,9,14.5,0
ORD506665,CUST100485,560049,2025-06-22 12:33:38,254.92,17.2,Fashion,3,12.6,0
ORD504784,CUST100862,560043,2025-06-22 13:13:37,473.44,5.3,Fashion,23,12.1,0
ORD507256,CUST100291,560029,2025-06-22 13:43:28,1457.17,10.6,Fashion,15,6.6,0
ORD504920,CUST101335,560043,2025-06-22 14:03:38,301.11,23.9,Electronics,1,7.3,0
ORD507557,CUST101875,560075,2025-06-22 15:30:11,572.94,25.0,Beauty,17,17.9,0
ORD505079,CUST100838,560035,2025-06-22 15:47:04,717.1,5.3,Grocery,21,16.9,0
ORD501829,CUST100693,560068,2025-06-22 15:50:27,701.34,15.0,Home,10,5.2,0
ORD504448,CUST100063,560031,2025-06-22 16:08:16,674.97,4.0,Electronics,9,6.4,0
ORD507576,CUST100070,560084,2025-06-22 17:22:34,1154.15,32.6,Electronics,9,17.6,1
ORD504793,CUST101887,560090,2025-06-22 17:36:30,1206.44,22.4,Fashion,22,12.6,0
ORD503222,CUST101858,560017,2025-06-22 18:04:42,1304.61,34.0,Beauty,5,11.6,1
ORD500631,CUST101608,560082,2025-06-22 19:38:22,1492.1,23.5,Fashion,20,4.3,0
ORD501753,CUST100515,560038,2025-06-22 19:49:49,403.77,21.0,Grocery,21,27.3,0
ORD502980,CUST101203,560017,2025-06-22 20:26:41,334.67,8.5,Other,11,17.5,0
ORD506040,CUST101033,560044,2025-06-22 20:27:14,373.8,6.3,Electronics,23,25.2,0
ORD500835,CUST101793,560107,2025-06-22 20:55:33,2807.93,40.3,Grocery,6,19.0,0
ORD502483,CUST101298,560040,2025-06-22 22:14:45,1023.68,24.3,Fashion,19,10.7,0
ORD507641,CUST101793,560047,2025-06-22 22:37:56,680.26,13.0,Fashion,16,11.3,0
ORD501134,CUST101356,560089,2025-06-22 23:14:54,1437.24,6.0,Fashion,23,8.1,0
ORD500948,CUST100395,560012,2025-06-22 23:29:35,1028.22,12.1,Electronics,14,11.0,0
ORD505787,CUST101019,560015,2025-06-22 23:46:35,682.42,4.0,Electronics,6,1.0,0
ORD504478,CUST100879,560019,2025-06-23 00:34:12,337.8,2.9,Electronics,17,8.1,0
ORD504990,CUST101850,560003,2025-06-23 01:08:53,547.7,14.2,Fashion,17,10.8,0
ORD507101,CUST101430,560004,2025-06-23 01:29:40,360.89,38.6,Beauty,21,15.7,1
ORD503801,CUST101547,560018,2025-06-23 03:05:45,408.29,10.1,Other,14,1.0,0
ORD501952,CUST100573,560035,2025-06-23 04:01:34,460.42,19.8,Electronics,14,19.7,0
ORD505603,CUST101324,560004,2025-06-23 04:44:18,573.75,26.2,Electronics,20,21.8,0
ORD500364,CUST101297,560013,2025-06-23 09:26:50,2003.41,24.2,Beauty,6,18.7,0
ORD501653,CUST101040,560012,2025-06-23 09:45:56,608.59,8.4,Electronics,11,8.0,0
ORD501019,CUST100684,560063,2025-06-23 10:00:40,1358.02,14.9,Electronics,8,23.6,0
ORD504981,CUST101312,560003,2025-06-23 12:43:46,448.43,36.7,Fashion,7,11.2,0
ORD507356,CUST100814,560087,2025-06-23 13:04:36,2571.21,20.8,Other,6,2.4,0
ORD500912,CUST100851,560061,2025-06-23 15:32:48,716.51,39.1,Fashion,17,28.3,1
ORD504756,CUST100569,560097,2025-06-23 15:40:56,355.45,32.0,Beauty,9,5.3,0
ORD502275,CUST100515,560087,2025-06-23 15:42:35,483.16,34.0,Fashion,18,8.4,0
ORD505749,CUST101974,560064,2025-06-23 17:46:41,811.55,5.0,Home,20,13.8,0
ORD507444,CUST101009,560118,2025-06-23 18:08:12,595.38,29.5,Electronics,11,12.8,0
ORD504849,CUST100556,560053,2025-06-23 18:44:52,290.25,33.8,Electronics,14,7.0,0
ORD506094,CUST100264,560107,2025-06-23 19:31:51,581.19,27.3,Beauty,0,9.3,0
ORD502920,CUST101199,560043,2025-06-23 20:08:39,1090.56,12.8,Electronics,0,9.0,1
ORD507628,CUST101982,560002,2025-06-23 21:42:50,557.41,28.0,Electronics,2,11.6,0
ORD500066,CUST101100,560105,2025-06-23 21:53:27,324.01,9.7,Beauty,4,13.3,1
ORD501670,CUST101265,560030,2025-06-23 22:58:57,647.26,16.2,Beauty,22,23.9,0
ORD504204,CUST101265,560003,2025-06-23 23:30:10,1085.5,15.7,Fashion,16,4.3,0
ORD504373,CUST100725,560075,2025-06-23 23:49:10,1661.01,17.4,Electronics,21,3.5,0
ORD500328,CUST101786,560103,2025-06-23 23:52:03,537.77,23.4,Home,22,16.3,1
ORD504549,CUST100314,560104,2025-06-24 00:22:32,2852.63,12.0,Electronics,9,14.1,0
ORD501459,CUST100515,560115,2025-06-24 01:38:01,499.73,20.9,Home,22,8.7,0
ORD504344,CUST100640,560022,2025-06-24 01:47:32,660.47,8.0,Fashion,6,21.8,0
ORD506392,CUST101875,560013,2025-06-24 02:23:08,466.15,19.5,Electronics,22,2.6,0
ORD504354,CUST100416,560014,2025-06-24 03:32:31,1215.93,27.3,Electronics,8,1.2,0
ORD505130,CUST100774,560074,2025-06-24 03:35:24,583.92,18.3,Grocery,14,14.2,0
ORD504200,CUST101550,560057,2025-06-24 04:05:34,247.52,32.4,Electronics,12,4.6,0
ORD505078,CUST100963,560107,2025-06-24 05:34:42,624.55,32.9,Beauty,11,14.0,0
ORD506338,CUST100133,560022,2025-06-24 05:44:51,1641.05,6.8,Other,0,18.9,0
ORD506106,CUST101612,560053,2025-06-24 05:47:05,1231.7,14.0,Electronics,11,2.7,0
ORD507391,CUST101068,560082,2025-06-24 05:53:19,354.38,29.1,Beauty,1,6.8,0
ORD500478,CUST101763,560066,2025-06-24 06:40:57,710.82,12.7,Other,20,1.7,0
ORD505960,CUST101556,560015,2025-06-24 06:45:20,655.28,34.7,Fashion,3,13.1,1
ORD500750,CUST100459,560065,2025-06-24 06:51:16,605.61,11.8,Fashion,0,8.7,0
ORD502343,CUST100871,560040,2025-06-24 07:06:16,405.63,20.2,Home,13,18.7,0
ORD507231,CUST100092,560106,2025-06-24 07:34:05,846.77,19.9,Other,21,14.4,0
ORD500692,CUST100267,560000,2025-06-24 08:13:21,2080.52,25.1,Electronics,6,1.0,0
ORD506455,CUST100577,560024,2025-06-24 08:24:10,552.16,9.2,Home,11,14.3,0
ORD501039,CUST100684,560061,2025-06-24 09:01:23,610.95,11.7,Electronics,1,26.4,0
ORD502890,CUST101771,560095,2025-06-24 09:15:16,527.82,16.2,Fashion,19,15.0,0
ORD505366,CUST101203,560110,2025-06-24 09:27:39,661.5,21.9,Electronics,18,4.4,0
ORD505005,CUST101201,560008,2025-06-24 10:18:00,467.61,4.8,Beauty,21,17.2,0
ORD501277,CUST100102,560046,2025-06-24 10:34:22,384.53,2.1,Grocery,10,14.4,0
ORD507187,CUST100834,560038,2025-06-24 11:58:58,480.3,33.3,Home,7,3.5,0
ORD504681,CUST100009,560090,2025-06-24 12:26:04,592.74,4.7,Other,16,35.6,1
ORD501577,CUST100725,560022,2025-06-24 12:35:38,410.06,32.3,Home,9,16.5,0
ORD506081,CUST101283,560089,2025-06-24 12:51:49,507.58,16.3,Other,18,14.7,0
ORD506784,CUST101216,560058,2025-06-24 13:29:08,890.39,17.9,Fashion,12,24.8,0
ORD504892,CUST101246,560022,2025-06-24 14:48:23,174.83,29.1,Electronics,18,19.4,0
ORD507489,CUST100710,560077,2025-06-24 15:15:54,303.58,19.4,Electronics,15,6.4,0
ORD506478,CUST100620,560095,2025-06-24 15:42:09,986.89,47.9,Home,5,17.4,0
ORD501041,CUST101893,560111,2025-06-24 17:33:24,919.11,27.4,Fashion,12,6.8,1
ORD500828,CUST100906,560077,2025-06-24 18:02:39,1269.44,33.1,Electronics,4,8.2,0
ORD502858,CUST100638,560058,2025-06-24 18:19:24,1502.51,15.8,Beauty,4,11.6,0
ORD503914,CUST100879,560022,2025-06-24 20:24:14,657.9,18.3,Electronics,8,32.7,0
ORD502686,CUST100901,560106,2025-06-24 21:25:54,815.5,16.5,Home,19,7.9,0
ORD506361,CUST101940,560032,2025-06-24 21:27:43,312.12,24.8,Grocery,16,24.0,0
ORD507607,CUST100532,560094,2025-06-24 22:20:42,1259.61,31.5,Home,22,2.9,0
ORD505911,CUST101931,560103,2025-06-24 22:52:14,273.03,14.5,Electronics,22,5.5,0
ORD502891,CUST100906,560108,2025-06-24 23:22:04,1231.38,2.2,Fashion,16,16.2,0
ORD502919,CUST100967,560008,2025-06-24 23:49:28,1389.17,14.4,Fashion,5,25.4,0
ORD506727,CUST101089,560009,2025-06-24 23:54:55,450.11,26.3,Grocery,17,6.4,0
ORD506754,CUST101549,560047,2025-06-25 00:03:48,1375.34,43.3,Beauty,15,6.2,0
ORD503634,CUST101850,560053,2025-06-25 00:55:04,292.01,19.5,Beauty,15,16.8,0
ORD501400,CUST101637,560019,2025-06-25 00:55:32,212.14,4.2,Fashion,9,14.4,1
ORD500431,CUST101564,560004,2025-06-25 01:00:45,660.94,16.9,Other,3,11.2,0
ORD502947,CUST100337,560082,2025-06-25 01:05:18,768.58,42.5,Fashion,3,10.8,1
ORD501759,CUST100767,560049,2025-06-25 01:17:41,512.32,35.3,Grocery,3,11.4,0
ORD505349,CUST100007,560092,2025-06-25 01:36:12,1818.93,7.5,Grocery,15,20.6,0
ORD506709,CUST100557,560098,2025-06-25 01:43:10,1229.79,10.8,Home,4,8.9,0
ORD505010,CUST101026,560049,2025-06-25 01:59:56,224.91,16.7,Electronics,17,20.5,0
ORD506457,CUST101717,560075,2025-06-25 02:25:56,197.4,6.4,Fashion,8,1.0,0
ORD504621,CUST100557,560018,2025-06-25 03:08:45,1001.03,18.3,Fashion,7,8.6,0
ORD506735,CUST101211,560098,2025-06-25 04:11:14,677.08,5.9,Electronics,13,21.1,0
ORD507210,CUST100474,560108,2025-06-25 04:42:05,987.77,16.4,Home,14,7.9,0
ORD507846,CUST100844,560049,2025-06-25 05:48:42,873.6,38.1,Fashion,20,8.3,0
ORD500757,CUST100714,560081,2025-06-25 06:05:22,354.1,10.2,Grocery,22,17.9,0
ORD500831,CUST101175,560076,2025-06-25 07:24:41,294.95,17.3,Grocery,2,3.2,0
ORD506129,CUST101139,560093,2025-06-25 07:39:36,1131.03,4.2,Grocery,15,14.6,0
ORD507790,CUST101242,560114,2025-06-25 08:48:07,1226.24,9.7,Fashion,6,22.2,0
ORD507852,CUST100649,560086,2025-06-25 09:36:53,2666.8,3.6,Electronics,0,1.0,0
ORD507082,CUST101294,560024,2025-06-25 09:44:42,543.18,5.1,Electronics,19,7.4,0
ORD505683,CUST101430,560010,2025-06-25 09:54:32,889.18,19.0,Electronics,13,14.0,0
ORD500207,CUST101922,560050,2025-06-25 10:07:06,728.2,37.0,Electronics,16,4.1,0
ORD504574,CUST100717,560004,2025-06-25 10:24:33,780.86,4.8,Fashion,0,4.8,0
ORD504293,CUST100949,560079,2025-06-25 10:34:59,425.91,4.7,Beauty,6,9.8,0
ORD507098,CUST100037,560074,2025-06-25 12:37:17,1539.19,12.3,Beauty,17,11.6,0
ORD500525,CUST100556,560001,2025-06-25 12:40:36,382.75,7.4,Beauty,5,2.2,0
ORD506511,CUST101608,560002,2025-06-25 12:59:43,599.6,15.8,Beauty,3,12.7,0
ORD501183,CUST101388,560119,2025-06-25 13:43:53,1590.84,6.3,Home,7,1.0,0
ORD507322,CUST101471,560087,2025-06-25 14:06:15,959.5,18.8,Other,19,3.2,0
ORD503486,CUST100858,560083,2025-06-25 14:29:59,412.16,34.8,Home,15,12.2,0
ORD503732,CUST100645,560108,2025-06-25 14:36:02,470.7,19.3,Grocery,22,19.9,0
ORD502707,CUST100565,560089,2025-06-25 14:49:33,845.76,14.9,Beauty,19,12.9,0
ORD505531,CUST101662,560094,2025-06-25 15:49:46,1089.48,0.7,Electronics,15,4.3,0
ORD506427,CUST101389,560038,2025-06-25 16:15:50,364.1,2.8,Other,10,19.3,1
ORD505557,CUST100862,560092,2025-06-25 16:39:06,524.36,29.5,Other,14,18.5,1
ORD505795,CUST101786,560019,2025-06-25 16:42:55,1580.86,8.6,Electronics,17,12.8,0
ORD507176,CUST100935,560025,2025-06-25 17:01:00,616.73,14.6,Fashion,5,10.8,1
ORD507769,CUST100611,560016,2025-06-25 17:36:14,757.1,13.6,Other,22,5.9,1
ORD505054,CUST101884,560065,2025-06-25 18:27:27,988.91,18.2,Fashion,20,4.9,1
ORD503343,CUST100223,560047,2025-06-25 18:38:27,1980.44,25.4,Electronics,22,15.6,0
ORD502803,CUST101967,560059,2025-06-25 19:18:27,478.15,11.3,Electronics,1,22.2,0
ORD507380,CUST100725,560025,2025-06-25 19:21:56,579.0,3.6,Home,10,16.5,0
ORD500190,CUST101782,560040,2025-06-25 20:31:57,690.28,24.1,Fashion,20,11.9,0
ORD505660,CUST101089,560031,2025-06-25 20:48:06,916.28,36.0,Electronics,20,8.3,0
ORD503837,CUST100445,560093,2025-06-25 21:07:47,191.63,19.9,Home,12,3.0,0
ORD500039,CUST100959,560035,2025-06-25 21:54:59,229.11,3.3,Fashion,14,4.1,0
ORD502794,CUST100403,560002,2025-06-25 22:04:06,501.58,5.4,Fashion,11,28.9,0
ORD505699,CUST101833,560008,2025-06-25 22:04:10,429.25,14.3,Home,13,7.2,0
ORD507327,CUST101436,560063,2025-06-25 22:52:17,572.86,7.4,Electronics,1,3.6,0
ORD506890,CUST101918,560003,2025-06-25 23:08:23,608.23,2.0,Fashion,21,6.0,0
ORD504744,CUST101164,560088,2025-06-25 23:18:42,432.61,32.9,Grocery,18,6.3,1
ORD504184,CUST100759,560033,2025-06-25 23:38:46,280.96,10.4,Other,13,13.5,0
ORD503901,CUST101749,560074,2025-06-26 00:42:03,866.42,5.7,Grocery,5,9.1,0
ORD502844,CUST101280,560043,2025-06-26 02:08:11,269.08,50.5,Electronics,17,5.0,0
ORD501749,CUST100883,560058,2025-06-26 03:11:19,568.57,17.6,Electronics,19,10.2,0
ORD500552,CUST101657,560079,2025-06-26 04:29:13,954.28,21.3,Fashion,9,13.9,0
ORD504770,CUST100225,560051,2025-06-26 04:55:01,1386.34,14.9,Grocery,3,14.8,0
ORD502560,CUST101024,560030,2025-06-26 06:44:33,1237.16,24.0,Home,8,12.9,0
ORD502900,CUST101700,560098,2025-06-26 06:52:47,912.81,37.2,Home,18,3.0,0
ORD502010,CUST100807,560085,2025-06-26 07:07:13,601.92,8.2,Grocery,3,2.3,1
ORD505029,CUST101700,560101,2025-06-26 07:43:15,399.17,26.7,Grocery,16,5.0,0
ORD502784,CUST101083,560048,2025-06-26 08:23:19,633.64,14.0,Other,19,21.1,0
ORD504652,CUST100935,560106,2025-06-26 09:57:41,878.31,41.0,Home,8,13.3,1
ORD500139,CUST100988,560001,2025-06-26 10:10:47,299.35,40.6,Home,2,13.3,0
ORD506489,CUST101089,560116,2025-06-26 10:21:57,1456.94,5.2,Electronics,7,10.0,0
ORD501601,CUST101212,560006,2025-06-26 10:25:01,290.62,18.8,Fashion,14,12.3,0
ORD503960,CUST100918,560107,2025-06-26 10:28:21,498.22,9.6,Other,23,1.1,0
ORD507837,CUST101019,560007,2025-06-26 10:42:53,634.07,2.1,Fashion,13,3.1,0
ORD506171,CUST101431,560048,2025-06-26 11:16:09,1943.71,19.4,Fashion,4,3.5,1
ORD502477,CUST100375,560085,2025-06-26 14:02:28,864.44,5.8,Electronics,14,6.5,0
ORD507712,CUST100275,560075,2025-06-26 14:49:33,876.18,2.8,Electronics,17,22.2,0
ORD501760,CUST100455,560027,2025-06-26 14:52:22,354.21,14.7,Beauty,12,12.1,0
ORD501006,CUST100834,560076,2025-06-26 14:52:48,665.75,18.1,Electronics,0,15.5,0
ORD506765,CUST101129,560069,2025-06-26 15:12:54,1686.29,17.6,Grocery,7,19.0,0
ORD501593,CUST101247,560112,2025-06-26 15:21:01,3981.81,33.2,Home,22,14.0,0
ORD503276,CUST101581,560078,2025-06-26 15:36:06,554.4,10.2,Fashion,23,8.2,1
ORD504510,CUST101159,560018,2025-06-26 15:36:07,189.81,12.6,Electronics,13,13.8,0
ORD504294,CUST100360,560057,2025-06-26 15:59:55,420.84,26.3,Electronics,17,8.4,0
ORD501487,CUST100444,560009,2025-06-26 16:28:01,979.31,20.9,Fashion,22,9.4,1
ORD500145,CUST101705,560090,2025-06-26 17:25:27,694.16,11.7,Fashion,23,11.6,1
ORD502789,CUST100217,560099,2025-06-26 18:13:13,301.6,14.8,Fashion,13,14.4,0
ORD504037,CUST100173,560107,2025-06-26 20:03:39,263.9,18.5,Home,5,12.1,1
ORD504070,CUST101143,560064,2025-06-26 20:10:57,514.12,18.2,Electronics,11,1.8,0
ORD504748,CUST100236,560027,2025-06-26 20:49:18,489.38,17.5,Electronics,14,7.4,1
ORD501236,CUST100209,560041,2025-06-26 21:27:57,1205.82,28.5,Fashion,21,8.8,0
ORD501545,CUST100541,560039,2025-06-26 21:53:32,562.58,13.0,Home,6,7.1,0
ORD506042,CUST101203,560081,2025-06-26 23:32:57,784.79,14.7,Other,14,13.6,0
ORD505719,CUST101774,560049,2025-06-26 23:42:36,2083.25,1.2,Grocery,21,25.4,0
ORD507215,CUST100881,560102,2025-06-27 00:08:02,598.85,17.7,Beauty,13,12.1,0
ORD506418,CUST101096,560052,2025-06-27 00:15:01,1139.16,22.9,Beauty,10,19.3,0
ORD507789,CUST100558,560034,2025-06-27 00:26:41,1114.52,27.2,Other,2,26.4,1
ORD503498,CUST101890,560066,2025-06-27 00:33:53,1133.64,22.6,Home,8,9.0,0
ORD507305,CUST100534,560033,2025-06-27 00:53:41,408.7,9.8,Beauty,7,6.7,0
ORD501327,CUST100879,560111,2025-06-27 01:36:37,758.07,44.4,Fashion,14,7.8,0
ORD504572,CUST101183,560060,2025-06-27 02:03:28,811.45,30.9,Other,0,6.6,0
ORD507961,CUST100836,560032,2025-06-27 02:48:21,870.52,26.4,Electronics,9,3.9,0
ORD503728,CUST100264,560109,2025-06-27 03:09:53,320.91,15.8,Home,12,2.4,0
ORD503807,CUST101111,560119,2025-06-27 04:29:07,968.07,13.6,Fashion,17,19.3,0
ORD502746,CUST100774,560108,2025-06-27 04:40:05,823.39,12.3,Beauty,8,15.7,1
ORD503583,CUST101357,560119,2025-06-27 04:57:41,487.79,19.2,Fashion,10,12.3,1
ORD502917,CUST100374,560048,2025-06-27 06:06:27,445.72,7.3,Grocery,11,19.6,0
ORD506903,CUST101893,560079,2025-06-27 06:24:44,246.45,7.4,Fashion,11,27.5,1
ORD502364,CUST100828,560083,2025-06-27 06:25:20,285.94,12.8,Beauty,0,4.9,1
ORD500904,CUST100805,560003,2025-06-27 07:09:51,306.86,19.6,Grocery,5,1.5,0
ORD501627,CUST101783,560007,2025-06-27 07:12:11,450.68,17.0,Electronics,14,1.0,0
ORD505220,CUST100545,560053,2025-06-27 07:14:36,1077.72,11.4,Fashion,23,5.3,0
ORD500362,CUST101701,560117,2025-06-27 09:06:40,798.16,35.5,Home,10,23.0,0
ORD504580,CUST100906,560026,2025-06-27 09:08:38,435.44,26.3,Grocery,20,1.1,0
ORD500064,CUST101178,560056,2025-06-27 11:05:02,790.75,26.5,Electronics,22,13.8,0
ORD505664,CUST101620,560101,2025-06-27 11:18:43,937.37,23.3,Beauty,12,15.3,0
ORD506259,CUST101496,560090,2025-06-27 11:34:15,971.67,11.2,Electronics,14,9.6,0
ORD502290,CUST100485,560024,2025-06-27 12:09:20,437.71,12.6,Beauty,8,20.3,0
ORD503549,CUST100202,560074,2025-06-27 12:14:28,690.78,27.6,Fashion,16,10.3,0
ORD505950,CUST101016,560076,2025-06-27 12:18:37,470.55,12.3,Electronics,5,8.8,0
ORD502717,CUST101133,560101,2025-06-27 12:40:27,1112.96,6.7,Beauty,4,18.5,0
ORD502856,CUST101580,560051,2025-06-27 13:16:29,663.96,24.9,Beauty,9,16.2,0
ORD502785,CUST100445,560043,2025-06-27 13:36:46,856.71,6.9,Fashion,2,1.1,0
ORD507349,CUST101762,560096,2025-06-27 13:47:42,769.48,22.7,Fashion,23,9.0,0
ORD504890,CUST101446,560080,2025-06-27 14:30:18,925.77,6.5,Home,18,8.2,0
ORD505714,CUST100406,560019,2025-06-27 14:55:48,551.08,33.3,Home,21,11.6,1
ORD507783,CUST100182,560023,2025-06-27 14:59:32,2541.51,2.9,Other,5,1.0,0
ORD503916,CUST100161,560093,2025-06-27 15:46:33,346.05,3.7,Other,3,6.0,0
ORD503726,CUST101520,560051,2025-06-27 15:55:29,731.8,14.0,Home,10,7.5,0
ORD504769,CUST101355,560063,2025-06-27 16:22:13,951.33,16.8,Other,16,5.5,0
ORD507542,CUST100205,560097,2025-06-27 16:40:02,310.53,28.1,Electronics,0,3.1,0
ORD500959,CUST101062,560083,2025-06-27 16:49:59,1240.13,8.3,Fashion,22,24.9,0
ORD504004,CUST101535,560046,2025-06-27 17:32:08,1522.39,15.7,Fashion,1,3.0,0
ORD500336,CUST101916,560086,2025-06-27 17:40:08,796.78,1.9,Electronics,14,1.5,0
ORD506378,CUST100842,560021,2025-06-27 18:02:45,631.82,13.7,Beauty,18,18.1,0
ORD500107,CUST101800,560110,2025-06-27 19:07:18,986.85,1.5,Fashion,8,17.5,0
ORD501775,CUST101390,560006,2025-06-27 19:43:50,1354.47,12.8,Grocery,19,17.0,0
ORD502331,CUST101228,560025,2025-06-27 20:42:25,806.47,10.3,Electronics,11,15.3,1
ORD504596,CUST100455,560067,2025-06-27 20:58:19,586.15,20.3,Other,14,7.4,0
ORD503364,CUST101801,560067,2025-06-27 21:20:31,623.1,16.9,Fashion,12,26.9,1
ORD504106,CUST100060,560012,2025-06-27 21:22:15,572.77,24.4,Electronics,22,14.4,1
ORD506131,CUST101252,560018,2025-06-27 21:38:11,412.87,17.4,Fashion,14,2.2,0
ORD505438,CUST101350,560029,2025-06-27 22:49:33,761.63,16.4,Grocery,0,19.2,0
ORD500932,CUST100888,560090,2025-06-27 23:02:49,1536.14,31.4,Electronics,20,14.8,0
ORD502211,CUST101665,560063,2025-06-27 23:59:56,1624.36,51.4,Other,14,8.1,0
ORD503141,CUST100639,560109,2025-06-28 00:04:17,445.64,19.1,Beauty,6,10.1,1
ORD505844,CUST100027,560049,2025-06-28 00:31:38,947.81,6.6,Electronics,5,13.6,0
ORD501600,CUST101434,560015,2025-06-28 00:33:20,521.92,33.2,Beauty,2,17.9,0
ORD507092,CUST101341,560094,2025-06-28 00:38:21,387.43,20.3,Electronics,16,11.8,0
ORD507870,CUST101966,560057,2025-06-28 00:54:10,2114.74,8.9,Beauty,0,4.1,0
ORD502070,CUST101893,560032,2025-06-28 00:59:22,758.98,5.5,Beauty,19,24.6,0
ORD502262,CUST100759,560053,2025-06-28 01:10:43,267.96,25.8,Electronics,18,4.2,1
ORD506700,CUST100297,560082,2025-06-28 02:10:08,313.82,21.1,Home,11,7.0,1
ORD502574,CUST100025,560091,2025-06-28 04:40:25,1127.91,13.0,Other,6,21.2,0
ORD507640,CUST101854,560101,2025-06-28 05:03:10,528.78,12.3,Beauty,15,9.7,0
ORD503933,CUST100393,560078,2025-06-28 05:34:43,800.94,3.4,Other,17,9.5,0
ORD503238,CUST100515,560065,2025-06-28 05:55:14,623.93,17.6,Electronics,22,11.3,0
ORD507703,CUST100418,560056,2025-06-28 07:30:06,1974.51,1.1,Other,4,31.3,0
ORD503219,CUST100762,560117,2025-06-28 08:09:21,344.86,7.9,Home,11,22.2,0
ORD500980,CUST101144,560069,2025-06-28 08:31:41,432.49,7.1,Grocery,1,6.0,0
ORD507869,CUST101417,560017,2025-06-28 08:55:08,1131.24,34.1,Beauty,12,11.0,0
ORD501750,CUST101748,560060,2025-06-28 09:24:35,1156.89,19.5,Home,6,17.3,0
ORD507840,CUST101811,560040,2025-06-28 10:41:24,290.3,12.6,Beauty,14,18.2,1
ORD505158,CUST100364,560105,2025-06-28 11:28:21,874.31,19.4,Home,10,14.3,0
ORD500092,CUST101505,560101,2025-06-28 11:32:27,1210.93,42.9,Electronics,3,13.3,0
ORD504311,CUST101969,560102,2025-06-28 12:53:03,645.24,5.7,Fashion,12,13.0,0
ORD503298,CUST101815,560085,2025-06-28 13:38:36,680.8,18.5,Other,2,7.2,0
ORD505730,CUST100708,560032,2025-06-28 14:02:56,1921.52,20.4,Fashion,5,22.2,0
ORD506144,CUST101209,560035,2025-06-28 15:19:44,294.94,11.8,Fashion,7,18.4,0
ORD503101,CUST101013,560095,2025-06-28 15:35:37,601.49,6.8,Fashion,17,12.7,0
ORD503856,CUST100274,560117,2025-06-28 15:55:29,561.19,18.0,Fashion,3,16.4,0
ORD506851,CUST100301,560084,2025-06-28 16:14:43,271.08,17.2,Fashion,6,17.8,0
ORD500978,CUST100593,560055,2025-06-28 17:14:55,832.54,46.1,Fashion,14,9.2,1
ORD504275,CUST101556,560048,2025-06-28 18:19:47,563.35,4.0,Beauty,23,10.3,1
ORD506064,CUST100413,560047,2025-06-28 19:23:00,777.83,15.4,Fashion,2,24.4,1
ORD501215,CUST101987,560052,2025-06-28 19:30:35,423.37,5.1,Fashion,2,10.8,0
ORD501984,CUST100047,560065,2025-06-28 19:59:53,301.49,30.6,Beauty,1,30.6,1
ORD501418,CUST101666,560009,2025-06-28 20:54:46,787.46,3.8,Fashion,23,4.9,0
ORD505710,CUST100256,560072,2025-06-28 20:56:38,1078.32,12.5,Fashion,12,6.7,0
ORD503365,CUST101986,560072,2025-06-28 21:00:04,1214.3,16.2,Grocery,8,14.3,0
ORD504914,CUST101700,560100,2025-06-28 21:00:47,261.14,19.0,Electronics,8,17.7,1
ORD506907,CUST100370,560025,2025-06-28 22:00:31,480.92,38.3,Fashion,21,5.8,0
ORD505446,CUST100048,560061,2025-06-28 23:46:26,913.48,25.5,Beauty,1,23.6,0
ORD504898,CUST101430,560069,2025-06-29 00:08:54,223.92,6.3,Beauty,3,17.2,1
ORD501587,CUST100364,560097,2025-06-29 00:19:10,722.74,12.8,Home,2,21.8,0
ORD507448,CUST100713,560083,2025-06-29 00:56:58,295.99,8.0,Other,13,13.1,0
ORD500072,CUST100760,560069,2025-06-29 01:15:47,2887.04,29.9,Grocery,5,8.2,0
ORD500495,CUST101633,560057,2025-06-29 04:30:38,311.51,35.3,Fashion,20,9.3,1
ORD501450,CUST100301,560033,2025-06-29 05:13:29,475.84,24.6,Home,21,23.4,1
ORD503786,CUST101930,560080,2025-06-29 07:06:22,786.01,49.0,Electronics,9,8.5,0
ORD500030,CUST101588,560013,2025-06-29 07:25:34,832.04,2.9,Beauty,15,15.6,0
ORD502911,CUST100907,560069,2025-06-29 07:42:49,604.52,31.7,Electronics,1,12.6,1
ORD507535,CUST100759,560090,2025-06-29 08:26:47,367.75,6.3,Beauty,18,14.1,0
ORD506138,CUST101304,560041,2025-06-29 08:42:27,1714.95,9.1,Electronics,0,1.3,1
ORD504853,CUST100001,560017,2025-06-29 10:40:32,488.22,46.3,Home,9,14.1,1
ORD501001,CUST101412,560048,2025-06-29 13:08:14,443.32,1.8,Other,18,6.5,0
ORD507040,CUST100131,560098,2025-06-29 13:13:16,754.12,7.3,Fashion,0,17.8,0
ORD503590,CUST101938,560080,2025-06-29 13:19:44,515.11,23.2,Fashion,18,8.5,0
ORD505465,CUST101441,560045,2025-06-29 17:14:51,212.63,29.8,Electronics,9,7.0,0
ORD506326,CUST101748,560098,2025-06-29 17:35:39,572.19,5.5,Fashion,2,22.6,0
ORD501959,CUST101487,560109,2025-06-29 17:45:23,345.61,15.2,Fashion,1,2.0,1
ORD507709,CUST100132,560003,2025-06-29 18:12:10,370.5,4.9,Other,3,22.0,0
ORD501505,CUST101628,560054,2025-06-29 19:23:42,979.32,26.9,Beauty,15,7.8,0
ORD505608,CUST100872,560082,2025-06-29 19:36:18,450.84,1.9,Fashion,17,21.1,1
ORD506260,CUST100398,560092,2025-06-29 21:01:33,949.55,38.3,Other,3,21.3,1
ORD507136,CUST100205,560067,2025-06-29 21:57:46,634.64,4.8,Electronics,10,22.4,0
ORD502602,CUST100231,560019,2025-06-29 21:58:42,996.12,13.1,Electronics,11,18.4,0
ORD507418,CUST101467,560106,2025-06-29 22:04:52,537.28,18.5,Home,15,16.4,0
ORD506370,CUST100882,560079,2025-06-29 22:15:22,471.75,29.2,Fashion,7,20.8,1
ORD503244,CUST101605,560108,2025-06-29 23:11:07,989.74,16.9,Beauty,10,15.7,1
ORD505995,CUST100988,560074,2025-06-30 00:27:48,2314.91,5.6,Other,0,16.3,0
ORD500714,CUST100725,560007,2025-06-30 00:34:13,455.32,9.2,Fashion,2,15.8,1
ORD504356,CUST101139,560082,2025-06-30 00:55:00,504.46,18.4,Home,5,22.9,1
ORD501448,CUST100023,560012,2025-06-30 01:12:00,1390.58,14.9,Electronics,19,18.4,0
ORD500400,CUST100962,560016,2025-06-30 02:11:19,317.23,2.9,Beauty,3,19.2,0
ORD501060,CUST100332,560037,2025-06-30 02:51:56,2088.02,8.5,Beauty,5,14.3,0
ORD505894,CUST100037,560017,2025-06-30 03:31:52,531.23,4.6,Beauty,20,9.4,0
ORD507401,CUST100619,560005,2025-06-30 03:56:51,346.28,7.6,Beauty,2,23.9,1
ORD504144,CUST100171,560036,2025-06-30 04:19:06,987.5,19.0,Fashion,11,24.9,0
ORD502319,CUST101125,560063,2025-06-30 04:49:20,637.3,15.0,Other,2,6.3,0
ORD501700,CUST101087,560107,2025-06-30 05:31:58,464.74,31.7,Electronics,22,18.8,1
ORD502379,CUST101892,560066,2025-06-30 05:51:48,463.84,19.2,Electronics,15,10.6,1
ORD505298,CUST100459,560058,2025-06-30 06:02:56,1155.44,37.4,Other,6,27.3,0
ORD501552,CUST101372,560094,2025-06-30 06:05:05,410.85,47.8,Fashion,17,9.1,0
ORD506641,CUST100973,560085,2025-06-30 06:51:12,960.44,5.0,Electronics,6,10.1,0
ORD503906,CUST100297,560104,2025-06-30 08:19:33,398.89,1.2,Fashion,6,28.9,1
ORD500197,CUST100248,560008,2025-06-30 08:47:09,300.6,9.8,Electronics,9,1.4,0
ORD504459,CUST100192,560052,2025-06-30 10:19:01,315.05,17.1,Other,10,10.1,0
ORD506124,CUST100182,560001,2025-06-30 10:21:44,633.19,12.6,Electronics,11,22.6,0
ORD503028,CUST101285,560016,2025-06-30 11:35:37,905.76,26.0,Home,23,13.3,0
ORD504771,CUST100645,560057,2025-06-30 12:09:40,1104.83,15.0,Other,4,9.5,0
ORD500269,CUST101262,560086,2025-06-30 12:27:47,986.06,38.1,Fashion,20,8.5,0
ORD500966,CUST100236,560096,2025-06-30 12:35:26,590.98,6.5,Fashion,7,8.2,0
ORD501443,CUST101608,560036,2025-06-30 12:38:50,1124.04,17.5,Home,11,17.2,0
ORD506097,CUST100970,560025,2025-06-30 12:39:59,1283.4,33.2,Fashion,9,17.7,0
ORD505882,CUST101378,560036,2025-06-30 13:06:23,902.15,3.3,Other,20,11.1,0
ORD505327,CUST101893,560067,2025-06-30 13:09:51,366.74,25.2,Home,14,5.2,1
ORD506368,CUST101733,560114,2025-06-30 13:15:24,611.29,37.9,Electronics,13,24.0,0
ORD503241,CUST101806,560033,2025-06-30 14:33:14,1095.34,14.7,Electronics,4,8.9,1
ORD505310,CUST101789,560056,2025-06-30 14:43:52,451.04,33.9,Home,18,5.7,0
ORD502687,CUST100679,560076,2025-06-30 15:11:12,1230.14,17.0,Electronics,7,22.8,0
ORD503139,CUST100534,560029,2025-06-30 15:19:18,1166.59,11.8,Fashion,12,10.9,1
ORD507344,CUST101923,560038,2025-06-30 16:19:11,808.59,9.9,Fashion,3,11.9,0
ORD506454,CUST100524,560006,2025-06-30 17:09:14,763.52,5.3,Home,10,23.7,0
ORD505185,CUST101209,560089,2025-06-30 17:23:43,288.04,16.9,Beauty,11,6.4,0
ORD503711,CUST101445,560119,2025-06-30 17:45:08,625.34,23.3,Home,11,9.9,0
ORD505167,CUST100001,560051,2025-06-30 17:56:36,321.82,3.6,Home,11,11.6,0
ORD506181,CUST100231,560086,2025-06-30 17:59:07,1393.47,14.2,Electronics,13,21.3,0
ORD504086,CUST100963,560020,2025-06-30 18:05:35,1203.1,21.8,Fashion,11,16.3,0
ORD503374,CUST100988,560029,2025-06-30 19:50:14,394.72,23.8,Grocery,0,10.1,0
ORD506542,CUST100111,560108,2025-06-30 20:18:32,279.97,22.6,Other,5,14.2,0
ORD504754,CUST101779,560023,2025-06-30 21:20:43,509.04,36.5,Grocery,1,5.8,0
ORD502204,CUST101199,560027,2025-06-30 21:31:27,233.81,34.2,Home,15,14.0,0
ORD501343,CUST101741,560103,2025-06-30 21:49:43,670.49,7.8,Electronics,22,22.5,0
ORD506772,CUST101620,560119,2025-06-30 22:22:20,216.76,6.2,Home,3,10.4,0
ORD507483,CUST101550,560059,2025-07-01 00:23:17,2181.86,12.3,Electronics,9,15.7,0
ORD504469,CUST101701,560059,2025-07-01 00:24:03,526.65,28.3,Other,0,5.5,0
ORD507271,CUST100236,560033,2025-07-01 02:16:20,690.29,16.6,Electronics,22,2.8,0
ORD501304,CUST101841,560035,2025-07-01 02:17:41,792.11,1.5,Home,22,8.2,0
ORD501982,CUST100566,560035,2025-07-01 02:52:29,691.89,1.9,Fashion,0,18.4,1
ORD504281,CUST100684,560085,2025-07-01 02:52:33,672.14,1.5,Grocery,6,7.7,0
ORD502662,CUST100447,560042,2025-07-01 03:28:15,525.38,17.1,Grocery,3,19.3,0
ORD500357,CUST101620,560043,2025-07-01 03:43:00,464.01,9.0,Beauty,12,16.0,1
ORD500650,CUST100337,560108,2025-07-01 05:34:02,665.97,9.7,Beauty,14,2.6,0
ORD504800,CUST101164,560072,2025-07-01 07:49:06,214.28,20.3,Fashion,18,15.4,1
ORD504145,CUST100219,560081,2025-07-01 08:47:04,443.48,31.3,Fashion,12,30.5,0
ORD507698,CUST100393,560117,2025-07-01 09:00:56,673.23,13.0,Fashion,0,6.1,0
ORD503758,CUST101998,560025,2025-07-01 09:26:32,1183.86,16.0,Other,15,9.7,0
ORD506499,CUST101038,560016,2025-07-01 09:26:39,655.39,19.6,Home,14,8.7,0
ORD500615,CUST100301,560100,2025-07-01 09:30:09,1070.54,29.3,Home,15,7.8,0
ORD504985,CUST101488,560015,2025-07-01 10:05:02,1191.8,15.2,Electronics,17,28.2,0
ORD503792,CUST100414,560079,2025-07-01 10:12:24,937.47,23.5,Electronics,3,8.6,0
ORD504845,CUST100224,560025,2025-07-01 13:04:54,644.94,11.8,Other,19,3.9,0
ORD503395,CUST101135,560060,2025-07-01 13:06:44,1223.16,10.4,Fashion,14,9.8,0
ORD501261,CUST101209,560105,2025-07-01 13:22:02,964.33,24.2,Beauty,23,10.0,0
ORD503920,CUST100689,560091,2025-07-01 13:25:16,567.69,14.2,Beauty,18,17.5,0
ORD502528,CUST101239,560119,2025-07-01 13:49:35,1143.07,8.5,Electronics,18,20.4,0
ORD505948,CUST101907,560037,2025-07-01 19:00:43,224.79,14.5,Fashion,7,9.9,0
ORD507553,CUST100692,560058,2025-07-01 20:13:42,455.68,31.5,Beauty,7,7.9,0
ORD507597,CUST100954,560083,2025-07-01 20:54:46,532.47,20.8,Other,20,10.9,0
ORD500493,CUST101989,560098,2025-07-01 21:25:58,383.42,44.3,Home,1,19.2,0
ORD500047,CUST101723,560002,2025-07-01 22:05:42,427.22,27.5,Fashion,23,20.2,0
ORD507075,CUST100872,560109,2025-07-01 22:08:19,460.98,4.5,Fashion,2,10.5,1
ORD506483,CUST100602,560027,2025-07-01 22:11:22,210.67,28.6,Electronics,5,18.7,0
ORD503189,CUST100639,560049,2025-07-01 22:45:52,252.49,13.3,Electronics,21,15.7,0
ORD503623,CUST100305,560119,2025-07-01 23:12:26,426.01,26.2,Other,22,10.0,0
ORD506113,CUST101084,560051,2025-07-01 23:23:54,236.4,4.6,Fashion,19,4.4,0
ORD507117,CUST100557,560099,2025-07-02 00:42:44,244.63,0.4,Beauty,16,28.7,0
ORD507348,CUST100447,560047,2025-07-02 01:21:43,423.63,9.9,Home,16,20.0,1
ORD505199,CUST101144,560059,2025-07-02 01:22:00,730.01,4.5,Electronics,6,20.2,0
ORD505968,CUST100671,560088,2025-07-02 01:54:25,835.92,9.7,Home,0,11.8,0
ORD506393,CUST100324,560023,2025-07-02 02:17:58,880.23,6.9,Home,2,9.7,0
ORD505620,CUST101047,560004,2025-07-02 02:37:51,676.3,14.2,Other,13,31.8,0
ORD502029,CUST100643,560025,2025-07-02 02:38:38,253.13,12.6,Fashion,22,1.0,0
ORD500022,CUST100374,560032,2025-07-02 03:03:13,749.24,21.1,Home,9,12.6,0
ORD505201,CUST100307,560098,2025-07-02 03:08:23,313.6,20.2,Fashion,23,20.0,0
ORD504146,CUST101551,560115,2025-07-02 03:13:42,1680.09,22.4,Beauty,12,5.0,0
ORD503110,CUST101741,560054,2025-07-02 03:54:35,847.56,8.4,Fashion,15,1.8,0
ORD504475,CUST101324,560095,2025-07-02 05:12:46,301.72,14.9,Home,21,22.8,0
ORD500351,CUST101164,560095,2025-07-02 05:20:36,302.87,40.1,Grocery,13,4.2,0
ORD502840,CUST101701,560046,2025-07-02 05:25:17,232.1,47.8,Grocery,23,18.1,0
ORD507426,CUST100547,560028,2025-07-02 05:57:40,766.25,3.7,Home,10,8.5,0
ORD502188,CUST101246,560119,2025-07-02 06:10:39,598.73,53.2,Fashion,23,9.2,1
ORD506449,CUST101949,560027,2025-07-02 07:08:33,1010.38,10.9,Grocery,18,1.8,0
ORD507427,CUST100034,560042,2025-07-02 07:39:22,353.41,14.7,Electronics,8,6.8,0
ORD506436,CUST100738,560018,2025-07-02 08:55:16,642.24,20.7,Fashion,16,1.0,0
ORD503642,CUST101111,560078,2025-07-02 10:53:02,702.52,16.2,Grocery,13,8.5,0
ORD502862,CUST101209,560056,2025-07-02 11:20:22,406.87,21.0,Electronics,15,9.9,0
ORD507298,CUST101086,560098,2025-07-02 12:18:54,440.76,11.6,Home,2,16.9,1
ORD505019,CUST100120,560059,2025-07-02 13:02:14,533.68,4.0,Grocery,20,28.7,0
ORD503535,CUST101995,560089,2025-07-02 13:25:34,1125.86,7.7,Electronics,12,5.4,0
ORD506944,CUST100868,560106,2025-07-02 13:51:18,814.43,19.7,Electronics,15,11.1,0
ORD505347,CUST101062,560093,2025-07-02 13:58:41,1033.19,7.0,Grocery,17,10.8,0
ORD502068,CUST101855,560070,2025-07-02 15:21:08,336.67,21.9,Electronics,9,23.9,0
ORD504860,CUST101356,560098,2025-07-02 15:58:07,411.51,17.4,Grocery,11,13.3,0
ORD501456,CUST100497,560050,2025-07-02 17:10:45,632.08,2.3,Fashion,22,33.5,0
ORD507355,CUST100779,560089,2025-07-02 17:54:01,975.12,37.5,Fashion,22,16.8,1
ORD503459,CUST100607,560026,2025-07-02 18:39:58,212.47,33.9,Home,5,8.7,0
ORD506255,CUST101341,560016,2025-07-02 18:59:51,1606.49,19.2,Fashion,23,2.6,0
ORD500443,CUST100037,560041,2025-07-02 19:41:55,847.89,22.6,Electronics,1,10.6,0
ORD505577,CUST101996,560051,2025-07-02 20:04:31,511.42,1.5,Fashion,5,24.0,0
ORD502723,CUST100993,560042,2025-07-02 22:16:50,786.78,3.9,Beauty,6,18.1,0
ORD502173,CUST100551,560034,2025-07-02 22:49:20,482.45,6.2,Electronics,1,4.3,1
ORD503256,CUST100757,560038,2025-07-02 23:25:33,926.75,17.4,Other,1,6.6,1
ORD500485,CUST100963,560050,2025-07-03 00:37:09,1335.27,20.8,Fashion,19,6.7,0
ORD504393,CUST100114,560056,2025-07-03 02:09:38,1348.68,17.5,Electronics,1,13.9,0
ORD506290,CUST101160,560102,2025-07-03 03:44:36,251.1,27.8,Beauty,16,23.7,0
ORD502643,CUST100901,560118,2025-07-03 03:45:46,900.74,14.6,Other,19,11.0,0
ORD505728,CUST101374,560008,2025-07-03 03:47:07,2577.53,2.6,Home,9,27.7,0
ORD501394,CUST100650,560040,2025-07-03 03:50:03,558.04,23.6,Electronics,2,14.0,0
ORD500981,CUST101974,560089,2025-07-03 04:09:59,868.63,25.2,Beauty,5,22.4,0
ORD507071,CUST101553,560020,2025-07-03 04:49:19,1075.17,18.1,Fashion,1,20.9,0
ORD506882,CUST100139,560013,2025-07-03 04:50:28,201.34,2.9,Beauty,9,18.7,0
ORD507207,CUST101639,560108,2025-07-03 05:03:54,221.34,24.4,Fashion,8,1.8,0
ORD505539,CUST101875,560075,2025-07-03 05:13:07,746.33,24.2,Fashion,21,3.0,1
ORD500473,CUST101539,560072,2025-07-03 05:36:50,150.0,7.5,Other,7,3.9,0
ORD506476,CUST100398,560054,2025-07-03 05:59:34,766.3,6.2,Home,9,24.7,0
ORD503419,CUST101691,560025,2025-07-03 06:38:40,665.51,43.9,Other,12,11.1,1
ORD506228,CUST100759,560043,2025-07-03 06:55:46,566.36,16.2,Electronics,11,3.0,0
ORD504233,CUST101408,560080,2025-07-03 08:03:56,659.42,35.8,Beauty,18,7.5,1
ORD507532,CUST100150,560034,2025-07-03 08:23:20,1029.16,18.4,Home,23,10.1,1
ORD500875,CUST101543,560027,2025-07-03 08:41:47,1702.92,21.8,Electronics,17,11.7,1
ORD502715,CUST101062,560006,2025-07-03 10:44:58,469.98,9.8,Beauty,20,10.7,0
ORD503209,CUST100041,560106,2025-07-03 10:49:33,470.84,45.1,Home,10,7.5,0
ORD502534,CUST101772,560061,2025-07-03 11:20:21,671.56,3.0,Electronics,7,10.6,0
ORD506271,CUST100568,560094,2025-07-03 11:44:29,304.94,48.3,Other,11,15.4,1
ORD502925,CUST100830,560035,2025-07-03 11:58:42,1843.29,9.6,Electronics,8,12.6,0
ORD507164,CUST101940,560002,2025-07-03 12:15:56,675.74,47.1,Fashion,13,16.8,0
ORD507922,CUST101143,560049,2025-07-03 12:28:32,1230.27,18.7,Home,20,15.0,0
ORD505260,CUST101480,560033,2025-07-03 12:31:51,769.96,17.1,Fashion,11,4.6,0
ORD504941,CUST101451,560084,2025-07-03 12:35:42,714.1,19.7,Grocery,11,1.7,1
ORD500590,CUST101642,560040,2025-07-03 12:51:45,248.1,2.6,Beauty,13,36.5,0
ORD505695,CUST101796,560043,2025-07-03 13:40:18,715.07,4.2,Electronics,0,6.2,0
ORD506028,CUST100257,560107,2025-07-03 13:51:41,742.9,1.8,Fashion,10,15.8,1
ORD501187,CUST100687,560077,2025-07-03 13:57:26,1050.71,8.0,Fashion,3,4.8,0
ORD507685,CUST100759,560007,2025-07-03 14:52:20,1372.52,24.1,Other,5,11.1,0
ORD506319,CUST101850,560110,2025-07-03 15:44:15,900.92,32.7,Fashion,20,11.1,0
ORD505980,CUST101237,560114,2025-07-03 15:46:05,755.27,37.7,Beauty,23,10.0,0
ORD500543,CUST101189,560081,2025-07-03 17:36:01,684.75,32.4,Beauty,11,4.9,0
ORD500131,CUST101955,560042,2025-07-03 18:24:46,1946.24,7.5,Fashion,20,9.6,0
ORD503310,CUST100872,560067,2025-07-03 20:23:21,1249.33,3.9,Electronics,22,19.9,1
ORD501314,CUST100182,560000,2025-07-03 20:52:29,482.38,23.6,Electronics,0,1.1,0
ORD504122,CUST100469,560030,2025-07-03 21:05:19,398.1,48.3,Other,18,17.5,1
ORD504135,CUST101142,560118,2025-07-03 21:46:44,1858.23,31.9,Beauty,13,3.3,0
ORD506083,CUST101997,560052,2025-07-03 22:26:05,610.64,15.3,Home,19,5.1,0
ORD506528,CUST100003,560009,2025-07-03 23:37:58,1427.87,9.4,Fashion,20,20.8,0
ORD500009,CUST101657,560053,2025-07-04 00:00:04,1797.52,22.0,Beauty,1,20.7,0
ORD507387,CUST101016,560102,2025-07-04 00:02:00,653.36,40.7,Fashion,9,5.1,0
ORD504440,CUST101123,560002,2025-07-04 00:04:22,1259.22,9.4,Fashion,19,12.3,0
ORD505081,CUST101437,560063,2025-07-04 00:22:01,644.15,0.8,Home,10,11.1,0
ORD507291,CUST101294,560086,2025-07-04 01:04:52,546.04,17.6,Electronics,7,4.4,0
ORD503155,CUST100962,560050,2025-07-04 01:54:13,531.45,17.4,Fashion,1,15.4,1
ORD501710,CUST101608,560063,2025-07-04 02:26:22,844.73,11.8,Fashion,17,3.9,0
ORD503738,CUST100901,560118,2025-07-04 02:48:08,1802.41,0.5,Home,22,6.9,0
ORD501064,CUST101390,560053,2025-07-04 03:24:56,218.85,24.4,Fashion,23,36.3,1
ORD501746,CUST101161,560059,2025-07-04 04:41:19,1433.87,4.3,Home,9,17.5,0
ORD502063,CUST101269,560001,2025-07-04 04:51:18,643.5,25.5,Fashion,13,9.3,1
ORD506309,CUST101714,560058,2025-07-04 05:22:07,215.89,17.0,Fashion,8,11.0,0
ORD503485,CUST101906,560049,2025-07-04 07:21:16,642.33,1.2,Electronics,16,13.4,0
ORD506854,CUST100227,560023,2025-07-04 07:34:43,595.84,37.8,Fashion,22,14.3,0
ORD502360,CUST101552,560077,2025-07-04 08:24:28,650.56,0.8,Electronics,3,6.1,0
ORD505076,CUST100191,560057,2025-07-04 08:53:37,370.3,17.2,Grocery,16,9.9,1
ORD502333,CUST100297,560064,2025-07-04 08:57:15,2600.48,28.8,Other,22,7.2,1
ORD503571,CUST100729,560024,2025-07-04 10:28:10,768.66,23.4,Fashion,3,23.1,0
ORD501389,CUST101292,560071,2025-07-04 11:00:00,1918.05,27.7,Home,13,5.3,1
ORD506484,CUST100474,560028,2025-07-04 11:19:56,278.09,19.9,Electronics,18,1.8,0
ORD500578,CUST100687,560100,2025-07-04 14:18:24,730.77,19.9,Other,15,24.0,1
ORD500013,CUST100524,560052,2025-07-04 15:50:06,617.55,17.2,Other,13,13.5,0
ORD507030,CUST100541,560110,2025-07-04 15:58:14,1851.57,34.2,Fashion,22,7.7,0
ORD503205,CUST100410,560045,2025-07-04 16:17:16,267.41,15.6,Grocery,6,15.7,0
ORD503420,CUST101465,560018,2025-07-04 16:22:23,3106.59,5.6,Fashion,14,14.8,0
ORD501015,CUST101127,560014,2025-07-04 16:29:31,1610.68,29.8,Other,0,13.5,1
ORD503381,CUST100539,560074,2025-07-04 17:45:57,380.19,16.3,Beauty,17,7.7,0
ORD501251,CUST101296,560027,2025-07-04 20:50:39,913.42,2.4,Beauty,19,10.8,0
ORD500153,CUST100476,560068,2025-07-04 21:09:42,2055.48,41.3,Fashion,13,2.3,0
ORD506019,CUST101049,560094,2025-07-04 21:40:17,595.7,3.1,Electronics,13,8.6,0
ORD504901,CUST100759,560055,2025-07-04 22:30:01,1162.72,17.1,Fashion,18,11.6,0
ORD501356,CUST100988,560004,2025-07-04 23:08:48,1118.4,4.5,Electronics,20,12.9,0
ORD506305,CUST100064,560016,2025-07-04 23:15:50,1527.18,27.2,Fashion,3,2.9,0
ORD504162,CUST101649,560115,2025-07-04 23:31:27,2179.89,20.1,Electronics,17,8.1,0
ORD502999,CUST100728,560119,2025-07-04 23:42:53,294.26,29.8,Other,7,18.2,0
ORD504221,CUST100547,560018,2025-07-04 23:48:42,1255.31,27.9,Home,13,7.3,0
ORD507007,CUST101246,560073,2025-07-05 00:06:00,515.92,21.6,Beauty,5,3.5,0
ORD504228,CUST101534,560058,2025-07-05 00:14:30,150.0,2.2,Home,14,1.0,1
ORD504188,CUST100935,560037,2025-07-05 01:20:43,465.26,29.7,Fashion,2,18.2,1
ORD500106,CUST100423,560069,2025-07-05 01:40:16,881.66,18.9,Home,16,3.1,0
ORD500386,CUST101907,560009,2025-07-05 01:40:46,1228.89,41.5,Home,18,22.6,0
ORD507932,CUST101888,560085,2025-07-05 02:03:44,413.35,24.9,Fashion,12,12.8,1
ORD505468,CUST101899,560042,2025-07-05 02:58:42,270.8,24.1,Beauty,21,10.2,1
ORD501471,CUST100302,560008,2025-07-05 03:30:25,989.77,0.4,Fashion,23,32.9,0
ORD504565,CUST100491,560080,2025-07-05 04:26:53,1949.45,37.7,Home,5,23.6,1
ORD502032,CUST101100,560114,2025-07-05 04:46:32,1327.09,40.0,Electronics,16,1.0,0
ORD506961,CUST100961,560029,2025-07-05 05:53:50,622.43,17.6,Beauty,15,14.1,1
ORD501745,CUST101608,560018,2025-07-05 08:28:14,329.63,31.2,Electronics,8,28.6,0
ORD503425,CUST101390,560097,2025-07-05 08:45:59,575.58,33.6,Fashion,2,25.2,0
ORD507624,CUST100076,560025,2025-07-05 09:57:37,506.95,13.9,Fashion,18,1.1,0
ORD507178,CUST101000,560007,2025-07-05 12:46:40,286.69,28.2,Electronics,12,4.9,0
ORD500786,CUST101786,560073,2025-07-05 13:56:06,869.97,1.1,Fashion,22,12.7,0
ORD502218,CUST100524,560026,2025-07-05 15:33:47,916.63,0.8,Fashion,23,20.7,0
ORD500130,CUST101377,560114,2025-07-05 16:34:05,656.33,18.3,Fashion,3,5.2,0
ORD506495,CUST101472,560019,2025-07-05 17:43:57,472.72,24.1,Grocery,3,22.7,0
ORD500881,CUST100474,560090,2025-07-05 17:44:09,358.48,3.2,Grocery,4,9.4,0
ORD506611,CUST100001,560002,2025-07-05 18:26:46,721.21,25.4,Fashion,21,8.4,0
ORD502901,CUST100290,560081,2025-07-05 19:00:04,241.91,30.3,Other,20,30.5,0
ORD507138,CUST100139,560013,2025-07-05 19:04:42,452.95,7.9,Other,5,8.8,0
ORD502513,CUST100024,560103,2025-07-05 19:45:20,456.49,24.5,Beauty,15,7.1,0
ORD506382,CUST100685,560009,2025-07-05 20:02:26,909.42,16.9,Home,0,16.7,0
ORD501901,CUST100975,560015,2025-07-05 21:37:58,718.73,33.5,Other,7,12.3,0
ORD500697,CUST101078,560071,2025-07-05 21:38:50,332.73,31.2,Home,21,16.1,0
ORD505339,CUST100686,560116,2025-07-05 21:56:07,1038.41,40.5,Beauty,5,11.2,0
ORD504173,CUST100809,560058,2025-07-05 22:19:22,301.86,2.6,Home,20,17.5,0
ORD507570,CUST100834,560071,2025-07-05 23:29:53,150.0,32.7,Fashion,3,5.7,0
ORD501885,CUST101161,560019,2025-07-06 00:33:43,1209.82,15.7,Other,14,12.6,0
ORD502622,CUST100341,560113,2025-07-06 00:51:29,983.85,26.7,Other,10,1.0,0
ORD502182,CUST101115,560088,2025-07-06 03:14:55,650.24,8.5,Fashion,3,16.4,0
ORD504787,CUST101315,560051,2025-07-06 03:29:22,1558.96,15.4,Home,5,25.9,0
ORD503947,CUST101836,560050,2025-07-06 03:33:32,1195.7,21.1,Electronics,11,14.9,0
ORD506930,CUST101022,560049,2025-07-06 03:40:48,328.04,12.4,Fashion,15,14.5,0
ORD502465,CUST100515,560108,2025-07-06 04:16:34,1584.71,8.8,Other,15,16.4,0
ORD503974,CUST101829,560107,2025-07-06 04:21:18,1196.15,10.7,Fashion,7,7.0,1
ORD507538,CUST100633,560022,2025-07-06 04:40:37,1703.85,27.3,Electronics,13,11.6,0
ORD502548,CUST101796,560083,2025-07-06 07:53:43,631.86,28.5,Fashion,23,7.5,0
ORD500942,CUST100799,560062,2025-07-06 08:37:47,1548.32,8.9,Electronics,13,1.9,0
ORD503258,CUST100541,560007,2025-07-06 09:41:37,302.18,16.8,Grocery,5,10.2,0
ORD500365,CUST101203,560111,2025-07-06 10:41:11,812.15,14.1,Home,15,2.8,0
ORD506223,CUST101339,560032,2025-07-06 10:44:08,1398.35,14.1,Fashion,17,8.9,0
ORD500137,CUST101124,560097,2025-07-06 10:57:30,1110.16,7.4,Beauty,23,14.7,1
ORD506855,CUST101116,560037,2025-07-06 11:53:22,435.49,15.8,Beauty,19,11.3,0
ORD505451,CUST100356,560110,2025-07-06 12:18:22,1596.31,13.8,Other,0,2.5,0
ORD506769,CUST100474,560103,2025-07-06 13:14:18,697.0,24.8,Electronics,15,8.3,0
ORD507384,CUST101013,560001,2025-07-06 14:10:14,1333.6,30.4,Home,23,4.0,0
ORD502771,CUST101620,560082,2025-07-06 14:44:56,1208.29,10.0,Beauty,12,12.5,0
ORD504183,CUST101527,560111,2025-07-06 15:41:10,625.41,14.0,Electronics,2,15.0,0
ORD506693,CUST100339,560050,2025-07-06 15:48:32,574.28,18.2,Home,18,24.2,1
ORD503890,CUST101411,560114,2025-07-06 16:34:50,1304.98,45.1,Electronics,2,25.6,0
ORD500360,CUST100315,560087,2025-07-06 16:51:21,746.36,4.6,Electronics,2,15.8,0
ORD507482,CUST101310,560076,2025-07-06 17:13:06,314.91,16.8,Beauty,20,2.9,0
ORD503591,CUST100391,560038,2025-07-06 17:54:24,528.41,30.7,Fashion,4,17.5,0
ORD503629,CUST101832,560061,2025-07-06 18:04:21,1254.22,7.8,Fashion,3,9.0,0
ORD501958,CUST101364,560057,2025-07-06 18:47:15,1061.36,46.1,Other,16,6.2,0
ORD501804,CUST100163,560035,2025-07-06 19:37:54,1685.75,10.0,Beauty,8,22.2,0
ORD507906,CUST101199,560106,2025-07-06 19:38:27,722.05,21.2,Fashion,21,27.5,0
ORD502224,CUST101579,560076,2025-07-06 19:40:58,174.25,8.4,Grocery,1,21.3,0
ORD501951,CUST101250,560029,2025-07-06 20:43:57,217.92,41.5,Electronics,2,22.4,0
ORD502491,CUST101459,560062,2025-07-06 21:48:31,667.73,19.8,Beauty,8,6.5,0
ORD500742,CUST101224,560025,2025-07-06 21:48:32,864.26,11.1,Beauty,17,8.8,1
ORD507704,CUST100202,560028,2025-07-06 22:59:11,1221.58,2.1,Beauty,2,12.8,1
ORD503202,CUST101523,560089,2025-07-06 23:03:06,615.9,10.5,Home,4,23.5,0
ORD505308,CUST100924,560053,2025-07-06 23:15:45,657.9,18.0,Electronics,3,1.0,0
ORD500490,CUST101318,560011,2025-07-06 23:47:23,1223.25,8.7,Fashion,23,6.6,0
ORD504966,CUST101239,560037,2025-07-06 23:56:17,366.9,6.1,Beauty,6,12.0,0
ORD505114,CUST101597,560045,2025-07-07 00:45:42,443.1,29.9,Electronics,19,12.0,1
ORD503504,CUST101622,560048,2025-07-07 01:52:00,897.26,5.0,Fashion,6,8.3,0
ORD501368,CUST101384,560097,2025-07-07 02:31:20,1330.85,8.3,Other,17,12.5,0
ORD502332,CUST101281,560091,2025-07-07 03:47:52,560.53,22.0,Electronics,10,12.3,1
ORD506839,CUST100013,560028,2025-07-07 05:48:50,525.55,44.3,Other,17,1.0,0
ORD505072,CUST101269,560106,2025-07-07 05:57:59,150.0,31.8,Fashion,10,23.0,0
ORD506537,CUST101215,560080,2025-07-07 06:27:04,602.0,20.0,Fashion,11,27.1,1
ORD507488,CUST100095,560091,2025-07-07 06:30:56,1088.6,11.5,Beauty,3,13.5,1
ORD502436,CUST100262,560062,2025-07-07 06:48:41,847.98,7.6,Fashion,15,29.8,0
ORD503883,CUST101048,560036,2025-07-07 07:10:53,190.33,51.9,Beauty,14,3.2,0
ORD507144,CUST101071,560027,2025-07-07 07:23:39,604.07,29.9,Other,2,4.0,0
ORD503990,CUST101893,560100,2025-07-07 07:23:50,764.14,9.7,Other,0,25.2,0
ORD505257,CUST101148,560040,2025-07-07 08:01:25,703.29,27.2,Electronics,13,12.2,0
ORD505161,CUST100976,560076,2025-07-07 08:56:55,1221.28,5.4,Beauty,4,5.2,0
ORD507744,CUST100901,560007,2025-07-07 10:36:33,667.59,23.6,Other,12,9.6,0
ORD506963,CUST101937,560041,2025-07-07 11:10:25,488.76,8.3,Fashion,15,3.4,0
ORD506716,CUST100533,560065,2025-07-07 11:14:57,1655.25,33.6,Fashion,0,2.7,0
ORD504832,CUST100503,560063,2025-07-07 12:31:13,342.41,6.0,Grocery,3,24.0,0
ORD505952,CUST100318,560106,2025-07-07 15:13:59,1170.95,17.7,Other,4,17.3,0
ORD504319,CUST101620,560074,2025-07-07 15:57:54,329.06,39.7,Other,1,15.7,0
ORD501331,CUST101265,560064,2025-07-07 17:03:15,2886.1,18.5,Electronics,20,14.2,0
ORD506916,CUST100401,560002,2025-07-07 17:08:18,1010.4,40.0,Beauty,8,8.2,0
ORD506366,CUST100139,560004,2025-07-07 17:26:26,509.83,23.6,Fashion,18,17.8,0
ORD507309,CUST101062,560066,2025-07-07 17:26:35,2146.9,2.0,Grocery,8,6.5,0
ORD503536,CUST100797,560082,2025-07-07 19:16:40,887.88,27.3,Fashion,14,15.2,0
ORD505051,CUST101553,560023,2025-07-07 20:01:08,209.55,43.7,Grocery,9,18.3,0
ORD506039,CUST100877,560058,2025-07-07 20:53:32,931.84,17.4,Fashion,23,12.3,0
ORD504768,CUST101854,560089,2025-07-07 21:08:41,609.38,18.4,Fashion,3,13.2,0
ORD507351,CUST100728,560103,2025-07-07 21:24:22,939.73,30.7,Grocery,20,17.1,0
ORD505087,CUST101207,560058,2025-07-07 22:15:03,719.89,46.2,Beauty,4,11.7,1
ORD504614,CUST101776,560030,2025-07-07 22:57:28,661.67,25.2,Beauty,20,24.6,0
ORD505753,CUST100081,560054,2025-07-07 23:47:43,1991.04,25.0,Beauty,11,20.9,0
ORD506258,CUST101892,560059,2025-07-08 01:16:51,957.55,31.6,Home,10,15.8,1
ORD501442,CUST100577,560009,2025-07-08 02:01:25,488.19,12.3,Fashion,9,1.0,0
ORD506066,CUST100270,560055,2025-07-08 02:07:13,373.09,8.0,Fashion,17,19.7,1
ORD501622,CUST100095,560015,2025-07-08 02:16:41,262.8,35.3,Grocery,17,10.1,1
ORD504635,CUST100648,560042,2025-07-08 03:02:30,360.03,5.2,Beauty,15,10.2,0
ORD505324,CUST101179,560072,2025-07-08 03:47:32,541.37,11.1,Home,18,22.4,0
ORD507191,CUST101509,560064,2025-07-08 03:54:06,1604.19,32.6,Other,5,4.0,0
ORD503146,CUST101007,560086,2025-07-08 03:55:22,209.62,7.2,Other,17,7.8,0
ORD505473,CUST101003,560072,2025-07-08 03:58:53,1297.31,15.9,Home,4,6.4,1
ORD504421,CUST100301,560012,2025-07-08 04:23:02,206.33,26.2,Beauty,4,14.5,1
ORD501725,CUST100152,560050,2025-07-08 04:48:35,647.15,17.6,Beauty,8,1.2,0
ORD506892,CUST101115,560015,2025-07-08 06:17:10,552.44,6.6,Grocery,5,3.9,0
ORD505180,CUST100308,560096,2025-07-08 07:27:37,233.05,24.8,Home,5,20.2,0
ORD504065,CUST100134,560009,2025-07-08 08:23:15,358.17,4.7,Home,19,4.1,0
ORD506932,CUST101164,560094,2025-07-08 08:31:46,1182.62,8.7,Fashion,20,4.8,0
ORD507367,CUST101267,560050,2025-07-08 09:21:04,270.23,27.1,Fashion,3,5.3,0
ORD507885,CUST101164,560081,2025-07-08 09:39:26,828.92,10.7,Grocery,23,19.6,0
ORD504079,CUST101884,560093,2025-07-08 09:51:43,269.41,34.0,Electronics,6,14.0,1
ORD500056,CUST100299,560049,2025-07-08 09:57:53,1051.77,30.5,Beauty,0,23.2,0
ORD505145,CUST101628,560109,2025-07-08 10:16:35,1021.96,4.9,Fashion,9,17.5,1
ORD504149,CUST101626,560021,2025-07-08 12:10:27,343.0,25.0,Fashion,18,10.4,0
ORD506857,CUST100677,560076,2025-07-08 12:40:50,698.85,26.3,Beauty,12,5.0,0
ORD507022,CUST101237,560057,2025-07-08 12:57:32,503.49,50.2,Other,6,2.3,0
ORD500524,CUST101087,560000,2025-07-08 13:04:11,557.85,12.3,Beauty,23,16.7,0
ORD505268,CUST101564,560076,2025-07-08 13:16:26,293.57,2.7,Beauty,3,9.6,0
ORD501005,CUST100557,560085,2025-07-08 13:42:30,312.91,42.5,Home,21,13.4,0
ORD505897,CUST100786,560092,2025-07-08 13:52:32,494.27,34.6,Fashion,12,1.0,1
ORD501533,CUST100359,560111,2025-07-08 14:11:44,669.65,6.6,Beauty,7,23.3,0
ORD506948,CUST100520,560013,2025-07-08 14:51:00,572.94,19.3,Grocery,4,10.7,0
ORD507648,CUST101899,560021,2025-07-08 15:03:25,447.11,4.9,Home,3,12.2,0
ORD503908,CUST100551,560024,2025-07-08 16:07:11,825.64,32.9,Home,15,14.6,0
ORD502160,CUST101573,560053,2025-07-08 16:17:32,702.31,22.4,Grocery,0,4.6,0
ORD505818,CUST100414,560068,2025-07-08 17:37:52,832.38,12.9,Electronics,22,3.8,0
ORD506477,CUST101007,560020,2025-07-08 18:02:05,1093.68,16.1,Fashion,19,4.1,0
ORD500716,CUST101481,560064,2025-07-08 19:05:56,420.6,41.9,Fashion,3,15.7,1
ORD502565,CUST101767,560105,2025-07-08 19:31:52,456.7,30.0,Home,13,1.0,0
ORD501293,CUST101228,560004,2025-07-08 20:01:29,443.29,16.8,Home,15,11.7,0
ORD500762,CUST101040,560110,2025-07-08 21:15:43,2196.71,65.0,Grocery,7,1.6,0
ORD501742,CUST101701,560078,2025-07-08 21:22:28,608.82,20.3,Electronics,3,21.6,0
ORD502556,CUST100015,560098,2025-07-08 21:35:35,1116.52,34.1,Electronics,12,8.0,0
ORD507915,CUST100455,560059,2025-07-08 22:39:33,422.16,27.1,Home,15,12.9,0
ORD504824,CUST101203,560075,2025-07-08 22:48:12,874.08,7.7,Home,8,16.0,0
ORD501068,CUST101203,560037,2025-07-08 23:34:29,2498.01,45.9,Beauty,6,3.9,0
ORD500667,CUST100835,560113,2025-07-08 23:43:53,708.77,18.4,Fashion,14,13.6,0
ORD503237,CUST101620,560022,2025-07-09 00:00:11,551.89,13.8,Fashion,21,1.1,0
ORD500535,CUST100405,560092,2025-07-09 00:49:54,528.83,18.4,Grocery,14,7.1,0
ORD504396,CUST101123,560117,2025-07-09 01:46:09,511.13,6.3,Electronics,4,4.6,0
ORD500265,CUST101941,560048,2025-07-09 03:45:37,1165.14,0.1,Grocery,3,4.5,1
ORD505343,CUST101390,560056,2025-07-09 04:26:12,312.69,13.6,Electronics,16,1.0,0
ORD503367,CUST100624,560061,2025-07-09 05:34:25,940.42,17.2,Other,14,21.6,0
ORD502004,CUST100407,560092,2025-07-09 07:22:11,485.77,16.3,Fashion,13,4.5,1
ORD503526,CUST101367,560009,2025-07-09 07:24:58,653.31,29.4,Fashion,6,1.0,0
ORD500755,CUST100343,560008,2025-07-09 07:28:13,553.64,5.9,Fashion,11,9.0,0
ORD504288,CUST100510,560115,2025-07-09 07:40:14,1007.5,6.5,Fashion,13,11.3,0
ORD501358,CUST100759,560112,2025-07-09 07:45:15,264.67,0.4,Electronics,23,2.0,0
ORD501302,CUST100135,560010,2025-07-09 08:26:49,1339.64,10.4,Electronics,22,3.5,0
ORD501800,CUST101698,560024,2025-07-09 08:39:58,320.96,17.6,Beauty,2,16.3,0
ORD505000,CUST100240,560067,2025-07-09 09:28:05,431.37,4.1,Beauty,17,12.1,1
ORD504661,CUST100532,560022,2025-07-09 09:50:14,469.11,14.4,Electronics,19,10.5,0
ORD500230,CUST101186,560060,2025-07-09 10:09:01,616.55,1.1,Grocery,20,1.0,0
ORD503468,CUST101499,560094,2025-07-09 10:17:51,645.59,11.7,Grocery,11,19.0,0
ORD505266,CUST100206,560020,2025-07-09 10:57:10,1260.07,1.9,Other,12,25.1,0
ORD502897,CUST100424,560013,2025-07-09 12:34:44,852.52,4.6,Electronics,3,7.1,0
ORD507629,CUST101048,560061,2025-07-09 12:45:57,316.3,4.4,Fashion,7,18.5,0
ORD500722,CUST100983,560093,2025-07-09 13:16:36,1924.08,19.2,Grocery,3,11.9,0
ORD507626,CUST100297,560061,2025-07-09 13:24:28,509.12,22.5,Fashion,9,19.4,0
ORD504047,CUST100834,560107,2025-07-09 14:07:53,940.12,20.3,Electronics,14,14.2,1
ORD501997,CUST101990,560076,2025-07-09 14:21:02,940.34,25.6,Beauty,18,20.8,0
ORD502298,CUST101864,560091,2025-07-09 14:42:30,580.6,40.1,Home,9,9.2,1
ORD507880,CUST101048,560032,2025-07-09 15:10:54,711.08,13.5,Electronics,8,8.8,0
ORD507303,CUST101852,560099,2025-07-09 15:44:53,887.75,13.0,Electronics,10,20.2,0
ORD504040,CUST101832,560051,2025-07-09 16:14:01,1013.89,29.6,Electronics,7,1.1,0
ORD501992,CUST101874,560076,2025-07-09 18:40:46,845.69,49.4,Electronics,20,14.3,0
ORD500941,CUST100717,560036,2025-07-09 19:09:40,919.59,27.1,Fashion,1,19.8,0
ORD500827,CUST100872,560097,2025-07-09 19:16:54,625.84,14.9,Electronics,1,2.6,1
ORD505681,CUST100277,560075,2025-07-09 19:48:40,1237.4,6.3,Home,6,1.5,0
ORD500247,CUST100441,560016,2025-07-09 20:34:57,448.4,11.9,Home,5,23.3,0
ORD500778,CUST101974,560117,2025-07-09 21:45:22,445.55,16.5,Beauty,6,14.8,0
ORD500245,CUST100282,560085,2025-07-09 22:04:30,708.28,10.2,Beauty,11,21.9,1
ORD504287,CUST101404,560036,2025-07-09 22:26:11,1558.01,14.1,Electronics,1,10.2,0
ORD502876,CUST101730,560116,2025-07-09 23:20:11,457.66,18.8,Electronics,8,11.5,0
ORD500158,CUST100571,560019,2025-07-09 23:50:24,1939.63,22.9,Home,7,5.6,0
ORD503988,CUST101062,560056,2025-07-10 00:06:19,1249.47,29.1,Electronics,7,15.7,0
ORD506596,CUST100047,560089,2025-07-10 00:22:23,709.73,18.1,Fashion,23,18.4,1
ORD506265,CUST101916,560095,2025-07-10 01:51:47,576.35,2.8,Beauty,8,18.0,0
ORD501063,CUST100818,560003,2025-07-10 01:53:30,879.93,15.6,Fashion,7,11.7,0
ORD503594,CUST100151,560094,2025-07-10 02:29:33,1966.22,20.5,Beauty,15,11.8,0
ORD503386,CUST101250,560102,2025-07-10 03:14:29,1006.46,19.6,Fashion,22,7.2,1
ORD506152,CUST100314,560056,2025-07-10 03:25:09,562.44,21.8,Electronics,20,7.0,0
ORD504470,CUST100607,560091,2025-07-10 03:56:32,283.86,34.7,Electronics,15,12.1,0
ORD504414,CUST101657,560057,2025-07-10 04:06:05,526.3,17.2,Other,6,22.3,0
ORD503187,CUST101023,560026,2025-07-10 04:10:18,716.65,33.2,Grocery,10,14.9,0
ORD505189,CUST101344,560117,2025-07-10 04:23:53,1112.33,20.8,Beauty,9,12.4,0
ORD506343,CUST100713,560002,2025-07-10 05:34:20,706.41,15.2,Fashion,23,25.3,0
ORD501438,CUST100888,560063,2025-07-10 06:10:36,445.39,36.1,Beauty,4,19.5,1
ORD500287,CUST101420,560074,2025-07-10 06:17:44,1607.53,6.1,Other,18,16.4,0
ORD503815,CUST101608,560007,2025-07-10 06:47:59,237.51,21.3,Electronics,11,3.5,0
ORD506869,CUST100257,560108,2025-07-10 06:57:50,377.54,17.5,Electronics,8,12.5,1
ORD501373,CUST100872,560059,2025-07-10 07:07:12,292.5,5.0,Beauty,10,4.9,0
ORD504525,CUST100515,560043,2025-07-10 07:25:37,1069.71,15.5,Fashion,11,18.3,0
ORD500922,CUST101534,560105,2025-07-10 08:02:32,1283.07,33.7,Home,17,11.2,0
ORD506580,CUST100759,560021,2025-07-10 08:09:17,969.63,15.4,Home,6,22.6,0
ORD503669,CUST101239,560057,2025-07-10 09:09:34,2140.44,18.3,Fashion,14,5.8,0
ORD507513,CUST100370,560118,2025-07-10 09:53:38,797.13,32.2,Grocery,6,9.8,0
ORD502935,CUST100393,560094,2025-07-10 10:02:28,514.47,48.8,Beauty,2,8.9,1
ORD500006,CUST101534,560067,2025-07-10 10:26:55,1426.33,18.1,Grocery,10,9.7,0
ORD502857,CUST100930,560004,2025-07-10 10:57:29,1713.1,32.2,Fashion,9,10.8,0
ORD506238,CUST100067,560080,2025-07-10 11:07:50,407.63,28.8,Fashion,14,5.2,0
ORD505219,CUST101267,560111,2025-07-10 11:14:29,1848.79,37.4,Other,7,1.6,0
ORD503240,CUST101951,560013,2025-07-10 11:35:31,805.02,19.0,Fashion,16,8.5,0
ORD501404,CUST101701,560109,2025-07-10 11:50:46,1202.52,12.6,Beauty,6,9.9,1
ORD506603,CUST100742,560111,2025-07-10 14:19:38,273.6,15.9,Home,11,13.1,0
ORD505107,CUST100654,560056,2025-07-10 15:56:58,794.66,35.0,Fashion,1,22.2,1
ORD501500,CUST101943,560065,2025-07-10 16:40:42,373.11,9.2,Grocery,11,21.9,0
ORD502758,CUST100520,560053,2025-07-10 16:51:45,428.04,33.4,Electronics,17,15.3,0
ORD507810,CUST100638,560092,2025-07-10 19:00:24,234.82,15.5,Grocery,9,1.0,0
ORD503566,CUST101863,560102,2025-07-10 19:09:55,1192.6,23.5,Home,3,3.8,0
ORD503348,CUST100008,560076,2025-07-10 19:23:02,563.89,26.3,Electronics,7,13.0,0
ORD505877,CUST101628,560096,2025-07-10 20:25:07,228.06,24.7,Electronics,5,17.9,0
ORD501808,CUST101675,560007,2025-07-10 20:33:40,878.89,0.7,Electronics,22,5.2,0
ORD503871,CUST101962,560001,2025-07-10 20:35:11,579.26,6.5,Grocery,14,15.6,1
ORD504762,CUST101176,560092,2025-07-10 21:35:48,667.23,11.8,Fashion,7,9.9,0
ORD506371,CUST101161,560110,2025-07-10 21:38:39,683.52,28.6,Fashion,13,19.5,0
ORD502372,CUST100834,560020,2025-07-10 21:47:50,1188.9,10.5,Electronics,1,11.0,0
ORD507732,CUST100889,560068,2025-07-10 22:08:36,2684.7,9.2,Fashion,2,5.8,1
ORD500989,CUST101368,560068,2025-07-10 23:56:57,831.17,27.8,Grocery,16,9.6,0
ORD506787,CUST100796,560050,2025-07-11 00:40:21,491.76,28.2,Fashion,22,25.2,0
ORD507598,CUST100582,560011,2025-07-11 02:12:28,479.56,15.3,Beauty,12,7.0,1
ORD503672,CUST100687,560095,2025-07-11 02:30:35,628.46,19.2,Electronics,10,18.6,0
ORD507791,CUST100054,560037,2025-07-11 03:03:51,1029.05,14.0,Fashion,2,15.2,0
ORD503406,CUST101132,560075,2025-07-11 03:25:48,2356.21,33.1,Electronics,13,2.8,0
ORD501150,CUST101580,560060,2025-07-11 04:23:38,745.8,46.0,Other,9,10.1,0
ORD506068,CUST101227,560071,2025-07-11 06:50:31,150.0,40.0,Home,3,10.8,0
ORD504234,CUST100872,560013,2025-07-11 07:13:53,760.29,14.7,Grocery,8,11.6,0
ORD500765,CUST101203,560037,2025-07-11 07:30:47,293.8,28.6,Beauty,13,8.6,0
ORD503172,CUST101321,560110,2025-07-11 07:39:28,258.49,3.6,Electronics,11,10.7,0
ORD501247,CUST100573,560115,2025-07-11 07:41:20,658.53,16.1,Home,12,23.3,0
ORD507254,CUST101315,560009,2025-07-11 09:56:00,697.53,15.9,Home,10,13.4,0
ORD500286,CUST100478,560004,2025-07-11 10:09:51,709.87,11.5,Beauty,23,25.1,1
ORD502024,CUST100872,560055,2025-07-11 10:10:24,1170.68,14.1,Beauty,16,14.1,0
ORD500236,CUST101199,560075,2025-07-11 11:23:37,1278.76,23.7,Fashion,4,13.7,0
ORD500679,CUST101014,560088,2025-07-11 12:26:07,470.49,6.2,Home,4,3.3,0
ORD502902,CUST100264,560007,2025-07-11 12:30:07,936.32,15.1,Fashion,18,16.4,0
ORD501422,CUST100040,560018,2025-07-11 13:04:33,2591.43,41.4,Other,20,16.3,0
ORD506749,CUST100505,560004,2025-07-11 13:32:02,361.33,27.5,Beauty,1,11.0,0
ORD500626,CUST101233,560092,2025-07-11 14:04:36,677.93,23.7,Beauty,6,16.5,1
ORD503261,CUST100928,560115,2025-07-11 14:07:17,275.55,36.3,Grocery,14,13.4,0
ORD503423,CUST101225,560043,2025-07-11 14:28:36,590.48,18.5,Fashion,18,2.6,0
ORD502740,CUST101497,560075,2025-07-11 14:29:40,1028.57,13.4,Fashion,8,26.3,1
ORD502494,CUST101314,560088,2025-07-11 14:45:19,451.0,16.3,Fashion,6,9.2,0
ORD500967,CUST100868,560003,2025-07-11 15:44:26,226.77,32.5,Grocery,20,19.2,0
ORD501127,CUST101154,560109,2025-07-11 15:45:20,707.29,23.2,Grocery,13,17.6,0
ORD503077,CUST101939,560039,2025-07-11 16:22:57,1330.85,18.2,Electronics,5,4.0,0
ORD503357,CUST100755,560099,2025-07-11 16:34:30,362.38,37.8,Other,7,29.2,0
ORD506463,CUST100133,560021,2025-07-11 16:36:55,1316.77,11.6,Grocery,12,26.9,0
ORD501973,CUST100455,560028,2025-07-11 19:14:20,959.67,13.0,Electronics,12,8.4,0
ORD505395,CUST100397,560100,2025-07-11 19:37:33,1398.87,17.7,Other,18,20.2,0
ORD501605,CUST101747,560004,2025-07-11 19:44:10,737.0,27.9,Home,7,8.2,0
ORD505003,CUST101065,560115,2025-07-11 20:15:38,606.62,26.2,Electronics,7,15.0,0
ORD503008,CUST101701,560065,2025-07-11 20:31:00,536.52,33.1,Beauty,8,3.5,0
ORD501912,CUST100270,560055,2025-07-11 20:36:18,1263.46,41.1,Electronics,17,11.1,0
ORD500134,CUST101620,560001,2025-07-12 00:13:10,768.42,0.3,Other,13,16.9,0
ORD501716,CUST101056,560039,2025-07-12 00:35:54,321.57,0.6,Fashion,19,2.5,0
ORD505023,CUST101989,560094,2025-07-12 02:33:34,1297.87,54.2,Grocery,18,20.7,0
ORD507467,CUST100703,560033,2025-07-12 02:55:21,630.75,2.9,Fashion,1,11.3,0
ORD505014,CUST100988,560104,2025-07-12 03:08:03,782.98,50.6,Electronics,15,9.8,0
ORD504370,CUST100924,560060,2025-07-12 04:08:16,670.43,35.6,Fashion,3,21.1,0
ORD505871,CUST101701,560016,2025-07-12 04:25:40,553.1,24.6,Electronics,14,27.7,0
ORD503450,CUST101465,560071,2025-07-12 06:34:09,885.29,37.7,Home,9,10.2,0
ORD502962,CUST101729,560079,2025-07-12 06:48:58,1723.07,21.7,Electronics,2,1.0,0
ORD504904,CUST100684,560061,2025-07-12 06:49:12,1388.17,13.0,Home,14,5.1,1
ORD500193,CUST101565,560023,2025-07-12 07:04:31,1585.41,4.7,Beauty,16,8.2,0
ORD502714,CUST100727,560041,2025-07-12 07:09:11,502.83,10.4,Fashion,2,20.9,1
ORD500288,CUST100037,560027,2025-07-12 07:58:43,254.67,10.0,Fashion,10,16.3,1
ORD507417,CUST100576,560034,2025-07-12 09:44:01,313.1,11.7,Fashion,5,3.2,1
ORD505917,CUST101556,560029,2025-07-12 09:54:38,2374.28,8.7,Fashion,13,2.8,0
ORD506508,CUST100161,560010,2025-07-12 10:55:06,698.01,5.9,Other,14,1.0,0
ORD500903,CUST100150,560067,2025-07-12 10:59:17,578.4,22.2,Fashion,15,14.6,0
ORD501809,CUST100398,560029,2025-07-12 11:20:28,704.68,33.6,Beauty,6,13.9,0
ORD506551,CUST101060,560025,2025-07-12 11:23:30,275.62,6.1,Home,9,4.4,0
ORD502143,CUST101354,560057,2025-07-12 11:39:44,730.58,18.1,Electronics,8,24.3,0
ORD501219,CUST100262,560006,2025-07-12 11:42:00,1636.44,8.9,Fashion,6,14.1,0
ORD503206,CUST100114,560107,2025-07-12 12:29:57,693.86,12.9,Home,17,8.1,0
ORD503114,CUST100532,560008,2025-07-12 14:49:57,1723.83,61.8,Grocery,10,12.5,0
ORD501967,CUST101639,560096,2025-07-12 14:50:07,1214.32,14.5,Fashion,2,8.1,0
ORD502478,CUST101875,560092,2025-07-12 14:52:04,259.65,1.3,Home,11,16.0,0
ORD502294,CUST100236,560063,2025-07-12 15:14:42,769.94,11.3,Other,6,2.2,0
ORD507228,CUST101826,560070,2025-07-12 15:41:47,480.81,23.9,Other,2,5.9,0
ORD505458,CUST101123,560050,2025-07-12 16:02:48,370.44,8.7,Fashion,13,13.1,0
ORD500597,CUST100057,560030,2025-07-12 17:01:56,296.33,20.4,Electronics,0,2.2,0
ORD502431,CUST100452,560119,2025-07-12 17:50:31,1098.04,18.7,Fashion,7,1.5,0
ORD500171,CUST101858,560062,2025-07-12 18:55:23,1552.3,52.7,Electronics,22,2.3,0
ORD501897,CUST101295,560057,2025-07-12 19:02:33,521.16,19.9,Electronics,2,10.8,0
ORD501027,CUST100131,560030,2025-07-12 19:31:51,272.72,29.1,Home,15,6.0,1
ORD505143,CUST100870,560039,2025-07-12 19:55:39,447.04,12.7,Fashion,22,8.5,0
ORD503919,CUST100663,560049,2025-07-12 20:00:18,610.3,21.1,Fashion,23,1.0,0
ORD501257,CUST101596,560029,2025-07-12 20:19:49,1397.38,25.6,Beauty,4,14.0,0
ORD502390,CUST101123,560015,2025-07-12 20:21:47,651.15,7.9,Other,19,27.6,0
ORD506842,CUST100384,560004,2025-07-12 20:57:15,1583.13,16.3,Electronics,7,18.9,0
ORD501238,CUST100143,560081,2025-07-12 22:00:06,784.87,9.7,Grocery,10,15.8,0
ORD507841,CUST100667,560062,2025-07-12 22:26:41,1978.22,14.0,Fashion,9,12.3,0
ORD501644,CUST101542,560034,2025-07-12 22:48:01,1291.84,1.2,Electronics,0,30.3,0
ORD505580,CUST100834,560031,2025-07-12 22:50:31,217.66,8.6,Beauty,19,9.7,0
ORD506315,CUST100557,560093,2025-07-13 01:49:14,380.33,16.3,Other,16,7.1,0
ORD502558,CUST100877,560054,2025-07-13 01:58:17,377.03,11.3,Home,1,21.7,0
ORD506917,CUST101460,560074,2025-07-13 02:28:13,1146.64,28.0,Fashion,19,18.8,0
ORD502510,CUST101748,560013,2025-07-13 02:36:59,1738.64,16.3,Beauty,4,7.4,1
ORD505628,CUST100839,560028,2025-07-13 03:02:23,336.1,4.9,Grocery,17,1.0,0
ORD503720,CUST101139,560067,2025-07-13 03:30:22,1932.72,31.2,Beauty,16,6.3,0
ORD507185,CUST100988,560081,2025-07-13 03:48:48,539.89,40.9,Fashion,22,1.0,0
ORD505544,CUST100593,560114,2025-07-13 04:02:23,768.49,3.4,Fashion,0,7.8,0
ORD502099,CUST100557,560108,2025-07-13 04:17:36,425.16,22.1,Beauty,19,2.7,0
ORD501141,CUST101212,560075,2025-07-13 04:57:52,571.27,29.5,Other,10,18.9,0
ORD501902,CUST101134,560102,2025-07-13 05:29:18,740.32,47.8,Fashion,0,22.6,0
ORD502668,CUST100355,560094,2025-07-13 06:34:34,423.69,1.3,Other,14,8.2,0
ORD505025,CUST101019,560026,2025-07-13 06:40:19,594.48,19.4,Fashion,14,9.8,0
ORD501144,CUST101171,560119,2025-07-13 07:30:28,456.95,1.7,Electronics,12,3.5,0
ORD507382,CUST101367,560036,2025-07-13 08:52:11,492.4,40.1,Electronics,1,19.8,0
ORD500482,CUST100729,560017,2025-07-13 09:42:59,646.9,6.4,Grocery,13,12.8,0
ORD507364,CUST100315,560083,2025-07-13 11:20:27,1102.79,3.0,Grocery,8,5.5,0
ORD504113,CUST101467,560009,2025-07-13 11:32:38,791.14,14.1,Electronics,23,18.7,0
ORD502347,CUST101439,560051,2025-07-13 12:30:11,600.83,9.5,Other,10,10.9,0
ORD501030,CUST100019,560078,2025-07-13 13:35:24,426.51,12.3,Electronics,4,4.2,0
ORD506991,CUST100907,560074,2025-07-13 13:35:32,150.0,7.9,Fashion,21,17.6,0
ORD503065,CUST101115,560090,2025-07-13 15:19:54,1663.31,28.8,Electronics,5,7.6,0
ORD503501,CUST100009,560068,2025-07-13 15:50:49,511.54,19.2,Home,0,22.5,0
ORD507299,CUST101236,560076,2025-07-13 16:14:15,313.1,24.8,Electronics,9,1.5,0
ORD501123,CUST101994,560105,2025-07-13 18:10:57,297.53,43.8,Electronics,0,11.2,0
ORD500585,CUST101701,560079,2025-07-13 18:33:39,1177.53,10.7,Beauty,18,12.1,0
ORD503418,CUST101467,560012,2025-07-13 18:54:57,622.11,10.8,Other,6,19.3,0
ORD500068,CUST100557,560028,2025-07-13 19:22:57,555.32,8.2,Other,3,10.3,0
ORD504821,CUST101929,560073,2025-07-13 19:55:53,899.1,36.5,Home,2,7.0,0
ORD505418,CUST100509,560013,2025-07-13 20:15:36,250.89,6.4,Grocery,10,17.0,1
ORD505060,CUST100006,560037,2025-07-13 20:21:06,169.61,7.1,Other,15,21.0,0
ORD507578,CUST100039,560092,2025-07-13 20:48:58,831.45,21.6,Other,7,16.9,1
ORD506221,CUST100354,560027,2025-07-13 20:59:13,1837.67,17.8,Electronics,23,18.2,0
ORD506984,CUST101390,560097,2025-07-13 21:51:50,707.37,20.1,Electronics,11,13.9,0
ORD504172,CUST100515,560058,2025-07-13 22:14:48,1395.49,27.1,Grocery,23,6.9,0
ORD505263,CUST100722,560118,2025-07-13 22:25:56,660.66,22.0,Fashion,3,5.2,0
ORD507981,CUST100321,560029,2025-07-13 22:26:52,301.65,31.1,Beauty,13,1.0,0
ORD502770,CUST100534,560026,2025-07-13 22:44:34,305.79,24.7,Fashion,19,1.7,1
ORD506481,CUST100876,560003,2025-07-13 22:54:09,1465.1,25.3,Grocery,5,21.8,0
ORD502829,CUST100296,560103,2025-07-13 23:08:46,471.69,0.5,Fashion,6,6.5,0
ORD501489,CUST101015,560119,2025-07-14 00:33:15,442.3,38.3,Fashion,2,32.2,0
ORD503478,CUST101743,560002,2025-07-14 01:21:37,672.28,31.3,Home,12,1.0,0
ORD507645,CUST101199,560090,2025-07-14 01:25:07,470.54,23.8,Grocery,23,27.1,0
ORD504699,CUST101007,560031,2025-07-14 01:29:17,264.78,5.7,Home,22,4.5,0
ORD504505,CUST101919,560025,2025-07-14 01:40:36,543.3,12.8,Other,11,4.0,0
ORD503233,CUST100566,560007,2025-07-14 03:24:30,311.57,5.2,Grocery,10,15.7,0
ORD502545,CUST100474,560052,2025-07-14 03:43:28,510.49,49.2,Electronics,20,19.2,0
ORD504059,CUST100235,560013,2025-07-14 03:48:08,338.22,8.1,Home,4,19.9,0
ORD504662,CUST100557,560099,2025-07-14 06:58:48,831.65,35.1,Beauty,15,2.0,0
ORD500074,CUST100574,560026,2025-07-14 08:29:21,1315.94,8.3,Electronics,20,9.2,0
ORD500089,CUST101052,560021,2025-07-14 09:41:21,257.65,34.3,Beauty,18,15.9,0
ORD501635,CUST100022,560027,2025-07-14 09:41:37,561.78,58.7,Grocery,8,15.3,0
ORD504788,CUST100888,560063,2025-07-14 10:48:34,941.13,3.7,Fashion,17,4.1,1
ORD503934,CUST101075,560022,2025-07-14 11:31:52,2708.11,13.6,Beauty,0,5.8,1
ORD502542,CUST100596,560023,2025-07-14 11:40:13,258.99,27.1,Grocery,18,19.3,0
ORD504109,CUST100888,560106,2025-07-14 11:45:38,774.93,22.3,Fashion,8,6.7,1
ORD507965,CUST100532,560045,2025-07-14 14:07:18,1152.57,17.3,Home,13,11.7,0
ORD506125,CUST100222,560066,2025-07-14 14:50:54,768.09,41.5,Grocery,0,22.0,0
ORD503160,CUST100767,560004,2025-07-14 15:27:14,531.29,12.7,Fashion,21,25.4,0
ORD505279,CUST101360,560018,2025-07-14 15:27:43,481.38,7.3,Electronics,16,13.7,0
ORD503325,CUST100758,560029,2025-07-14 16:14:18,487.61,20.2,Fashion,23,17.3,0
ORD507799,CUST101608,560054,2025-07-14 16:30:09,792.26,21.1,Beauty,19,6.1,0
ORD502549,CUST101939,560043,2025-07-14 16:45:16,906.74,27.6,Home,4,6.8,0
ORD501871,CUST101676,560026,2025-07-14 17:00:55,907.83,26.7,Electronics,2,26.0,0
ORD504627,CUST101785,560026,2025-07-14 17:35:32,1905.3,19.3,Electronics,6,6.7,0
ORD505285,CUST101255,560087,2025-07-14 17:47:15,369.54,24.3,Electronics,23,12.5,0
ORD505057,CUST101351,560095,2025-07-14 19:45:10,1324.59,5.7,Fashion,14,15.6,0
ORD502982,CUST101048,560025,2025-07-14 20:50:15,499.04,30.0,Grocery,22,26.8,0
ORD502617,CUST101115,560100,2025-07-14 21:33:49,453.44,28.3,Fashion,6,15.7,0
ORD505250,CUST100121,560024,2025-07-14 22:30:57,581.12,10.3,Beauty,23,7.0,0
ORD503557,CUST101757,560018,2025-07-14 23:22:50,836.33,7.3,Other,19,5.4,0
ORD502682,CUST100759,560085,2025-07-14 23:47:28,677.61,18.2,Electronics,15,4.7,0
ORD504318,CUST101592,560114,2025-07-15 00:03:27,477.33,4.4,Fashion,3,9.6,0
ORD500186,CUST100566,560077,2025-07-15 00:58:47,2450.54,15.4,Grocery,22,27.7,1
ORD503053,CUST101706,560083,2025-07-15 01:13:27,473.78,12.5,Fashion,13,4.7,0
ORD502084,CUST100124,560047,2025-07-15 01:32:38,267.95,27.7,Other,11,4.2,0
ORD505457,CUST101141,560092,2025-07-15 03:37:59,1710.89,32.1,Home,16,11.2,0
ORD506527,CUST101118,560040,2025-07-15 04:02:51,1730.14,2.3,Beauty,23,16.6,0
ORD503633,CUST100679,560020,2025-07-15 04:27:46,662.6,4.6,Electronics,7,20.4,0
ORD505759,CUST101579,560057,2025-07-15 04:34:19,766.57,4.7,Other,23,8.1,0
ORD500117,CUST100538,560021,2025-07-15 04:45:31,740.93,17.9,Home,4,6.5,0
ORD505514,CUST100916,560108,2025-07-15 05:03:11,1085.92,56.1,Fashion,12,15.6,0
ORD503288,CUST101047,560103,2025-07-15 05:07:18,427.58,12.5,Beauty,20,21.1,0
ORD503823,CUST101858,560002,2025-07-15 05:12:37,628.14,14.0,Fashion,14,20.9,0
ORD506185,CUST101463,560005,2025-07-15 05:13:34,665.23,8.5,Grocery,5,20.7,0
ORD507659,CUST100906,560028,2025-07-15 06:01:48,907.61,5.9,Home,6,18.0,0
ORD505850,CUST101586,560105,2025-07-15 06:06:40,959.95,30.9,Fashion,5,6.1,1
ORD502613,CUST101767,560043,2025-07-15 06:09:25,876.03,13.7,Fashion,15,13.2,0
ORD505519,CUST100177,560040,2025-07-15 06:16:25,1403.01,6.7,Other,16,20.0,0
ORD504947,CUST100544,560025,2025-07-15 06:38:54,793.86,30.2,Home,5,17.6,0
ORD501978,CUST101047,560042,2025-07-15 07:21:46,638.88,28.5,Beauty,19,3.4,0
ORD502802,CUST100225,560091,2025-07-15 07:51:02,495.39,2.6,Fashion,2,2.7,0
ORD505065,CUST101977,560039,2025-07-15 08:22:15,1097.14,34.7,Home,5,14.0,0
ORD504586,CUST101850,560105,2025-07-15 09:42:51,901.32,9.1,Electronics,7,13.9,0
ORD506977,CUST101318,560021,2025-07-15 09:57:49,563.05,11.5,Grocery,3,16.9,0
ORD501518,CUST101394,560006,2025-07-15 09:58:57,924.93,21.5,Fashion,14,1.0,0
ORD507055,CUST100286,560108,2025-07-15 10:40:42,1572.44,8.5,Beauty,13,14.0,0
ORD501819,CUST100575,560037,2025-07-15 12:26:07,1511.66,23.4,Beauty,13,12.3,0
ORD505945,CUST101219,560094,2025-07-15 12:52:21,1685.12,10.1,Other,21,13.2,0
ORD501810,CUST100161,560018,2025-07-15 13:17:49,527.2,9.7,Grocery,16,1.0,0
ORD505867,CUST100225,560052,2025-07-15 13:18:38,1318.33,19.8,Beauty,16,24.1,0
ORD502317,CUST100482,560080,2025-07-15 13:23:12,883.31,25.0,Beauty,5,4.7,0
ORD501524,CUST100911,560077,2025-07-15 13:59:30,546.02,33.0,Fashion,10,15.3,1
ORD500059,CUST100583,560106,2025-07-15 14:07:46,1199.04,17.7,Fashion,4,8.2,1
ORD501026,CUST101875,560004,2025-07-15 15:01:14,2843.73,13.6,Other,0,5.0,0
ORD503928,CUST100106,560103,2025-07-15 15:29:01,468.13,16.6,Home,13,1.4,0
ORD507941,CUST101250,560008,2025-07-15 15:44:02,394.25,6.0,Fashion,16,6.6,0
ORD507283,CUST101650,560073,2025-07-15 16:37:50,412.16,20.0,Beauty,5,25.4,1
ORD504312,CUST101677,560021,2025-07-15 16:48:36,788.39,20.7,Beauty,4,14.9,0
ORD505550,CUST100071,560084,2025-07-15 17:36:13,303.97,7.8,Fashion,1,5.7,0
ORD503211,CUST100898,560029,2025-07-15 17:53:00,916.72,10.6,Fashion,11,19.7,0
ORD502025,CUST101429,560003,2025-07-15 18:13:00,150.0,37.7,Beauty,15,18.8,0
ORD501807,CUST101500,560053,2025-07-15 19:11:52,552.13,25.1,Other,11,5.3,0
ORD501845,CUST101484,560052,2025-07-15 19:46:56,623.75,18.9,Electronics,18,8.7,0
ORD501930,CUST100835,560065,2025-07-15 20:37:20,1003.62,14.7,Beauty,7,4.0,0
ORD506236,CUST101970,560038,2025-07-15 20:37:27,1729.22,33.7,Fashion,9,11.6,1
ORD503641,CUST100978,560079,2025-07-15 21:26:36,237.26,29.2,Fashion,18,14.7,0
ORD505903,CUST100713,560056,2025-07-15 21:49:40,210.15,10.8,Grocery,1,6.2,0
ORD503752,CUST101516,560062,2025-07-15 22:53:25,605.9,24.0,Electronics,4,10.3,0
ORD503882,CUST101203,560108,2025-07-15 22:58:16,843.74,7.6,Fashion,5,20.3,0
ORD501573,CUST100989,560096,2025-07-15 23:33:05,313.33,5.8,Fashion,12,9.7,0
ORD501384,CUST100396,560030,2025-07-16 00:02:51,299.74,23.6,Fashion,20,9.3,0
ORD502410,CUST101018,560061,2025-07-16 01:38:43,1482.9,4.9,Electronics,13,1.4,0
ORD501447,CUST100763,560097,2025-07-16 02:35:09,789.23,16.8,Other,20,24.4,0
ORD504870,CUST100429,560084,2025-07-16 02:40:58,863.63,14.9,Fashion,17,7.4,0
ORD500218,CUST101893,560001,2025-07-16 03:22:34,612.65,40.1,Electronics,12,2.0,1
ORD501409,CUST101534,560040,2025-07-16 03:48:36,576.41,13.9,Beauty,19,11.4,0
ORD502034,CUST101377,560021,2025-07-16 04:11:27,3093.16,12.5,Grocery,8,9.6,0
ORD500675,CUST101114,560000,2025-07-16 04:51:58,943.2,23.9,Other,0,21.7,0
ORD502253,CUST100860,560102,2025-07-16 05:18:48,617.35,33.1,Grocery,22,5.4,0
ORD506610,CUST100297,560051,2025-07-16 05:41:03,479.89,23.6,Other,20,11.2,1
ORD506556,CUST100011,560035,2025-07-16 05:54:16,1760.16,20.3,Other,22,19.7,0
ORD507068,CUST100354,560083,2025-07-16 07:09:16,1109.26,22.8,Electronics,4,18.4,0
ORD500108,CUST101402,560085,2025-07-16 07:13:42,1625.21,16.2,Beauty,16,8.1,0
ORD502807,CUST101593,560000,2025-07-16 07:35:06,998.2,42.1,Beauty,13,12.8,0
ORD507020,CUST100480,560096,2025-07-16 09:07:38,316.61,17.1,Fashion,18,14.8,0
ORD501511,CUST100835,560036,2025-07-16 10:16:52,401.86,11.0,Other,12,13.3,0
ORD506119,CUST101513,560085,2025-07-16 10:35:56,871.55,22.8,Beauty,11,14.6,0
ORD504508,CUST101606,560010,2025-07-16 10:54:11,560.88,9.8,Fashion,9,13.6,0
ORD503842,CUST101543,560111,2025-07-16 13:12:58,1471.17,20.4,Electronics,19,20.8,1
ORD507839,CUST100173,560040,2025-07-16 13:25:20,807.64,0.8,Fashion,12,2.6,0
ORD504615,CUST101461,560093,2025-07-16 13:36:30,759.7,16.8,Electronics,8,8.5,0
ORD505443,CUST101466,560011,2025-07-16 13:39:28,332.58,51.9,Other,17,8.1,0
ORD504975,CUST101412,560009,2025-07-16 14:34:15,1657.84,22.2,Other,5,20.8,0
ORD507165,CUST100372,560097,2025-07-16 15:04:01,387.97,15.2,Electronics,1,3.0,0
ORD502885,CUST101987,560016,2025-07-16 15:54:10,631.91,32.2,Fashion,21,1.0,0
ORD502633,CUST101019,560101,2025-07-16 16:48:10,257.3,11.8,Electronics,8,3.5,1
ORD505836,CUST101802,560118,2025-07-16 17:44:19,808.09,41.0,Beauty,2,3.9,0
ORD503531,CUST101072,560117,2025-07-16 17:57:12,1665.8,19.3,Other,8,3.3,0
ORD501874,CUST100256,560073,2025-07-16 18:09:59,366.12,54.9,Fashion,3,17.2,1
ORD505935,CUST100725,560028,2025-07-16 20:20:04,972.66,28.2,Other,12,6.4,0
ORD507561,CUST100393,560031,2025-07-16 21:02:18,178.59,4.1,Electronics,22,26.7,0
ORD507656,CUST100692,560027,2025-07-16 21:16:39,1144.71,7.9,Home,0,17.9,1
ORD504871,CUST101125,560106,2025-07-16 21:50:17,447.01,1.0,Home,3,10.3,0
ORD506043,CUST101701,560097,2025-07-16 21:50:33,547.1,10.0,Electronics,15,13.2,0
ORD507296,CUST100860,560050,2025-07-16 22:12:16,766.68,18.7,Fashion,13,14.3,1
ORD501794,CUST100742,560038,2025-07-16 22:31:33,813.8,12.8,Fashion,19,21.8,0
ORD503753,CUST101397,560040,2025-07-16 22:38:50,362.52,33.6,Electronics,0,11.2,0
ORD500554,CUST100324,560091,2025-07-16 23:47:31,663.97,12.9,Fashion,17,11.4,0
ORD504273,CUST100577,560067,2025-07-17 00:12:12,794.48,6.7,Fashion,22,13.4,0
ORD505525,CUST100071,560031,2025-07-17 01:44:49,3762.16,17.2,Fashion,1,11.0,0
ORD507899,CUST101608,560112,2025-07-17 01:59:19,517.81,4.5,Electronics,0,21.9,1
ORD507710,CUST100872,560033,2025-07-17 02:12:08,1132.96,11.2,Grocery,11,4.8,0
ORD507462,CUST101628,560034,2025-07-17 02:41:10,448.88,10.5,Home,5,5.8,1
ORD505739,CUST100962,560112,2025-07-17 02:47:05,634.05,13.6,Fashion,14,16.8,1
ORD506350,CUST101029,560072,2025-07-17 03:58:57,1136.92,17.3,Home,3,4.0,0
ORD506061,CUST100978,560117,2025-07-17 04:30:36,1502.03,30.3,Fashion,13,3.9,0
ORD500580,CUST101368,560039,2025-07-17 05:59:04,901.34,42.0,Beauty,0,7.1,0
ORD505712,CUST101519,560054,2025-07-17 07:11:38,811.55,0.8,Beauty,15,13.1,0
ORD504048,CUST101712,560017,2025-07-17 08:10:49,773.38,18.0,Beauty,22,17.0,1
ORD502804,CUST100326,560116,2025-07-17 08:31:20,851.01,9.9,Other,11,19.2,0
ORD507476,CUST101766,560098,2025-07-17 08:48:57,667.08,16.9,Other,0,15.0,0
ORD506435,CUST100515,560065,2025-07-17 09:49:15,559.54,39.9,Electronics,19,6.7,0
ORD502345,CUST101228,560005,2025-07-17 10:05:02,1203.29,21.3,Fashion,3,2.1,1
ORD506362,CUST100545,560000,2025-07-17 10:06:34,633.54,15.7,Electronics,5,7.2,0
ORD503632,CUST101246,560113,2025-07-17 10:12:32,905.22,9.8,Home,14,14.0,0
ORD500576,CUST100213,560106,2025-07-17 10:15:58,3676.84,26.8,Fashion,0,6.5,0
ORD503311,CUST100088,560074,2025-07-17 11:16:38,723.66,4.9,Fashion,1,10.1,0
ORD506198,CUST101558,560064,2025-07-17 13:15:24,1108.33,20.2,Grocery,9,6.5,0
ORD504520,CUST100395,560114,2025-07-17 13:29:49,481.52,18.8,Fashion,4,7.6,0
ORD505559,CUST101929,560092,2025-07-17 14:21:42,901.43,6.1,Fashion,7,17.1,0
ORD504385,CUST101586,560095,2025-07-17 14:32:19,546.15,14.3,Electronics,15,2.4,0
ORD500988,CUST100906,560105,2025-07-17 15:37:45,1369.22,18.9,Home,20,8.0,0
ORD507568,CUST101200,560008,2025-07-17 15:41:09,849.68,22.8,Grocery,2,4.4,0
ORD507767,CUST101294,560000,2025-07-17 17:05:05,500.57,16.7,Grocery,14,16.0,0
ORD506782,CUST100924,560119,2025-07-17 17:12:26,1300.64,39.8,Electronics,9,12.5,0
ORD503940,CUST100261,560036,2025-07-17 17:48:53,1096.13,14.9,Other,12,8.5,0
ORD507410,CUST101681,560030,2025-07-17 18:04:42,237.49,28.2,Fashion,17,5.0,0
ORD503630,CUST101869,560026,2025-07-17 18:53:23,358.42,15.8,Home,20,2.9,0
ORD500627,CUST101842,560019,2025-07-17 19:03:56,491.64,10.3,Grocery,6,17.1,0
ORD503864,CUST101118,560061,2025-07-17 19:47:22,548.59,3.2,Beauty,15,10.7,0
ORD501665,CUST100774,560118,2025-07-17 19:53:56,1107.46,25.8,Fashion,22,1.6,0
ORD502614,CUST101450,560100,2025-07-17 20:26:17,683.93,13.0,Beauty,2,7.1,0
ORD505741,CUST100719,560056,2025-07-17 21:00:51,1287.09,45.8,Grocery,1,2.9,0
ORD503081,CUST101602,560013,2025-07-17 23:02:56,830.83,28.9,Fashion,21,25.4,0
ORD501424,CUST100349,560013,2025-07-17 23:04:41,924.42,11.6,Electronics,23,11.2,0
ORD505509,CUST100140,560110,2025-07-17 23:46:21,324.38,14.6,Electronics,19,15.4,0
ORD505510,CUST100761,560063,2025-07-17 23:56:26,335.56,35.9,Beauty,0,10.8,1
ORD506220,CUST101520,560067,2025-07-18 00:34:51,207.61,6.1,Beauty,17,11.2,1
ORD504527,CUST100037,560087,2025-07-18 00:46:35,546.63,10.2,Beauty,4,8.3,0
ORD502627,CUST100474,560077,2025-07-18 00:51:39,665.85,0.8,Other,10,18.3,1
ORD501282,CUST100541,560031,2025-07-18 01:08:41,1211.01,4.7,Beauty,21,2.4,0
ORD506572,CUST101401,560094,2025-07-18 02:43:42,394.53,16.2,Electronics,0,15.1,0
ORD507992,CUST101785,560057,2025-07-18 03:05:55,462.45,31.7,Grocery,19,28.2,0
ORD504647,CUST101154,560053,2025-07-18 03:56:52,769.07,10.0,Grocery,10,10.3,0
ORD502243,CUST100151,560032,2025-07-18 04:19:30,1435.94,33.1,Fashion,1,8.4,1
ORD507519,CUST101061,560081,2025-07-18 06:18:05,1097.69,37.3,Electronics,1,15.7,0
ORD507759,CUST101250,560053,2025-07-18 06:46:56,1255.05,36.5,Electronics,18,18.6,0
ORD504022,CUST100746,560115,2025-07-18 06:49:06,515.22,27.7,Fashion,10,13.3,0
ORD502283,CUST100891,560077,2025-07-18 08:11:59,436.39,40.6,Electronics,10,10.2,1
ORD501348,CUST101237,560004,2025-07-18 08:19:30,806.26,8.6,Electronics,13,4.4,0
ORD500281,CUST101349,560058,2025-07-18 08:25:05,590.56,25.2,Electronics,7,7.9,0
ORD505853,CUST101405,560021,2025-07-18 09:55:10,576.06,6.3,Home,6,12.0,0
ORD502269,CUST100861,560094,2025-07-18 10:01:18,636.94,25.3,Other,23,3.0,0
ORD507829,CUST100532,560081,2025-07-18 10:01:29,2111.04,6.0,Electronics,7,14.6,0
ORD501034,CUST100678,560102,2025-07-18 10:53:23,678.71,2.3,Electronics,23,14.2,0
ORD505235,CUST100906,560003,2025-07-18 12:02:16,873.74,35.9,Fashion,19,6.9,0
ORD501166,CUST100542,560091,2025-07-18 12:42:04,724.81,9.7,Fashion,10,8.4,0
ORD501789,CUST100016,560056,2025-07-18 14:11:09,650.72,26.3,Home,1,2.8,0
ORD503432,CUST101657,560045,2025-07-18 15:35:31,394.97,4.6,Fashion,19,21.9,0
ORD500724,CUST101268,560008,2025-07-18 16:26:03,909.24,4.9,Fashion,8,7.2,1
ORD507393,CUST100007,560051,2025-07-18 16:33:46,538.87,18.6,Electronics,17,11.2,0
ORD506726,CUST101228,560084,2025-07-18 17:12:24,1297.78,2.0,Electronics,12,4.2,1
ORD506690,CUST101157,560098,2025-07-18 17:24:08,747.61,11.8,Other,8,6.8,0
ORD501469,CUST100650,560052,2025-07-18 17:30:26,698.75,10.6,Home,20,14.0,0
ORD502355,CUST101506,560098,2025-07-18 18:19:56,669.4,11.8,Electronics,14,14.2,0
ORD500961,CUST101608,560117,2025-07-18 18:24:24,1805.87,12.7,Home,12,16.4,0
ORD504739,CUST101588,560053,2025-07-18 18:39:32,664.86,11.7,Grocery,4,10.6,0
ORD505356,CUST101893,560015,2025-07-18 18:54:43,680.36,28.3,Electronics,15,14.7,1
ORD502555,CUST100388,560026,2025-07-18 20:30:08,749.25,1.8,Other,5,14.3,0
ORD503825,CUST101553,560024,2025-07-18 21:20:28,2719.99,37.9,Home,6,7.6,0
ORD503152,CUST101833,560063,2025-07-18 21:43:57,1452.96,14.5,Electronics,7,30.3,0
ORD504163,CUST100794,560105,2025-07-18 22:03:58,571.01,33.3,Fashion,20,13.8,0
ORD505832,CUST101246,560011,2025-07-18 22:17:17,997.96,8.2,Home,15,8.2,0
ORD501156,CUST100057,560091,2025-07-18 22:35:15,234.81,7.4,Grocery,7,15.1,0
ORD507584,CUST101620,560048,2025-07-18 23:34:32,320.67,14.3,Home,0,22.5,0
ORD500664,CUST100328,560116,2025-07-19 00:00:14,446.33,7.4,Fashion,14,9.9,0
ORD504740,CUST100227,560013,2025-07-19 00:00:48,1035.41,24.9,Grocery,3,8.2,0
ORD502730,CUST100301,560086,2025-07-19 00:23:50,690.35,14.3,Home,6,5.7,0
ORD504384,CUST100297,560048,2025-07-19 01:19:31,494.62,23.4,Beauty,0,1.6,0
ORD503042,CUST100785,560045,2025-07-19 02:01:55,510.89,11.6,Beauty,20,25.0,0
ORD504016,CUST101852,560019,2025-07-19 02:05:34,3927.17,4.3,Electronics,16,16.2,0
ORD506620,CUST101221,560036,2025-07-19 02:42:18,862.28,28.4,Beauty,13,8.2,0
ORD501980,CUST100780,560117,2025-07-19 03:12:32,1225.82,21.6,Other,6,11.1,0
ORD501177,CUST101620,560109,2025-07-19 03:45:31,342.83,38.9,Home,6,3.9,0
ORD502881,CUST101405,560036,2025-07-19 03:50:54,1581.07,14.7,Fashion,8,19.4,0
ORD507721,CUST101045,560066,2025-07-19 05:06:32,530.19,30.4,Electronics,20,14.3,0
ORD507766,CUST101294,560043,2025-07-19 05:22:52,774.19,39.8,Fashion,20,9.9,1
ORD504493,CUST101759,560044,2025-07-19 05:40:12,367.08,20.4,Other,5,12.4,0
ORD501108,CUST101523,560050,2025-07-19 05:55:25,683.62,10.9,Grocery,23,9.8,0
ORD502340,CUST101431,560108,2025-07-19 06:23:10,1508.89,7.9,Home,8,11.1,0
ORD506091,CUST101267,560093,2025-07-19 07:21:02,1103.54,3.8,Beauty,0,24.2,0
ORD507451,CUST101644,560104,2025-07-19 07:42:57,937.58,38.2,Electronics,23,10.4,0
ORD506504,CUST100229,560093,2025-07-19 08:05:31,335.59,31.7,Fashion,5,20.5,0
ORD506277,CUST100038,560082,2025-07-19 08:55:03,221.72,2.1,Fashion,1,22.9,0
ORD503917,CUST100228,560047,2025-07-19 09:01:25,646.83,11.1,Beauty,19,14.7,0
ORD505208,CUST100018,560114,2025-07-19 09:07:25,1300.73,45.7,Fashion,8,2.1,0
ORD501636,CUST100367,560054,2025-07-19 09:14:17,1497.71,15.2,Grocery,14,5.7,0
ORD506823,CUST101608,560087,2025-07-19 09:45:13,445.02,43.3,Home,15,21.9,0
ORD507606,CUST101457,560022,2025-07-19 11:04:12,249.37,42.6,Electronics,9,13.8,0
ORD503695,CUST101743,560018,2025-07-19 11:24:20,225.66,23.6,Grocery,9,9.1,0
ORD507041,CUST100621,560004,2025-07-19 11:27:17,974.59,10.4,Fashion,11,14.6,1
ORD503112,CUST100982,560085,2025-07-19 11:45:07,662.59,22.9,Grocery,12,3.8,1
ORD502036,CUST100935,560032,2025-07-19 13:44:48,831.66,45.5,Other,10,12.1,1
ORD507935,CUST101250,560110,2025-07-19 14:23:48,836.07,13.2,Beauty,23,29.7,0
ORD506978,CUST100975,560105,2025-07-19 14:37:56,340.14,36.5,Home,2,11.0,1
ORD502091,CUST100272,560031,2025-07-19 15:33:33,594.4,11.3,Fashion,3,23.3,0
ORD506246,CUST101160,560035,2025-07-19 17:01:53,687.53,27.6,Grocery,23,1.5,0
ORD503147,CUST101135,560031,2025-07-19 17:08:33,638.51,17.9,Grocery,16,8.6,0
ORD507729,CUST100177,560049,2025-07-19 17:25:23,445.7,46.9,Other,20,1.0,0
ORD500504,CUST100995,560102,2025-07-19 17:31:13,1057.35,2.9,Electronics,8,9.1,0
ORD505426,CUST100172,560043,2025-07-19 17:45:36,426.15,20.0,Beauty,9,20.3,0
ORD504074,CUST101730,560009,2025-07-19 18:36:22,284.95,23.1,Electronics,13,27.2,0
ORD505755,CUST101294,560033,2025-07-19 20:23:21,777.72,26.2,Fashion,7,21.1,0
