order_id,customer_id,delivery_pincode,order_timestamp,order_value,discount_pct,item_category,order_hour,is_late_night,distance_km,customer_orders_before,customer_return_rate_smoothed,is_first_order_for_customer,pincode_orders_before,pincode_return_rate_smoothed,is_returned
ORD504133,CUST101875,560024,2025-01-01 00:21:30,306.63,24.4,Electronics,5,0,2.2,0,0.15,1,0,0.15,0
ORD503820,CUST100297,560059,2025-01-01 00:32:28,1194.39,14.6,Electronics,21,0,7.2,0,0.0,1,0,0.0,0
ORD503580,CUST101215,560060,2025-01-01 01:51:03,1337.22,11.3,Beauty,14,0,4.8,0,0.0,1,0,0.0,0
ORD504992,CUST100835,560062,2025-01-01 02:49:36,816.37,4.7,Home,23,1,3.2,0,0.0,1,0,0.0,1
ORD502203,CUST100898,560038,2025-01-01 03:05:11,887.46,2.4,Beauty,20,0,28.8,0,0.25,1,0,0.25,0
ORD501555,CUST101237,560030,2025-01-01 03:14:01,830.04,55.7,Fashion,22,1,10.3,0,0.2,1,0,0.2,0
ORD505516,CUST100360,560065,2025-01-01 03:18:31,592.1,10.3,Fashion,8,0,7.3,0,0.1666666666666666,1,0,0.1666666666666666,1
ORD500405,CUST100047,560046,2025-01-01 03:43:04,708.68,3.2,Electronics,6,0,7.1,0,0.2857142857142857,1,0,0.2857142857142857,1
ORD500494,CUST100103,560116,2025-01-01 04:12:18,995.82,9.6,Fashion,19,0,10.0,0,0.375,1,0,0.375,0
ORD501858,CUST101916,560065,2025-01-01 04:35:17,737.81,11.8,Home,4,1,1.6,0,0.3333333333333333,1,1,0.365079365079365,0
ORD507267,CUST101509,560015,2025-01-01 04:45:43,1012.62,16.6,Grocery,18,0,17.8,0,0.3,1,0,0.3,0
ORD504603,CUST101969,560052,2025-01-01 05:02:31,1361.03,9.6,Grocery,15,0,10.7,0,0.2727272727272727,1,0,0.2727272727272727,0
ORD504411,CUST101892,560092,2025-01-01 05:12:58,1568.5,10.6,Home,9,0,22.6,0,0.25,1,0,0.25,0
ORD502225,CUST101521,560076,2025-01-01 06:55:40,816.98,35.6,Fashion,15,0,20.9,0,0.2307692307692307,1,0,0.2307692307692307,0
ORD502584,CUST101543,560102,2025-01-01 07:31:51,150.0,16.2,Beauty,13,0,1.3,0,0.2142857142857142,1,0,0.2142857142857142,0
ORD506807,CUST100274,560104,2025-01-01 08:03:48,2023.23,15.5,Home,19,0,1.0,0,0.2,1,0,0.2,0
ORD506962,CUST101541,560067,2025-01-01 08:04:41,617.99,21.9,Fashion,11,0,13.5,0,0.1875,1,0,0.1875,1
ORD502304,CUST100222,560027,2025-01-01 08:47:08,498.88,25.6,Other,11,0,24.2,0,0.2352941176470588,1,0,0.2352941176470588,1
ORD502961,CUST100119,560099,2025-01-01 09:04:18,281.74,14.9,Grocery,15,0,6.7,0,0.2777777777777778,1,0,0.2777777777777778,0
ORD503598,CUST100872,560082,2025-01-01 09:14:26,992.84,16.4,Electronics,7,0,27.5,0,0.2631578947368421,1,0,0.2631578947368421,1
ORD505453,CUST100102,560014,2025-01-01 11:28:45,275.26,6.3,Fashion,20,0,33.8,0,0.3,1,0,0.3,0
ORD502107,CUST101062,560078,2025-01-01 11:31:43,795.11,29.0,Home,22,1,14.6,0,0.2857142857142857,1,0,0.2857142857142857,1
ORD504306,CUST101160,560067,2025-01-01 12:57:27,540.91,36.8,Other,23,1,7.2,0,0.3181818181818182,1,1,0.3506493506493506,0
ORD505513,CUST101390,560020,2025-01-01 13:15:50,1130.73,24.8,Home,20,0,9.5,0,0.3043478260869565,1,0,0.3043478260869565,0
ORD502111,CUST101209,560009,2025-01-01 13:19:31,2295.06,19.4,Other,3,1,23.7,0,0.2916666666666667,1,0,0.2916666666666667,0
ORD505128,CUST100962,560026,2025-01-01 14:28:35,1087.46,9.0,Home,23,1,10.5,0,0.28,1,0,0.28,0
ORD507129,CUST100390,560014,2025-01-01 14:33:22,675.81,17.0,Home,17,0,11.2,0,0.2692307692307692,1,1,0.2564102564102564,1
ORD501599,CUST101028,560034,2025-01-01 15:04:26,931.63,16.0,Beauty,10,0,13.1,0,0.2962962962962963,1,0,0.2962962962962963,0
ORD500861,CUST100182,560101,2025-01-01 15:05:22,1025.86,32.6,Beauty,0,1,12.2,0,0.2857142857142857,1,0,0.2857142857142857,0
ORD501657,CUST100742,560119,2025-01-01 15:25:37,256.87,14.6,Home,4,1,13.3,0,0.2758620689655172,1,0,0.2758620689655172,0
ORD507720,CUST101639,560056,2025-01-01 16:08:08,1928.72,24.4,Grocery,9,0,14.1,0,0.2666666666666666,1,0,0.2666666666666666,0
ORD500696,CUST101026,560044,2025-01-01 17:27:04,626.21,31.2,Beauty,20,0,4.9,0,0.2580645161290322,1,0,0.2580645161290322,0
ORD501374,CUST101458,560047,2025-01-01 17:30:37,992.1,13.2,Other,11,0,20.9,0,0.25,1,0,0.25,0
ORD504588,CUST100541,560040,2025-01-01 18:33:38,420.94,4.8,Electronics,6,0,16.9,0,0.2424242424242424,1,0,0.2424242424242424,0
ORD505488,CUST101974,560077,2025-01-01 18:52:09,506.08,19.6,Beauty,8,0,19.5,0,0.2352941176470588,1,0,0.2352941176470588,1
ORD507959,CUST101312,560055,2025-01-01 19:28:18,1502.84,17.7,Grocery,15,0,14.8,0,0.2571428571428571,1,0,0.2571428571428571,0
ORD505765,CUST101441,560093,2025-01-01 19:47:02,785.6,26.6,Beauty,6,0,12.2,0,0.25,1,0,0.25,0
ORD505697,CUST101405,560058,2025-01-01 19:49:35,594.6,32.3,Home,23,1,10.6,0,0.2432432432432432,1,0,0.2432432432432432,0
ORD505584,CUST100398,560004,2025-01-01 20:58:22,322.62,26.1,Electronics,4,1,15.3,0,0.2368421052631578,1,0,0.2368421052631578,0
ORD501693,CUST101693,560035,2025-01-01 23:41:10,235.98,15.7,Other,17,0,10.8,0,0.2307692307692307,1,0,0.2307692307692307,0
ORD507151,CUST100742,560094,2025-01-02 00:13:30,1619.77,29.7,Fashion,7,0,22.2,1,0.1875,0,0,0.225,0
ORD503667,CUST101752,560009,2025-01-02 00:23:21,654.67,41.9,Fashion,13,0,33.7,0,0.2195121951219512,1,1,0.2090592334494773,1
ORD506569,CUST101921,560110,2025-01-02 00:30:51,778.73,45.3,Fashion,5,0,11.5,0,0.238095238095238,1,0,0.238095238095238,0
ORD500974,CUST100194,560057,2025-01-02 01:42:17,1436.75,9.0,Electronics,22,1,15.9,0,0.2325581395348837,1,0,0.2325581395348837,0
ORD500530,CUST100089,560101,2025-01-02 01:45:38,499.45,19.3,Fashion,0,1,23.5,0,0.2272727272727272,1,1,0.2164502164502164,1
ORD507186,CUST101929,560074,2025-01-02 02:03:03,342.08,27.4,Beauty,20,0,4.6,0,0.2444444444444444,1,0,0.2444444444444444,0
ORD504515,CUST100474,560079,2025-01-02 02:04:03,517.17,10.8,Beauty,1,1,3.2,0,0.2391304347826087,1,0,0.2391304347826087,0
ORD504707,CUST100684,560117,2025-01-02 02:39:17,1282.59,27.2,Electronics,11,0,13.3,0,0.2340425531914893,1,0,0.2340425531914893,1
ORD503251,CUST100440,560022,2025-01-02 03:25:37,1221.89,7.5,Beauty,3,1,14.6,0,0.25,1,0,0.25,0
ORD501242,CUST101035,560027,2025-01-02 04:03:25,489.96,23.9,Fashion,17,0,6.9,0,0.2448979591836734,1,1,0.2808551992225461,0
ORD505532,CUST101968,560065,2025-01-02 04:08:43,665.84,26.1,Fashion,1,1,4.6,0,0.24,1,2,0.2636363636363636,1
ORD506460,CUST100772,560014,2025-01-02 05:07:49,1628.29,18.0,Beauty,0,1,14.4,0,0.2549019607843137,1,2,0.2771836007130124,0
ORD503516,CUST101804,560100,2025-01-02 05:57:17,500.51,6.9,Home,19,0,17.3,0,0.25,1,0,0.25,0
ORD506725,CUST100455,560100,2025-01-02 06:11:15,526.93,13.6,Fashion,12,0,11.6,0,0.2452830188679245,1,1,0.233602875112309,1
ORD504197,CUST100047,560095,2025-01-02 07:40:57,759.58,21.3,Beauty,22,1,11.5,1,0.382716049382716,0,0,0.2592592592592592,1
ORD504633,CUST100101,560006,2025-01-02 07:46:14,406.94,21.4,Home,8,0,4.4,0,0.2727272727272727,1,0,0.2727272727272727,0
ORD505657,CUST100541,560072,2025-01-02 07:53:11,505.49,36.3,Beauty,10,0,26.2,1,0.2232142857142857,0,0,0.2678571428571428,1
ORD501825,CUST101884,560049,2025-01-02 08:05:28,502.54,22.2,Fashion,22,1,1.7,0,0.2807017543859649,1,0,0.2807017543859649,0
ORD505433,CUST100151,560111,2025-01-02 08:27:36,935.66,2.1,Fashion,0,1,18.7,0,0.2758620689655172,1,0,0.2758620689655172,1
ORD500201,CUST101833,560006,2025-01-02 08:30:23,1750.25,26.3,Beauty,3,1,10.8,0,0.288135593220339,1,1,0.2744148506860371,0
ORD506087,CUST101106,560053,2025-01-02 08:34:13,1058.68,11.7,Home,15,0,6.4,0,0.2833333333333333,1,0,0.2833333333333333,0
ORD507132,CUST101819,560074,2025-01-02 08:41:57,768.08,5.6,Fashion,9,0,29.6,0,0.2786885245901639,1,1,0.2654176424668228,0
ORD500496,CUST101467,560003,2025-01-02 09:08:20,999.25,1.6,Home,3,1,8.9,0,0.2741935483870967,1,0,0.2741935483870967,0
ORD504012,CUST100380,560108,2025-01-02 09:29:38,661.03,17.1,Fashion,22,1,13.3,0,0.2698412698412698,1,0,0.2698412698412698,0
ORD504377,CUST101061,560052,2025-01-02 09:37:06,621.96,12.9,Fashion,6,0,26.7,0,0.265625,1,1,0.2529761904761904,0
ORD500087,CUST101265,560114,2025-01-02 09:44:35,740.21,20.8,Fashion,21,0,3.7,0,0.2615384615384615,1,0,0.2615384615384615,0
ORD506256,CUST100532,560034,2025-01-02 10:12:50,530.56,28.5,Fashion,1,1,1.8,0,0.2575757575757575,1,1,0.2453102453102453,0
ORD500772,CUST100534,560092,2025-01-02 10:31:05,389.97,9.9,Beauty,14,0,5.3,0,0.2537313432835821,1,1,0.2416488983653163,1
ORD501529,CUST100343,560069,2025-01-02 10:56:46,308.21,12.9,Fashion,22,1,14.9,0,0.2647058823529412,1,0,0.2647058823529412,0
ORD501367,CUST101258,560097,2025-01-02 11:17:18,2151.29,9.3,Beauty,23,1,15.5,0,0.2608695652173913,1,0,0.2608695652173913,0
ORD500872,CUST100152,560111,2025-01-02 11:48:09,270.24,18.1,Fashion,22,1,22.9,0,0.2571428571428571,1,1,0.2925170068027211,0
ORD503999,CUST101007,560053,2025-01-02 12:00:29,537.8,1.9,Grocery,0,1,20.3,0,0.2535211267605634,1,1,0.2414486921529175,0
ORD507461,CUST100207,560015,2025-01-02 13:52:10,846.55,39.4,Fashion,5,0,1.6,0,0.25,1,1,0.238095238095238,0
ORD502661,CUST100414,560053,2025-01-02 15:10:52,589.57,29.9,Fashion,17,0,8.5,0,0.2465753424657534,1,2,0.224159402241594,1
ORD500517,CUST100089,560056,2025-01-02 15:46:38,657.82,26.2,Home,16,0,15.3,1,0.3806306306306306,0,1,0.2445302445302445,0
ORD501856,CUST101239,560058,2025-01-02 18:25:46,595.83,24.0,Grocery,15,0,11.4,0,0.2533333333333333,1,1,0.2412698412698413,0
ORD506145,CUST100551,560095,2025-01-02 19:03:28,349.03,21.3,Other,20,0,13.4,0,0.25,1,1,0.2857142857142857,0
ORD507495,CUST101480,560027,2025-01-02 19:32:32,569.98,6.1,Fashion,0,1,23.6,0,0.2467532467532467,1,2,0.269775678866588,0
ORD500511,CUST101058,560097,2025-01-02 19:57:00,854.44,22.6,Fashion,18,0,1.0,0,0.2435897435897435,1,1,0.2319902319902319,0
ORD506678,CUST100231,560079,2025-01-02 20:52:33,800.18,44.8,Beauty,19,0,13.3,0,0.240506329113924,1,1,0.2290536467751657,1
ORD501291,CUST101019,560088,2025-01-02 21:29:01,1382.8,49.9,Other,12,0,12.4,0,0.25,1,0,0.25,1
ORD507748,CUST101731,560092,2025-01-02 22:02:51,1477.91,3.9,Other,12,0,4.8,0,0.2592592592592592,1,2,0.2811447811447811,0
ORD503319,CUST100742,560116,2025-01-02 22:11:35,1263.29,17.1,Beauty,1,1,1.0,2,0.1829268292682926,0,1,0.2439024390243902,0
ORD502921,CUST100243,560064,2025-01-02 23:02:58,1180.03,15.7,Home,16,0,11.7,0,0.253012048192771,1,0,0.253012048192771,0
ORD504631,CUST100569,560073,2025-01-02 23:13:44,623.96,33.2,Electronics,20,0,14.8,0,0.25,1,0,0.25,1
ORD501544,CUST101916,560010,2025-01-02 23:30:14,615.28,39.1,Fashion,14,0,18.6,1,0.2156862745098039,0,0,0.2588235294117647,0
ORD504365,CUST100046,560071,2025-01-02 23:50:49,460.21,20.2,Electronics,5,0,13.2,0,0.2558139534883721,1,0,0.2558139534883721,1
ORD500001,CUST100747,560038,2025-01-02 23:52:42,1112.67,26.9,Fashion,10,0,1.0,0,0.264367816091954,1,1,0.2517788724685276,0
ORD505151,CUST100204,560004,2025-01-03 00:25:56,294.41,18.9,Grocery,16,0,1.6,0,0.2613636363636363,1,1,0.2489177489177489,0
ORD502412,CUST101463,560014,2025-01-03 00:35:18,1163.14,14.5,Beauty,21,0,2.1,0,0.2584269662921348,1,3,0.2681973619931607,1
ORD504381,CUST100837,560055,2025-01-03 01:19:38,343.86,22.2,Grocery,10,0,13.2,0,0.2666666666666666,1,1,0.2539682539682539,0
ORD505499,CUST100988,560069,2025-01-03 02:46:08,1146.06,7.8,Other,7,0,18.5,0,0.2637362637362637,1,1,0.2511773940345368,0
ORD500547,CUST100550,560080,2025-01-03 02:47:07,1342.19,24.6,Beauty,3,1,32.4,0,0.2608695652173913,1,0,0.2608695652173913,1
ORD501777,CUST101477,560084,2025-01-03 03:58:02,158.41,10.9,Fashion,17,0,11.0,0,0.2688172043010752,1,0,0.2688172043010752,0
ORD507595,CUST101959,560052,2025-01-03 04:24:47,395.52,14.0,Grocery,21,0,8.7,0,0.2659574468085106,1,2,0.241779497098646,0
ORD503724,CUST101273,560021,2025-01-03 05:49:02,479.42,9.4,Fashion,3,1,15.4,0,0.2631578947368421,1,0,0.2631578947368421,0
ORD500071,CUST101875,560065,2025-01-03 06:44:39,659.72,25.0,Fashion,3,1,16.4,1,0.2170138888888889,0,3,0.3134057971014493,0
ORD506781,CUST101637,560073,2025-01-03 07:35:13,705.91,7.3,Fashion,20,0,11.7,0,0.2577319587628865,1,1,0.2930780559646538,1
ORD501065,CUST101467,560005,2025-01-03 07:54:12,465.72,3.3,Fashion,1,1,2.1,1,0.2210884353741496,0,0,0.2653061224489796,0
ORD506515,CUST100403,560045,2025-01-03 09:31:25,590.72,43.3,Home,19,0,11.1,0,0.2626262626262626,1,0,0.2626262626262626,0
ORD507731,CUST100835,560075,2025-01-03 09:58:44,532.44,26.1,Beauty,13,0,13.3,1,0.3833333333333333,0,0,0.26,0
ORD504155,CUST101669,560119,2025-01-03 10:15:26,358.62,16.8,Fashion,1,1,25.9,0,0.2574257425742574,1,1,0.2451673738802451,1
ORD506982,CUST101390,560042,2025-01-03 10:53:14,874.2,9.6,Grocery,3,1,21.4,1,0.2205882352941176,0,0,0.2647058823529412,1
ORD501231,CUST100663,560023,2025-01-03 11:20:07,632.23,16.6,Home,7,0,12.9,0,0.2718446601941747,1,0,0.2718446601941747,0
ORD501082,CUST101561,560017,2025-01-03 11:22:16,1605.25,3.9,Home,2,1,10.3,0,0.2692307692307692,1,0,0.2692307692307692,0
ORD500188,CUST101117,560067,2025-01-03 11:37:11,1031.74,22.5,Fashion,16,0,15.3,0,0.2666666666666666,1,2,0.2878787878787878,1
ORD502042,CUST100203,560042,2025-01-03 12:35:48,275.64,32.7,Home,7,0,16.8,0,0.2735849056603773,1,1,0.3081761006289308,0
ORD504096,CUST101777,560085,2025-01-03 12:51:13,718.6,39.4,Fashion,14,0,22.0,0,0.2710280373831775,1,0,0.2710280373831775,0
ORD502149,CUST100465,560075,2025-01-03 13:00:03,247.68,5.5,Other,8,0,2.2,0,0.2685185185185185,1,1,0.2557319223985891,0
ORD505837,CUST100632,560014,2025-01-03 13:56:56,625.51,8.6,Grocery,6,0,1.0,0,0.2660550458715596,1,4,0.305045871559633,0
ORD506003,CUST101261,560113,2025-01-03 14:22:12,642.67,34.8,Home,0,1,1.0,0,0.2636363636363636,1,0,0.2636363636363636,0
ORD504902,CUST100059,560066,2025-01-03 14:51:51,1061.15,9.5,Fashion,8,0,2.4,0,0.2612612612612612,1,0,0.2612612612612612,1
ORD507150,CUST101684,560079,2025-01-03 15:42:03,664.83,13.7,Grocery,2,1,21.6,0,0.2678571428571428,1,2,0.2889610389610389,0
ORD500062,CUST100206,560002,2025-01-03 15:51:31,1574.21,52.2,Grocery,3,1,22.1,0,0.2654867256637168,1,0,0.2654867256637168,0
ORD502233,CUST100774,560022,2025-01-03 16:10:17,183.33,13.0,Home,0,1,4.1,0,0.2631578947368421,1,1,0.2506265664160401,0
ORD504955,CUST101563,560087,2025-01-03 16:20:40,486.46,34.7,Fashion,12,0,13.1,0,0.2608695652173913,1,0,0.2608695652173913,0
ORD506972,CUST101904,560019,2025-01-03 17:29:32,1009.88,46.6,Electronics,6,0,1.0,0,0.2586206896551724,1,0,0.2586206896551724,1
ORD506514,CUST101990,560067,2025-01-03 17:40:05,597.73,13.9,Home,10,0,18.9,0,0.2649572649572649,1,3,0.3173541434410999,1
ORD503490,CUST101541,560105,2025-01-03 17:40:41,337.84,29.6,Electronics,7,0,26.0,1,0.3926553672316384,0,0,0.2711864406779661,0
ORD500212,CUST100759,560008,2025-01-03 19:19:01,1428.22,16.4,Fashion,21,0,4.0,0,0.2689075630252101,1,0,0.2689075630252101,0
ORD502075,CUST100524,560019,2025-01-03 20:36:01,1403.93,10.1,Electronics,4,1,7.3,0,0.2666666666666666,1,1,0.3015873015873015,0
ORD502744,CUST100523,560106,2025-01-03 22:29:48,918.54,13.3,Grocery,4,1,9.2,0,0.2644628099173554,1,0,0.2644628099173554,1
ORD505625,CUST100918,560013,2025-01-03 22:30:03,352.62,23.7,Beauty,3,1,18.9,0,0.2704918032786885,1,0,0.2704918032786885,0
ORD503970,CUST101061,560040,2025-01-03 23:08:02,447.55,18.1,Fashion,2,1,10.9,1,0.2235772357723577,0,1,0.2555168408826945,0
ORD501213,CUST100891,560077,2025-01-03 23:36:50,1047.94,25.8,Beauty,17,0,6.6,0,0.2661290322580645,1,1,0.3010752688172043,0
ORD501685,CUST100014,560025,2025-01-03 23:49:20,428.57,30.8,Fashion,17,0,7.5,0,0.264,1,0,0.264,0
ORD500461,CUST100194,560063,2025-01-04 00:00:24,908.53,5.3,Fashion,13,0,20.3,1,0.2182539682539682,0,0,0.2619047619047619,0
ORD502852,CUST100068,560050,2025-01-04 00:41:36,811.57,5.4,Other,19,0,16.5,0,0.2598425196850393,1,0,0.2598425196850393,0
ORD501632,CUST101786,560021,2025-01-04 00:58:37,178.39,11.8,Other,2,1,5.1,0,0.2578125,1,1,0.2455357142857142,0
ORD504687,CUST100773,560086,2025-01-04 01:16:09,1111.47,31.9,Fashion,13,0,1.2,0,0.2558139534883721,1,0,0.2558139534883721,0
ORD506060,CUST100872,560053,2025-01-04 02:43:37,200.65,28.0,Beauty,21,0,21.0,1,0.3782051282051282,0,3,0.2642140468227424,1
ORD506813,CUST100271,560109,2025-01-04 02:48:30,343.49,17.3,Home,7,0,9.5,0,0.2595419847328244,1,0,0.2595419847328244,0
ORD501887,CUST101161,560106,2025-01-04 03:03:26,342.14,2.2,Beauty,22,1,1.0,0,0.2575757575757575,1,1,0.2929292929292929,0
ORD505405,CUST101993,560004,2025-01-04 03:22:20,674.79,9.3,Beauty,5,0,11.2,0,0.2556390977443609,1,2,0.2323991797676008,0
ORD502787,CUST100204,560081,2025-01-04 03:28:55,803.16,21.7,Fashion,2,1,12.6,1,0.2114427860696517,0,0,0.2537313432835821,0
ORD503514,CUST101405,560016,2025-01-04 04:09:49,664.52,14.4,Electronics,17,0,12.6,1,0.2098765432098765,0,0,0.2518518518518518,0
ORD505322,CUST101013,560078,2025-01-04 05:30:32,778.34,15.7,Home,18,0,23.1,0,0.25,1,1,0.2857142857142857,0
ORD506496,CUST101034,560108,2025-01-04 05:30:54,418.32,10.6,Home,8,0,15.3,0,0.2481751824817518,1,1,0.2363573166492874,0
ORD503002,CUST101087,560005,2025-01-04 06:23:20,1147.69,18.6,Other,19,0,10.2,0,0.2463768115942029,1,1,0.2346445824706694,0
ORD507886,CUST100774,560102,2025-01-04 06:36:55,610.93,16.5,Beauty,8,0,5.8,1,0.2038369304556354,0,1,0.2329564919492976,0
ORD502747,CUST101730,560044,2025-01-04 09:23:17,628.73,12.4,Grocery,23,1,8.4,0,0.2428571428571428,1,1,0.2312925170068027,0
ORD502645,CUST100045,560098,2025-01-04 10:57:11,842.09,10.9,Electronics,9,0,13.3,0,0.2411347517730496,1,0,0.2411347517730496,0
ORD503264,CUST101330,560080,2025-01-04 12:24:20,1793.5,21.8,Fashion,12,0,7.6,0,0.2394366197183098,1,1,0.2756539235412474,1
ORD503434,CUST101207,560011,2025-01-04 13:04:06,314.37,21.3,Beauty,0,1,9.0,0,0.2447552447552447,1,0,0.2447552447552447,1
ORD504362,CUST101239,560073,2025-01-04 13:17:26,513.0,14.3,Electronics,1,1,31.3,1,0.2083333333333333,0,2,0.3181818181818182,0
ORD501655,CUST100103,560070,2025-01-04 15:10:32,1102.48,12.1,Fashion,1,1,5.5,1,0.2068965517241379,0,0,0.2482758620689655,0
ORD506235,CUST100177,560099,2025-01-04 15:35:42,675.62,25.3,Other,15,0,18.1,0,0.2465753424657534,1,1,0.2348336594911937,0
ORD502896,CUST101488,560110,2025-01-04 16:04:54,315.96,44.0,Electronics,8,0,15.8,0,0.2448979591836734,1,1,0.2332361516034985,0
ORD507039,CUST100572,560031,2025-01-04 16:20:41,731.42,19.1,Beauty,21,0,24.9,0,0.2432432432432432,1,0,0.2432432432432432,1
ORD501329,CUST101932,560092,2025-01-04 16:35:18,479.14,9.1,Fashion,7,0,11.7,0,0.2483221476510067,1,3,0.2594105631747884,0
ORD500837,CUST100131,560080,2025-01-04 17:34:31,652.07,32.5,Grocery,18,0,1.0,0,0.2466666666666666,1,2,0.3151515151515152,0
ORD502934,CUST100410,560115,2025-01-04 20:40:01,294.46,5.8,Fashion,11,0,4.0,0,0.2450331125827814,1,0,0.2450331125827814,1
ORD504386,CUST100980,560050,2025-01-04 21:18:39,437.53,29.6,Grocery,8,0,19.7,0,0.25,1,1,0.238095238095238,1
ORD504511,CUST100240,560097,2025-01-04 22:22:39,260.25,14.5,Fashion,7,0,3.5,0,0.2549019607843137,1,2,0.231729055258467,0
ORD506810,CUST101084,560004,2025-01-04 23:05:01,488.93,1.6,Fashion,14,0,14.9,0,0.2532467532467532,1,3,0.2202145680406549,0
ORD505626,CUST100617,560118,2025-01-05 00:30:02,522.4,43.9,Home,15,0,9.3,0,0.2516129032258064,1,0,0.2516129032258064,0
ORD505068,CUST101633,560106,2025-01-05 01:32:52,323.2,10.2,Fashion,16,0,11.6,0,0.25,1,2,0.2727272727272727,0
ORD504907,CUST100296,560082,2025-01-05 01:36:42,2481.57,34.2,Fashion,12,0,15.0,0,0.2484076433121019,1,1,0.2841977555353351,0
ORD506583,CUST101417,560064,2025-01-05 03:09:19,448.11,9.3,Fashion,4,1,1.7,0,0.2468354430379747,1,1,0.2350813743218806,0
ORD500798,CUST100989,560051,2025-01-05 03:37:41,497.67,4.7,Other,20,0,28.1,0,0.2452830188679245,1,0,0.2452830188679245,0
ORD502409,CUST100306,560014,2025-01-05 04:11:47,559.6,9.9,Electronics,10,0,13.3,0,0.24375,1,5,0.275,0
ORD501597,CUST100975,560093,2025-01-05 05:05:24,549.13,31.4,Grocery,12,0,13.7,0,0.2422360248447205,1,1,0.230700976042591,0
ORD503327,CUST101183,560072,2025-01-05 06:15:41,244.09,32.2,Home,13,0,8.2,0,0.2407407407407407,1,1,0.2768959435626102,1
ORD506987,CUST101372,560048,2025-01-05 06:21:50,1108.82,7.7,Fashion,12,0,6.0,0,0.2453987730061349,1,0,0.2453987730061349,0
ORD501379,CUST101429,560076,2025-01-05 06:30:33,666.01,21.2,Home,5,0,13.3,0,0.2439024390243902,1,1,0.2322880371660859,0
ORD501976,CUST100307,560095,2025-01-05 07:53:25,344.98,10.9,Electronics,0,1,10.8,0,0.2424242424242424,1,2,0.2658402203856749,0
ORD503652,CUST101335,560063,2025-01-05 07:56:16,917.25,27.7,Other,5,0,22.0,0,0.2409638554216867,1,1,0.2294893861158921,0
ORD507222,CUST101011,560043,2025-01-05 08:10:40,325.81,6.8,Electronics,5,0,4.4,0,0.2395209580838323,1,0,0.2395209580838323,0
ORD504258,CUST101154,560080,2025-01-05 09:00:10,434.56,19.2,Electronics,12,0,8.6,0,0.238095238095238,1,3,0.2939958592132505,0
ORD504879,CUST100404,560097,2025-01-05 10:36:30,2278.79,6.2,Home,2,1,5.9,0,0.2366863905325443,1,3,0.205814252636995,0
ORD504776,CUST100324,560043,2025-01-05 11:57:26,742.75,48.5,Fashion,18,0,4.6,0,0.2352941176470588,1,1,0.2240896358543417,0
ORD507686,CUST101298,560048,2025-01-05 12:12:33,626.75,45.2,Electronics,19,0,15.3,0,0.2339181286549707,1,1,0.2227791701475912,1
ORD504494,CUST100515,560029,2025-01-05 12:22:34,625.58,23.4,Beauty,3,1,11.5,0,0.2383720930232558,1,0,0.2383720930232558,0
ORD501029,CUST101495,560068,2025-01-05 12:50:30,359.86,17.5,Home,23,1,13.7,0,0.2369942196531791,1,0,0.2369942196531791,0
ORD502985,CUST101479,560013,2025-01-05 12:53:09,299.34,46.5,Grocery,9,0,18.8,0,0.2356321839080459,1,1,0.2244116037219485,0
ORD502639,CUST101467,560117,2025-01-05 13:31:58,410.31,6.5,Grocery,12,0,3.5,2,0.1673469387755102,0,1,0.2707482993197279,0
ORD500737,CUST100045,560079,2025-01-05 14:02:11,1671.79,7.4,Other,19,0,20.9,1,0.1941287878787878,0,3,0.2460474308300395,0
ORD501559,CUST100064,560018,2025-01-05 14:20:28,314.65,22.7,Electronics,12,0,10.6,0,0.231638418079096,1,0,0.231638418079096,0
ORD501528,CUST101013,560079,2025-01-05 14:49:02,310.11,9.9,Electronics,1,1,26.2,1,0.1919475655430711,0,4,0.2336142322097378,0
ORD500483,CUST101265,560084,2025-01-05 14:50:39,359.27,0.6,Electronics,21,0,16.2,1,0.1908752327746741,0,1,0.2181431231710561,0
ORD502127,CUST101754,560072,2025-01-05 15:01:58,1205.53,8.8,Other,10,0,11.4,0,0.2277777777777777,1,2,0.2979797979797979,0
ORD501074,CUST101869,560070,2025-01-05 15:10:58,558.85,11.9,Fashion,7,0,3.9,0,0.2265193370165746,1,1,0.2157327019205472,0
ORD506595,CUST101659,560058,2025-01-05 15:37:36,217.06,37.0,Fashion,7,0,3.0,0,0.2252747252747252,1,2,0.2047952047952048,0
ORD505866,CUST101228,560004,2025-01-05 15:41:35,561.32,4.1,Beauty,6,0,17.4,0,0.2240437158469945,1,4,0.1867030965391621,0
ORD500946,CUST101666,560010,2025-01-05 16:04:56,1202.59,31.8,Grocery,6,0,21.3,0,0.2228260869565217,1,1,0.2122153209109731,0
ORD507733,CUST101511,560030,2025-01-05 16:16:20,446.89,33.3,Beauty,7,0,6.8,0,0.2216216216216216,1,1,0.211068211068211,1
ORD504049,CUST101765,560030,2025-01-05 17:22:19,455.51,25.0,Electronics,20,0,17.9,0,0.2258064516129032,1,2,0.250733137829912,0
ORD505493,CUST101696,560071,2025-01-05 18:22:17,1785.32,28.2,Home,2,1,5.9,0,0.2245989304812834,1,1,0.2615227909345556,0
ORD507472,CUST100318,560116,2025-01-05 18:51:38,341.29,13.3,Fashion,9,0,1.0,0,0.2234042553191489,1,2,0.2030947775628626,0
ORD502576,CUST100355,560037,2025-01-05 19:01:56,586.94,8.0,Electronics,13,0,8.7,0,0.2222222222222222,1,0,0.2222222222222222,0
ORD505012,CUST100094,560101,2025-01-05 19:29:26,721.36,29.5,Electronics,21,0,22.5,0,0.2210526315789473,1,2,0.2464114832535885,1
ORD503426,CUST100206,560079,2025-01-05 20:00:12,432.17,8.2,Beauty,23,1,3.0,1,0.18760907504363,0,5,0.2201047120418848,0
ORD501410,CUST100395,560110,2025-01-05 20:10:10,885.38,21.0,Fashion,7,0,4.8,0,0.2239583333333333,1,2,0.2035984848484848,0
ORD506192,CUST101780,560095,2025-01-05 20:10:26,812.4,35.9,Electronics,19,0,10.9,0,0.2227979274611398,1,3,0.2372155890966434,0
ORD500950,CUST101182,560041,2025-01-05 20:19:28,326.67,18.1,Home,1,1,14.9,0,0.2216494845360825,1,0,0.2216494845360825,0
ORD501811,CUST100766,560018,2025-01-05 20:24:00,703.63,28.7,Fashion,8,0,12.3,0,0.2205128205128205,1,1,0.21001221001221,0
ORD501802,CUST100633,560093,2025-01-05 20:43:39,445.15,11.0,Fashion,2,1,5.9,0,0.2193877551020408,1,2,0.199443413729128,0
ORD507261,CUST100610,560071,2025-01-05 21:27:25,951.13,12.9,Grocery,5,0,23.9,0,0.2182741116751269,1,2,0.2438855560682972,0
ORD505108,CUST100604,560028,2025-01-05 21:28:03,335.74,19.3,Electronics,4,1,5.2,0,0.2171717171717171,1,0,0.2171717171717171,0
ORD507756,CUST100651,560005,2025-01-05 22:27:06,1096.58,12.8,Grocery,19,0,3.0,0,0.2160804020100502,1,2,0.1964367291000456,0
ORD507808,CUST100255,560032,2025-01-05 23:30:35,458.09,10.1,Beauty,19,0,10.4,0,0.215,1,0,0.215,0
ORD501311,CUST101392,560054,2025-01-05 23:51:25,1864.42,24.0,Home,12,0,27.7,0,0.2139303482587064,1,0,0.2139303482587064,0
ORD503131,CUST101811,560114,2025-01-06 00:59:36,288.97,20.7,Electronics,5,0,4.8,0,0.2128712871287129,1,1,0.2027345591702027,0
ORD505042,CUST100037,560111,2025-01-06 01:08:04,569.94,33.4,Grocery,23,1,12.3,0,0.2118226600985221,1,2,0.2380206000895656,0
ORD502506,CUST100570,560053,2025-01-06 01:17:49,836.07,24.5,Fashion,6,0,23.6,0,0.2107843137254902,1,4,0.2589869281045752,0
ORD500877,CUST100297,560083,2025-01-06 01:24:09,365.78,17.6,Fashion,23,1,9.2,1,0.1747967479674796,0,0,0.2097560975609756,0
ORD502155,CUST100236,560023,2025-01-06 01:29:43,513.35,28.7,Beauty,15,0,6.8,0,0.2087378640776699,1,1,0.198797965788257,0
ORD506184,CUST101620,560035,2025-01-06 01:30:41,568.6,42.4,Grocery,12,0,16.0,0,0.2077294685990338,1,1,0.1978375891419369,0
ORD500124,CUST100571,560003,2025-01-06 02:02:24,277.65,23.4,Other,1,1,14.1,0,0.2067307692307692,1,1,0.1968864468864468,0
ORD504944,CUST100048,560100,2025-01-06 02:18:03,356.73,27.1,Electronics,7,0,3.0,0,0.2057416267942583,1,2,0.2324923879947803,0
ORD503921,CUST100504,560112,2025-01-06 02:28:48,619.25,18.0,Fashion,0,1,5.5,0,0.2047619047619047,1,0,0.2047619047619047,0
ORD501016,CUST101300,560069,2025-01-06 04:14:30,630.27,19.3,Fashion,4,1,2.0,0,0.2037914691943128,1,2,0.1852649719948298,0
ORD507087,CUST101783,560108,2025-01-06 05:27:23,445.82,25.6,Fashion,19,0,12.3,0,0.2028301886792452,1,2,0.1843910806174957,1
ORD504389,CUST100374,560097,2025-01-06 06:34:00,817.24,14.1,Home,11,0,4.2,0,0.2065727699530516,1,4,0.1721439749608763,0
ORD502933,CUST101850,560074,2025-01-06 07:32:39,697.15,10.9,Home,9,0,20.7,0,0.2056074766355139,1,2,0.1869158878504672,0
ORD504443,CUST101592,560105,2025-01-06 08:14:08,518.02,4.6,Fashion,18,0,20.6,0,0.2046511627906976,1,1,0.1949058693244739,0
ORD501836,CUST101196,560102,2025-01-06 08:37:22,466.83,13.9,Fashion,4,1,14.5,0,0.2037037037037036,1,2,0.1851851851851851,1
ORD504317,CUST101726,560058,2025-01-06 09:04:27,813.31,10.6,Home,7,0,21.8,0,0.2073732718894008,1,3,0.1803245842516529,0
ORD504248,CUST101705,560045,2025-01-06 09:43:07,1564.77,6.9,Fashion,8,0,8.6,0,0.2064220183486239,1,1,0.1965923984272608,0
ORD507397,CUST100356,560039,2025-01-06 10:25:17,694.6,5.1,Fashion,21,0,11.6,0,0.2054794520547945,1,0,0.2054794520547945,1
ORD505101,CUST101377,560031,2025-01-06 11:33:03,658.2,59.2,Home,10,0,14.5,0,0.209090909090909,1,1,0.2467532467532467,0
ORD500272,CUST101125,560032,2025-01-06 13:02:47,2936.89,25.3,Beauty,7,0,15.7,0,0.2081447963800905,1,1,0.19823313940961,1
ORD500251,CUST101783,560102,2025-01-06 13:26:07,346.64,11.6,Electronics,17,0,15.2,1,0.3430930930930931,0,3,0.227575401488445,1
ORD502421,CUST100057,560040,2025-01-06 13:27:38,1770.23,30.9,Home,12,0,8.4,0,0.2152466367713004,1,2,0.1956787607011822,0
ORD503701,CUST101405,560005,2025-01-06 13:59:10,775.53,23.7,Electronics,19,0,12.3,2,0.1530612244897959,0,3,0.186335403726708,1
ORD505810,CUST100433,560104,2025-01-06 14:03:10,809.85,29.5,Beauty,0,1,26.5,0,0.2177777777777777,1,1,0.2074074074074074,1
ORD503783,CUST100573,560113,2025-01-06 15:14:16,309.37,6.2,Electronics,19,0,12.2,0,0.2212389380530973,1,1,0.2107037505267594,0
ORD500183,CUST101268,560051,2025-01-06 16:04:18,1139.19,23.3,Electronics,16,0,13.1,0,0.2202643171806167,1,1,0.2097755401720159,0
ORD507123,CUST101620,560040,2025-01-06 17:20:51,664.13,25.5,Beauty,17,0,4.0,1,0.1827485380116958,0,3,0.1906941266209,0
ORD500091,CUST100876,560006,2025-01-06 17:23:50,1090.22,7.4,Electronics,10,0,14.6,0,0.2183406113537118,1,2,0.1984914648670107,0
ORD506156,CUST100146,560010,2025-01-06 18:05:19,524.81,4.9,Other,15,0,10.9,0,0.217391304347826,1,2,0.1976284584980237,0
ORD502245,CUST101199,560006,2025-01-06 18:09:17,355.06,20.1,Fashion,17,0,2.8,0,0.2164502164502164,1,3,0.1882175795219273,0
ORD505937,CUST101834,560083,2025-01-06 18:14:28,476.17,27.2,Home,7,0,10.1,0,0.2155172413793103,1,1,0.2052545155993431,0
ORD505781,CUST101292,560063,2025-01-06 18:32:18,1134.8,22.2,Fashion,18,0,21.5,0,0.2145922746781115,1,2,0.1950838860710105,0
ORD506092,CUST100541,560021,2025-01-06 18:46:24,152.87,10.1,Fashion,4,1,17.0,2,0.2954822954822954,0,2,0.1942501942501942,0
ORD500465,CUST100361,560053,2025-01-06 19:56:24,411.83,15.8,Electronics,3,1,18.9,0,0.2127659574468085,1,5,0.2502127659574468,1
ORD504983,CUST100037,560038,2025-01-06 20:12:05,338.18,20.0,Electronics,18,0,18.1,1,0.1800847457627118,0,2,0.1964560862865947,1
ORD502906,CUST100454,560090,2025-01-06 20:31:18,985.1,30.3,Beauty,18,0,17.3,0,0.2194092827004219,1,0,0.2194092827004219,0
ORD504858,CUST100057,560019,2025-01-06 21:30:06,608.62,17.1,Fashion,20,0,6.0,1,0.1820728291316526,0,2,0.2440794499618029,0
ORD502060,CUST101118,560048,2025-01-06 21:38:20,389.04,37.2,Fashion,5,0,16.9,0,0.2175732217573221,1,2,0.2432483834157474,1
ORD507431,CUST101579,560057,2025-01-06 22:06:28,831.94,18.3,Fashion,23,1,13.2,0,0.2208333333333333,1,1,0.2103174603174603,0
ORD500560,CUST101459,560000,2025-01-06 22:22:37,1369.46,31.1,Grocery,16,0,12.6,0,0.2199170124481328,1,0,0.2199170124481328,0
ORD505267,CUST101921,560065,2025-01-06 22:50:52,1577.16,20.8,Electronics,2,1,20.8,1,0.1825068870523416,0,4,0.2658402203856749,0
ORD500422,CUST100376,560048,2025-01-07 00:45:47,263.38,6.1,Grocery,23,1,18.9,0,0.2181069958847736,1,3,0.2766147790302379,0
ORD505037,CUST101671,560006,2025-01-07 01:10:02,807.0,25.9,Fashion,11,0,8.7,0,0.2172131147540983,1,4,0.1810109289617486,0
ORD501520,CUST100602,560079,2025-01-07 01:21:28,692.93,18.3,Electronics,4,1,1.0,0,0.2163265306122449,1,6,0.2048665620094191,0
ORD505939,CUST100759,560102,2025-01-07 02:11:02,674.88,18.2,Home,23,1,6.9,1,0.1795392953929539,0,4,0.2628726287262872,1
ORD505887,CUST101386,560098,2025-01-07 02:14:11,413.81,35.4,Home,8,0,21.8,0,0.2186234817813765,1,1,0.2082128397917871,1
ORD500656,CUST101730,560030,2025-01-07 02:58:38,908.95,40.8,Fashion,21,0,5.8,1,0.1848118279569892,0,3,0.2363253856942496,0
ORD505727,CUST101505,560047,2025-01-07 03:04:51,474.72,4.1,Fashion,5,0,11.8,0,0.2208835341365461,1,1,0.2103652706062344,1
ORD506202,CUST101701,560106,2025-01-07 03:44:49,568.33,30.7,Other,13,0,18.7,0,0.224,1,3,0.2382608695652174,0
ORD504400,CUST101496,560092,2025-01-07 03:53:40,1746.6,13.9,Electronics,3,1,8.5,0,0.2231075697211155,1,4,0.2275896414342629,0
ORD506669,CUST100640,560082,2025-01-07 04:16:13,601.65,8.3,Grocery,10,0,11.2,0,0.2222222222222222,1,2,0.2474747474747475,0
ORD500407,CUST101335,560014,2025-01-07 05:10:29,758.8,5.9,Fashion,16,0,18.1,1,0.1844532279314888,0,6,0.2471875950136819,0
ORD501709,CUST101192,560036,2025-01-07 05:36:35,1066.24,9.6,Electronics,19,0,18.3,0,0.2204724409448819,1,0,0.2204724409448819,0
ORD503043,CUST101974,560111,2025-01-07 05:38:38,751.1,18.6,Electronics,15,0,12.5,1,0.3496732026143791,0,3,0.2344416027280477,0
ORD507434,CUST101858,560028,2025-01-07 06:20:49,1037.29,27.3,Grocery,13,0,5.1,0,0.21875,1,1,0.2083333333333333,0
ORD505736,CUST101022,560042,2025-01-07 06:44:38,1250.22,52.3,Beauty,11,0,10.6,0,0.2178988326848249,1,2,0.2435443933498408,0
ORD504587,CUST100610,560097,2025-01-07 06:51:06,862.61,27.3,Fashion,1,1,4.1,1,0.1808785529715762,0,5,0.1736434108527131,1
ORD500162,CUST100322,560085,2025-01-07 07:26:20,657.46,33.4,Grocery,6,0,4.0,0,0.22007722007722,1,1,0.2095973524544953,0
ORD506239,CUST101480,560019,2025-01-07 07:55:51,2002.02,8.4,Fashion,11,0,12.5,1,0.1826923076923077,0,3,0.2341137123745819,0
ORD501853,CUST101730,560025,2025-01-07 08:29:20,892.46,16.2,Fashion,12,0,14.2,2,0.1559934318555008,0,1,0.2079912424740011,0
ORD500527,CUST100274,560117,2025-01-07 08:41:26,224.36,12.2,Home,16,0,4.5,1,0.1812977099236641,0,2,0.2432338653712699,0
ORD501264,CUST100146,560034,2025-01-07 08:58:56,1362.36,13.5,Fashion,23,1,19.7,1,0.1806083650190114,0,2,0.1970273072934669,0
ORD502022,CUST101620,560105,2025-01-07 09:15:21,523.56,5.1,Other,13,0,18.6,2,0.1542207792207792,0,2,0.1962809917355372,0
ORD507546,CUST101543,560024,2025-01-07 09:17:21,444.91,13.8,Fashion,23,1,15.8,1,0.1792452830188679,0,1,0.2048517520215633,0
ORD504457,CUST101487,560072,2025-01-07 09:33:52,1312.54,25.4,Grocery,11,0,6.2,0,0.2142857142857142,1,3,0.2732919254658385,0
ORD502425,CUST100308,560099,2025-01-07 09:41:18,855.64,45.5,Electronics,0,1,14.2,0,0.2134831460674157,1,2,0.1940755873340142,0
ORD501542,CUST100064,560112,2025-01-07 09:54:42,682.42,3.5,Electronics,5,0,11.4,1,0.1772388059701492,0,1,0.2025586353944563,0
ORD502086,CUST101273,560051,2025-01-07 10:35:37,322.62,24.1,Fashion,22,1,10.3,1,0.1765799256505576,0,2,0.1926326461642446,0
ORD507622,CUST101185,560081,2025-01-07 11:05:52,388.84,16.2,Beauty,1,1,9.0,0,0.2111111111111111,1,1,0.201058201058201,0
ORD506635,CUST100988,560014,2025-01-07 11:37:04,285.98,38.2,Electronics,17,0,16.4,1,0.1752767527675276,0,7,0.2298756320896542,1
ORD501805,CUST101089,560031,2025-01-07 11:38:12,334.76,17.6,Electronics,14,0,23.1,0,0.213235294117647,1,2,0.2393048128342245,1
ORD505209,CUST100545,560105,2025-01-07 12:11:51,1163.71,36.6,Fashion,10,0,5.5,0,0.2161172161172161,1,3,0.1879280140149705,1
ORD506380,CUST101930,560116,2025-01-07 13:10:37,370.59,37.4,Electronics,21,0,12.4,0,0.218978102189781,1,3,0.1904157410345922,0
ORD502597,CUST100753,560048,2025-01-07 13:36:15,450.1,22.5,Other,19,0,5.3,0,0.2181818181818181,1,4,0.2651515151515151,1
ORD504540,CUST101714,560017,2025-01-07 14:18:28,210.54,48.4,Grocery,17,0,27.9,0,0.2210144927536232,1,1,0.2104899930986887,0
ORD503451,CUST101657,560049,2025-01-07 15:00:46,296.13,14.6,Other,13,0,5.1,0,0.2202166064981949,1,1,0.2097301014268523,0
ORD504889,CUST101227,560092,2025-01-07 16:42:58,488.23,30.8,Fashion,21,0,17.2,0,0.2194244604316547,1,5,0.2155395683453237,0
ORD502472,CUST101435,560059,2025-01-07 16:53:07,427.35,21.6,Fashion,4,1,18.4,0,0.2186379928315412,1,1,0.208226659839563,0
ORD500995,CUST100236,560004,2025-01-07 17:17:30,566.81,3.9,Fashion,12,0,13.5,1,0.181547619047619,0,5,0.1742857142857143,1
ORD501872,CUST101339,560103,2025-01-07 17:43:00,264.96,15.3,Electronics,10,0,24.2,0,0.2206405693950178,1,0,0.2206405693950178,0
ORD502087,CUST101657,560084,2025-01-07 17:47:29,1820.33,8.5,Fashion,1,1,9.8,1,0.1832151300236406,0,2,0.1998710509348807,1
ORD504136,CUST100836,560108,2025-01-07 18:26:03,489.66,35.2,Other,4,1,23.7,0,0.2226148409893992,1,3,0.2370563834690428,0
ORD506841,CUST100820,560014,2025-01-07 19:14:13,575.11,41.3,Electronics,12,0,19.1,0,0.2218309859154929,1,8,0.2655935613682093,0
ORD500080,CUST100524,560035,2025-01-07 19:25:43,1093.06,40.1,Fashion,22,1,2.3,1,0.1842105263157894,0,2,0.200956937799043,1
ORD503022,CUST100906,560073,2025-01-07 19:32:44,1147.57,23.4,Electronics,12,0,13.6,0,0.2237762237762238,1,3,0.2815445424141076,0
ORD505362,CUST101373,560043,2025-01-07 19:32:50,200.73,0.9,Grocery,20,0,14.9,0,0.2229965156794425,1,2,0.2027241051631295,0
ORD506388,CUST100656,560111,2025-01-07 19:33:28,306.1,5.5,Home,17,0,5.5,0,0.2222222222222222,1,4,0.2268518518518518,0
ORD502394,CUST100684,560118,2025-01-07 19:53:47,474.38,9.5,Home,17,0,6.3,1,0.3512110726643598,0,1,0.2109078925687922,0
ORD505775,CUST101516,560048,2025-01-07 21:07:48,408.68,8.8,Grocery,17,0,20.7,0,0.2206896551724138,1,5,0.296551724137931,0
ORD507531,CUST101335,560087,2025-01-07 21:32:02,831.61,1.2,Electronics,13,0,11.9,2,0.157093765341188,0,1,0.2094583537882507,0
ORD505381,CUST101592,560115,2025-01-07 21:54:05,585.81,9.6,Beauty,10,0,21.8,1,0.182648401826484,0,1,0.2563600782778865,0
ORD507888,CUST100876,560061,2025-01-07 22:09:16,491.41,9.0,Electronics,3,1,4.5,1,0.1820250284414107,0,0,0.2184300341296928,0
ORD500748,CUST101908,560018,2025-01-08 01:05:06,220.3,5.9,Home,14,0,14.5,0,0.2176870748299319,1,2,0.1978973407544836,1
ORD502774,CUST101482,560104,2025-01-08 01:37:18,692.92,23.2,Fashion,15,0,1.6,0,0.2203389830508474,1,2,0.2457627118644067,0
ORD504873,CUST100806,560005,2025-01-08 02:15:02,611.65,9.6,Home,18,0,9.3,0,0.2195945945945946,1,4,0.2246621621621621,1
ORD505801,CUST100224,560106,2025-01-08 02:52:44,1003.86,19.5,Beauty,2,1,18.1,0,0.2222222222222222,1,4,0.2268518518518518,0
ORD504710,CUST101843,560094,2025-01-08 03:41:13,322.91,9.3,Home,15,0,4.9,0,0.2214765100671141,1,1,0.2109300095877277,0
ORD505491,CUST101811,560030,2025-01-08 03:53:34,2488.6,23.1,Fashion,17,0,17.0,1,0.1839464882943143,0,4,0.225613154960981,0
ORD507691,CUST101015,560098,2025-01-08 05:06:41,450.67,4.5,Electronics,9,0,12.4,0,0.22,1,2,0.2454545454545454,0
ORD504182,CUST100948,560093,2025-01-08 05:07:24,748.39,18.8,Electronics,21,0,18.2,0,0.2192691029900332,1,3,0.1906687852087245,0
ORD504023,CUST101062,560091,2025-01-08 05:19:30,607.13,13.3,Electronics,15,0,8.7,1,0.3487858719646799,0,0,0.2185430463576159,0
ORD505100,CUST101893,560032,2025-01-08 05:47:23,925.21,12.1,Fashion,23,1,2.2,0,0.2178217821782178,1,2,0.2434743474347435,0
ORD502378,CUST101087,560052,2025-01-08 05:47:35,601.89,7.8,Fashion,10,0,19.3,1,0.1809210526315789,0,3,0.188787185354691,0
ORD505360,CUST100798,560011,2025-01-08 06:04:55,292.93,21.0,Beauty,11,0,2.8,0,0.2163934426229508,1,1,0.2537080405932865,0
ORD503746,CUST100997,560049,2025-01-08 06:12:36,1339.6,16.4,Electronics,0,1,9.8,0,0.2156862745098039,1,2,0.196078431372549,0
ORD500438,CUST100861,560019,2025-01-08 06:34:56,446.45,42.3,Electronics,3,1,12.3,0,0.2149837133550488,1,4,0.2208197611292074,1
ORD500973,CUST100103,560036,2025-01-08 06:45:04,681.98,29.3,Beauty,8,0,16.6,2,0.1553803339517625,0,1,0.20717377860235,1
ORD503520,CUST100834,560087,2025-01-08 07:28:40,939.42,9.6,Beauty,2,1,13.1,0,0.2200647249190938,1,2,0.2000588408355398,0
ORD507669,CUST100906,560016,2025-01-08 08:14:56,225.44,24.5,Beauty,18,0,19.4,1,0.1827956989247311,0,1,0.2089093701996927,1
ORD505074,CUST100640,560025,2025-01-08 08:37:12,308.9,21.5,Fashion,5,0,18.6,1,0.1848874598070739,0,2,0.2016954106986261,0
ORD506872,CUST100057,560096,2025-01-08 09:47:01,681.92,10.3,Fashion,15,0,6.9,2,0.157967032967033,0,0,0.2211538461538461,0
ORD506099,CUST100794,560054,2025-01-08 10:21:20,505.02,7.2,Electronics,19,0,11.7,0,0.2204472843450479,1,1,0.2099497946143313,0
ORD507967,CUST100872,560085,2025-01-08 10:30:29,935.86,24.0,Fashion,17,0,14.2,2,0.4426751592356688,0,2,0.1997683844817603,1
ORD501096,CUST100530,560054,2025-01-08 12:00:56,719.66,24.5,Electronics,3,1,23.6,0,0.2222222222222222,1,2,0.202020202020202,1
ORD501235,CUST100626,560001,2025-01-08 12:02:00,1026.17,2.8,Electronics,16,0,12.3,0,0.2246835443037974,1,0,0.2246835443037974,1
ORD505515,CUST100139,560028,2025-01-08 12:10:48,498.19,12.5,Home,3,1,11.2,0,0.2271293375394321,1,2,0.2064812159449383,0
ORD505131,CUST101826,560115,2025-01-08 12:35:35,277.72,15.4,Beauty,2,1,14.1,0,0.2264150943396226,1,2,0.2512864493996569,0
ORD501762,CUST101462,560116,2025-01-08 14:44:36,731.36,40.4,Fashion,4,1,17.2,0,0.225705329153605,1,4,0.1880877742946708,0
ORD503309,CUST101876,560016,2025-01-08 16:06:26,1155.12,15.1,Electronics,8,0,1.3,0,0.225,1,2,0.25,0
ORD503301,CUST100596,560046,2025-01-08 16:33:25,568.34,16.2,Electronics,9,0,1.0,0,0.2242990654205607,1,1,0.2612372051624388,0
ORD505961,CUST101875,560054,2025-01-08 16:40:56,608.58,46.9,Other,3,1,15.6,2,0.1597160603371783,0,3,0.2379152038887388,0
ORD501169,CUST101608,560069,2025-01-08 17:31:10,497.19,5.3,Home,16,0,14.7,0,0.2229102167182662,1,3,0.1938349710593619,0
ORD500534,CUST101918,560074,2025-01-08 17:34:23,344.66,26.1,Other,11,0,1.0,0,0.2222222222222222,1,3,0.1932367149758454,0
ORD502219,CUST100807,560076,2025-01-08 17:40:26,1859.28,7.8,Fashion,14,0,7.9,0,0.2215384615384615,1,2,0.2013986013986014,0
ORD501668,CUST101055,560102,2025-01-08 19:00:22,577.97,1.1,Fashion,20,0,6.6,0,0.2208588957055214,1,5,0.2966871165644172,0
ORD507127,CUST101183,560010,2025-01-08 19:06:10,984.13,10.6,Beauty,7,0,17.8,1,0.3501529051987768,0,3,0.1914639010769844,1
ORD507573,CUST100635,560091,2025-01-08 19:15:26,232.61,9.2,Fashion,23,1,2.1,0,0.2225609756097561,1,1,0.2119628339140534,0
ORD504962,CUST101811,560011,2025-01-08 21:33:07,981.03,15.6,Electronics,21,0,13.5,2,0.1584889274858879,0,2,0.2471677258911301,0
ORD504017,CUST101592,560019,2025-01-08 22:40:53,483.75,56.6,Fashion,14,0,18.1,2,0.158008658008658,0,5,0.256969696969697,1
ORD506806,CUST101227,560104,2025-01-08 22:47:54,894.55,12.7,Fashion,14,0,7.8,1,0.1863041289023162,0,3,0.2378825692893734,0
ORD500115,CUST101431,560119,2025-01-08 22:58:43,598.69,22.2,Home,20,0,6.1,0,0.2228915662650602,1,2,0.2480832420591457,0
ORD501224,CUST101494,560047,2025-01-08 23:15:26,2749.88,16.6,Home,9,0,17.9,0,0.2222222222222222,1,2,0.2474747474747475,0
ORD501606,CUST101587,560048,2025-01-08 23:21:52,1231.81,30.4,Fashion,17,0,1.0,0,0.2215568862275449,1,6,0.2858129894058038,0
ORD506375,CUST101556,560002,2025-01-09 00:11:53,156.04,37.2,Fashion,7,0,9.2,0,0.2208955223880597,1,1,0.2103766879886283,0
ORD501168,CUST101209,560057,2025-01-09 01:40:12,402.78,33.9,Beauty,7,0,10.9,1,0.183531746031746,0,2,0.2002164502164502,0
ORD502698,CUST100658,560119,2025-01-09 01:40:42,820.26,7.9,Fashion,1,1,16.8,0,0.2195845697329376,1,3,0.2344213649851632,0
ORD503948,CUST100447,560001,2025-01-09 02:17:29,751.11,23.9,Fashion,7,0,2.2,0,0.2189349112426035,1,1,0.2561284868977176,1
ORD504503,CUST101589,560013,2025-01-09 02:25:30,890.14,4.9,Home,21,0,20.0,0,0.2212389380530973,1,2,0.2011263073209976,1
ORD501350,CUST100141,560000,2025-01-09 02:26:18,615.39,9.3,Beauty,5,0,8.0,0,0.2235294117647059,1,1,0.2128851540616246,0
ORD506532,CUST100011,560035,2025-01-09 02:40:46,752.33,19.0,Electronics,16,0,6.7,0,0.2228739002932551,1,3,0.2372816524289175,0
ORD501295,CUST100308,560107,2025-01-09 03:06:08,268.6,32.0,Electronics,5,0,13.6,1,0.1851851851851852,0,0,0.2222222222222222,0
ORD500284,CUST101933,560010,2025-01-09 03:54:27,1520.07,12.6,Beauty,1,1,8.5,0,0.2215743440233236,1,4,0.2263119533527696,0
ORD503625,CUST101139,560011,2025-01-09 04:08:27,725.81,5.1,Fashion,6,0,26.1,0,0.2209302325581395,1,3,0.2355915065722952,0
ORD503851,CUST100901,560029,2025-01-09 04:09:12,1915.58,16.7,Home,15,0,18.9,0,0.2202898550724637,1,1,0.209799861973775,0
ORD506824,CUST101747,560090,2025-01-09 04:50:05,573.0,26.2,Electronics,1,1,10.7,0,0.2196531791907514,1,1,0.2091935039911918,0
ORD503606,CUST100678,560004,2025-01-09 04:59:37,625.12,19.7,Home,6,0,5.4,0,0.2190201729106628,1,6,0.2069385945466637,0
ORD500764,CUST100935,560100,2025-01-09 07:41:35,361.56,47.2,Fashion,1,1,11.1,0,0.2183908045977011,1,3,0.2333833083458271,1
ORD506047,CUST101122,560112,2025-01-09 07:41:55,783.4,16.1,Other,13,0,24.0,0,0.2206303724928366,1,2,0.2005730659025788,0
ORD502791,CUST101183,560030,2025-01-09 08:00:55,1100.54,16.8,Electronics,23,1,4.5,2,0.4428571428571429,0,5,0.216,0
ORD502632,CUST100047,560033,2025-01-09 08:03:24,877.88,30.4,Fashion,18,0,1.0,2,0.4424094424094424,0,0,0.2193732193732193,1
ORD503100,CUST101008,560117,2025-01-09 08:28:01,1425.75,6.6,Grocery,5,0,8.7,0,0.2215909090909091,1,3,0.2361660079051383,0
ORD502955,CUST100433,560048,2025-01-09 08:54:19,349.62,12.5,Fashion,19,0,8.8,1,0.3508026440037771,0,7,0.2747875354107649,1
ORD501097,CUST101705,560082,2025-01-09 09:05:13,530.54,26.0,Electronics,18,0,5.0,1,0.185969868173258,0,3,0.2375337754851388,0
ORD502656,CUST100124,560053,2025-01-09 11:22:53,766.41,5.2,Home,15,0,11.9,0,0.2225352112676056,1,6,0.2865655471289274,0
ORD507505,CUST100924,560083,2025-01-09 11:39:31,1974.37,4.5,Electronics,2,1,19.8,0,0.2219101123595505,1,2,0.2017364657814096,0
ORD500661,CUST101967,560106,2025-01-09 11:43:23,1195.84,7.4,Other,20,0,25.1,0,0.2212885154061624,1,5,0.21703081232493,0
ORD505427,CUST100143,560011,2025-01-09 11:52:10,335.94,18.2,Home,12,0,14.5,0,0.2206703910614525,1,4,0.2255586592178771,1
ORD504303,CUST101628,560080,2025-01-09 11:56:58,999.03,3.0,Home,9,0,15.4,0,0.2228412256267409,1,4,0.2690343546889508,1
ORD502986,CUST101677,560087,2025-01-09 13:20:06,765.88,6.2,Other,13,0,8.9,0,0.225,1,3,0.1956521739130435,0
ORD503855,CUST101826,560101,2025-01-09 14:12:55,775.96,1.2,Other,7,0,11.9,1,0.1869806094182825,0,3,0.2820667228712513,0
ORD504728,CUST101749,560048,2025-01-09 14:54:27,1169.33,16.9,Fashion,15,0,15.9,0,0.223756906077348,1,8,0.3026835043409629,0
ORD505039,CUST101981,560118,2025-01-09 15:03:44,1068.1,26.2,Electronics,0,1,4.9,0,0.2231404958677686,1,2,0.202854996243426,0
ORD500498,CUST100886,560097,2025-01-09 16:21:13,321.14,48.9,Home,14,0,1.8,0,0.2225274725274725,1,6,0.209636517328825,0
ORD506041,CUST100062,560056,2025-01-09 16:23:09,832.17,27.4,Beauty,19,0,15.5,0,0.2219178082191781,1,2,0.2017434620174346,0
ORD502191,CUST101183,560036,2025-01-09 17:08:41,720.73,20.4,Fashion,13,0,14.7,3,0.3883196721311475,0,2,0.2466467958271237,0
ORD500403,CUST100557,560119,2025-01-09 17:26:00,818.46,15.3,Other,9,0,23.0,0,0.220708446866485,1,4,0.2255903723887375,0
ORD504641,CUST101717,560086,2025-01-09 18:25:04,515.15,31.3,Home,5,0,7.2,0,0.2201086956521739,1,1,0.2096273291925466,0
ORD503935,CUST100918,560100,2025-01-09 18:39:18,593.87,6.9,Electronics,8,0,5.8,1,0.1829268292682927,0,4,0.266260162601626,0
ORD505144,CUST100557,560097,2025-01-09 19:19:27,431.21,24.9,Electronics,13,0,12.7,1,0.1824324324324324,0,7,0.1991991991991992,0
ORD506289,CUST100524,560088,2025-01-09 21:05:15,1319.72,18.1,Fashion,5,0,32.8,2,0.2988063149788217,0,1,0.2555512771146194,0
ORD504841,CUST100918,560119,2025-01-09 21:27:14,430.2,44.0,Home,18,0,17.7,2,0.1555299539170506,0,5,0.2141935483870967,0
ORD501263,CUST100696,560075,2025-01-09 23:19:33,1122.27,7.7,Electronics,3,1,7.8,0,0.2171581769436997,1,2,0.1974165244942725,0
ORD502392,CUST101268,560049,2025-01-09 23:36:48,501.77,11.9,Grocery,0,1,21.9,1,0.1804812834224599,0,3,0.1883282957451755,0
ORD507802,CUST101429,560032,2025-01-09 23:42:22,259.01,33.1,Other,5,0,5.4,1,0.18,0,3,0.2313043478260869,0
ORD506896,CUST101998,560045,2025-01-10 00:34:29,347.83,9.6,Beauty,9,0,4.9,0,0.2154255319148936,1,2,0.1958413926499033,0
ORD500020,CUST101858,560037,2025-01-10 01:37:34,734.18,53.5,Fashion,7,0,14.3,1,0.1790450928381962,0,1,0.2046229632436529,1
ORD505573,CUST101505,560094,2025-01-10 01:57:51,699.3,31.3,Electronics,1,1,10.4,1,0.3474426807760141,0,2,0.1972101972101972,0
ORD503447,CUST100314,560068,2025-01-10 04:01:18,447.8,23.8,Fashion,2,1,15.2,0,0.2163588390501319,1,1,0.2060560371906018,0
ORD506147,CUST100515,560006,2025-01-10 05:47:25,818.47,6.9,Fashion,10,0,15.0,1,0.1798245614035087,0,5,0.1726315789473684,0
ORD506794,CUST100374,560068,2025-01-10 08:37:30,682.24,13.0,Beauty,15,0,18.2,1,0.179352580927384,0,2,0.1956573610116917,0
ORD505589,CUST101246,560077,2025-01-10 08:46:41,164.96,33.7,Beauty,13,0,8.3,0,0.2146596858638743,1,2,0.2405997144217039,1
ORD503457,CUST101543,560086,2025-01-10 09:47:09,790.51,12.1,Fashion,8,0,4.5,2,0.15479298769116,0,2,0.1970092570614763,1
ORD501429,CUST101989,560087,2025-01-10 10:04:36,699.7,26.4,Electronics,18,0,4.0,0,0.21875,1,4,0.1822916666666666,0
ORD503655,CUST101774,560016,2025-01-10 10:33:25,683.31,2.1,Grocery,15,0,14.0,0,0.2181818181818181,1,3,0.2332015810276679,1
ORD502194,CUST100949,560050,2025-01-10 10:49:05,640.58,1.9,Electronics,21,0,16.6,0,0.2202072538860103,1,2,0.2456429580781912,0
ORD501357,CUST100764,560057,2025-01-10 11:17:28,979.47,4.0,Grocery,2,1,23.1,0,0.2196382428940568,1,3,0.1909897764296146,0
ORD507106,CUST101481,560102,2025-01-10 12:13:15,683.5,12.7,Fashion,8,0,12.1,0,0.2190721649484536,1,6,0.2839016653449643,1
ORD504071,CUST100007,560108,2025-01-10 12:56:00,409.32,10.1,Other,0,1,7.7,0,0.2210796915167095,1,4,0.2258997429305912,0
ORD501673,CUST101551,560104,2025-01-10 13:08:15,535.47,9.5,Beauty,12,0,19.2,0,0.2205128205128205,1,4,0.2254273504273504,0
ORD507000,CUST100928,560005,2025-01-10 13:27:25,896.61,17.8,Other,2,1,21.4,0,0.2199488491048593,1,5,0.2559590792838875,0
ORD506374,CUST100126,560095,2025-01-10 13:42:24,912.91,12.5,Home,3,1,22.5,0,0.2193877551020408,1,4,0.2244897959183673,0
ORD504152,CUST101995,560009,2025-01-10 14:07:24,1043.72,41.7,Fashion,2,1,1.6,0,0.2188295165394402,1,2,0.2443904695813093,0
ORD505487,CUST100879,560093,2025-01-10 15:08:05,553.61,13.4,Home,21,0,5.3,0,0.2182741116751269,1,4,0.1818950930626057,0
ORD507363,CUST101265,560012,2025-01-10 15:45:59,652.11,9.3,Grocery,17,0,19.6,2,0.1555153707052441,0,0,0.2177215189873417,0
ORD500830,CUST100890,560085,2025-01-10 16:05:37,1432.65,31.3,Grocery,3,1,10.5,0,0.2171717171717171,1,3,0.2323232323232323,0
ORD505119,CUST100182,560029,2025-01-10 16:42:14,1590.58,15.9,Electronics,5,0,14.6,1,0.1805205709487825,0,2,0.1969315319441264,0
ORD501136,CUST101019,560018,2025-01-10 17:13:34,536.09,8.8,Electronics,12,0,13.7,1,0.3467336683417085,0,3,0.231374262617435,0
ORD503207,CUST101576,560095,2025-01-10 18:05:24,652.84,27.4,Home,5,0,10.1,0,0.2155388471177945,1,5,0.2124310776942356,0
ORD507620,CUST100234,560103,2025-01-10 19:15:47,469.88,2.8,Electronics,11,0,9.6,0,0.215,1,1,0.2047619047619047,1
ORD500426,CUST101638,560020,2025-01-10 19:30:01,724.11,20.2,Grocery,13,0,3.6,0,0.2169576059850374,1,1,0.2066262914143213,0
ORD502183,CUST101844,560104,2025-01-10 20:19:10,705.01,42.0,Electronics,4,1,3.0,0,0.2164179104477611,1,5,0.2131343283582089,0
ORD506294,CUST101122,560110,2025-01-10 21:47:58,825.27,18.1,Beauty,2,1,17.0,1,0.1799007444168734,0,3,0.1877225159132592,0
ORD506025,CUST100060,560113,2025-01-10 23:08:06,803.27,25.0,Beauty,19,0,9.1,0,0.2153465346534653,1,2,0.1957695769576957,0
ORD502171,CUST100040,560099,2025-01-10 23:24:07,581.9,20.1,Fashion,2,1,12.0,0,0.2148148148148148,1,3,0.1867954911433172,0
ORD503210,CUST101893,560086,2025-01-11 00:36:11,1252.16,11.6,Fashion,17,0,7.1,1,0.1785714285714285,0,3,0.2298136645962732,1
ORD500189,CUST101834,560096,2025-01-11 00:44:54,504.76,3.8,Electronics,21,0,8.4,1,0.1801801801801802,0,1,0.2059202059202059,0
ORD502764,CUST101125,560119,2025-01-11 00:52:46,1464.71,3.6,Electronics,15,0,6.5,1,0.34640522875817,0,6,0.2043740573152338,0
ORD502690,CUST100360,560004,2025-01-11 01:33:06,954.02,29.2,Electronics,23,1,3.9,1,0.3459657701711491,0,7,0.1964140179299103,1
ORD504343,CUST101092,560082,2025-01-11 02:09:00,688.76,22.1,Electronics,16,0,7.1,0,0.2170731707317073,1,4,0.2225609756097561,0
ORD505652,CUST101666,560025,2025-01-11 02:12:23,441.59,8.8,Fashion,9,0,6.9,1,0.1804541768045418,0,3,0.1883000105786523,0
ORD505045,CUST100424,560060,2025-01-11 03:28:09,240.94,18.3,Beauty,19,0,18.2,0,0.2160194174757281,1,1,0.2057327785483125,0
ORD503494,CUST101580,560003,2025-01-11 03:43:01,628.49,23.2,Other,11,0,3.9,0,0.2154963680387409,1,2,0.1959057891261281,0
ORD507403,CUST100988,560049,2025-01-11 04:48:31,443.18,0.3,Fashion,12,0,1.6,2,0.2964113181504486,0,4,0.17914653784219,0
ORD507174,CUST100508,560015,2025-01-11 06:20:58,552.18,17.9,Fashion,0,1,17.0,0,0.2144578313253012,1,2,0.1949616648411829,1
ORD505994,CUST101268,560100,2025-01-11 06:32:51,653.91,7.8,Electronics,19,0,21.3,2,0.154532967032967,0,5,0.2530769230769231,1
ORD500598,CUST100485,560051,2025-01-11 07:12:53,891.64,29.3,Electronics,13,0,14.5,0,0.2182254196642686,1,3,0.1897612344906683,0
ORD507223,CUST101858,560084,2025-01-11 07:38:58,585.56,1.6,Fashion,16,0,8.5,2,0.2983595352016404,0,3,0.2327855211150405,0
ORD501098,CUST101048,560044,2025-01-11 07:52:17,1225.55,11.3,Home,4,1,23.9,0,0.2171837708830549,1,2,0.1974397917118681,0
ORD500447,CUST100777,560018,2025-01-11 08:21:17,854.55,6.1,Fashion,13,0,10.3,0,0.2166666666666667,1,4,0.2222222222222222,0
ORD500120,CUST101323,560026,2025-01-11 09:50:53,174.2,10.8,Beauty,5,0,15.7,0,0.2161520190023753,1,1,0.2058590657165479,1
ORD502743,CUST100324,560001,2025-01-11 10:49:32,1933.37,8.2,Beauty,1,1,12.8,1,0.1816745655608214,0,2,0.2890995260663507,1
ORD500385,CUST100151,560104,2025-01-11 11:13:09,855.08,8.7,Fashion,0,1,3.0,1,0.3498817966903074,0,6,0.2075831969448991,0
ORD507226,CUST100872,560069,2025-01-11 11:24:30,533.47,8.6,Beauty,7,0,14.4,3,0.5120872641509434,0,4,0.1827830188679245,0
ORD507378,CUST100541,560109,2025-01-11 12:22:49,522.48,31.0,Fashion,6,0,11.8,3,0.2617647058823529,0,1,0.2084033613445378,0
ORD507234,CUST100520,560092,2025-01-11 12:53:23,683.76,18.6,Fashion,5,0,1.3,0,0.2183098591549295,1,6,0.2063921993499458,0
ORD502965,CUST101047,560004,2025-01-11 14:09:38,1459.83,9.2,Home,6,0,13.2,0,0.2177985948477751,1,8,0.2269989963198393,0
ORD503322,CUST100307,560008,2025-01-11 15:55:03,882.02,12.6,Home,0,1,2.5,1,0.1810747663551402,0,1,0.2069425901201602,0
ORD500760,CUST101062,560031,2025-01-11 16:15:45,1521.07,14.3,Beauty,12,0,14.7,2,0.2977022977022976,0,3,0.2754636667680145,1
ORD502144,CUST100620,560086,2025-01-11 16:16:02,383.68,8.7,Beauty,20,0,8.7,0,0.2186046511627907,1,4,0.2655038759689923,0
ORD504332,CUST100037,560077,2025-01-11 16:17:00,721.82,12.1,Fashion,6,0,18.6,2,0.298641034139874,0,3,0.2766064763441945,1
ORD501207,CUST101239,560062,2025-01-11 17:33:01,513.9,10.5,Grocery,12,0,12.5,2,0.1570767195767195,0,1,0.2570546737213404,0
ORD502296,CUST100006,560105,2025-01-11 17:49:28,925.12,25.5,Home,22,1,5.3,0,0.2193995381062355,1,4,0.2244996150885296,1
ORD502598,CUST100231,560104,2025-01-11 18:10:42,363.0,26.4,Fashion,3,1,9.0,1,0.3509984639016897,0,7,0.2008875234681686,0
ORD503780,CUST100182,560086,2025-01-11 18:53:21,1385.65,36.9,Fashion,23,1,15.9,2,0.1576354679802955,0,5,0.256551724137931,0
ORD504649,CUST100424,560058,2025-01-11 19:43:50,916.65,8.8,Fashion,9,0,8.1,1,0.1834862385321101,0,4,0.1834862385321101,0
ORD504100,CUST101055,560019,2025-01-11 19:51:16,1289.48,10.6,Fashion,7,0,5.7,1,0.183066361556064,0,6,0.2843689491286745,0
ORD504367,CUST101267,560000,2025-01-11 20:20:05,1132.53,16.8,Electronics,9,0,12.0,0,0.2191780821917808,1,2,0.199252801992528,0
ORD506617,CUST101998,560040,2025-01-11 20:56:22,471.86,5.6,Fashion,18,0,23.8,1,0.1822323462414578,0,4,0.1822323462414578,0
ORD501228,CUST101430,560107,2025-01-11 21:32:38,546.49,17.8,Grocery,12,0,1.0,0,0.2181818181818181,1,1,0.2077922077922077,0
ORD504069,CUST100007,560096,2025-01-11 21:36:15,344.89,11.4,Fashion,23,1,9.6,1,0.1814058956916099,0,2,0.1978973407544836,0
ORD506981,CUST100713,560002,2025-01-11 21:47:29,709.75,23.9,Fashion,17,0,4.6,0,0.2171945701357466,1,2,0.1974496092143151,0
ORD506742,CUST100794,560107,2025-01-11 23:18:12,2337.07,34.2,Fashion,8,0,15.5,1,0.1805869074492099,0,2,0.1970038990355017,1
ORD503226,CUST101660,560103,2025-01-12 00:21:26,306.07,9.1,Grocery,16,0,11.3,0,0.2184684684684684,1,2,0.244062244062244,0
ORD501870,CUST100607,560118,2025-01-12 00:27:35,1202.01,8.3,Beauty,14,0,20.3,0,0.2179775280898876,1,3,0.1895456765999023,1
ORD501498,CUST101335,560112,2025-01-12 01:14:07,731.16,12.6,Home,8,0,23.4,3,0.1373318385650224,0,3,0.1910703840904659,0
ORD500497,CUST101169,560008,2025-01-12 01:42:13,237.11,34.8,Fashion,23,1,7.2,0,0.2192393736017897,1,2,0.1993085214561724,1
ORD505215,CUST100447,560059,2025-01-12 01:47:47,962.09,2.0,Electronics,13,0,6.4,1,0.3508184523809524,0,2,0.2008928571428571,0
ORD501684,CUST100967,560005,2025-01-12 01:58:25,1092.98,11.3,Home,11,0,6.6,0,0.220489977728285,1,6,0.2465307520986808,0
ORD501380,CUST100139,560072,2025-01-12 02:51:10,703.41,21.1,Electronics,21,0,10.9,1,0.1833333333333333,0,4,0.2666666666666666,0
ORD503007,CUST101740,560019,2025-01-12 02:51:51,637.86,24.1,Fashion,22,1,14.5,0,0.2195121951219512,1,7,0.2737127371273712,0
ORD507762,CUST100713,560000,2025-01-12 04:24:36,275.45,19.9,Other,4,1,10.9,1,0.1825221238938053,0,3,0.1904578684109273,0
ORD502974,CUST101969,560080,2025-01-12 04:44:46,706.76,2.3,Other,19,0,18.9,1,0.1821192052980132,0,5,0.2948344370860927,0
ORD503699,CUST101384,560071,2025-01-12 05:45:17,487.22,11.8,Grocery,1,1,5.8,0,0.2180616740088105,1,3,0.2330971078337483,1
ORD505631,CUST100541,560015,2025-01-12 05:47:47,320.52,31.3,Other,13,0,31.9,4,0.2332112332112332,0,3,0.2345914954610607,0
ORD505986,CUST101608,560009,2025-01-12 06:22:34,533.14,24.4,Electronics,2,1,14.5,1,0.1827485380116958,0,3,0.2341723874904652,0
ORD504562,CUST100247,560025,2025-01-12 07:27:59,808.29,34.3,Fashion,14,0,5.2,0,0.2188183807439824,1,4,0.1823486506199854,0
ORD506441,CUST100053,560019,2025-01-12 07:45:51,1035.24,9.1,Grocery,13,0,17.3,0,0.2183406113537118,1,8,0.2631004366812227,0
ORD500200,CUST100744,560040,2025-01-12 07:48:28,436.52,47.5,Fashion,5,0,22.7,0,0.2178649237472766,1,5,0.1742919389978213,0
ORD502554,CUST101268,560000,2025-01-12 08:15:55,1516.59,6.3,Fashion,18,0,14.6,3,0.2608695652173913,0,4,0.181159420289855,0
ORD501515,CUST100046,560059,2025-01-12 08:59:43,1775.32,9.4,Beauty,11,0,15.5,1,0.3474331164135937,0,3,0.188625860605489,0
ORD504554,CUST101433,560056,2025-01-12 09:18:36,417.99,9.1,Fashion,7,0,10.7,0,0.2164502164502164,1,3,0.1882175795219273,0
ORD502827,CUST101465,560047,2025-01-12 09:55:49,545.57,8.5,Fashion,21,0,28.0,0,0.2159827213822894,1,3,0.2312893229411212,0
ORD504063,CUST101328,560096,2025-01-12 09:59:45,232.84,2.3,Electronics,4,1,2.9,0,0.2155172413793103,1,3,0.1874062968515742,0
ORD500743,CUST101224,560024,2025-01-12 10:03:11,603.46,2.1,Fashion,19,0,5.7,0,0.2150537634408602,1,2,0.1955034213098729,0
ORD500934,CUST100954,560017,2025-01-12 11:54:22,1496.87,5.4,Home,9,0,19.0,0,0.2145922746781115,1,2,0.1950838860710105,0
ORD501199,CUST101998,560112,2025-01-12 13:35:06,486.35,6.7,Electronics,7,0,1.0,2,0.1529519730804527,0,4,0.1784439685938615,0
ORD501426,CUST100139,560049,2025-01-12 15:57:26,162.61,4.8,Fashion,6,0,8.3,2,0.1526251526251526,0,5,0.1709401709401709,0
ORD505098,CUST100264,560062,2025-01-12 16:00:29,615.64,18.7,Beauty,21,0,16.9,0,0.2132196162046908,1,2,0.2392905601860825,0
ORD505860,CUST101667,560086,2025-01-12 16:11:38,835.1,1.6,Grocery,2,1,15.4,0,0.2127659574468085,1,6,0.2405891980360065,0
ORD501152,CUST100972,560006,2025-01-12 17:02:47,957.46,1.4,Fashion,16,0,11.3,0,0.2123142250530785,1,6,0.1633186346562142,0
ORD507330,CUST101851,560114,2025-01-12 17:08:06,680.85,22.0,Electronics,6,0,21.3,0,0.2118644067796609,1,2,0.1926040061633281,0
ORD501262,CUST101036,560099,2025-01-12 17:42:49,393.31,9.9,Home,15,0,5.7,0,0.2114164904862579,1,4,0.1761804087385482,1
ORD500076,CUST100205,560114,2025-01-12 18:09:29,511.46,16.2,Electronics,17,0,15.3,0,0.2130801687763713,1,3,0.1852871032838011,0
ORD502200,CUST101511,560046,2025-01-12 18:11:33,842.43,18.6,Grocery,3,1,30.6,1,0.343859649122807,0,2,0.238755980861244,0
ORD506037,CUST101781,560107,2025-01-12 18:12:40,727.14,2.4,Other,15,0,7.6,0,0.2121848739495798,1,3,0.2279868469126781,0
ORD507660,CUST101795,560116,2025-01-12 18:20:47,438.14,26.5,Grocery,14,0,13.1,0,0.2117400419287211,1,5,0.1693920335429769,0
ORD505096,CUST100048,560016,2025-01-12 18:48:52,1619.52,22.2,Fashion,11,0,13.1,1,0.1760808926080892,0,4,0.2594142259414226,0
ORD505314,CUST101972,560062,2025-01-12 19:33:49,244.78,4.3,Electronics,3,1,1.2,0,0.2108559498956158,1,3,0.2268312607787964,0
ORD501272,CUST101909,560054,2025-01-12 19:38:54,258.48,40.2,Electronics,4,1,1.9,0,0.2104166666666666,1,4,0.2170138888888888,0
ORD506234,CUST101769,560019,2025-01-12 19:39:47,529.78,10.6,Other,11,0,4.4,0,0.20997920997921,1,9,0.2482615241235931,0
ORD503178,CUST100129,560063,2025-01-12 20:37:38,852.65,3.7,Fashion,14,0,7.9,0,0.2095435684647303,1,3,0.1822117986649828,0
ORD505869,CUST100542,560026,2025-01-12 23:16:13,162.75,8.5,Fashion,19,0,8.9,0,0.2091097308488612,1,2,0.235554300771692,0
ORD500709,CUST100514,560006,2025-01-12 23:21:10,1407.86,13.2,Beauty,5,0,9.1,0,0.2086776859504132,1,7,0.1545760636669727,0
ORD501396,CUST101728,560068,2025-01-13 00:28:03,667.4,43.4,Beauty,15,0,23.6,0,0.2082474226804123,1,3,0.1810847153742716,1
ORD505021,CUST100534,560030,2025-01-13 00:58:04,828.02,7.9,Grocery,12,0,20.9,1,0.3415637860082305,0,6,0.1999050332383665,1
ORD507925,CUST101294,560037,2025-01-13 01:06:04,689.31,19.3,Electronics,23,1,10.5,0,0.2114989733059548,1,2,0.2377263393690498,0
ORD500938,CUST100566,560038,2025-01-13 02:25:38,1088.06,7.0,Grocery,1,1,14.7,0,0.2110655737704918,1,3,0.2270135424091233,0
ORD506018,CUST100508,560119,2025-01-13 03:04:32,830.86,10.9,Fashion,23,1,20.9,1,0.3421949556918882,0,7,0.1930621828372339,1
ORD502071,CUST100558,560075,2025-01-13 03:39:14,737.34,38.0,Fashion,5,0,9.2,0,0.2122448979591836,1,3,0.1845607808340727,0
ORD506686,CUST101766,560038,2025-01-13 04:39:37,1104.96,20.8,Electronics,15,0,14.8,0,0.2118126272912423,1,4,0.2181771894093686,0
ORD506358,CUST100606,560047,2025-01-13 05:11:13,902.05,10.1,Fashion,14,0,17.9,0,0.2113821138211382,1,4,0.2178184281842818,0
ORD503335,CUST101126,560109,2025-01-13 06:34:38,609.19,7.3,Beauty,0,1,5.5,0,0.2109533468559838,1,2,0.1917757698690761,0
ORD503066,CUST101177,560065,2025-01-13 07:59:51,662.76,24.9,Electronics,12,0,4.8,0,0.2105263157894736,1,5,0.2484210526315789,0
ORD501286,CUST101270,560113,2025-01-13 08:27:29,486.29,15.5,Grocery,12,0,15.7,0,0.21010101010101,1,3,0.1826965305226174,0
ORD501055,CUST100359,560110,2025-01-13 09:39:43,430.94,7.7,Fashion,13,0,6.3,0,0.2096774193548387,1,4,0.1747311827956989,0
ORD500856,CUST100835,560012,2025-01-13 09:49:36,874.08,8.0,Fashion,11,0,19.7,2,0.2923253808565679,0,1,0.1992909839992334,0
ORD501979,CUST101454,560038,2025-01-13 09:57:34,2097.88,16.6,Home,22,1,13.7,0,0.2088353413654618,1,5,0.2070682730923694,1
ORD506519,CUST100642,560056,2025-01-13 10:03:18,1095.61,29.6,Beauty,10,0,5.6,0,0.2104208416833667,1,4,0.1753507014028056,0
ORD507796,CUST100653,560076,2025-01-13 10:48:46,1201.99,7.0,Fashion,8,0,5.4,0,0.21,1,3,0.1826086956521739,0
ORD505171,CUST100872,560022,2025-01-13 10:59:52,294.72,2.6,Fashion,8,0,2.0,4,0.4497671324018629,0,2,0.190528034839412,1
ORD501898,CUST100009,560093,2025-01-13 11:38:02,907.37,32.3,Fashion,19,0,19.4,0,0.2111553784860557,1,5,0.1689243027888446,1
ORD501276,CUST100767,560007,2025-01-13 11:38:51,453.84,16.4,Other,8,0,1.0,0,0.2127236580516898,1,0,0.2127236580516898,0
ORD505188,CUST101628,560079,2025-01-13 11:55:48,1266.82,1.1,Beauty,2,1,10.9,1,0.3435846560846561,0,7,0.1942974720752498,0
ORD503159,CUST100684,560071,2025-01-13 12:58:10,675.59,7.8,Home,7,0,13.7,2,0.2942008486562942,0,4,0.2599009900990099,0
ORD506177,CUST100872,560007,2025-01-13 13:07:47,403.89,15.9,Beauty,15,0,11.6,5,0.5057312252964427,0,1,0.2013928100884622,1
ORD504329,CUST101608,560011,2025-01-13 13:22:50,457.6,8.7,Grocery,0,1,1.7,2,0.1521555367709214,0,5,0.250414201183432,0
ORD503196,CUST101509,560113,2025-01-13 13:23:34,1130.04,19.4,Electronics,12,0,6.4,1,0.1771653543307086,0,4,0.1771653543307086,0
ORD504417,CUST101586,560062,2025-01-13 14:23:57,658.07,52.1,Fashion,7,0,5.6,0,0.212180746561886,1,4,0.2184839554682383,1
ORD505587,CUST100988,560029,2025-01-13 14:25:04,767.39,36.7,Fashion,23,1,14.0,3,0.258578431372549,0,3,0.185848252344416,0
ORD504045,CUST101616,560012,2025-01-13 14:34:13,880.58,14.0,Grocery,4,1,19.8,0,0.2133072407045009,1,2,0.1939156733677281,0
ORD506796,CUST100297,560072,2025-01-13 14:48:32,633.85,28.1,Home,17,0,10.1,2,0.1520647321428571,0,5,0.2503125,1
ORD502615,CUST101462,560072,2025-01-13 15:35:34,879.78,20.9,Beauty,18,0,1.0,1,0.1786874593892137,0,6,0.2803268855900435,0
ORD501641,CUST100511,560096,2025-01-13 16:29:47,256.02,9.8,Fashion,15,0,17.5,0,0.2140077821011673,1,4,0.1783398184176394,0
ORD503922,CUST101261,560073,2025-01-13 16:39:40,846.91,14.3,Grocery,7,0,13.6,1,0.1779935275080906,0,4,0.2613268608414239,0
ORD502325,CUST101923,560038,2025-01-13 17:06:35,298.2,21.3,Electronics,17,0,3.5,0,0.2131782945736434,1,6,0.2409063804412641,0
ORD506058,CUST101116,560088,2025-01-13 18:08:59,460.85,9.7,Fashion,14,0,10.8,0,0.2127659574468085,1,2,0.2388781431334622,0
ORD500299,CUST100906,560019,2025-01-13 19:09:11,872.32,9.6,Fashion,5,0,14.0,2,0.2945394373965802,0,10,0.2415701415701415,0
ORD500344,CUST100384,560010,2025-01-13 19:18:19,1538.38,27.3,Other,15,0,9.7,0,0.2119460500963391,1,5,0.2095568400770712,0
ORD504839,CUST100087,560110,2025-01-13 21:31:13,594.4,24.0,Fashion,14,0,20.4,0,0.2115384615384615,1,5,0.1692307692307692,1
ORD502849,CUST101553,560049,2025-01-13 22:04:24,1122.87,7.5,Electronics,8,0,27.6,0,0.2130518234165067,1,6,0.1638860180126974,0
ORD501344,CUST100637,560076,2025-01-13 22:11:50,716.9,15.8,Home,7,0,24.2,0,0.2126436781609195,1,4,0.1772030651340995,0
ORD502039,CUST100034,560030,2025-01-13 22:58:05,630.18,4.7,Other,2,1,12.8,0,0.2122370936902485,1,7,0.2312867360668507,1
ORD505163,CUST100620,560113,2025-01-14 00:21:11,512.06,3.3,Home,20,0,18.2,1,0.178117048346056,0,5,0.1709923664122137,0
ORD502931,CUST101408,560103,2025-01-14 00:44:41,963.01,11.1,Fashion,7,0,14.0,0,0.2133333333333333,1,3,0.2289855072463768,0
ORD501983,CUST100194,560088,2025-01-14 00:51:06,1048.26,11.0,Electronics,3,1,16.9,2,0.1520912547528517,0,3,0.2286328318730368,0
ORD502619,CUST100169,560017,2025-01-14 00:55:24,534.39,41.4,Home,2,1,19.3,0,0.2125237191650853,1,3,0.1848032340565959,0
ORD501120,CUST101209,560021,2025-01-14 01:16:14,587.29,18.3,Electronics,22,1,5.1,2,0.1515151515151515,0,3,0.1844532279314888,0
ORD506705,CUST101390,560078,2025-01-14 01:48:46,504.24,21.9,Fashion,22,1,14.6,2,0.2940858763165001,0,2,0.2379274789482728,0
ORD503393,CUST101917,560046,2025-01-14 02:30:56,725.4,17.0,Other,5,0,25.6,0,0.2113207547169811,1,3,0.2272354388843314,0
ORD506836,CUST101164,560031,2025-01-14 03:18:36,601.97,36.1,Other,5,0,1.5,0,0.2109227871939736,1,4,0.3007689893283113,0
ORD504646,CUST100216,560111,2025-01-14 03:51:06,432.01,11.9,Grocery,7,0,2.0,0,0.2105263157894736,1,5,0.2084210526315789,0
ORD507224,CUST100774,560081,2025-01-14 04:04:56,2634.81,32.2,Beauty,1,1,11.6,2,0.150093808630394,0,2,0.1910284837114105,0
ORD506126,CUST101730,560090,2025-01-14 05:19:35,458.73,3.8,Home,23,1,13.0,3,0.1310861423220974,0,2,0.1906707524685053,0
ORD500601,CUST100430,560070,2025-01-14 05:57:53,351.1,27.2,Electronics,7,0,12.4,0,0.2093457943925233,1,2,0.1903143585386576,0
ORD501018,CUST101921,560011,2025-01-14 07:08:17,598.16,23.6,Beauty,7,0,13.1,2,0.1492537313432835,0,6,0.2376578645235361,0
ORD501661,CUST101170,560114,2025-01-14 08:08:14,1383.34,23.6,Electronics,19,0,18.8,0,0.2085661080074488,1,4,0.1738050900062073,0
ORD504219,CUST100624,560072,2025-01-14 08:21:19,1229.59,5.4,Home,3,1,8.7,0,0.20817843866171,1,7,0.2653173619716371,0
ORD501835,CUST100500,560081,2025-01-14 08:22:22,1574.63,6.8,Fashion,1,1,8.6,0,0.2077922077922078,1,3,0.1806888763410502,1
ORD507872,CUST101161,560101,2025-01-14 08:28:48,365.12,8.6,Grocery,8,0,7.4,1,0.1743827160493827,0,4,0.257716049382716,0
ORD503749,CUST101619,560034,2025-01-14 08:55:01,884.41,25.2,Electronics,6,0,11.0,0,0.2088724584103512,1,3,0.1816282247046532,0
ORD502893,CUST101698,560013,2025-01-14 09:47:09,269.89,15.7,Other,5,0,9.0,0,0.2084870848708487,1,3,0.2247713781485641,0
ORD500355,CUST100742,560016,2025-01-14 10:37:51,598.91,31.4,Fashion,8,0,2.4,3,0.1300644567219152,0,5,0.2464825046040515,0
ORD506316,CUST100964,560009,2025-01-14 11:05:06,445.27,17.2,Home,1,1,5.9,0,0.2077205882352941,1,4,0.214767156862745,1
ORD502103,CUST100828,560057,2025-01-14 12:20:40,498.37,10.5,Home,2,1,22.4,0,0.2091743119266055,1,4,0.1743119266055045,0
ORD502691,CUST101942,560027,2025-01-14 13:18:20,511.76,15.4,Home,11,0,22.1,0,0.2087912087912088,1,3,0.2250358337314859,1
ORD501724,CUST100256,560098,2025-01-14 14:29:51,367.48,28.3,Electronics,16,0,2.6,0,0.2102376599634369,1,3,0.2262936173595103,0
ORD503530,CUST101239,560001,2025-01-14 14:49:27,935.9,17.8,Fashion,9,0,8.0,3,0.1311587591240876,0,3,0.3129165344335131,0
ORD506008,CUST100208,560111,2025-01-14 15:02:32,482.39,6.2,Home,0,1,16.9,0,0.209471766848816,1,6,0.1995936668067815,0
ORD507614,CUST101127,560119,2025-01-14 15:06:13,720.97,10.1,Home,23,1,26.3,0,0.209090909090909,1,8,0.2207792207792207,1
ORD500399,CUST101801,560104,2025-01-14 16:18:19,412.93,3.2,Grocery,10,0,21.6,0,0.2105263157894736,1,8,0.1860902255639097,0
ORD500290,CUST100987,560108,2025-01-14 16:23:30,432.76,18.8,Electronics,20,0,18.1,0,0.2101449275362318,1,5,0.2081159420289855,0
ORD501955,CUST100557,560031,2025-01-14 16:55:38,1252.16,16.4,Home,21,0,10.0,2,0.1498320847326272,0,5,0.2878119349005425,0
ORD503918,CUST101989,560019,2025-01-14 16:55:39,294.51,21.7,Fashion,14,0,3.8,1,0.174488567990373,0,11,0.2318621171538372,0
ORD501990,CUST100879,560056,2025-01-14 18:21:53,1137.2,21.2,Home,15,0,9.7,1,0.1741741741741741,0,5,0.1672072072072072,0
ORD505425,CUST100289,560015,2025-01-14 19:01:06,424.15,13.0,Beauty,1,1,6.3,0,0.2086330935251798,1,4,0.2155275779376498,0
ORD502126,CUST101203,560050,2025-01-14 19:04:28,363.99,41.3,Home,23,1,12.6,0,0.2082585278276481,1,3,0.224572632893607,1
ORD506170,CUST100901,560010,2025-01-14 19:14:04,889.06,53.1,Electronics,1,1,4.1,1,0.1747311827956989,0,6,0.1997518610421836,1
ORD501118,CUST100444,560015,2025-01-14 21:10:50,1312.31,14.2,Other,14,0,4.6,0,0.2110912343470483,1,5,0.2088729874776386,0
ORD502001,CUST101417,560040,2025-01-14 21:53:24,996.76,19.4,Other,3,1,1.0,1,0.1755952380952381,0,6,0.1620879120879121,0
ORD502600,CUST101390,560116,2025-01-14 22:54:37,474.18,7.5,Home,22,1,19.8,3,0.2564616755793226,0,6,0.1617989853283971,0
ORD503877,CUST100076,560109,2025-01-14 23:13:48,405.11,38.6,Fashion,5,0,8.0,0,0.2099644128113879,1,3,0.1825777502707721,1
ORD506422,CUST101580,560019,2025-01-14 23:44:10,844.61,35.8,Electronics,1,1,14.8,1,0.1761397276494967,0,12,0.2258547957371225,0
ORD504836,CUST101013,560031,2025-01-15 00:07:22,1130.31,23.2,Other,16,0,4.2,2,0.150709219858156,0,6,0.2776868521549372,0
ORD504884,CUST100575,560022,2025-01-15 00:55:01,225.44,5.3,Electronics,9,0,6.0,0,0.2106194690265486,1,3,0.2266256252404771,0
ORD503768,CUST101534,560000,2025-01-15 01:05:45,392.45,15.6,Electronics,15,0,15.5,0,0.2102473498233215,1,5,0.1681978798586572,0
ORD501103,CUST101701,560016,2025-01-15 01:05:59,652.41,18.6,Home,0,1,16.0,1,0.1748971193415638,0,6,0.238366571699905,0
ORD506683,CUST101246,560097,2025-01-15 01:28:53,755.41,13.2,Fashion,0,1,13.7,1,0.3412558685446009,0,8,0.1853621730382293,0
ORD503368,CUST101523,560034,2025-01-15 01:46:31,732.93,64.1,Fashion,5,0,16.0,0,0.2091388400702987,1,4,0.1742823667252489,1
ORD503911,CUST101267,560103,2025-01-15 02:27:27,628.34,7.0,Electronics,16,0,1.0,1,0.175438596491228,0,4,0.2171052631578947,0
ORD503627,CUST101543,560061,2025-01-15 03:19:50,368.48,21.9,Home,6,0,11.8,3,0.2563485113835376,0,1,0.2001501125844383,0
ORD500928,CUST101390,560067,2025-01-15 03:31:13,1135.57,1.7,Grocery,16,0,14.7,4,0.2276612276612276,0,4,0.2998251748251748,0
ORD505182,CUST100001,560010,2025-01-15 04:17:27,644.75,11.0,Electronics,9,0,23.2,0,0.2094240837696335,1,7,0.2292030250145433,0
ORD502637,CUST101802,560107,2025-01-15 05:15:40,996.49,29.3,Electronics,0,1,16.2,0,0.2090592334494773,1,4,0.2158826945412311,0
ORD500693,CUST100057,560100,2025-01-15 07:25:47,869.95,24.7,Home,4,1,19.8,3,0.1304347826086956,0,6,0.2759197324414715,1
ORD500984,CUST101172,560119,2025-01-15 07:53:30,297.94,5.6,Beauty,1,1,15.2,0,0.2100694444444444,1,9,0.248323754789272,0
ORD505748,CUST101211,560036,2025-01-15 08:12:49,1494.52,39.1,Home,6,0,11.4,0,0.2097053726169844,1,3,0.2258307587973777,0
ORD502073,CUST101287,560001,2025-01-15 08:17:32,576.96,15.0,Fashion,15,0,4.6,0,0.2093425605536332,1,4,0.2994521337946943,0
ORD507208,CUST100677,560099,2025-01-15 08:56:27,761.46,5.3,Fashion,14,0,15.5,0,0.2089810017271157,1,5,0.2071848013816926,0
ORD503403,CUST100359,560002,2025-01-15 11:05:32,256.08,26.4,Fashion,15,0,4.4,1,0.1738505747126436,0,3,0.1814092953523238,1
ORD504014,CUST100717,560043,2025-01-15 12:13:08,684.3,4.7,Beauty,9,0,18.0,0,0.2099827882960413,1,3,0.1825937289530794,0
ORD503452,CUST100114,560052,2025-01-15 12:29:14,381.41,19.2,Fashion,0,1,1.0,0,0.2096219931271477,1,4,0.1746849942726231,0
ORD502673,CUST100461,560018,2025-01-15 12:43:42,525.67,25.3,Beauty,15,0,16.2,0,0.20926243567753,1,5,0.207409948542024,0
ORD501387,CUST101620,560108,2025-01-15 13:51:33,1225.28,36.3,Fashion,12,0,6.6,3,0.1305650684931507,0,6,0.1991570073761854,1
ORD505565,CUST100834,560106,2025-01-15 14:12:49,543.75,24.3,Fashion,20,0,25.3,1,0.1752136752136752,0,6,0.2001972386587771,1
ORD505686,CUST101408,560016,2025-01-15 14:46:00,1145.54,11.1,Grocery,23,1,20.7,1,0.1763367463026166,0,7,0.2308178485652888,1
ORD501551,CUST100674,560102,2025-01-15 14:49:13,934.95,4.6,Beauty,11,0,14.3,0,0.2129471890971039,1,7,0.3058868067385955,1
ORD506111,CUST100809,560119,2025-01-15 15:21:31,260.53,16.5,Grocery,12,0,18.3,0,0.2142857142857142,1,10,0.2428571428571428,0
ORD505034,CUST101324,560018,2025-01-15 15:48:47,443.51,34.7,Fashion,8,0,8.6,0,0.2139219015280135,1,6,0.2030168473292412,0
ORD502386,CUST101869,560029,2025-01-15 16:13:33,1252.05,42.0,Electronics,2,1,13.0,1,0.1779661016949152,0,4,0.1779661016949152,0
ORD505613,CUST100983,560023,2025-01-15 17:27:01,301.58,32.5,Home,9,0,1.9,0,0.2131979695431472,1,2,0.1938163359483156,0
ORD506723,CUST100503,560013,2025-01-15 18:55:16,1350.57,6.1,Electronics,8,0,12.1,0,0.2128378378378378,1,4,0.2190315315315315,0
ORD505289,CUST101998,560030,2025-01-15 19:19:00,797.8,18.5,Electronics,16,0,8.9,3,0.1327993254637436,0,8,0.258913514815707,0
ORD500915,CUST101123,560057,2025-01-15 21:37:36,338.38,17.3,Beauty,18,0,4.8,0,0.2121212121212121,1,5,0.1696969696969696,0
ORD500178,CUST100868,560101,2025-01-15 21:39:24,327.48,38.3,Fashion,13,0,18.7,0,0.2117647058823529,1,5,0.2494117647058823,0
ORD507772,CUST101139,560111,2025-01-15 21:47:07,289.09,18.6,Home,18,0,1.0,1,0.1761744966442953,0,7,0.1936365896097439,0
ORD507664,CUST100206,560031,2025-01-15 21:55:57,556.85,33.8,Fashion,13,0,16.6,2,0.1507537688442211,0,7,0.2674483528754885,0
ORD501221,CUST100410,560097,2025-01-15 21:56:30,780.41,42.8,Home,21,0,25.6,1,0.3422519509476031,0,9,0.1797947180256025,1
ORD501640,CUST101550,560040,2025-01-15 22:42:31,679.71,25.2,Beauty,0,1,10.9,0,0.2120200333889816,1,7,0.1570518765844308,0
ORD504553,CUST100187,560106,2025-01-15 22:45:23,1399.84,40.8,Electronics,21,0,15.8,0,0.2116666666666666,1,7,0.2308641975308642,0
ORD500502,CUST101579,560105,2025-01-16 00:10:33,2893.69,6.8,Beauty,8,0,16.1,1,0.1760953965612867,0,5,0.2490515806988352,1
ORD507171,CUST101850,560008,2025-01-16 00:13:41,373.25,2.6,Electronics,0,1,7.5,1,0.17718715393134,0,3,0.2283692041022678,0
ORD505975,CUST101089,560001,2025-01-16 00:19:49,515.78,16.3,Electronics,2,1,12.0,1,0.3435599778883361,0,5,0.2898175787728027,1
ORD503127,CUST100251,560084,2025-01-16 01:40:47,1816.13,5.4,Fashion,20,0,17.6,0,0.2135761589403973,1,4,0.2196467991169978,1
ORD507858,CUST100367,560025,2025-01-16 02:11:39,150.0,5.5,Fashion,19,0,6.7,0,0.2148760330578512,1,5,0.171900826446281,0
ORD507908,CUST100667,560020,2025-01-16 03:07:32,499.5,22.3,Fashion,22,1,9.9,0,0.2145214521452145,1,2,0.195019501950195,0
ORD507838,CUST101263,560055,2025-01-16 03:10:19,273.43,29.0,Grocery,0,1,12.2,0,0.2141680395387149,1,2,0.1946982177624681,0
ORD505643,CUST100654,560074,2025-01-16 03:30:58,242.69,5.9,Grocery,15,0,19.6,0,0.2138157894736842,1,4,0.1781798245614035,0
ORD504692,CUST101575,560036,2025-01-16 03:32:29,1074.87,30.1,Home,10,0,12.8,0,0.2134646962233169,1,4,0.2195539135194307,0
ORD506967,CUST100798,560075,2025-01-16 03:47:03,329.73,10.5,Home,0,1,16.9,1,0.1775956284153005,0,4,0.1775956284153005,0
ORD504310,CUST101280,560117,2025-01-16 04:55:10,1520.12,6.5,Fashion,15,0,18.1,0,0.2127659574468085,1,4,0.2189716312056737,0
ORD500293,CUST100520,560041,2025-01-16 05:57:08,373.05,31.9,Fashion,17,0,26.9,1,0.1770152505446623,0,1,0.202303143479614,0
ORD502930,CUST101227,560001,2025-01-16 06:05:14,1976.53,26.6,Fashion,22,1,22.5,2,0.1514798415287811,0,6,0.3169782908771489,0
ORD502753,CUST101543,560082,2025-01-16 06:30:19,318.47,4.4,Electronics,4,1,15.3,4,0.2287368802026782,0,5,0.2093811074918566,0
ORD502797,CUST100906,560000,2025-01-16 06:37:10,312.56,25.7,Electronics,11,0,1.4,3,0.2571138211382113,0,6,0.1626016260162601,0
ORD506573,CUST100395,560076,2025-01-16 07:16:31,381.74,11.7,Grocery,8,0,23.1,1,0.1758658008658008,0,5,0.1688311688311688,0
ORD503460,CUST101875,560110,2025-01-16 08:30:03,1180.36,18.9,Electronics,22,1,14.0,3,0.1316855753646677,0,6,0.2005360927565141,1
ORD504372,CUST100408,560012,2025-01-16 08:57:08,1194.85,10.3,Fashion,8,0,17.5,0,0.2119741100323625,1,3,0.1843253130716195,0
ORD505401,CUST101886,560030,2025-01-16 10:02:15,685.02,23.5,Other,1,1,13.7,0,0.2116316639741518,1,9,0.2494011475683806,0
ORD501766,CUST101143,560079,2025-01-16 10:44:58,619.46,30.3,Home,3,1,12.0,0,0.2112903225806452,1,8,0.1866359447004608,0
ORD504592,CUST101663,560107,2025-01-16 14:34:12,765.73,10.2,Fashion,1,1,16.5,0,0.2109500805152979,1,5,0.2087600644122383,1
ORD503707,CUST100671,560043,2025-01-16 15:17:01,468.77,22.7,Electronics,14,0,21.6,0,0.2122186495176849,1,4,0.1768488745980707,0
ORD506342,CUST101586,560107,2025-01-16 15:56:31,1301.94,28.9,Electronics,12,0,24.0,1,0.3432316746923489,0,6,0.2399061612544759,1
ORD502141,CUST100607,560014,2025-01-16 17:20:35,600.75,9.8,Fashion,16,0,21.0,1,0.344284188034188,0,9,0.2504420866489832,0
ORD504027,CUST101593,560117,2025-01-16 17:26:54,1037.98,8.2,Beauty,23,1,17.0,0,0.2128,1,5,0.21024,0
ORD502778,CUST100674,560017,2025-01-16 19:59:55,487.25,1.6,Fashion,15,0,19.0,1,0.343716719914803,0,4,0.1770500532481363,0
ORD502259,CUST100699,560025,2025-01-16 21:07:28,419.7,6.5,Fashion,17,0,11.5,0,0.2121212121212121,1,6,0.1631701631701631,0
ORD503795,CUST100545,560083,2025-01-16 21:08:10,575.16,16.0,Fashion,9,0,5.5,1,0.3431528662420382,0,3,0.1841595126003877,0
ORD504593,CUST101335,560077,2025-01-16 21:35:59,535.39,9.5,Grocery,16,0,26.7,4,0.1174704115880586,0,4,0.301205617382088,0
ORD500179,CUST101209,560048,2025-01-16 22:22:12,256.96,3.5,Home,0,1,11.3,3,0.1319444444444444,0,9,0.2835249042145593,0
ORD503356,CUST100054,560015,2025-01-16 22:28:31,567.86,27.7,Grocery,5,0,16.2,0,0.2107765451664025,1,6,0.2005973424356942,0
ORD506071,CUST100713,560025,2025-01-16 22:53:48,376.22,32.4,Electronics,11,0,13.2,2,0.1503164556962025,0,7,0.1558837318330989,0
ORD503636,CUST100339,560047,2025-01-16 23:19:42,500.5,13.0,Beauty,14,0,4.3,0,0.2101105845181675,1,5,0.2080884676145339,0
ORD507857,CUST100139,560063,2025-01-16 23:26:44,539.37,19.8,Fashion,15,0,1.0,3,0.1311119873817034,0,4,0.1748159831756046,0
ORD501164,CUST100906,560082,2025-01-16 23:35:29,251.36,15.7,Electronics,4,1,12.5,4,0.2274715660542432,0,6,0.1995760145366444,0
ORD505091,CUST100227,560013,2025-01-16 23:48:31,597.75,15.8,Fashion,14,0,21.3,0,0.2091194968553459,1,5,0.2072955974842767,0
ORD505132,CUST100458,560072,2025-01-17 00:20:23,1156.06,13.0,Grocery,17,0,14.7,0,0.2087912087912088,1,8,0.2562794348508634,0
ORD502184,CUST100364,560088,2025-01-17 00:38:51,868.77,27.4,Electronics,14,0,15.1,0,0.2084639498432602,1,4,0.2153866248693835,0
ORD500691,CUST101762,560027,2025-01-17 01:30:00,650.49,33.9,Home,18,0,5.6,0,0.2081377151799687,1,4,0.2567814293166406,1
ORD501650,CUST101484,560028,2025-01-17 01:33:32,182.3,36.1,Electronics,4,1,11.1,0,0.209375,1,3,0.1820652173913043,0
ORD504852,CUST101062,560113,2025-01-17 01:51:04,918.61,16.7,Fashion,20,0,24.4,3,0.3806552262090483,0,6,0.1608064322572902,0
ORD507308,CUST100194,560031,2025-01-17 03:03:22,186.66,18.4,Fashion,2,1,17.1,3,0.1304517133956386,0,8,0.2562305295950156,0
ORD504432,CUST100789,560110,2025-01-17 03:17:29,918.57,30.9,Fashion,20,0,13.5,0,0.208398133748056,1,7,0.228443062035597,0
ORD507910,CUST100292,560053,2025-01-17 03:37:18,573.44,27.6,Beauty,3,1,9.5,0,0.2080745341614907,1,7,0.2652403956751782,0
ORD506224,CUST100602,560103,2025-01-17 04:05:02,435.55,36.3,Fashion,9,0,9.9,1,0.1731266149870801,0,5,0.2062015503875969,1
ORD507284,CUST100397,560071,2025-01-17 05:17:15,378.72,8.8,Fashion,18,0,4.8,0,0.2089783281733746,1,5,0.2471826625386997,0
ORD504336,CUST101137,560021,2025-01-17 05:17:47,203.06,4.2,Home,12,0,16.0,0,0.2086553323029366,1,4,0.1738794435857805,0
ORD503185,CUST101995,560010,2025-01-17 05:38:38,424.12,21.1,Fashion,12,0,1.6,1,0.1736111111111111,0,8,0.2202380952380952,1
ORD505462,CUST100493,560000,2025-01-17 05:45:43,424.16,6.4,Electronics,18,0,10.2,0,0.209553158705701,1,7,0.155224562004223,1
ORD503228,CUST100852,560037,2025-01-17 05:52:54,1315.43,7.5,Grocery,5,0,14.1,0,0.2107692307692307,1,3,0.2267558528428093,0
ORD504060,CUST101628,560024,2025-01-17 06:02:37,647.27,17.8,Beauty,10,0,25.5,2,0.2931753346499889,0,3,0.1829960595738996,1
ORD502019,CUST100569,560044,2025-01-17 06:03:13,730.8,22.4,Fashion,9,0,33.5,1,0.3430470347648262,0,3,0.1840490797546012,0
ORD506776,CUST101201,560008,2025-01-17 06:09:54,1209.9,25.3,Fashion,18,0,9.3,0,0.2113323124042879,1,4,0.2177769270035732,1
ORD505575,CUST101930,560078,2025-01-17 06:42:18,514.19,11.3,Beauty,11,0,7.4,1,0.1771151885830784,0,3,0.228294109825821,0
ORD505538,CUST100302,560086,2025-01-17 07:19:51,363.43,27.5,Fashion,22,1,5.9,0,0.2122137404580152,1,7,0.2312694373763076,0
ORD507184,CUST101852,560013,2025-01-17 07:36:42,577.47,4.1,Other,2,1,1.1,0,0.211890243902439,1,6,0.2014540337711069,0
ORD505991,CUST101619,560012,2025-01-17 08:28:17,547.54,29.0,Fashion,15,0,6.5,1,0.1763064434297311,0,4,0.1763064434297311,0
ORD501470,CUST100661,560050,2025-01-17 08:30:47,442.62,2.5,Electronics,1,1,10.6,0,0.2112462006079027,1,4,0.2593718338399189,1
ORD505291,CUST100988,560022,2025-01-17 09:40:58,442.54,24.2,Electronics,0,1,7.2,4,0.2291350531107738,0,4,0.2187025796661608,0
ORD507781,CUST100606,560052,2025-01-17 09:44:17,1172.22,31.5,Fashion,7,0,17.2,1,0.1767676767676767,0,5,0.1696969696969696,0
ORD503568,CUST100530,560070,2025-01-17 10:44:30,741.12,3.6,Electronics,4,1,20.2,1,0.343166918809884,0,3,0.1841741761494441,1
ORD502767,CUST101292,560040,2025-01-17 11:59:58,572.59,11.1,Beauty,9,0,19.4,1,0.1774924471299094,0,8,0.152136383254208,0
ORD506631,CUST100541,560029,2025-01-17 12:45:08,273.34,35.7,Home,21,0,4.2,5,0.2063348416289592,0,5,0.1701357466063348,0
ORD501070,CUST100395,560090,2025-01-17 12:53:23,1171.35,27.5,Fashion,20,0,7.0,2,0.1516781411359724,0,3,0.1846516500785751,0
ORD504371,CUST101684,560045,2025-01-17 12:57:40,1494.31,14.2,Fashion,14,0,17.1,1,0.1766917293233082,0,3,0.1843739784243216,0
ORD505700,CUST100969,560043,2025-01-17 13:17:33,2182.12,41.3,Beauty,13,0,2.3,0,0.2117117117117117,1,5,0.1693693693693694,0
ORD501113,CUST100504,560019,2025-01-17 13:35:57,1028.91,24.8,Electronics,3,1,17.8,1,0.1761619190404797,0,13,0.219026850211258,0
ORD504415,CUST100423,560065,2025-01-17 15:00:08,1100.21,3.2,Home,15,0,2.8,0,0.2110778443113772,1,6,0.2392906494702902,0
ORD507844,CUST100455,560081,2025-01-17 15:11:11,443.36,15.2,Beauty,9,0,1.0,1,0.3423019431988042,0,4,0.2173019431988041,0
ORD502628,CUST100797,560027,2025-01-17 15:16:18,633.54,10.9,Other,9,0,7.2,0,0.2104477611940298,1,5,0.2883582089552239,0
ORD503328,CUST101922,560052,2025-01-17 17:46:40,2412.62,24.5,Electronics,2,1,4.3,0,0.210134128166915,1,6,0.1616416370514731,0
ORD505273,CUST100888,560048,2025-01-17 18:01:39,173.99,1.2,Fashion,19,0,7.5,0,0.2098214285714285,1,10,0.2732142857142857,1
ORD506502,CUST100455,560009,2025-01-17 18:26:46,383.53,3.0,Fashion,0,1,24.4,2,0.2935682445340691,0,5,0.2487964338781575,1
ORD505872,CUST100725,560014,2025-01-17 18:28:41,1335.26,8.2,Grocery,13,0,12.3,0,0.2121661721068249,1,10,0.2414441147378832,0
ORD501698,CUST100194,560018,2025-01-17 18:53:46,945.44,15.5,Fashion,14,0,3.9,4,0.1176954732510288,0,7,0.1939643347050754,0
ORD501779,CUST100650,560112,2025-01-17 19:09:46,333.36,24.7,Fashion,0,1,10.6,0,0.2115384615384615,1,5,0.1692307692307692,0
ORD504327,CUST101260,560060,2025-01-17 19:15:39,1485.84,20.7,Home,12,0,6.6,0,0.2112259970457902,1,2,0.1920236336779911,0
ORD503503,CUST100130,560069,2025-01-17 19:40:35,1502.87,25.8,Electronics,2,1,30.3,0,0.2109144542772861,1,5,0.1687315634218289,0
ORD500741,CUST101667,560100,2025-01-17 20:22:17,1087.39,34.0,Electronics,8,0,19.5,1,0.1755031909671085,0,7,0.3041509845633556,0
ORD503287,CUST100727,560087,2025-01-17 20:27:10,827.42,22.2,Electronics,18,0,2.5,0,0.2102941176470588,1,5,0.168235294117647,0
ORD505048,CUST101998,560051,2025-01-17 21:07:31,504.57,5.4,Beauty,20,0,19.5,4,0.1166585087289933,0,4,0.1749877630934899,0
ORD503586,CUST100913,560031,2025-01-17 21:15:25,1021.78,43.3,Beauty,10,0,11.9,0,0.2096774193548387,1,9,0.2480533926585094,0
ORD507278,CUST101833,560009,2025-01-17 21:38:59,331.2,12.8,Fashion,19,0,14.7,1,0.1744753538311371,0,6,0.2764387881518189,0
ORD503107,CUST100236,560075,2025-01-18 00:20:44,674.07,26.0,Other,3,1,8.7,2,0.2921888053467,0,5,0.1672514619883041,0
ORD507884,CUST100034,560094,2025-01-18 01:27:18,743.82,4.9,Beauty,2,1,6.9,1,0.340632603406326,0,3,0.1815296731196445,1
ORD502757,CUST100872,560044,2025-01-18 01:34:50,1305.83,32.9,Grocery,12,0,11.6,6,0.5499602438377948,0,4,0.1749271137026239,0
ORD505197,CUST100001,560061,2025-01-18 02:03:59,947.0,31.5,Fashion,9,0,28.0,1,0.1746724890829694,0,2,0.1905518062723303,0
ORD503399,CUST101958,560091,2025-01-18 02:39:41,780.56,2.2,Fashion,3,1,15.5,0,0.2093023255813953,1,2,0.1902748414376321,0
ORD503344,CUST100674,560111,2025-01-18 04:33:46,651.48,15.6,Grocery,23,1,5.6,2,0.2921418204437072,0,8,0.1849989633008501,0
ORD501397,CUST101045,560077,2025-01-18 05:14:40,628.52,38.4,Beauty,1,1,11.8,0,0.208695652173913,1,5,0.2869565217391304,1
ORD504851,CUST101586,560010,2025-01-18 05:47:17,790.51,16.9,Electronics,9,0,16.4,2,0.4356005788712011,0,9,0.2481660761515045,0
ORD504277,CUST101775,560107,2025-01-18 05:58:15,395.67,32.5,Grocery,6,0,11.7,0,0.2095375722543352,1,7,0.2663241275958039,0
ORD501478,CUST100872,560031,2025-01-18 06:32:43,686.46,16.2,Fashion,2,1,14.1,7,0.5038480038480039,0,10,0.2394901394901395,0
ORD500067,CUST101161,560051,2025-01-18 07:07:50,414.26,5.1,Electronics,2,1,3.0,2,0.1492383696994648,0,5,0.1671469740634005,0
ORD504363,CUST100766,560049,2025-01-18 07:09:51,462.36,1.4,Grocery,17,0,2.1,1,0.1738609112709832,0,7,0.1545430322408739,0
ORD504925,CUST101250,560013,2025-01-18 07:18:28,392.5,20.9,Electronics,7,0,14.1,0,0.2083333333333333,1,7,0.191358024691358,0
ORD500444,CUST101211,560061,2025-01-18 08:18:42,428.56,1.2,Fashion,2,1,1.0,1,0.1733620277379244,0,3,0.1808995072047907,0
ORD503930,CUST100231,560115,2025-01-18 09:09:20,1096.84,1.1,Fashion,18,0,12.8,2,0.2912402783462955,0,3,0.224118599725925,0
ORD502981,CUST100181,560035,2025-01-18 09:57:02,1213.73,43.4,Fashion,14,0,9.4,0,0.2074391988555079,1,4,0.2145326657129232,1
ORD504359,CUST101196,560004,2025-01-18 10:00:00,517.85,12.6,Fashion,4,1,15.6,1,0.3404761904761904,0,9,0.212807881773399,0
ORD504216,CUST101435,560074,2025-01-18 10:03:34,486.07,0.4,Electronics,1,1,7.4,1,0.1735615786970994,0,5,0.1666191155492154,0
ORD502330,CUST100114,560041,2025-01-18 10:16:16,300.75,8.5,Home,1,1,13.2,1,0.1733143399810066,0,2,0.189070189070189,0
ORD507093,CUST100302,560043,2025-01-18 12:13:29,576.42,20.8,Electronics,17,0,21.3,1,0.173067804646752,0,6,0.1597548965970018,0
ORD507657,CUST101657,560051,2025-01-18 12:16:19,579.93,5.3,Electronics,17,0,16.3,2,0.2909902597402597,0,6,0.159527972027972,0
ORD507116,CUST101480,560090,2025-01-18 12:20:14,282.4,8.1,Fashion,3,1,14.9,2,0.1479229989868287,0,4,0.1725768321513002,0
ORD505243,CUST100410,560008,2025-01-18 13:25:15,504.74,38.1,Fashion,15,0,14.3,2,0.4334277620396601,0,5,0.2454390934844192,0
ORD503943,CUST101563,560079,2025-01-18 15:07:16,638.29,7.7,Beauty,13,0,25.4,1,0.172088637435172,0,9,0.1769009413256596,0
ORD503675,CUST101530,560003,2025-01-18 16:14:04,256.91,19.8,Home,4,1,1.0,0,0.2062146892655367,1,3,0.1793171211004667,1
ORD505156,CUST101542,560029,2025-01-18 17:16:38,234.55,23.9,Beauty,15,0,12.6,0,0.2073342736248236,1,6,0.1594879027883259,0
ORD506089,CUST100028,560063,2025-01-18 17:22:12,557.64,1.0,Home,4,1,21.6,0,0.2070422535211267,1,5,0.1656338028169014,0
ORD506355,CUST100194,560006,2025-01-18 17:40:19,564.68,19.0,Beauty,2,1,8.6,5,0.1033755274261603,0,8,0.1476793248945147,0
ORD504033,CUST101405,560072,2025-01-18 19:25:19,669.6,0.8,Fashion,1,1,12.3,3,0.2540379213483146,0,9,0.2458349476946919,0
ORD500658,CUST101657,560100,2025-01-18 20:15:36,328.33,7.6,Electronics,2,1,24.6,3,0.2538569424964937,0,8,0.2901222199959928,0
ORD507177,CUST100835,560103,2025-01-18 20:49:11,496.09,17.1,Home,2,1,12.6,3,0.2536764705882353,0,6,0.2352941176470588,0
ORD503784,CUST100384,560063,2025-01-18 20:55:01,1083.91,16.6,Beauty,22,1,13.7,1,0.1713286713286713,0,6,0.1581495427649273,0
ORD501792,CUST100364,560047,2025-01-18 21:07:28,735.39,28.6,Beauty,17,0,16.4,1,0.1710893854748603,0,6,0.1963902019767941,0
ORD503140,CUST101551,560078,2025-01-18 21:26:41,241.44,23.0,Other,4,1,14.7,1,0.1708507670850767,0,4,0.2125174337517433,0
ORD501702,CUST101663,560069,2025-01-18 21:43:20,1272.29,30.2,Fashion,3,1,12.8,1,0.3372794800371402,0,6,0.157488750803514,0
ORD503339,CUST100703,560084,2025-01-18 21:45:38,488.93,29.3,Home,14,0,25.2,0,0.2044506258692628,1,5,0.2435605006954102,1
ORD505227,CUST101588,560070,2025-01-18 22:03:40,632.62,30.5,Beauty,8,0,1.0,0,0.2055555555555555,1,4,0.2129629629629629,0
ORD507411,CUST101717,560101,2025-01-18 22:56:24,746.33,9.0,Home,18,0,6.7,1,0.1710587147480351,0,6,0.2348234289981862,0
ORD504123,CUST101355,560038,2025-01-18 23:17:45,525.15,18.0,Fashion,18,0,16.4,0,0.2049861495844875,1,7,0.2259156663588796,1
ORD507916,CUST101753,560093,2025-01-18 23:26:30,216.99,26.3,Home,9,0,20.3,0,0.2060857538035961,1,6,0.1969890413873816,0
ORD503234,CUST100044,560106,2025-01-18 23:28:47,1767.86,25.9,Electronics,20,0,20.2,0,0.2058011049723757,1,8,0.218429360694554,0
ORD507988,CUST101396,560030,2025-01-19 02:27:33,498.53,31.0,Fashion,21,0,1.0,0,0.2055172413793103,1,10,0.2370114942528735,0
ORD503909,CUST101657,560035,2025-01-19 02:42:18,843.33,31.6,Fashion,1,1,9.5,4,0.2251300887664524,0,5,0.2441873278236914,0
ORD504958,CUST101962,560048,2025-01-19 03:13:20,1697.11,30.3,Grocery,14,0,27.3,0,0.2049518569463548,1,11,0.2935173270621644,1
ORD500739,CUST101701,560063,2025-01-19 03:20:12,1038.42,14.0,Fashion,5,0,14.7,2,0.1471742543171114,0,7,0.1526251526251526,0
ORD505084,CUST101034,560082,2025-01-19 03:34:04,902.7,7.0,Electronics,18,0,13.7,1,0.1714677640603566,0,7,0.1894528273129096,0
ORD500522,CUST101121,560048,2025-01-19 04:37:18,298.93,3.8,Fashion,14,0,2.0,0,0.2054794520547945,1,12,0.3159246575342466,0
ORD503453,CUST101579,560008,2025-01-19 08:06:22,932.04,24.6,Beauty,8,0,18.0,2,0.2894273988665233,0,6,0.234767968010102,1
ORD504193,CUST100398,560009,2025-01-19 08:22:21,1523.29,11.6,Grocery,4,1,37.8,1,0.171903460837887,0,7,0.2639141874114551,0
ORD500646,CUST100667,560002,2025-01-19 10:14:26,466.77,17.0,Electronics,5,0,10.9,1,0.171668940427467,0,4,0.2133356070941337,0
ORD506128,CUST100772,560012,2025-01-19 12:30:18,911.44,5.5,Electronics,5,0,13.1,1,0.1714350590372388,0,5,0.1645776566757493,0
ORD505656,CUST100140,560008,2025-01-19 13:26:09,470.85,22.7,Other,14,0,23.8,0,0.2054421768707483,1,7,0.2632905013857395,0
ORD503133,CUST100861,560085,2025-01-19 13:44:13,1475.19,7.0,Grocery,1,1,13.6,1,0.3376358695652173,0,4,0.2126358695652173,0
ORD500377,CUST100988,560111,2025-01-19 14:04:09,1496.65,15.7,Other,23,1,13.7,5,0.2024423337856173,0,9,0.1757825293594722,0
ORD501012,CUST101701,560026,2025-01-19 15:16:23,440.33,20.9,Fashion,13,0,14.5,3,0.1278794037940379,0,3,0.221397431365618,0
ORD504524,CUST100973,560044,2025-01-19 17:18:14,1239.8,12.0,Fashion,8,0,9.9,0,0.2043301759133964,1,5,0.1634641407307171,0
ORD507400,CUST100963,560025,2025-01-19 17:23:45,432.39,23.6,Home,16,0,4.8,0,0.204054054054054,1,8,0.1457528957528957,0
ORD507958,CUST100542,560016,2025-01-19 17:40:37,384.94,10.7,Fashion,5,0,8.4,1,0.1698155645524066,0,8,0.2526990553306342,1
ORD501596,CUST100177,560041,2025-01-19 17:55:15,792.29,28.1,Fashion,19,0,14.2,1,0.1707097933513027,0,3,0.1781319582796202,0
ORD507820,CUST100611,560032,2025-01-19 18:55:11,492.31,13.1,Other,2,1,23.1,0,0.2045760430686406,1,4,0.2121467025572005,1
ORD505927,CUST100231,560091,2025-01-19 19:55:36,925.11,13.2,Electronics,7,0,5.6,3,0.2535282258064516,0,3,0.1788218793828892,1
ORD504970,CUST100592,560032,2025-01-19 20:13:03,746.86,7.9,Beauty,23,1,6.1,0,0.2067114093959731,1,5,0.2453691275167785,1
ORD501867,CUST101495,560037,2025-01-19 20:36:50,1163.26,6.8,Other,13,0,15.9,1,0.1731456657730116,0,4,0.2148123324396782,0
ORD500918,CUST100667,560119,2025-01-19 21:48:44,473.28,25.4,Electronics,12,0,1.2,2,0.148211895199847,0,11,0.2306430021159908,0
ORD504999,CUST101929,560059,2025-01-20 00:02:21,157.09,8.7,Fashion,9,0,5.2,1,0.1726827094474153,0,4,0.1726827094474153,0
ORD505910,CUST101657,560031,2025-01-20 00:04:52,840.15,36.3,Electronics,9,0,2.3,5,0.2034712950600801,0,11,0.2302855420130065,0
ORD502170,CUST100606,560055,2025-01-20 00:13:56,1989.49,25.8,Electronics,9,0,5.7,2,0.1476190476190476,0,3,0.1797101449275362,0
ORD503896,CUST100323,560006,2025-01-20 01:39:32,1065.88,8.7,Electronics,23,1,1.0,0,0.2063914780292942,1,9,0.1423389503650305,0
ORD506480,CUST100162,560104,2025-01-20 01:51:00,410.95,9.4,Electronics,14,0,10.7,0,0.2061170212765957,1,9,0.1766324284666177,0
ORD501998,CUST100607,560094,2025-01-20 01:52:26,563.72,8.1,Other,5,0,8.7,2,0.289888066780497,0,4,0.2132027445772465,1
ORD506340,CUST101633,560027,2025-01-20 02:07:26,1378.23,17.4,Beauty,6,0,23.2,1,0.1724137931034483,0,6,0.2745358090185676,1
ORD505517,CUST100289,560072,2025-01-20 02:53:04,150.0,25.9,Electronics,6,0,12.5,1,0.173289183222958,0,10,0.2386313465783664,0
ORD500050,CUST100053,560000,2025-01-20 03:20:42,862.6,3.0,Electronics,16,0,10.3,1,0.1730599647266314,0,8,0.1840513983371126,0
ORD507147,CUST100962,560112,2025-01-20 03:25:59,1401.46,8.1,Electronics,13,0,13.1,1,0.1728313518273888,0,6,0.1595366324560512,0
ORD500533,CUST100622,560067,2025-01-20 03:54:40,1318.71,6.6,Home,2,1,11.1,0,0.2071240105540897,1,5,0.2856992084432718,0
ORD500546,CUST101710,560017,2025-01-20 04:10:22,488.06,6.9,Fashion,15,0,7.8,0,0.2068511198945981,1,5,0.1654808959156785,0
ORD507596,CUST100515,560001,2025-01-20 06:07:51,402.34,4.0,Fashion,20,0,24.2,2,0.1475563909774436,0,7,0.3011695906432748,1
ORD501679,CUST100001,560075,2025-01-20 06:44:52,468.37,15.9,Fashion,8,0,6.2,2,0.1483011075652337,0,6,0.1597088850702517,0
ORD505406,CUST101429,560011,2025-01-20 06:47:08,749.08,15.3,Fashion,18,0,4.0,2,0.1481064866891638,0,7,0.2276659861961699,0
ORD503507,CUST101201,560069,2025-01-20 08:24:45,782.85,32.4,Electronics,8,0,14.6,1,0.3392311052861512,0,7,0.1533906121062084,0
ORD500481,CUST101523,560014,2025-01-20 11:33:40,277.15,9.4,Electronics,15,0,17.7,1,0.3390052356020942,0,11,0.23019760175646,0
ORD504777,CUST100532,560090,2025-01-20 11:52:18,248.71,16.1,Electronics,20,0,11.8,1,0.1721132897603485,0,5,0.1652287581699346,0
ORD507716,CUST101800,560086,2025-01-20 11:54:32,973.96,23.0,Home,7,0,15.4,0,0.2062663185378589,1,8,0.2187616560984707,0
ORD500842,CUST100988,560016,2025-01-20 12:58:54,254.07,23.6,Grocery,15,0,12.9,6,0.184544269290032,0,9,0.2799982016814279,0
ORD501651,CUST101492,560056,2025-01-20 13:27:34,355.8,19.8,Beauty,4,1,11.6,0,0.2057291666666666,1,6,0.1582532051282051,0
ORD502248,CUST101815,560079,2025-01-20 15:14:49,207.06,4.8,Fashion,15,0,28.9,0,0.2054616384915474,1,10,0.1703077589943649,0
ORD500996,CUST101657,560078,2025-01-20 15:35:33,702.89,8.0,Other,12,0,25.0,6,0.1841794569067296,0,5,0.2041558441558441,0
ORD502646,CUST101278,560017,2025-01-20 15:56:45,885.05,26.4,Home,16,0,10.7,0,0.2049286640726329,1,6,0.1576374339020253,0
ORD500361,CUST100872,560002,2025-01-20 16:25:14,940.06,9.1,Electronics,13,0,22.3,8,0.4633320047827819,0,5,0.2037305699481865,0
ORD506321,CUST100901,560112,2025-01-20 16:52:37,242.6,27.1,Electronics,23,1,5.7,2,0.2888560340048051,0,7,0.1514062574864645,0
ORD500769,CUST100003,560118,2025-01-20 17:08:36,455.23,3.6,Home,2,1,32.0,0,0.2041343669250646,1,4,0.2117786391042204,1
ORD503727,CUST101293,560111,2025-01-20 17:48:28,647.55,11.4,Fashion,16,0,15.5,0,0.2051612903225806,1,10,0.1701075268817204,1
ORD505020,CUST101405,560102,2025-01-20 18:37:34,522.76,13.6,Electronics,19,0,13.6,4,0.2256586483390606,0,8,0.3258468335787923,0
ORD506007,CUST101160,560085,2025-01-20 19:01:22,608.17,15.8,Home,13,0,4.2,1,0.1716001716001716,0,5,0.2047361647361647,0
ORD504932,CUST101628,560050,2025-01-20 19:02:56,427.68,14.5,Other,4,1,19.4,3,0.3785347043701799,0,5,0.2845244215938303,1
ORD503760,CUST100948,560107,2025-01-20 19:07:57,508.67,40.6,Grocery,20,0,18.8,1,0.172229353872486,0,8,0.2547680176049881,1
ORD503148,CUST101983,560076,2025-01-20 20:15:04,499.36,17.6,Grocery,15,0,1.1,0,0.2076923076923077,1,6,0.1597633136094674,0
ORD504760,CUST100693,560111,2025-01-20 21:01:27,385.12,42.0,Fashion,11,0,11.6,0,0.2074263764404609,1,11,0.1983395977035232,0
ORD502102,CUST101125,560070,2025-01-20 21:27:33,234.63,11.8,Fashion,23,1,20.2,2,0.2908293752283522,0,5,0.2057289002557544,0
ORD501485,CUST101431,560094,2025-01-20 21:53:54,428.76,26.0,Grocery,10,0,1.7,1,0.1724137931034483,0,5,0.2455172413793103,0
ORD502300,CUST100194,560090,2025-01-21 00:30:40,175.76,28.1,Beauty,10,0,16.6,6,0.0939239332096475,0,6,0.1589481946624804,0
ORD501084,CUST101553,560077,2025-01-21 00:59:05,623.47,21.3,Fashion,13,0,14.5,1,0.1719745222929936,0,6,0.3125918667319941,0
ORD504229,CUST100693,560081,2025-01-21 01:03:15,1177.1,1.1,Electronics,16,0,18.5,1,0.1717557251908397,0,5,0.2048854961832061,0
ORD506364,CUST101702,560099,2025-01-21 01:13:45,1994.69,3.5,Electronics,7,0,24.9,0,0.2058449809402795,1,6,0.1968038314925227,0
ORD506279,CUST100969,560018,2025-01-21 01:20:19,1036.97,25.0,Electronics,7,0,5.5,1,0.1713197969543147,0,8,0.1825598259608412,0
ORD506385,CUST101975,560047,2025-01-21 01:30:07,920.24,3.1,Home,18,0,1.0,0,0.2053231939163498,1,7,0.1891282917898887,0
ORD500307,CUST101596,560073,2025-01-21 01:41:40,545.51,23.5,Electronics,0,1,29.7,0,0.2050632911392405,1,5,0.2440506329113924,0
ORD507372,CUST101431,560009,2025-01-21 01:42:55,684.0,14.1,Electronics,15,0,2.4,2,0.14628860393715,0,8,0.2534314610800072,0
ORD507860,CUST100301,560116,2025-01-21 02:05:49,2438.2,7.0,Electronics,0,1,25.2,0,0.2045454545454545,1,7,0.1515151515151515,0
ORD500332,CUST101930,560002,2025-01-21 02:58:17,1285.32,13.0,Other,19,0,13.7,2,0.1459196541163754,0,6,0.1956057813560966,0
ORD500595,CUST100834,560078,2025-01-21 03:07:12,712.53,34.3,Beauty,19,0,9.5,2,0.2885930190716084,0,6,0.1954078666925014,0
ORD503829,CUST100296,560112,2025-01-21 03:41:34,1088.06,16.8,Electronics,13,0,12.9,1,0.1698113207547169,0,8,0.1455525606469002,0
ORD501365,CUST101183,560103,2025-01-21 05:34:43,622.36,12.0,Other,5,0,4.4,4,0.335287548855388,0,7,0.2248278429182951,0
ORD502895,CUST100199,560099,2025-01-21 05:40:57,337.9,7.1,Beauty,6,0,13.7,0,0.2032622333751568,1,7,0.187601654351968,0
ORD507465,CUST100204,560010,2025-01-21 05:43:30,641.58,5.3,Home,9,0,4.2,2,0.1450053705692803,0,10,0.2353383458646616,0
ORD506884,CUST101616,560033,2025-01-21 07:07:04,1228.3,22.4,Electronics,17,0,2.5,1,0.1689612015018773,0,1,0.2407175636211931,0
ORD506443,CUST100608,560086,2025-01-21 11:49:15,917.3,32.4,Grocery,18,0,14.7,0,0.2025,1,9,0.2086206896551724,0
ORD503639,CUST101207,560088,2025-01-21 11:51:53,1702.08,30.2,Other,18,0,11.2,1,0.3352059925093633,0,5,0.2017977528089887,1
ORD500594,CUST100834,560100,2025-01-21 12:16:33,654.01,4.1,Home,23,1,13.5,3,0.2520261845386533,0,9,0.2780978588012726,1
ORD501513,CUST100256,560115,2025-01-21 14:06:00,419.02,24.0,Fashion,14,0,26.8,1,0.170195101701951,0,4,0.2118617683686177,1
ORD503492,CUST101836,560060,2025-01-21 14:12:31,967.74,31.2,Home,19,0,5.9,0,0.2052238805970149,1,3,0.1784555483452303,0
ORD507229,CUST101102,560040,2025-01-21 14:23:08,723.62,16.2,Home,9,0,8.0,0,0.2049689440993788,1,9,0.1413578924823302,0
ORD505508,CUST101062,560005,2025-01-21 15:43:45,1023.63,15.4,Home,8,0,9.1,4,0.3359525778880617,0,7,0.2257145482951934,0
ORD501383,CUST101419,560117,2025-01-21 16:58:13,588.9,31.5,Home,5,0,2.6,0,0.2044609665427509,1,6,0.1957392050328853,1
ORD503265,CUST100476,560078,2025-01-21 17:07:10,346.04,11.4,Beauty,13,0,12.5,0,0.2054455445544554,1,7,0.1892189218921892,0
ORD505776,CUST100242,560085,2025-01-21 18:51:13,624.8,11.1,Fashion,15,0,1.0,0,0.2051915945611866,1,6,0.1963012265855282,0
ORD507689,CUST101878,560113,2025-01-21 19:24:42,1050.51,12.8,Fashion,1,1,15.3,0,0.2049382716049383,1,7,0.1518061271147691,0
ORD502938,CUST100975,560021,2025-01-21 20:35:57,1000.44,24.1,Other,18,0,23.0,1,0.1705713111385121,0,5,0.1637484586929716,1
ORD507658,CUST100962,560105,2025-01-21 22:22:44,3160.38,10.1,Grocery,0,1,23.1,2,0.1469035890218156,0,6,0.2735884804850322,0
ORD500110,CUST101587,560035,2025-01-21 22:44:09,432.34,2.2,Electronics,1,1,3.8,1,0.1711767117671176,0,6,0.2349323493234932,0
ORD506381,CUST101551,560061,2025-01-21 22:54:29,353.9,5.4,Other,6,0,18.3,2,0.1465426465426465,0,4,0.1709664209664209,0
ORD507225,CUST101789,560018,2025-01-21 23:42:45,525.8,21.7,Grocery,13,0,27.2,0,0.2049079754601227,1,9,0.1757986037656018,0
ORD505394,CUST100672,560032,2025-01-21 23:53:35,1230.52,2.6,Fashion,1,1,9.0,0,0.204656862745098,1,6,0.2728129713423831,0
ORD502156,CUST101226,560071,2025-01-22 00:18:00,769.73,44.8,Electronics,7,0,7.1,0,0.204406364749082,1,6,0.2341587421146784,1
ORD500319,CUST100515,560107,2025-01-22 00:20:20,495.56,8.5,Other,22,1,1.5,3,0.253361858190709,0,9,0.2795717055897479,0
ORD504617,CUST100790,560053,2025-01-22 00:37:06,344.85,37.9,Fashion,11,0,12.2,0,0.2051282051282051,1,8,0.2536630036630036,1
ORD504007,CUST101620,560118,2025-01-22 00:44:20,1066.04,34.9,Electronics,12,0,3.0,4,0.2256097560975609,0,5,0.2448780487804878,0
ORD500586,CUST100304,560047,2025-01-22 01:24:23,991.05,2.6,Electronics,5,0,5.8,0,0.2058465286236297,1,8,0.1827475204454498,0
ORD506161,CUST100877,560022,2025-01-22 01:44:43,943.03,14.3,Fashion,16,0,9.8,0,0.205596107055961,1,5,0.2044768856447688,0
ORD506819,CUST101763,560001,2025-01-22 02:13:25,633.3,15.9,Beauty,3,1,9.6,0,0.2053462940461725,1,8,0.3252473528901233,0
ORD505196,CUST100609,560116,2025-01-22 02:29:40,437.94,34.5,Electronics,19,0,12.5,0,0.2050970873786407,1,8,0.1464979195561719,0
ORD501477,CUST100138,560083,2025-01-22 03:00:25,427.23,14.8,Electronics,15,0,6.6,0,0.2048484848484848,1,4,0.1707070707070707,0
ORD503436,CUST100451,560102,2025-01-22 03:31:20,336.74,28.0,Beauty,11,0,12.0,0,0.2046004842615011,1,9,0.3135175753527595,0
ORD502846,CUST101048,560047,2025-01-22 04:24:28,215.54,21.4,Fashion,0,1,11.0,1,0.1702942361950826,0,9,0.1754159196097235,0
ORD500368,CUST101587,560052,2025-01-22 04:35:14,775.57,25.7,Electronics,18,0,9.2,2,0.1457902001380262,0,7,0.1511898371801753,0
ORD502002,CUST101754,560035,2025-01-22 05:43:37,336.13,13.5,Electronics,21,0,16.5,1,0.1698833936469642,0,7,0.2250815350935978,0
ORD504794,CUST100194,560098,2025-01-22 06:36:09,1877.95,25.0,Electronics,7,0,13.6,7,0.0848393574297188,0,4,0.2113453815261044,1
ORD507161,CUST100872,560034,2025-01-22 07:21:22,1203.67,16.9,Home,15,0,20.1,9,0.4302045728038507,0,5,0.2036582430806257,1
ORD505476,CUST101403,560066,2025-01-22 07:38:58,1084.35,40.1,Beauty,23,1,21.0,0,0.2055288461538461,1,1,0.2433608058608058,1
ORD501148,CUST101967,560016,2025-01-22 08:36:43,719.54,10.5,Home,15,0,11.5,1,0.1720688275310124,0,10,0.2709883953581433,0
ORD504423,CUST100500,560006,2025-01-22 08:45:58,1008.31,7.6,Home,14,0,20.1,1,0.338529176658673,0,10,0.1374900079936051,1
ORD502213,CUST100262,560114,2025-01-22 09:16:26,212.05,34.3,Electronics,5,0,14.0,0,0.2071856287425149,1,5,0.1657485029940119,0
ORD502871,CUST100570,560050,2025-01-22 09:27:41,353.31,22.2,Grocery,19,0,18.0,1,0.1724481658692185,0,6,0.3130290761869709,0
ORD506886,CUST101950,560019,2025-01-22 09:40:32,775.06,16.3,Fashion,17,0,12.9,0,0.2066905615292712,1,14,0.2098179773701595,0
ORD503307,CUST100541,560098,2025-01-22 10:00:45,831.96,8.4,Beauty,3,1,6.5,6,0.184747233673248,0,5,0.2451551312649164,0
ORD503346,CUST101403,560026,2025-01-22 10:01:16,362.21,17.4,Fashion,17,0,14.4,1,0.3384982121573301,0,4,0.2134982121573301,1
ORD501131,CUST100427,560110,2025-01-22 11:09:11,1183.57,7.7,Fashion,5,0,9.1,0,0.2071428571428571,1,8,0.2193877551020408,1
ORD503278,CUST100746,560003,2025-01-22 11:25:49,1834.97,13.8,Beauty,22,1,2.2,0,0.2080856123662307,1,4,0.2150713436385255,0
ORD507600,CUST101607,560057,2025-01-22 12:08:00,911.88,9.2,Home,0,1,5.6,0,0.2078384798099762,1,6,0.1598757536999817,0
ORD501265,CUST101983,560072,2025-01-22 12:30:11,376.75,7.1,Fashion,19,0,4.8,1,0.1729932779754843,0,11,0.2307044732713427,0
ORD506560,CUST100541,560105,2025-01-22 12:50:41,601.85,12.5,Fashion,6,0,10.8,7,0.1697274881516587,0,7,0.2647007196770229,0
ORD503773,CUST101940,560064,2025-01-22 12:54:02,647.61,24.9,Home,7,0,11.2,0,0.2071005917159763,1,2,0.1882732651963421,0
ORD500109,CUST100104,560075,2025-01-22 13:12:18,696.91,11.4,Electronics,7,0,13.3,0,0.2068557919621749,1,7,0.153226512564574,0
ORD501682,CUST100566,560092,2025-01-22 14:14:15,852.65,4.9,Fashion,15,0,13.1,1,0.1721763085399449,0,7,0.1900826446280991,0
ORD504383,CUST101132,560014,2025-01-22 14:22:03,1164.92,13.3,Beauty,2,1,23.5,0,0.2063679245283018,1,12,0.2227299528301886,1
ORD507917,CUST101201,560062,2025-01-22 14:24:21,598.65,14.3,Electronics,19,0,25.6,2,0.2909305064782096,0,5,0.2458421672555948,0
ORD503011,CUST101142,560075,2025-01-22 14:25:53,930.32,47.0,Fashion,12,0,9.3,0,0.2070588235294118,1,8,0.1478991596638655,0
ORD505398,CUST101730,560020,2025-01-22 15:04:40,1068.02,17.9,Beauty,17,0,10.3,4,0.114897506201854,0,3,0.179839574924641,0
ORD504035,CUST100571,560038,2025-01-22 15:37:34,1077.82,16.6,Fashion,7,0,4.7,1,0.1721439749608763,0,8,0.2546948356807512,1
ORD505865,CUST100229,560042,2025-01-22 16:29:48,556.88,21.5,Home,13,0,11.3,0,0.2075029308323563,1,3,0.223915592028136,0
ORD502003,CUST100343,560033,2025-01-22 17:55:59,653.7,28.3,Beauty,19,0,7.6,1,0.1727166276346604,0,2,0.2338726846923568,0
ORD506372,CUST101052,560021,2025-01-22 19:23:26,1189.26,28.9,Electronics,13,0,25.9,0,0.2070175438596491,1,6,0.1977058029689608,0
ORD505481,CUST101138,560119,2025-01-22 20:10:48,1285.41,25.7,Fashion,5,0,25.5,0,0.2067757009345794,1,12,0.2229848130841121,1
ORD507083,CUST100393,560117,2025-01-22 20:38:29,655.17,17.5,Electronics,4,1,14.1,0,0.2077012835472578,1,7,0.2279268767016724,0
ORD502415,CUST101275,560078,2025-01-22 21:37:37,653.71,10.3,Home,20,0,3.0,0,0.2074592074592074,1,8,0.1838994338994339,0
ORD504066,CUST101193,560012,2025-01-22 22:01:13,776.81,20.8,Electronics,4,1,5.2,0,0.2072176949941792,1,6,0.1593982269185994,0
ORD506473,CUST101578,560097,2025-01-22 22:12:26,2493.58,27.2,Electronics,4,1,12.7,0,0.2069767441860465,1,10,0.2046511627906976,0
ORD504178,CUST101543,560119,2025-01-22 22:16:17,944.88,31.7,Fashion,7,0,11.1,5,0.2033681765389082,0,13,0.2465068806532221,1
ORD505552,CUST100674,560072,2025-01-23 01:07:46,569.46,15.2,Electronics,3,1,11.8,3,0.2547853828306264,0,12,0.2235353828306264,1
ORD503989,CUST100228,560099,2025-01-23 01:53:52,534.92,27.9,Electronics,10,0,21.7,0,0.2085747392815759,1,8,0.1846962423439828,0
ORD501486,CUST100130,560112,2025-01-23 02:43:29,1356.66,8.9,Home,6,0,14.1,1,0.1736111111111111,0,9,0.1436781609195402,1
ORD507142,CUST100874,560031,2025-01-23 02:55:47,720.81,7.9,Grocery,16,0,11.8,0,0.2092485549132948,1,12,0.2245303468208092,1
ORD506931,CUST101294,560062,2025-01-23 04:42:57,533.76,27.1,Beauty,13,0,5.0,1,0.1751347190146266,0,6,0.2385858944750399,0
ORD506529,CUST100545,560038,2025-01-23 04:45:07,1192.31,21.6,Fashion,11,0,8.8,2,0.2927994727302686,0,9,0.2827029391878455,0
ORD500237,CUST100542,560066,2025-01-23 05:13:33,767.1,9.4,Fashion,14,0,31.7,2,0.2926267281105991,0,2,0.281524926686217,1
ORD504120,CUST100477,560038,2025-01-23 05:26:43,466.71,25.0,Fashion,23,1,12.5,0,0.2105868814729574,1,10,0.2737245876486382,0
ORD501033,CUST101012,560024,2025-01-23 05:47:13,446.56,37.0,Fashion,7,0,13.7,0,0.2103448275862069,1,4,0.2169540229885057,0
ORD505272,CUST100693,560109,2025-01-23 06:00:30,872.41,2.6,Beauty,20,0,3.4,2,0.1500738067902247,0,4,0.2167527745885954,0
ORD501932,CUST100541,560097,2025-01-23 06:14:37,772.51,5.1,Fashion,3,1,17.4,8,0.1576393789696542,0,11,0.1999112163361941,0
ORD505715,CUST100956,560041,2025-01-23 07:15:31,1354.83,20.8,Electronics,6,0,15.1,0,0.2096219931271477,1,4,0.1746849942726231,0
ORD502365,CUST101427,560008,2025-01-23 07:23:41,343.56,17.3,Other,8,0,23.7,0,0.2093821510297482,1,8,0.2567015364498202,1
ORD504729,CUST100071,560023,2025-01-23 07:35:31,516.92,16.4,Grocery,20,0,6.2,0,0.2102857142857143,1,3,0.1828571428571428,0
ORD507516,CUST101723,560001,2025-01-23 07:55:38,842.05,16.7,Grocery,11,0,6.4,0,0.2100456621004566,1,9,0.317272870414108,1
ORD500720,CUST101785,560106,2025-01-23 08:14:04,810.03,37.6,Beauty,2,1,3.0,0,0.2109464082098061,1,9,0.2144457987653835,0
ORD503122,CUST100903,560010,2025-01-23 08:52:30,966.28,22.5,Beauty,14,0,10.3,0,0.2107061503416856,1,11,0.2327136453817326,1
ORD505047,CUST100024,560044,2025-01-23 09:05:32,909.09,0.8,Electronics,3,1,8.2,0,0.2116040955631399,1,6,0.1627723812024153,0
ORD507980,CUST100364,560073,2025-01-23 09:09:31,1032.97,21.6,Electronics,23,1,20.7,2,0.1509740259740259,0,6,0.2395104895104895,0
ORD507365,CUST100755,560072,2025-01-23 10:12:25,636.03,20.4,Other,3,1,15.0,0,0.2111237230419977,1,13,0.2491658927527259,0
ORD506849,CUST100136,560015,2025-01-23 10:24:40,178.28,30.0,Fashion,2,1,4.0,0,0.2108843537414966,1,7,0.1932476694381456,0
ORD504164,CUST100183,560048,2025-01-23 10:33:16,291.52,19.8,Fashion,17,0,15.3,0,0.2106455266138165,1,13,0.309482137341707,0
ORD507809,CUST101608,560053,2025-01-23 10:53:45,698.67,31.9,Electronics,0,1,1.4,3,0.1315045248868778,0,9,0.2830394757372445,0
ORD504380,CUST100888,560101,2025-01-23 11:29:31,480.07,44.2,Electronics,13,0,21.5,1,0.3418079096045197,0,7,0.2297551789077212,1
ORD507861,CUST100721,560047,2025-01-23 11:40:40,1334.24,16.2,Electronics,14,0,20.7,0,0.2110609480812641,1,10,0.174040632054176,0
ORD506817,CUST100116,560096,2025-01-23 12:49:02,1624.51,17.5,Beauty,10,0,13.2,0,0.2108229988726043,1,5,0.1686583990980834,0
ORD506225,CUST101762,560108,2025-01-23 12:52:31,729.9,14.4,Electronics,20,0,13.9,1,0.3421546546546546,0,7,0.2300633967300633,1
ORD500746,CUST100543,560002,2025-01-23 13:13:27,1174.94,30.1,Grocery,2,1,11.4,0,0.2114735658042744,1,7,0.193684122817981,1
ORD505238,CUST100935,560030,2025-01-23 13:37:58,376.73,41.2,Home,5,0,14.0,1,0.3436329588014981,0,11,0.2337803552011598,0
ORD501198,CUST101780,560112,2025-01-23 14:47:25,1249.58,20.5,Home,23,1,19.3,1,0.1767676767676767,0,10,0.1747474747474747,0
ORD506301,CUST101459,560055,2025-01-23 14:50:31,423.5,33.5,Electronics,18,0,7.7,1,0.1765695067264574,0,4,0.1765695067264574,0
ORD501179,CUST101298,560000,2025-01-23 14:52:09,551.33,27.1,Electronics,6,0,3.4,1,0.3430384471817843,0,9,0.1804456114607869,0
ORD501706,CUST100963,560052,2025-01-23 15:00:20,325.11,24.7,Electronics,5,0,19.7,1,0.1761744966442953,0,8,0.1510067114093959,0
ORD505535,CUST101274,560012,2025-01-23 15:22:57,616.21,47.1,Fashion,15,0,12.6,0,0.2111731843575419,1,7,0.1564245810055866,0
ORD502475,CUST100763,560043,2025-01-23 15:49:14,644.3,14.5,Grocery,12,0,20.5,0,0.2109375,1,7,0.15625,0
ORD501318,CUST100708,560002,2025-01-23 18:04:11,862.8,28.0,Other,15,0,4.9,0,0.2107023411371237,1,8,0.2219302436693741,0
ORD503608,CUST100015,560034,2025-01-23 18:05:32,3145.27,19.6,Beauty,23,1,1.0,0,0.210467706013363,1,6,0.2388213123179715,0
ORD503400,CUST100503,560009,2025-01-23 18:21:27,894.76,27.8,Electronics,4,1,9.0,1,0.175194660734149,0,9,0.2484369606075716,0
ORD506778,CUST101133,560032,2025-01-23 20:41:22,660.94,26.0,Grocery,17,0,27.8,0,0.21,1,7,0.2666666666666666,0
ORD505121,CUST101975,560085,2025-01-23 21:36:12,221.87,11.6,Fashion,22,1,18.6,1,0.1748057713651498,0,7,0.1924199449171702,0
ORD501503,CUST100444,560108,2025-01-23 22:17:34,2627.61,5.2,Electronics,0,1,3.8,1,0.1746119733924611,0,8,0.2568102629078239,0
ORD506420,CUST101942,560018,2025-01-24 00:13:32,399.65,15.4,Fashion,7,0,1.7,1,0.3410852713178294,0,10,0.1728682170542635,0
ORD505691,CUST100038,560056,2025-01-24 01:04:12,1255.27,6.1,Fashion,4,1,15.9,0,0.2090707964601769,1,7,0.1548672566371681,0
ORD500944,CUST101718,560086,2025-01-24 01:27:16,1187.91,29.8,Electronics,16,0,21.6,0,0.2088397790055248,1,10,0.2058931860036832,0
ORD507966,CUST100208,560074,2025-01-24 01:38:13,631.54,13.6,Grocery,18,0,15.1,1,0.173841059602649,0,6,0.1604686704024452,0
ORD505820,CUST100515,560098,2025-01-24 02:21:09,1880.71,14.4,Electronics,0,1,28.4,4,0.2268773735146392,0,6,0.2372148248664235,0
ORD500799,CUST100324,560100,2025-01-24 03:34:44,613.87,38.6,Other,23,1,19.3,2,0.2915355569540591,0,10,0.3054331864904552,1
ORD504953,CUST100321,560075,2025-01-24 04:03:18,395.95,4.8,Home,3,1,15.6,0,0.209020902090209,1,9,0.1441523462691096,1
ORD503303,CUST101639,560063,2025-01-24 04:18:48,260.5,6.0,Fashion,15,0,16.9,1,0.1749084249084249,0,8,0.1499215070643642,0
ORD504559,CUST100393,560102,2025-01-24 05:22:59,250.27,1.8,Other,5,0,6.9,1,0.1747164288327845,0,10,0.3064398097328942,0
ORD506005,CUST101203,560051,2025-01-24 05:24:08,1198.86,6.4,Electronics,19,0,4.3,1,0.3411915204678362,0,7,0.1551332033788174,0
ORD504613,CUST101151,560092,2025-01-24 05:29:31,357.01,16.6,Beauty,16,0,1.4,0,0.2092004381161007,1,8,0.1851431700829291,0
ORD505947,CUST101580,560097,2025-01-24 05:51:08,496.77,28.4,Other,2,1,4.6,2,0.1492653954360737,0,12,0.1931072210065645,0
ORD503733,CUST100037,560059,2025-01-24 06:16:17,523.74,22.8,Other,17,0,1.0,3,0.3804644808743169,0,5,0.1669945355191257,0
ORD504679,CUST101639,560013,2025-01-24 06:31:07,243.67,6.8,Beauty,14,0,33.3,2,0.1489394884591391,0,8,0.1846537741734248,1
ORD500531,CUST100374,560033,2025-01-24 07:01:58,612.4,27.0,Other,14,0,4.0,2,0.1495560056083502,0,3,0.2255464416101655,0
ORD502427,CUST101237,560068,2025-01-24 07:40:33,1292.3,53.6,Fashion,16,0,16.9,1,0.1742919389978213,0,4,0.215958605664488,0
ORD502287,CUST100131,560036,2025-01-24 08:35:43,340.56,11.7,Home,3,1,14.8,1,0.1741022850924918,0,5,0.2071381936887922,1
ORD503602,CUST101183,560035,2025-01-24 08:42:54,496.01,29.0,Fashion,7,0,10.3,5,0.3048913043478261,0,8,0.2212732919254658,1
ORD506411,CUST100242,560063,2025-01-24 09:38:35,593.28,31.2,Fashion,0,1,22.4,1,0.175533840028954,0,9,0.1452693848515481,0
ORD502026,CUST100906,560118,2025-01-24 10:19:49,652.72,21.2,Fashion,16,0,17.0,5,0.2052060737527115,0,6,0.2387785750041715,0
ORD501502,CUST101317,560054,2025-01-24 10:20:43,1509.84,30.9,Beauty,17,0,2.1,0,0.2101841820151679,1,5,0.2081473456121343,0
ORD507755,CUST101826,560084,2025-01-24 10:41:44,311.58,16.8,Beauty,1,1,18.7,2,0.1499690785405071,0,6,0.2768897768897769,1
ORD501553,CUST101422,560028,2025-01-24 10:54:27,980.76,24.1,Electronics,1,1,12.0,0,0.2108108108108108,1,4,0.1756756756756756,0
ORD506014,CUST100679,560015,2025-01-24 11:45:19,1221.97,25.1,Electronics,7,0,1.3,0,0.2105831533477321,1,8,0.1861308238198087,0
ORD502751,CUST101987,560048,2025-01-24 12:53:50,382.86,11.9,Other,19,0,14.1,0,0.2103559870550161,1,14,0.3002094041500096,0
ORD506516,CUST101375,560101,2025-01-24 13:08:53,696.26,6.6,Electronics,19,0,11.8,0,0.2101293103448275,1,8,0.2572352216748768,0
ORD505397,CUST101408,560059,2025-01-24 13:37:40,909.46,11.7,Grocery,21,0,17.0,2,0.2927879440258342,0,6,0.1614639397201291,0
ORD501145,CUST101893,560010,2025-01-24 13:41:08,1412.88,16.6,Electronics,5,0,14.6,2,0.2926267281105991,0,12,0.2560483870967742,1
ORD503255,CUST100713,560099,2025-01-24 13:43:51,773.59,9.4,Grocery,17,0,6.6,3,0.131578947368421,0,9,0.1796733212341197,0
ORD502018,CUST100460,560058,2025-01-24 13:44:01,209.47,27.4,Fashion,2,1,5.4,0,0.2103004291845493,1,5,0.1682403433476395,0
ORD505269,CUST100485,560097,2025-01-24 13:55:30,846.01,11.2,Grocery,11,0,19.8,1,0.1750625223294033,0,13,0.1879242586638085,0
ORD500114,CUST101193,560086,2025-01-24 15:39:27,350.65,40.5,Beauty,10,0,5.9,1,0.1748750892219842,0,11,0.1999032948815362,0
ORD506130,CUST100114,560045,2025-01-24 16:08:42,324.18,11.7,Beauty,21,0,22.9,2,0.1497326203208556,0,4,0.1746880570409982,0
ORD502631,CUST101246,560009,2025-01-24 16:34:41,405.46,21.8,Electronics,9,0,11.0,2,0.2924297924297924,0,10,0.2396011396011396,0
ORD502826,CUST101299,560028,2025-01-24 16:50:12,627.2,19.9,Beauty,15,0,26.2,0,0.2091782283884738,1,5,0.1673425827107791,0
ORD506586,CUST100535,560088,2025-01-24 17:19:30,706.34,22.9,Electronics,22,1,17.4,0,0.208955223880597,1,6,0.2376578645235361,0
ORD506899,CUST100296,560054,2025-01-24 17:52:09,257.96,11.5,Electronics,21,0,1.9,2,0.1490947816826411,0,6,0.1990251495043827,0
ORD500277,CUST101138,560006,2025-01-24 18:10:47,601.18,23.5,Grocery,22,1,3.8,1,0.3404255319148936,0,11,0.1667810569663692,0
ORD500321,CUST100161,560118,2025-01-24 18:14:29,464.32,43.6,Other,2,1,9.6,0,0.208289054197662,1,7,0.2283622623686385,1
ORD502056,CUST100384,560051,2025-01-24 18:37:58,1581.08,5.0,Other,8,0,18.6,2,0.1493782226266302,0,8,0.1493782226266302,0
ORD504865,CUST100047,560051,2025-01-24 19:18:05,373.19,12.2,Fashion,0,1,10.7,3,0.5055673382820784,0,9,0.144074304311259,1
ORD505178,CUST101619,560104,2025-01-24 20:13:05,3022.15,38.2,Home,10,0,18.4,2,0.149818401937046,0,10,0.1731638418079096,0
ORD503243,CUST100531,560098,2025-01-24 21:01:26,1257.08,20.2,Beauty,0,1,14.8,0,0.2095238095238095,1,7,0.2292768959435626,0
ORD500965,CUST101005,560027,2025-01-25 00:21:09,384.9,14.8,Grocery,19,0,13.1,0,0.2093023255813953,1,7,0.3031869078380706,0
ORD500796,CUST100215,560057,2025-01-25 00:50:40,577.6,14.1,Other,2,1,15.7,0,0.2090813093980992,1,7,0.154875043998592,0
ORD505326,CUST100684,560111,2025-01-25 01:03:19,683.22,8.4,Other,1,1,15.2,3,0.2555379746835443,0,12,0.1930379746835443,0
ORD501377,CUST100583,560096,2025-01-25 02:56:41,351.19,7.8,Grocery,1,1,27.7,0,0.208640674394099,1,6,0.1604928264569993,0
ORD507334,CUST100710,560020,2025-01-25 03:15:31,642.88,33.0,Other,23,1,19.8,0,0.2084210526315789,1,4,0.1736842105263158,1
ORD502323,CUST101884,560034,2025-01-25 03:48:10,638.26,17.9,Fashion,4,1,10.9,1,0.1743778478794251,0,7,0.229076605522452,1
ORD505442,CUST101841,560072,2025-01-25 03:51:31,278.94,10.5,Home,3,1,16.8,0,0.2100840336134453,1,14,0.241225902125556,0
ORD506912,CUST100098,560023,2025-01-25 04:32:11,1168.93,6.2,Electronics,23,1,9.5,0,0.2098635886673662,1,4,0.1748863238894718,0
ORD504028,CUST100148,560060,2025-01-25 06:14:38,1953.33,19.3,Electronics,9,0,15.6,0,0.2096436058700209,1,4,0.1747030048916841,0
ORD506753,CUST101431,560080,2025-01-25 06:43:11,588.59,13.8,Electronics,18,0,1.0,3,0.1308900523560209,0,6,0.2764800644381796,0
ORD507662,CUST101472,560011,2025-01-25 06:55:02,576.91,1.6,Home,2,1,1.4,0,0.209205020920502,1,8,0.22086072922893,0
ORD501933,CUST101843,560047,2025-01-25 07:41:54,636.68,33.6,Beauty,16,0,14.1,1,0.1741553465691396,0,11,0.1670880102470758,0
ORD507946,CUST101796,560015,2025-01-25 08:04:09,331.49,38.3,Home,1,1,4.9,0,0.208768267223382,1,9,0.17846087394716,1
ORD500815,CUST100228,560105,2025-01-25 09:11:04,454.89,15.5,Home,3,1,24.8,1,0.1746611053180396,0,8,0.2568523759868911,1
ORD503197,CUST100834,560060,2025-01-25 09:13:32,965.5,13.5,Electronics,10,0,14.4,4,0.3391203703703703,0,5,0.1683333333333333,0
ORD506354,CUST101429,560083,2025-01-25 09:19:15,562.79,52.0,Fashion,3,1,17.2,3,0.1313735691987513,0,5,0.1681581685744017,0
ORD501444,CUST101858,560001,2025-01-25 10:35:31,432.38,55.9,Fashion,9,0,14.9,3,0.2562370062370062,0,10,0.3399861399861399,1
ORD502878,CUST100161,560080,2025-01-25 11:10:25,378.41,40.1,Beauty,3,1,22.0,1,0.3423329871928002,0,7,0.2672589515787854,1
ORD506327,CUST100557,560022,2025-01-25 11:41:16,409.1,8.7,Fashion,3,1,4.5,3,0.1322614107883817,0,6,0.2012448132780083,0
ORD506108,CUST100512,560092,2025-01-25 11:48:02,1793.18,3.3,Fashion,7,0,15.3,0,0.2113989637305699,1,9,0.180275147400393,0
ORD507950,CUST101003,560053,2025-01-25 11:59:42,483.05,18.2,Electronics,6,0,14.0,0,0.2111801242236025,1,10,0.2741200828157349,1
ORD507052,CUST101732,560032,2025-01-25 12:37:53,704.15,38.7,Fashion,11,0,15.4,0,0.2119958634953464,1,8,0.2585684739252474,0
ORD503600,CUST100678,560108,2025-01-25 14:43:28,1214.54,21.9,Fashion,12,0,4.7,1,0.1764807162534435,0,9,0.2495012824166429,1
ORD505050,CUST100963,560031,2025-01-25 15:33:26,2010.57,13.1,Beauty,4,1,20.8,2,0.1518502137697184,0,13,0.2500547268349126,0
ORD504945,CUST101592,560083,2025-01-25 16:18:23,1643.61,16.4,Home,4,1,9.4,3,0.2577319587628865,0,6,0.1633624107850912,0
ORD506394,CUST101888,560016,2025-01-25 16:24:42,1421.11,2.7,Beauty,2,1,2.2,0,0.2121524201853759,1,11,0.2659047872163715,0
ORD503637,CUST100877,560005,2025-01-25 16:26:46,600.49,17.6,Home,20,0,9.5,1,0.1766117969821673,0,8,0.2228101116990006,0
ORD500432,CUST100140,560102,2025-01-25 18:05:29,519.87,21.5,Electronics,4,1,18.5,1,0.1764302843439534,0,11,0.2978815104598349,0
ORD502562,CUST101270,560001,2025-01-25 18:18:16,690.88,32.2,Fashion,22,1,12.7,1,0.176249144421629,0,11,0.3622574021328741,0
ORD500908,CUST101160,560104,2025-01-25 18:55:37,1212.22,35.5,Beauty,0,1,13.6,2,0.1509157509157509,0,11,0.1685690653432588,0
ORD500759,CUST101977,560035,2025-01-25 19:45:44,1520.43,6.9,Beauty,5,0,3.8,0,0.2110655737704918,1,9,0.2490107405313736,1
ORD507580,CUST100689,560089,2025-01-25 20:28:53,1455.02,28.5,Grocery,8,0,8.6,0,0.2118730808597748,1,0,0.2118730808597748,0
ORD504956,CUST101759,560027,2025-01-25 20:38:47,356.24,0.5,Electronics,15,0,22.9,0,0.2116564417177913,1,8,0.2940403155127081,0
ORD506267,CUST100380,560112,2025-01-25 21:20:12,737.85,32.8,Other,4,1,22.3,1,0.1762002042900919,0,11,0.1686711259020066,0
ORD504143,CUST101514,560020,2025-01-25 21:28:44,656.59,0.7,Fashion,5,0,5.9,0,0.2112244897959184,1,5,0.2089795918367347,0
ORD507814,CUST100321,560061,2025-01-25 21:55:23,540.23,36.6,Grocery,18,0,15.0,1,0.3425076452599389,0,5,0.1688073394495413,0
ORD501048,CUST101239,560104,2025-01-25 21:58:21,443.38,22.2,Home,15,0,16.1,4,0.1171079429735234,0,12,0.1629964358452138,0
ORD507775,CUST100453,560000,2025-01-25 22:08:35,943.82,26.6,Fashion,8,0,6.8,0,0.2105798575788403,1,10,0.1737199050525602,0
ORD504466,CUST100430,560013,2025-01-25 22:33:54,221.41,36.6,Beauty,20,0,8.7,1,0.1753048780487804,0,9,0.2140454163162321,0
ORD506009,CUST101893,560000,2025-01-25 22:50:15,1257.66,11.4,Fashion,5,0,1.0,3,0.3813451776649746,0,11,0.1678401833961028,0
ORD505654,CUST100964,560100,2025-01-25 22:59:33,1013.66,12.5,Fashion,2,1,28.0,1,0.3416159567275185,0,11,0.3289929987567885,1
ORD503565,CUST100542,560111,2025-01-25 23:50:15,1206.16,46.8,Other,7,0,19.0,3,0.3817122593718338,0,13,0.1883270393908691,0
ORD504044,CUST101144,560063,2025-01-26 02:34:09,500.52,41.6,Other,5,0,4.2,0,0.2105263157894736,1,10,0.1403508771929824,0
ORD506379,CUST100070,560026,2025-01-26 03:07:20,627.18,14.4,Electronics,18,0,15.1,0,0.2103134479271991,1,5,0.2482507583417593,0
ORD503775,CUST101241,560003,2025-01-26 04:31:46,831.01,18.0,Fashion,9,0,18.7,0,0.21010101010101,1,5,0.208080808080808,0
ORD505484,CUST101026,560110,2025-01-26 05:23:08,491.24,15.0,Beauty,19,0,1.0,1,0.1749075008409014,0,9,0.248199311040746,1
ORD504171,CUST101250,560072,2025-01-26 05:32:45,452.95,16.7,Home,23,1,6.4,1,0.1755712365591397,0,15,0.2346774193548387,0
ORD507109,CUST100151,560023,2025-01-26 07:22:05,765.75,23.1,Electronics,11,0,16.3,2,0.2931952237088188,0,5,0.1683786505538771,0
ORD506387,CUST101893,560064,2025-01-26 07:34:48,530.1,3.4,Fashion,18,0,1.1,4,0.3390342052313883,0,3,0.1828361473186947,0
ORD505274,CUST101429,560057,2025-01-26 07:40:06,1049.1,13.3,Beauty,18,0,13.3,4,0.1166945840312674,0,8,0.1500358937544867,0
ORD503281,CUST101626,560066,2025-01-26 07:51:33,481.26,10.9,Electronics,15,0,24.4,0,0.2098393574297188,1,3,0.3129037890693207,0
ORD507503,CUST100078,560092,2025-01-26 08:25:45,1778.8,7.8,Home,21,0,15.9,0,0.2096288866599799,1,10,0.1730859244399866,0
ORD501078,CUST101253,560073,2025-01-26 09:46:49,945.19,16.9,Home,4,1,1.0,0,0.2094188376753507,1,7,0.2291991390187783,0
ORD506697,CUST101657,560039,2025-01-26 10:03:59,173.26,6.4,Fashion,0,1,15.0,7,0.1705038371705038,0,1,0.2468659135325802,0
ORD501680,CUST101246,560016,2025-01-26 10:16:23,372.65,16.1,Grocery,7,0,1.0,3,0.255625,0,12,0.255625,0
ORD503822,CUST101033,560007,2025-01-26 10:59:46,515.42,6.5,Fashion,6,0,12.0,0,0.2087912087912088,1,2,0.2352647352647352,0
ORD500589,CUST100072,560085,2025-01-26 12:18:32,469.65,30.6,Fashion,4,1,10.8,0,0.2085828343313373,1,8,0.1847020245223838,0
ORD500803,CUST100089,560083,2025-01-26 12:28:16,489.41,13.4,Fashion,15,0,8.1,2,0.2916963395527702,0,7,0.1543517595362062,0
ORD503542,CUST100901,560036,2025-01-26 13:02:38,726.98,25.0,Fashion,19,0,13.3,3,0.2551045816733067,0,6,0.2370517928286852,0
ORD502328,CUST101551,560083,2025-01-26 13:22:57,913.06,5.9,Electronics,18,0,38.7,3,0.1299751243781094,0,8,0.1485429992892679,0
ORD505092,CUST101587,560063,2025-01-26 13:56:19,337.3,14.3,Fashion,5,0,4.6,3,0.1298459244532803,0,11,0.1340345026614506,0
ORD504905,CUST100003,560109,2025-01-26 13:56:20,473.79,32.7,Fashion,9,0,7.9,1,0.3396226415094339,0,5,0.2060377358490566,0
ORD503271,CUST101243,560055,2025-01-26 14:48:12,719.05,18.5,Grocery,17,0,23.2,0,0.2073412698412698,1,5,0.1658730158730159,0
ORD500471,CUST100262,560013,2025-01-26 16:03:56,364.49,8.9,Home,19,0,17.8,1,0.1726131483316815,0,10,0.2047571853320118,0
ORD503277,CUST100834,560106,2025-01-26 16:08:16,359.05,46.1,Home,8,0,8.6,5,0.3034653465346534,0,10,0.2046204620462046,0
ORD501161,CUST101900,560072,2025-01-26 16:29:45,302.15,25.1,Electronics,0,1,5.1,0,0.2067260138476755,1,16,0.2259588965820419,0
ORD506809,CUST101551,560112,2025-01-26 16:34:08,522.18,12.6,Other,3,1,30.2,4,0.1147342995169082,0,12,0.1603260869565217,0
ORD506860,CUST100291,560029,2025-01-26 17:06:27,760.87,45.1,Beauty,12,0,15.3,0,0.2063178677196446,1,7,0.1528280501626997,0
ORD505858,CUST100654,560058,2025-01-26 17:10:13,1259.94,41.5,Home,23,1,16.5,1,0.1717619986850756,0,6,0.1585495372477621,0
ORD504286,CUST101619,560105,2025-01-26 17:15:21,694.7,10.3,Fashion,1,1,14.6,3,0.1286945812807881,0,9,0.2799388483098352,1
ORD502998,CUST101018,560042,2025-01-26 18:01:54,441.95,0.6,Beauty,23,1,7.7,0,0.2066929133858267,1,4,0.2139107611548556,0
ORD500641,CUST100556,560040,2025-01-26 19:08:36,855.84,18.6,Electronics,17,0,14.8,0,0.2064896755162241,1,10,0.1376597836774827,0
ORD506895,CUST101786,560006,2025-01-26 19:19:53,520.56,16.2,Fashion,11,0,21.3,1,0.1719056974459725,0,12,0.1601792730844793,0
ORD503092,CUST100455,560041,2025-01-26 19:20:32,531.38,5.1,Fashion,15,0,25.8,3,0.3788027477919529,0,5,0.1648675171736996,0
ORD500474,CUST100602,560000,2025-01-26 19:48:22,680.67,34.3,Fashion,6,0,13.7,2,0.2899159663865546,0,12,0.1599264705882352,0
ORD502835,CUST101335,560099,2025-01-26 20:34:46,865.0,23.0,Home,23,1,12.9,5,0.1028403525954946,0,10,0.1704538034606594,0
ORD507088,CUST100459,560063,2025-01-26 21:04:25,404.16,5.8,Beauty,0,1,29.7,0,0.2054794520547945,1,12,0.1284246575342465,0
ORD503116,CUST100374,560063,2025-01-26 21:56:50,533.73,7.1,Home,10,0,16.6,3,0.1282991202346041,0,13,0.1244112681062827,0
ORD507396,CUST101937,560076,2025-01-26 23:23:39,638.03,37.3,Beauty,16,0,7.8,0,0.205078125,1,7,0.1519097222222222,0
ORD501735,CUST100056,560068,2025-01-27 00:34:51,423.9,27.2,Fashion,5,0,16.6,0,0.2048780487804878,1,5,0.2039024390243902,0
ORD507701,CUST100328,560043,2025-01-27 01:35:03,1737.87,13.7,Electronics,19,0,9.5,0,0.2046783625730994,1,8,0.1461988304093567,0
ORD502289,CUST100948,560003,2025-01-27 01:59:37,2263.11,14.5,Home,7,0,4.4,2,0.288913618027542,0,6,0.1957531271065837,1
ORD500886,CUST101628,560097,2025-01-27 02:24:53,197.15,25.5,Electronics,9,0,5.7,4,0.4473627323821876,0,14,0.1795605401693751,1
ORD501988,CUST101730,560071,2025-01-27 03:24:07,302.7,22.3,Beauty,4,1,12.3,5,0.1030126336248785,0,7,0.2637224201850052,0
ORD503126,CUST100315,560060,2025-01-27 03:25:57,391.75,10.8,Fashion,22,1,15.7,0,0.2058252427184466,1,6,0.1583271097834204,1
ORD503360,CUST101847,560047,2025-01-27 04:44:22,657.66,9.7,Fashion,19,0,1.6,0,0.2065955383123181,1,12,0.1603722114451988,0
ORD507027,CUST100654,560100,2025-01-27 04:54:04,488.4,21.8,Electronics,6,0,28.5,2,0.1474252491694352,0,12,0.3477470930232558,0
ORD505764,CUST100264,560027,2025-01-27 05:14:54,1410.56,20.6,Fashion,4,1,15.0,1,0.1718296224588577,0,9,0.2801348599659512,0
ORD504827,CUST101627,560117,2025-01-27 05:54:32,903.08,26.4,Grocery,18,0,13.0,0,0.2059961315280464,1,8,0.218568665377176,1
ORD506245,CUST100116,560078,2025-01-27 06:08:14,392.55,7.9,Other,23,1,16.7,1,0.1723027375201288,0,9,0.1770781276028652,0
ORD505809,CUST100965,560070,2025-01-27 06:46:32,4840.8,33.6,Electronics,9,0,8.8,0,0.2065637065637065,1,6,0.1973566973566973,0
ORD507706,CUST101638,560020,2025-01-27 08:24:16,1669.21,14.4,Grocery,8,0,19.0,1,0.1719704275152684,0,6,0.1972034715525554,0
ORD503666,CUST101858,560100,2025-01-27 09:53:20,503.52,22.4,Home,3,1,2.5,4,0.336758724041961,0,13,0.3370701231972908,0
ORD500702,CUST100625,560103,2025-01-27 09:55:33,2277.55,5.6,Grocery,11,0,19.2,0,0.2059672762271414,1,8,0.2185480544479582,0
ORD503687,CUST100890,560057,2025-01-27 09:55:53,1160.74,28.1,Home,17,0,19.7,1,0.1714743589743589,0,9,0.1419098143236074,0
ORD501185,CUST101487,560087,2025-01-27 10:07:45,585.64,11.7,Other,12,0,5.5,1,0.1713096381684278,0,6,0.1581319736939333,0
ORD505621,CUST101841,560047,2025-01-27 11:04:20,510.63,20.6,Fashion,19,0,9.1,1,0.1711452335252719,0,13,0.1547722910486826,0
ORD500713,CUST101923,560021,2025-01-27 11:32:59,805.79,25.5,Electronics,15,0,9.3,1,0.1709811441355065,0,7,0.1890202762685984,0
ORD503030,CUST100669,560032,2025-01-27 13:22:32,389.19,22.4,Electronics,4,1,9.0,0,0.2049808429118774,1,9,0.2448143744219844,0
ORD500566,CUST101542,560028,2025-01-27 15:20:53,666.66,9.5,Fashion,7,0,7.5,1,0.1706539074960127,0,6,0.1575266838424733,0
ORD502145,CUST101717,560046,2025-01-27 15:54:27,400.72,11.1,Electronics,18,0,27.2,2,0.146134935809888,0,4,0.212157425111536,0
ORD500168,CUST101333,560005,2025-01-27 16:04:52,458.49,29.9,Other,8,0,11.4,0,0.2043935052531041,1,9,0.2099265553469683,0
ORD507023,CUST101013,560083,2025-01-27 16:30:30,411.27,5.9,Home,4,1,13.1,3,0.1276240458015267,0,9,0.1408265332982363,0
ORD506337,CUST101095,560018,2025-01-27 16:34:54,1601.54,31.0,Other,9,0,1.1,0,0.204003813155386,1,11,0.1638734278421845,0
ORD500897,CUST101019,560119,2025-01-27 17:00:32,198.31,24.8,Grocery,22,1,7.0,2,0.2884353741496598,0,14,0.2669467787114846,0
ORD501395,CUST101588,560091,2025-01-27 17:19:50,360.68,46.0,Home,18,0,1.9,1,0.1696796701554075,0,4,0.2113463368220741,0
ORD500228,CUST101022,560019,2025-01-27 17:27:42,1431.85,13.9,Fashion,19,0,29.0,1,0.1695183776932826,0,15,0.2019554589896795,1
ORD504605,CUST100330,560065,2025-01-27 17:49:50,680.87,30.6,Beauty,17,0,2.9,0,0.2041785375118708,1,7,0.2253174351939784,0
ORD505566,CUST101739,560099,2025-01-27 18:26:42,521.51,49.7,Electronics,10,0,14.0,0,0.2039848197343453,1,11,0.1638611740221583,0
ORD502903,CUST101465,560058,2025-01-27 19:03:47,322.75,30.3,Home,20,0,24.4,1,0.1698262243285939,0,7,0.1509566438476391,1
ORD507877,CUST100642,560042,2025-01-27 19:09:02,2324.85,20.8,Home,7,0,20.6,1,0.1704545454545454,0,5,0.2036363636363636,0
ORD504954,CUST100884,560054,2025-01-27 19:26:31,544.63,4.0,Electronics,12,0,17.6,0,0.2043519394512772,1,7,0.1884088440379831,0
ORD505752,CUST100918,560055,2025-01-27 19:29:55,258.44,35.9,Fashion,11,0,4.8,3,0.1275992438563327,0,6,0.1570452232077941,0
ORD506548,CUST101122,560060,2025-01-27 20:16:46,374.56,34.6,Grocery,2,1,6.7,2,0.1456900040469445,0,7,0.1881229671597943,0
ORD506947,CUST100901,560101,2025-01-27 20:35:23,153.98,11.9,Fashion,0,1,9.2,4,0.2243186582809224,0,9,0.2439817826935588,0
ORD505933,CUST101811,560022,2025-01-27 22:10:04,1195.05,49.8,Home,6,0,21.1,3,0.1272384542884071,0,7,0.1878381680455196,0
ORD501217,CUST101280,560094,2025-01-27 22:16:07,545.31,6.8,Fashion,8,0,10.6,1,0.1694915254237288,0,6,0.2333767926988265,0
ORD505688,CUST100643,560015,2025-01-27 22:42:00,150.0,20.4,Home,12,0,22.5,0,0.2031984948259642,1,10,0.2021323298839761,1
ORD501692,CUST100515,560059,2025-01-27 22:44:20,473.31,6.1,Electronics,15,0,21.3,5,0.2019736842105262,0,7,0.1510721247563352,0
ORD506306,CUST101384,560097,2025-01-27 23:09:54,821.39,7.5,Home,3,1,12.1,1,0.3364632237871674,0,15,0.2021462105969148,0
ORD505309,CUST100661,560019,2025-01-27 23:42:56,391.36,36.1,Fashion,2,1,8.9,1,0.3363039399624765,0,16,0.224202626641651,0
ORD505912,CUST100565,560032,2025-01-28 00:46:06,1126.64,8.7,Other,5,0,9.0,0,0.2033739456419868,1,10,0.2355826304279912,0
ORD502572,CUST101139,560031,2025-01-28 01:05:59,989.64,14.7,Grocery,15,0,15.4,2,0.1451310861423221,0,14,0.2371667768230888,1
ORD501413,CUST101785,560015,2025-01-28 02:13:11,881.89,6.0,Other,1,1,8.5,1,0.169940754599314,0,11,0.2283412293672108,0
ORD501227,CUST100225,560004,2025-01-28 03:37:02,671.83,2.5,Grocery,19,0,8.2,0,0.2037383177570093,1,10,0.2024922118380062,0
ORD505181,CUST101786,560061,2025-01-28 04:04:35,2282.07,28.3,Grocery,15,0,17.8,2,0.145391489929305,0,6,0.1565754506930977,0
ORD504775,CUST100742,560101,2025-01-28 04:12:44,910.18,11.0,Electronics,22,1,9.5,4,0.1129767827529021,0,10,0.2355721393034826,0
ORD502722,CUST100104,560003,2025-01-28 04:28:12,637.78,33.5,Fashion,6,0,8.3,1,0.1693072382727555,0,7,0.2245693969831901,0
ORD506175,CUST101522,560023,2025-01-28 04:34:15,749.69,57.2,Home,5,0,16.3,0,0.2029795158286778,1,6,0.1561380890989829,0
ORD504501,CUST100549,560060,2025-01-28 04:52:19,470.25,18.0,Fashion,5,0,16.3,0,0.2027906976744185,1,8,0.1805647840531561,0
ORD505594,CUST101867,560053,2025-01-28 05:38:22,404.21,21.6,Electronics,20,0,2.5,0,0.2026022304832713,1,11,0.2920014390214653,0
ORD505133,CUST101898,560071,2025-01-28 06:37:55,1160.09,13.2,Fashion,0,1,15.3,0,0.202414113277623,1,8,0.2517243666268736,1
ORD504923,CUST101161,560075,2025-01-28 08:36:05,588.18,20.2,Beauty,1,1,24.0,3,0.1269712430426716,0,10,0.168769325912183,0
ORD504479,CUST101538,560072,2025-01-28 09:22:27,625.73,2.6,Electronics,20,0,18.9,0,0.2029657089898053,1,17,0.2178193021566515,0
ORD504835,CUST101489,560020,2025-01-28 09:38:34,1273.35,16.7,Grocery,22,1,18.1,0,0.2027777777777777,1,7,0.1872427983539094,0
ORD503863,CUST101725,560045,2025-01-28 09:42:22,882.05,43.4,Fashion,15,0,11.8,0,0.2025901942645698,1,5,0.1620721554116558,0
ORD500325,CUST100545,560084,2025-01-28 09:54:13,815.32,16.1,Electronics,7,0,5.3,3,0.2515018484288355,0,7,0.2980762648045458,0
ORD505796,CUST100557,560044,2025-01-28 10:04:05,1523.8,1.6,Home,11,0,18.9,4,0.1123422591566636,0,7,0.1497896788755514,0
ORD501473,CUST100107,560027,2025-01-28 10:30:58,676.67,20.7,Grocery,3,1,14.2,0,0.202029520295203,1,10,0.2680196801968019,0
ORD501617,CUST100872,560071,2025-01-28 10:44:37,982.51,12.0,Grocery,7,0,9.7,10,0.4672811059907834,0,9,0.2771333227395518,1
ORD504056,CUST100834,560060,2025-01-28 12:53:23,830.72,11.2,Fashion,4,1,16.0,6,0.2738992131257324,0,9,0.1741919095700768,0
ORD501162,CUST100205,560078,2025-01-28 14:38:29,2550.9,13.8,Other,12,0,11.4,1,0.1686599202698558,0,10,0.168261269549218,0
ORD502450,CUST100148,560088,2025-01-28 15:29:40,425.16,13.7,Beauty,11,0,5.3,1,0.1685049019607843,0,7,0.2238562091503267,0
ORD502537,CUST101893,560076,2025-01-28 16:27:00,1527.86,0.3,Fashion,20,0,16.1,5,0.301010101010101,0,8,0.1443001443001443,0
ORD502479,CUST101155,560038,2025-01-28 16:36:54,700.11,1.6,Other,5,0,17.7,0,0.2018348623853211,1,11,0.2592482983131104,0
ORD504669,CUST100343,560102,2025-01-28 16:56:50,503.29,22.1,Home,1,1,4.8,2,0.1440356160796124,0,12,0.2822811640696608,0
ORD503329,CUST101498,560004,2025-01-28 18:27:18,1205.6,28.8,Grocery,4,1,3.6,0,0.2014652014652014,1,11,0.1944936783646461,0
ORD500514,CUST100474,560092,2025-01-28 18:42:57,478.73,25.8,Electronics,0,1,12.3,1,0.1677340652637999,0,11,0.1621166956881031,0
ORD506579,CUST100416,560036,2025-01-28 19:59:17,1110.51,50.2,Other,21,0,5.8,0,0.2010968921389397,1,7,0.2230347349177331,0
ORD505868,CUST101923,560024,2025-01-28 20:50:00,1710.94,24.9,Other,9,0,11.4,2,0.1435094585779517,0,5,0.2007305936073059,0
ORD500046,CUST101981,560065,2025-01-28 20:54:00,421.43,34.1,Fashion,6,0,1.0,1,0.1672749391727493,0,8,0.2148070907194994,0
ORD500349,CUST101167,560118,2025-01-28 21:10:45,499.63,3.1,Electronics,0,1,24.9,0,0.2005469462169553,1,8,0.2503906758692538,0
ORD504218,CUST100343,560094,2025-01-28 22:44:38,630.76,42.8,Other,5,0,1.9,3,0.1252276867030965,0,7,0.2224920731295958,0
ORD506992,CUST100792,560033,2025-01-28 22:52:41,1873.51,27.3,Beauty,15,0,15.1,0,0.200181983621474,1,4,0.2084849863512284,0
ORD503103,CUST101183,560047,2025-01-28 23:19:26,719.51,1.9,Fashion,18,0,12.9,6,0.3636363636363636,0,14,0.1470588235294117,0
ORD503391,CUST100557,560106,2025-01-28 23:29:45,344.66,17.6,Other,11,0,4.1,5,0.0999091734786557,0,11,0.1934311915853623,1
ORD501911,CUST100869,560060,2025-01-28 23:54:09,642.82,11.6,Beauty,15,0,17.8,0,0.2005444646098003,1,10,0.1670296430732002,0
ORD507238,CUST101183,560113,2025-01-29 00:33:51,1835.43,51.5,Beauty,12,0,1.3,7,0.333484436385615,0,8,0.1431161766610542,0
ORD504406,CUST100713,560096,2025-01-29 00:40:38,587.07,10.7,Beauty,12,0,19.9,4,0.1112117552334943,0,7,0.1482823403113258,0
ORD500850,CUST100231,560092,2025-01-29 01:04:17,229.92,12.3,Electronics,4,1,2.3,4,0.3333333333333333,0,12,0.15625,0
ORD500801,CUST101605,560006,2025-01-29 01:53:52,1530.6,53.4,Fashion,13,0,14.6,0,0.1998191681735985,1,13,0.1514055564688476,1
ORD504187,CUST101310,560012,2025-01-29 02:17:57,285.38,9.3,Home,21,0,8.6,0,0.2005420054200542,1,8,0.143244289585753,0
ORD504964,CUST100576,560052,2025-01-29 02:20:06,768.18,6.9,Electronics,16,0,16.1,0,0.2003610108303249,1,9,0.1381800074691896,0
ORD504935,CUST101062,560064,2025-01-29 03:57:00,1130.85,4.2,Beauty,4,1,20.2,5,0.3000901713255184,0,4,0.1668169522091974,0
ORD507699,CUST101823,560065,2025-01-29 05:51:56,1188.07,41.5,Grocery,10,0,5.1,0,0.2,1,9,0.2068965517241379,0
ORD502703,CUST100213,560040,2025-01-29 06:05:20,571.98,0.4,Electronics,22,1,14.1,0,0.1998199819981998,1,11,0.1289161174181934,0
ORD501307,CUST101390,560015,2025-01-29 07:19:02,341.05,23.6,Electronics,7,0,3.3,5,0.199820143884892,0,12,0.2185251798561151,0
ORD503235,CUST100872,560010,2025-01-29 08:25:01,765.09,32.0,Home,22,1,12.7,11,0.4998315363881401,0,13,0.2724005554194233,1
ORD505282,CUST100364,560107,2025-01-29 08:26:44,347.07,16.2,Home,22,1,26.3,3,0.1251122082585278,0,10,0.266786355475763,0
ORD500562,CUST100994,560115,2025-01-29 09:19:36,698.76,0.7,Fashion,20,0,9.4,0,0.2,1,5,0.24,0
ORD506452,CUST101255,560058,2025-01-29 09:20:58,215.51,9.2,Electronics,8,0,3.7,0,0.1998207885304659,1,8,0.1784434203789042,0
ORD502101,CUST101995,560089,2025-01-29 09:39:12,859.14,66.0,Other,0,1,7.9,2,0.2854584985292237,0,1,0.1901351408961077,0
ORD505500,CUST100228,560052,2025-01-29 10:14:11,585.33,24.0,Fashion,23,1,1.0,2,0.2853309481216458,0,10,0.1329755515802027,0
ORD502582,CUST100393,560081,2025-01-29 10:16:56,1147.78,41.1,Electronics,2,1,4.2,2,0.1423464828290565,0,6,0.191757750738984,0
ORD505792,CUST101139,560031,2025-01-29 11:06:17,1386.73,15.7,Beauty,10,0,1.0,3,0.2494419642857142,0,15,0.2566326530612245,0
ORD504099,CUST100651,560039,2025-01-29 12:04:21,1098.85,16.6,Fashion,4,1,10.9,1,0.1657746060065417,0,2,0.2262995701889546,1
ORD502481,CUST101033,560085,2025-01-29 12:12:31,712.76,8.2,Fashion,8,0,9.2,1,0.166369578134284,0,9,0.1721679267318212,0
ORD507676,CUST100034,560041,2025-01-29 12:34:24,814.36,16.9,Electronics,5,0,9.3,2,0.4281897977356571,0,6,0.153435166792246,0
ORD505974,CUST100918,560022,2025-01-29 12:39:30,855.59,28.8,Electronics,8,0,17.8,4,0.11071569790431,0,8,0.1780630401626843,0
ORD501629,CUST100418,560069,2025-01-29 12:52:18,1157.57,5.6,Beauty,0,1,8.4,0,0.1991111111111111,1,8,0.1422222222222222,0
ORD502316,CUST100545,560016,2025-01-29 12:55:04,423.47,6.1,Fashion,12,0,18.7,4,0.2216301559107953,0,13,0.2417783519026858,0
ORD502515,CUST100494,560097,2025-01-29 15:18:13,324.94,15.9,Fashion,23,1,4.9,0,0.1987577639751552,1,16,0.1937543133195307,0
ORD503246,CUST101966,560093,2025-01-29 15:18:17,609.81,10.9,Beauty,3,1,15.4,0,0.1985815602836879,1,7,0.1841344890990281,0
ORD501868,CUST101239,560056,2025-01-29 17:19:40,721.48,6.6,Fashion,4,1,26.9,5,0.0992028343666961,0,8,0.141718334809566,0
ORD500753,CUST100047,560011,2025-01-29 17:46:36,968.22,12.7,Electronics,3,1,3.7,4,0.5545722713864306,0,9,0.2056759231003967,0
ORD507198,CUST100231,560028,2025-01-29 18:58:58,429.63,24.7,Beauty,13,0,1.2,5,0.299027409372237,0,7,0.1467072731440547,1
ORD503617,CUST101543,560072,2025-01-29 19:59:00,393.37,11.7,Grocery,14,0,6.0,6,0.2721651140379055,0,18,0.2098753952017854,0
ORD505312,CUST101429,560042,2025-01-29 21:16:14,184.52,4.2,Home,22,1,20.7,5,0.0992939099735216,0,6,0.191221399959264,0
ORD503682,CUST101840,560092,2025-01-29 21:16:35,1488.18,23.9,Beauty,1,1,9.6,0,0.1984126984126984,1,13,0.1505531505531505,1
ORD504067,CUST101450,560031,2025-01-29 21:50:19,1344.63,37.7,Grocery,13,0,6.3,0,0.1991189427312775,1,16,0.2495105237395986,0
ORD503774,CUST101260,560070,2025-01-29 23:32:53,596.98,7.4,Fashion,9,0,12.1,1,0.1657863849765258,0,7,0.1844027125717266,0
ORD505845,CUST101608,560055,2025-01-29 23:51:18,389.78,20.6,Electronics,21,0,4.3,4,0.1104270497410339,0,7,0.1472360663213785,0
ORD502875,CUST101377,560109,2025-01-30 00:28:49,1255.34,23.0,Other,15,0,5.4,1,0.1654950205038078,0,6,0.1912261727727457,0
ORD501230,CUST101037,560060,2025-01-30 01:41:22,622.11,29.5,Electronics,23,1,30.2,0,0.1984196663740123,1,11,0.1602707524993628,0
ORD504583,CUST101199,560089,2025-01-30 03:40:07,617.79,2.3,Grocery,8,0,20.6,1,0.1652046783625731,0,2,0.1802232854864433,0
ORD507100,CUST100983,560019,2025-01-30 04:48:11,361.05,16.5,Electronics,19,0,19.5,1,0.1650598889862693,0,17,0.2151739820451477,0
ORD500733,CUST100677,560007,2025-01-30 05:36:47,466.78,4.8,Grocery,8,0,9.2,1,0.1649153531815528,0,3,0.215563846798142,0
ORD505157,CUST101639,560040,2025-01-30 06:26:58,267.7,30.2,Grocery,22,1,14.0,3,0.2485783027121609,0,12,0.1235783027121609,0
ORD503465,CUST101437,560088,2025-01-30 06:41:24,812.33,38.8,Beauty,17,0,4.3,0,0.1975524475524475,1,8,0.2125374625374625,0
ORD503069,CUST100593,560000,2025-01-30 07:08:37,1488.97,13.0,Home,11,0,7.1,0,0.1973799126637554,1,13,0.1499272197962154,1
ORD505982,CUST100438,560117,2025-01-30 07:31:51,722.21,9.4,Fashion,22,1,5.8,0,0.1980802792321117,1,9,0.2400553649876632,0
ORD500929,CUST101767,560036,2025-01-30 07:39:59,245.64,22.8,Fashion,0,1,27.0,0,0.1979075850043592,1,8,0.2127911321459708,0
ORD503162,CUST100667,560025,2025-01-30 07:52:41,1142.94,9.8,Fashion,23,1,20.3,3,0.1235844947735191,0,9,0.1363690976811246,1
ORD500818,CUST100405,560071,2025-01-30 08:40:06,662.82,25.0,Other,17,0,9.6,0,0.1984334203655352,1,10,0.2989556135770235,1
ORD507522,CUST101367,560085,2025-01-30 08:43:14,1175.63,19.0,Home,17,0,15.5,0,0.1991304347826087,1,10,0.1660869565217391,0
ORD504236,CUST100181,560098,2025-01-30 09:47:57,458.13,28.5,Fashion,22,1,6.2,1,0.3324645236026644,0,8,0.2135410202308551,1
ORD505641,CUST100689,560080,2025-01-30 10:17:40,502.17,16.5,Beauty,6,0,14.2,1,0.1663773148148148,0,8,0.2854662698412698,0
ORD504024,CUST101121,560115,2025-01-30 10:29:55,180.43,5.6,Electronics,11,0,19.3,1,0.1662330153223475,0,6,0.2303689372206284,0
ORD505373,CUST101062,560038,2025-01-30 11:05:01,425.94,2.7,Beauty,19,0,7.5,6,0.2724121632267213,0,12,0.2495667244367417,1
ORD503539,CUST100354,560058,2025-01-30 11:53:57,1722.62,4.7,Electronics,17,0,18.0,0,0.2,1,9,0.1724137931034483,0
ORD505479,CUST100883,560015,2025-01-30 12:33:34,658.49,11.1,Home,6,0,9.4,0,0.1998269896193771,1,13,0.212016357345077,0
ORD505876,CUST100708,560118,2025-01-30 12:40:05,1185.31,54.3,Fashion,19,0,12.2,1,0.1663785652549697,0,9,0.2411408815903198,0
ORD503387,CUST101884,560105,2025-01-30 13:22:53,1225.43,9.3,Electronics,19,0,10.3,2,0.2853441894892672,0,10,0.2996545768566493,0
ORD502976,CUST101263,560048,2025-01-30 13:29:24,353.32,23.1,Electronics,17,0,3.6,1,0.1660914581535806,0,15,0.2853198570195981,0
ORD500888,CUST100410,560005,2025-01-30 13:33:08,777.51,11.9,Electronics,16,0,18.9,3,0.3744612068965517,0,10,0.1994252873563218,0
ORD502012,CUST101815,560066,2025-01-30 14:51:55,724.57,17.6,Home,22,1,24.8,1,0.1658053402239448,0,4,0.2908053402239449,0
ORD505270,CUST101060,560067,2025-01-30 15:34:29,623.44,25.9,Fashion,22,1,10.7,0,0.1987951807228915,1,6,0.268303985171455,0
ORD505713,CUST101441,560057,2025-01-30 15:56:39,1387.69,45.2,Electronics,3,1,13.0,1,0.1655202063628547,0,10,0.1324161650902837,0
ORD501822,CUST100532,560115,2025-01-30 16:04:55,990.43,34.0,Beauty,21,0,2.9,2,0.1417525773195876,0,7,0.2210767468499427,0
ORD507095,CUST100281,560051,2025-01-30 16:20:43,610.86,12.1,Other,22,1,15.3,0,0.1982832618025751,1,10,0.16552217453505,0
ORD503631,CUST101800,560067,2025-01-30 16:52:47,546.87,43.9,Electronics,14,0,12.8,1,0.1650943396226415,0,7,0.2578616352201258,0
ORD502638,CUST100407,560066,2025-01-30 16:59:10,1284.86,22.4,Fashion,15,0,18.2,0,0.1979434447300771,1,5,0.2783547557840617,1
ORD504643,CUST100541,560011,2025-01-30 17:59:39,300.9,13.0,Home,21,0,4.6,9,0.1423679060665362,0,10,0.1990867579908675,0
ORD502011,CUST100674,560024,2025-01-30 19:27:28,657.33,14.2,Fashion,7,0,6.9,4,0.3324779013401768,0,6,0.1911232480094755,0
ORD505439,CUST101335,560117,2025-01-30 20:03:03,432.96,21.3,Electronics,1,1,15.2,6,0.0901320901320901,0,10,0.2321937321937322,0
ORD507063,CUST101638,560048,2025-01-30 20:10:01,895.79,26.8,Electronics,6,0,11.1,2,0.1415151884835915,0,16,0.2767340354872379,0
ORD504765,CUST101995,560001,2025-01-30 20:35:54,362.95,0.9,Fashion,5,0,6.2,3,0.2487201365187713,0,12,0.3424701365187713,0
ORD506302,CUST100906,560104,2025-01-30 20:42:51,289.7,7.0,Fashion,22,1,16.9,6,0.1808106641866232,0,13,0.1501717946730734,0
ORD505489,CUST101777,560030,2025-01-30 21:36:37,643.65,12.4,Home,0,1,10.4,1,0.164679159568427,0,12,0.2172593696763202,0
ORD500602,CUST101203,560043,2025-01-30 21:41:58,304.89,2.7,Other,20,0,31.1,2,0.2838905775075988,0,9,0.1361702127659574,0
ORD502077,CUST100727,560036,2025-01-30 22:44:17,585.18,0.1,Beauty,16,0,11.3,1,0.1643990929705215,0,9,0.2050199390100868,0
ORD505828,CUST100318,560117,2025-01-30 23:18:06,1592.0,39.5,Electronics,10,0,4.8,1,0.1642594165958651,0,11,0.2239427741387343,0
ORD502306,CUST101924,560074,2025-01-30 23:44:47,1193.71,7.3,Fashion,5,0,7.1,0,0.1969439728353141,1,7,0.1458844243224548,0
ORD505332,CUST100064,560110,2025-01-30 23:51:08,721.25,40.9,Fashion,10,0,10.5,2,0.140554949715255,0,10,0.2645179530675713,0
ORD504308,CUST100192,560092,2025-01-31 00:59:53,434.01,16.8,Electronics,10,0,26.2,0,0.1966101694915254,1,14,0.1744765702891326,0
ORD505035,CUST100236,560014,2025-01-31 01:09:05,956.11,44.7,Other,23,1,22.2,3,0.2477773073666384,0,13,0.2402689041131039,1
ORD506296,CUST100689,560070,2025-01-31 01:54:46,1248.0,18.0,Other,18,0,10.1,2,0.1408025138989606,0,8,0.1765167996132463,0
ORD505669,CUST100760,560091,2025-01-31 01:59:24,488.61,46.0,Home,13,0,22.5,0,0.1969568892645815,1,5,0.1975655114116652,1
ORD504055,CUST101665,560118,2025-01-31 02:30:34,210.13,11.5,Fashion,3,1,20.9,0,0.1976351351351351,1,10,0.2317567567567567,0
ORD501812,CUST101062,560042,2025-01-31 03:10:19,584.76,17.8,Beauty,15,0,11.7,7,0.3322784810126582,0,7,0.1833098921706516,0
ORD505703,CUST101796,560064,2025-01-31 03:25:18,805.71,8.3,Home,7,0,10.1,1,0.3310848791455874,0,5,0.1578414839797639,0
ORD500725,CUST100557,560006,2025-01-31 03:46:19,1647.05,4.1,Fashion,2,1,6.6,6,0.1805161982078578,0,14,0.1747856682689925,0
ORD505364,CUST100588,560035,2025-01-31 04:22:13,964.13,14.3,Other,1,1,9.1,0,0.1969696969696969,1,10,0.2646464646464646,0
ORD504075,CUST100021,560106,2025-01-31 06:29:26,944.66,50.8,Other,23,1,11.8,0,0.1968040370058873,1,12,0.2167525231286795,0
ORD502752,CUST100376,560037,2025-01-31 06:39:56,623.56,15.5,Electronics,0,1,13.8,1,0.1638655462184874,0,5,0.1973109243697479,0
ORD502106,CUST100364,560045,2025-01-31 07:15:54,455.05,17.4,Fashion,9,0,6.2,4,0.1091519731318219,0,6,0.1511335012594458,0
ORD504697,CUST100758,560064,2025-01-31 07:56:10,168.3,8.8,Fashion,8,0,16.5,0,0.1963087248322147,1,6,0.1510067114093959,0
ORD502796,CUST101139,560027,2025-01-31 08:02:59,494.84,7.3,Home,9,0,11.5,4,0.2200800968613206,0,11,0.2555768866776627,0
ORD502766,CUST100260,560057,2025-01-31 08:10:53,768.77,9.9,Grocery,16,0,1.7,0,0.1959798994974874,1,11,0.1264386448370886,0
ORD502303,CUST100935,560017,2025-01-31 09:30:32,240.88,7.6,Beauty,22,1,17.4,2,0.2827256425582785,0,7,0.1450488145048814,1
ORD504834,CUST100541,560072,2025-01-31 10:49:36,496.95,19.3,Home,7,0,6.0,10,0.1321627647714604,0,19,0.2033273304176314,0
ORD506250,CUST101127,560105,2025-01-31 11:04:21,1146.46,35.6,Other,16,0,2.2,1,0.3302701197438039,0,11,0.2879510604468159,1
ORD507192,CUST100831,560007,2025-01-31 11:22:41,509.22,11.3,Electronics,16,0,24.5,0,0.1969949916527545,1,4,0.2058291597106288,0
ORD507074,CUST100955,560104,2025-01-31 12:29:51,201.97,25.2,Home,22,1,17.9,0,0.1968306922435362,1,14,0.145194524849139,0
ORD507881,CUST101608,560069,2025-01-31 13:21:25,500.88,34.8,Fashion,8,0,9.9,5,0.0983333333333333,0,9,0.1356321839080459,1
ORD503892,CUST100415,560083,2025-01-31 13:25:59,657.44,25.8,Other,10,0,4.0,0,0.1973355537052456,1,10,0.1315570358034971,0
ORD504547,CUST100328,560110,2025-01-31 14:04:34,805.94,45.0,Electronics,17,0,12.3,1,0.1643094841930116,0,11,0.2562396006655574,0
ORD501181,CUST100888,560026,2025-01-31 15:27:08,222.89,11.3,Fashion,7,0,14.3,2,0.4264339152119701,0,6,0.2284672933051985,0
ORD503915,CUST101203,560065,2025-01-31 16:14:45,397.25,11.0,Home,2,1,4.9,3,0.2480274086378737,0,10,0.1978959025470653,0
ORD507817,CUST101657,560091,2025-01-31 16:46:52,583.76,14.0,Home,22,1,4.5,8,0.1525694222789658,0,6,0.2282157676348548,0
ORD503257,CUST100485,560014,2025-01-31 16:55:01,664.62,4.9,Fashion,3,1,14.2,2,0.1403695806680881,0,14,0.2626573017266608,0
ORD502470,CUST101065,560026,2025-01-31 18:03:44,1693.33,39.0,Electronics,11,0,10.3,0,0.196354598177299,1,7,0.2195219245757771,0
ORD500084,CUST100370,560055,2025-01-31 19:18:04,675.37,30.3,Home,12,0,7.3,0,0.1961920529801324,1,8,0.1401371807000946,0
ORD506162,CUST100270,560002,2025-01-31 19:27:39,1350.61,4.7,Fashion,13,0,19.6,0,0.1960297766749379,1,9,0.2041584666723709,0
ORD500199,CUST101209,560062,2025-01-31 20:56:17,1453.61,7.5,Fashion,15,0,13.4,4,0.1088154269972451,0,7,0.2191613100704009,0
ORD505013,CUST101556,560065,2025-01-31 21:24:13,416.1,31.5,Fashion,22,1,17.9,1,0.1630883567299752,0,11,0.1907780826296582,1
ORD505592,CUST100515,560115,2025-01-31 21:53:06,639.98,14.5,Electronics,8,0,31.1,6,0.1801680168016801,0,8,0.2116925978312116,0
ORD503448,CUST100647,560064,2025-01-31 22:23:29,339.98,28.4,Home,10,0,9.8,0,0.1962077493816982,1,7,0.1453390736160728,1
ORD504333,CUST101764,560028,2025-01-31 22:52:02,546.69,11.0,Fashion,10,0,24.9,0,0.1968698517298187,1,8,0.1763356083784419,0
ORD503177,CUST101235,560013,2025-01-31 23:04:37,330.87,21.1,Fashion,22,1,14.9,0,0.1967078189300411,1,11,0.1914243993097039,0
ORD506570,CUST101714,560012,2025-01-31 23:28:11,918.13,30.8,Other,18,0,23.2,1,0.1637883771929824,0,9,0.135549001814882,0
ORD504537,CUST101752,560034,2025-02-01 00:08:48,466.26,10.9,Electronics,12,0,10.1,1,0.3303204601479046,0,8,0.2474175372696326,0
ORD502950,CUST100772,560082,2025-02-01 00:31:11,300.97,3.1,Electronics,1,1,12.4,2,0.1401595120806943,0,8,0.17587379779498,0
ORD501133,CUST101200,560117,2025-02-01 01:53:39,1219.65,8.8,Home,2,1,8.5,0,0.1960623461853978,1,12,0.2162889663658736,0
ORD507751,CUST100306,560103,2025-02-01 02:17:21,442.04,28.6,Beauty,4,1,4.9,1,0.1632513661202186,0,9,0.2040700960994912,0
ORD503213,CUST101564,560103,2025-02-01 02:18:00,472.54,16.9,Home,19,0,9.5,0,0.1957411957411957,1,10,0.1971607971607971,0
ORD502855,CUST100250,560091,2025-02-01 02:50:11,1657.36,21.5,Electronics,9,0,6.1,0,0.1955810147299509,1,7,0.2189488997999636,1
ORD503967,CUST100047,560055,2025-02-01 02:57:54,825.6,11.5,Fashion,0,1,6.8,5,0.498119378577269,0,9,0.1353370738996814,1
ORD506874,CUST100505,560044,2025-02-01 07:01:16,431.77,31.9,Beauty,18,0,10.1,0,0.1968954248366013,1,8,0.1406395891690009,0
ORD503778,CUST101203,560117,2025-02-01 07:40:08,785.79,35.5,Fashion,8,0,19.5,4,0.2204081632653061,0,13,0.2101422387136673,1
ORD500279,CUST100797,560008,2025-02-01 07:54:35,665.23,10.9,Beauty,11,0,18.9,1,0.1644915715062534,0,9,0.2740619902120718,0
ORD503221,CUST100315,560029,2025-02-01 08:15:38,724.61,13.6,Home,15,0,15.3,1,0.3310241782124423,0,8,0.1408778670392362,0
ORD505148,CUST101865,560084,2025-02-01 08:54:07,505.69,18.8,Grocery,10,0,15.2,0,0.1970684039087948,1,8,0.283620288506282,0
ORD504181,CUST100929,560043,2025-02-01 09:13:07,393.16,9.2,Fashion,20,0,7.3,0,0.1969080553295362,1,10,0.1312720368863574,0
ORD504082,CUST100073,560083,2025-02-01 09:17:25,647.53,18.7,Other,15,0,10.4,0,0.1967479674796748,1,11,0.1269341725675321,0
ORD502779,CUST100208,560068,2025-02-01 09:39:00,210.67,39.5,Home,6,0,17.8,2,0.1404200998027155,0,6,0.1896831844029244,0
ORD501509,CUST101382,560035,2025-02-01 09:42:13,1505.96,13.2,Electronics,5,0,4.8,0,0.1964285714285714,1,11,0.2557603686635945,0
ORD504259,CUST100231,560001,2025-02-01 09:55:32,620.56,61.5,Grocery,5,0,15.1,6,0.3619405736194057,0,13,0.3310722799773894,1
ORD507667,CUST101430,560045,2025-02-01 10:12:53,697.19,19.2,Fashion,12,0,6.7,1,0.1641004862236628,0,7,0.1458670988654781,0
ORD502923,CUST101114,560086,2025-02-01 12:10:58,813.27,26.2,Fashion,8,0,7.6,0,0.1967611336032388,1,12,0.1854757085020243,0
ORD501099,CUST101841,560057,2025-02-01 12:19:45,1199.08,15.7,Beauty,19,0,9.6,2,0.1404299583911234,0,12,0.122876213592233,0
ORD502076,CUST100408,560102,2025-02-01 12:46:21,1196.58,9.9,Fashion,14,0,6.9,1,0.1637025060630557,0,13,0.2705715195610103,0
ORD501767,CUST100085,560085,2025-02-01 13:05:52,574.2,22.7,Electronics,12,0,20.0,0,0.1962843295638126,1,11,0.158893115847621,0
ORD505073,CUST101224,560047,2025-02-01 13:39:33,554.48,28.8,Electronics,13,0,16.8,1,0.1634382566585956,0,15,0.1406433759944655,1
ORD501538,CUST101885,560026,2025-02-01 14:02:07,650.47,6.8,Beauty,18,0,7.1,0,0.1967741935483871,1,8,0.2119815668202765,1
ORD505785,CUST100120,560013,2025-02-01 14:04:17,344.16,4.3,Fashion,2,1,1.6,0,0.1974214343271555,1,12,0.1858883964544722,0
ORD502121,CUST101127,560072,2025-02-01 14:07:15,3110.6,14.9,Electronics,11,0,1.7,2,0.4266160570508396,0,20,0.1986312399355877,0
ORD506750,CUST101123,560115,2025-02-01 14:10:07,1434.26,20.9,Home,22,1,14.1,1,0.1642531509788146,0,9,0.2048991594307432,0
ORD505117,CUST101789,560048,2025-02-01 15:09:29,441.67,31.5,Fashion,13,0,21.2,1,0.1641211146838156,0,17,0.268619101416529,0
ORD500008,CUST100988,560094,2025-02-01 16:08:28,952.02,10.9,Fashion,10,0,12.4,7,0.1653279785809906,0,8,0.2119908204245553,1
ORD506843,CUST101969,560080,2025-02-01 16:09:10,385.14,35.9,Home,19,0,12.4,2,0.1410227012153176,0,9,0.2740908839320308,0
ORD501427,CUST100160,560006,2025-02-01 16:09:45,805.54,13.6,Home,12,0,1.9,0,0.1972734562951082,1,15,0.1698705464543475,0
ORD506308,CUST100193,560011,2025-02-01 16:42:07,720.83,10.2,Beauty,23,1,12.0,0,0.1971153846153846,1,11,0.1916873449131513,0
ORD506310,CUST100759,560060,2025-02-01 17:52:30,520.64,45.0,Fashion,21,0,11.0,2,0.2835411186091731,0,12,0.1543484787830264,0
ORD503171,CUST100720,560053,2025-02-01 18:27:37,437.97,7.1,Other,5,0,15.5,0,0.1968,1,12,0.27925,0
ORD506952,CUST100007,560092,2025-02-01 19:08:37,459.58,2.7,Home,23,1,10.0,2,0.1404590613223706,0,15,0.1695101062007536,0
ORD505469,CUST100633,560110,2025-02-01 20:01:15,988.29,3.6,Electronics,16,0,18.5,1,0.163738019169329,0,12,0.2478035143769968,0
ORD504558,CUST100225,560033,2025-02-01 21:57:37,643.83,14.4,Beauty,6,0,12.5,1,0.163607342378292,0,5,0.1970630486831603,1
ORD503862,CUST101430,560054,2025-02-02 00:05:58,645.56,7.0,Fashion,17,0,16.6,2,0.1406926406926407,0,8,0.1764069264069264,0
ORD507032,CUST101804,560091,2025-02-02 00:45:10,1698.41,21.9,Home,7,0,1.1,1,0.1640106241699867,0,8,0.2477233921457029,0
ORD503614,CUST101139,560102,2025-02-02 00:53:20,1254.22,18.3,Other,19,0,13.9,5,0.198328025477707,0,14,0.2627388535031847,0
ORD500329,CUST100872,560034,2025-02-02 01:15:25,1134.15,10.3,Electronics,23,1,6.2,12,0.5283822359492722,0,9,0.238965242915535,0
ORD506044,CUST100001,560020,2025-02-02 01:40:26,192.64,20.6,Home,7,0,1.0,3,0.1227146263910969,0,8,0.1759595730183965,0
ORD505848,CUST101432,560025,2025-02-02 01:46:18,523.59,46.3,Other,2,1,8.4,0,0.1961874503574265,1,10,0.164124966904951,0
ORD503816,CUST101203,560034,2025-02-02 02:19:56,511.92,12.0,Home,21,0,10.3,5,0.298015873015873,0,10,0.2306878306878307,0
ORD502500,CUST100463,560055,2025-02-02 03:25:50,508.75,3.1,Home,17,0,3.3,0,0.1958762886597938,1,10,0.1639175257731958,0
ORD505687,CUST100257,560097,2025-02-02 03:26:55,433.88,19.6,Beauty,16,0,29.5,0,0.1957210776545166,1,17,0.1868762581916306,0
ORD503564,CUST101230,560086,2025-02-02 04:21:29,516.8,13.7,Beauty,15,0,15.0,0,0.1955661124307205,1,13,0.1791309772307397,1
ORD500078,CUST101469,560114,2025-02-02 04:41:57,1051.17,13.2,Grocery,3,1,14.6,0,0.1962025316455696,1,6,0.1509250243427458,0
ORD504963,CUST101875,560049,2025-02-02 05:31:56,1516.16,32.0,Electronics,8,0,3.3,4,0.220026350461133,0,8,0.1400338791643139,0
ORD507118,CUST101437,560086,2025-02-02 06:04:35,798.21,10.3,Home,13,0,21.5,1,0.163243812532912,0,14,0.2034662206114673,0
ORD506975,CUST101019,560033,2025-02-02 06:43:27,774.75,9.5,Fashion,2,1,12.8,3,0.247336227308603,0,6,0.2274907413028959,0
ORD505449,CUST101586,560043,2025-02-02 07:09:25,522.83,41.9,Electronics,0,1,1.3,3,0.3722397476340694,0,11,0.1261829652996845,0
ORD505217,CUST101764,560073,2025-02-02 07:27:15,316.31,30.7,Grocery,14,0,2.3,1,0.1628578933543472,0,8,0.2110210514465833,0
ORD504437,CUST101774,560010,2025-02-02 08:40:20,596.55,30.2,Electronics,22,1,11.1,1,0.3293963254593176,0,14,0.2913385826771653,0
ORD504820,CUST100108,560084,2025-02-02 08:47:48,1249.6,14.8,Electronics,19,0,10.1,0,0.1951219512195122,1,9,0.272497897392767,0
ORD500592,CUST101198,560004,2025-02-02 09:19:15,1074.87,12.4,Fashion,1,1,1.0,0,0.1949685534591195,1,12,0.1843553459119497,0
ORD501784,CUST101878,560111,2025-02-02 09:50:16,560.44,21.2,Electronics,15,0,16.8,1,0.1623461639172558,0,14,0.1734208215886512,0
ORD500324,CUST100455,560041,2025-02-02 09:51:01,2452.03,4.1,Other,13,0,13.9,4,0.3303680446537589,0,7,0.1441944299087156,0
ORD507986,CUST100194,560045,2025-02-02 10:55:36,1104.98,6.6,Fashion,11,0,19.6,8,0.1517345399698341,0,8,0.1389355742296918,0
ORD505780,CUST100969,560101,2025-02-02 11:03:04,851.81,8.2,Grocery,8,0,19.9,2,0.1388266905508284,0,11,0.2221660430781676,0
ORD505475,CUST100001,560017,2025-02-02 12:14:59,613.05,29.1,Beauty,6,0,8.7,4,0.107891760201862,0,8,0.1744322631166797,0
ORD501939,CUST101270,560097,2025-02-02 12:26:39,281.71,25.4,Other,5,0,11.1,2,0.1386094343840822,0,18,0.1810806358619553,1
ORD504521,CUST100343,560099,2025-02-02 13:13:29,972.96,19.8,Home,21,0,15.1,4,0.1081574146468595,0,12,0.1529270914777169,0
ORD501968,CUST100464,560053,2025-02-02 13:39:47,466.89,20.0,Home,6,0,12.2,0,0.19453125,1,13,0.2694128787878788,0
ORD503881,CUST100296,560071,2025-02-02 14:19:53,270.07,4.1,Home,0,1,3.8,3,0.1214871194379391,0,11,0.318954445871421,0
ORD500451,CUST100696,560022,2025-02-02 14:45:44,1012.59,28.2,Electronics,4,1,33.2,1,0.1618564742589703,0,9,0.1684329442143202,0
ORD501364,CUST100835,560042,2025-02-02 14:47:29,1019.63,19.6,Beauty,16,0,20.0,4,0.2189313241534597,0,8,0.1743402739115911,0
ORD501441,CUST100754,560085,2025-02-02 15:15:15,364.51,2.2,Beauty,23,1,10.5,0,0.1939252336448598,1,12,0.1524532710280373,0
ORD507456,CUST100566,560005,2025-02-02 15:36:53,674.63,37.5,Other,23,1,1.4,2,0.1384102279043913,0,11,0.1895318187523534,1
ORD506802,CUST101892,560012,2025-02-02 16:16:11,272.67,59.0,Electronics,3,1,3.4,1,0.1620010368066355,0,10,0.1296008294453084,0
ORD507956,CUST100973,560093,2025-02-02 16:47:22,1360.6,19.2,Electronics,10,0,18.0,1,0.1618751618751618,0,8,0.1744644244644244,0
ORD500140,CUST100669,560092,2025-02-02 16:51:36,371.73,16.9,Fashion,23,1,9.2,1,0.1617494824016563,0,16,0.1633885438233264,1
ORD500884,CUST100988,560078,2025-02-02 16:53:35,672.13,33.1,Fashion,11,0,7.7,8,0.2287402279644327,0,11,0.1578868340048549,0
ORD500553,CUST100713,560022,2025-02-02 17:50:10,150.0,28.5,Electronics,7,0,15.5,5,0.0972868217054263,0,10,0.1630490956072351,0
ORD507133,CUST101800,560094,2025-02-02 18:38:28,302.5,40.4,Fashion,19,0,3.0,2,0.1388735199734425,0,9,0.2375330537674617,0
ORD507263,CUST101587,560106,2025-02-02 19:09:01,481.39,9.9,Beauty,9,0,18.0,4,0.1079291365669074,0,13,0.208649967163899,0
ORD507876,CUST101106,560094,2025-02-02 19:49:48,780.21,16.5,Home,12,0,14.8,1,0.1617684970353183,0,10,0.2294147976282547,0
ORD503409,CUST101823,560053,2025-02-02 20:11:06,474.54,13.5,Beauty,4,1,8.0,1,0.1616434827408552,0,14,0.2611601054641331,0
ORD503743,CUST101323,560113,2025-02-02 20:16:16,562.91,13.0,Fashion,10,0,30.3,1,0.3281853281853282,0,9,0.1336706164292371,0
ORD506421,CUST101161,560044,2025-02-02 20:18:23,1105.0,36.8,Grocery,7,0,4.6,4,0.1075960219478738,0,9,0.1335674755214985,0
ORD506605,CUST101160,560047,2025-02-02 20:20:40,372.63,7.9,Electronics,6,0,14.8,3,0.1209521973785659,0,16,0.1630686198920586,0
ORD507864,CUST100337,560047,2025-02-02 21:19:58,973.47,29.1,Fashion,19,0,16.1,0,0.1933744221879815,1,17,0.1585807687502602,0
ORD504636,CUST101465,560031,2025-02-02 21:25:05,163.11,26.8,Beauty,7,0,10.2,2,0.2808753986583086,0,17,0.2395813827684497,0
ORD503875,CUST100557,560080,2025-02-02 21:48:46,782.36,15.6,Home,23,1,11.6,7,0.1637820512820512,0,10,0.2620512820512821,0
ORD500673,CUST100147,560018,2025-02-02 21:53:10,1776.9,36.1,Electronics,23,1,19.4,0,0.1929285165257494,1,12,0.1518303228285933,1
ORD500557,CUST101684,560074,2025-02-02 22:16:57,752.27,15.3,Fashion,11,0,7.1,2,0.1382488479262673,0,8,0.1382488479262673,0
ORD505040,CUST101157,560119,2025-02-02 22:23:50,979.33,12.4,Electronics,20,0,11.4,0,0.1933998465080583,1,15,0.2533713408617475,0
ORD501879,CUST100960,560070,2025-02-02 22:35:03,504.24,22.3,Grocery,17,0,6.7,0,0.1932515337423312,1,9,0.1677596784429871,0
ORD501354,CUST100557,560070,2025-02-02 22:45:52,689.78,42.2,Other,18,0,4.4,8,0.1511936339522546,0,10,0.1620689655172413,0
ORD503968,CUST100666,560001,2025-02-02 23:02:16,810.03,2.6,Other,13,0,20.4,0,0.1929555895865237,1,14,0.3487974056391316,0
ORD503308,CUST101987,560041,2025-02-02 23:20:27,260.86,37.0,Fashion,0,1,11.1,1,0.160673297628156,0,8,0.1377199693955623,0
ORD502176,CUST100307,560018,2025-02-02 23:39:10,979.09,5.9,Fashion,6,0,8.8,2,0.1376146788990825,0,13,0.1773700305810397,0
ORD500591,CUST101929,560098,2025-02-02 23:53:36,1050.96,10.2,Grocery,19,0,4.8,2,0.1375095492742551,0,9,0.2362161165406601,1
ORD507006,CUST100906,560016,2025-02-03 00:22:19,406.19,27.2,Fashion,8,0,9.4,7,0.1638040712468193,0,14,0.2312528064660979,0
ORD503745,CUST100540,560074,2025-02-03 01:51:32,7729.15,14.6,Electronics,7,0,24.6,0,0.1929824561403508,1,9,0.1330913490623109,0
ORD501966,CUST100758,560089,2025-02-03 02:32:11,580.21,18.7,Grocery,2,1,7.1,1,0.1606961382113821,0,3,0.1676829268292683,0
ORD504068,CUST101035,560087,2025-02-03 02:56:25,899.53,14.2,Beauty,19,0,12.7,1,0.1605737496826605,0,7,0.1427322219401427,0
ORD505520,CUST101628,560090,2025-02-03 03:29:54,489.27,19.3,Fashion,5,0,29.6,5,0.4962709284627092,0,7,0.1426235977225322,1
ORD505563,CUST101391,560106,2025-02-03 03:36:37,1535.99,17.7,Grocery,23,1,25.2,0,0.1931558935361216,1,14,0.2018564079624245,0
ORD500081,CUST100701,560001,2025-02-03 06:30:10,1890.88,18.1,Fashion,11,0,13.3,0,0.1930091185410334,1,15,0.3388623534520191,1
ORD507971,CUST101586,560059,2025-02-03 06:52:48,388.99,14.8,Other,10,0,9.8,4,0.3297899266008605,0,8,0.1383013342011064,0
ORD501783,CUST101106,560093,2025-02-03 06:56:41,992.57,17.8,Grocery,9,0,12.3,2,0.1381964014740949,0,9,0.1679137669405054,0
ORD506887,CUST101405,560068,2025-02-03 08:39:00,1893.62,12.6,Grocery,7,0,27.5,5,0.1966641394996209,0,7,0.180243169629068,0
ORD504651,CUST100248,560068,2025-02-03 09:22:32,3311.4,4.7,Electronics,19,0,11.0,0,0.1931818181818181,1,8,0.1737012987012987,0
ORD504513,CUST100309,560044,2025-02-03 09:36:35,385.87,3.0,Home,2,1,16.6,0,0.1930355791067373,1,10,0.1286903860711582,0
ORD502772,CUST100725,560108,2025-02-03 10:14:39,1649.48,7.2,Home,11,0,24.1,1,0.1607413010590015,0,10,0.2619263741805345,0
ORD507500,CUST100689,560069,2025-02-03 11:02:32,480.46,3.1,Electronics,22,1,16.1,3,0.1204648526077097,0,10,0.1618291761148904,0
ORD507359,CUST101071,560019,2025-02-03 13:41:40,886.39,5.8,Fashion,16,0,13.2,0,0.1925981873111782,1,18,0.2066306249006201,0
ORD505816,CUST101663,560076,2025-02-03 14:45:50,606.28,26.5,Other,16,0,15.6,2,0.2803234501347709,0,9,0.132726089785296,0
ORD504322,CUST100557,560056,2025-02-03 16:04:01,313.88,23.6,Other,21,0,13.2,9,0.1401098901098901,0,9,0.1326259946949602,1
ORD501178,CUST101579,560018,2025-02-03 16:13:03,1297.85,17.1,Electronics,11,0,7.0,3,0.3705727204220045,0,14,0.1723037368677689,0
ORD506567,CUST101814,560007,2025-02-03 16:29:37,543.92,27.2,Other,13,0,11.7,0,0.1927710843373494,1,5,0.1942168674698795,0
ORD506214,CUST101972,560027,2025-02-03 17:38:11,908.21,16.2,Grocery,16,0,16.2,1,0.1605216955104088,0,12,0.2453912716328066,1
ORD500763,CUST101045,560035,2025-02-03 17:44:59,535.23,16.7,Beauty,6,0,30.6,1,0.3276942355889724,0,12,0.2457706766917293,1
ORD507258,CUST101246,560042,2025-02-03 17:53:31,1285.01,42.4,Fashion,20,0,19.9,4,0.2187995659070039,0,9,0.1681649783673152,0
ORD500614,CUST100064,560028,2025-02-03 18:09:59,807.37,9.5,Grocery,13,0,5.2,3,0.1210585585585585,0,9,0.1680646163404784,0
ORD503188,CUST100779,560078,2025-02-03 18:57:38,623.56,20.5,Fashion,3,1,18.4,0,0.1935483870967742,1,12,0.1522177419354838,0
ORD504620,CUST101301,560083,2025-02-03 19:27:01,216.34,9.3,Fashion,6,0,14.4,0,0.1934032983508246,1,12,0.1208770614692653,0
ORD507555,CUST100674,560028,2025-02-03 19:34:44,527.89,27.3,Grocery,21,0,16.1,5,0.2966292134831461,0,10,0.1621722846441947,0
ORD503878,CUST100708,560108,2025-02-03 19:56:54,1569.07,35.7,Home,0,1,18.4,2,0.1379384088964927,0,11,0.2536217886807031,0
ORD504752,CUST101404,560076,2025-02-03 21:07:16,892.51,39.4,Fashion,23,1,6.4,0,0.1929693343305908,1,10,0.1286462228870606,1
ORD502185,CUST100405,560077,2025-02-03 21:29:16,2170.63,5.0,Other,14,0,1.0,1,0.3279770802192327,0,7,0.2915351824170957,0
ORD501170,CUST100804,560010,2025-02-03 21:50:07,686.67,9.2,Home,5,0,1.8,0,0.1934279312920089,1,15,0.281958817881148,0
ORD500940,CUST101013,560090,2025-02-03 22:35:16,612.04,25.6,Electronics,1,1,11.2,4,0.107379767827529,0,8,0.173773987206823,0
ORD501748,CUST100364,560001,2025-02-04 00:55:27,957.9,4.2,Grocery,6,0,1.7,5,0.0965697240865026,0,16,0.3572996934294473,0
ORD504208,CUST100024,560078,2025-02-04 01:01:47,2430.63,24.4,Grocery,23,1,10.0,1,0.160829607550919,0,13,0.1472700176127896,0
ORD500985,CUST100589,560085,2025-02-04 01:38:54,700.07,5.7,Other,18,0,8.7,0,0.1928518242740134,1,13,0.1471829238024323,0
ORD501472,CUST101582,560079,2025-02-04 01:55:14,531.3,16.2,Fashion,8,0,6.6,0,0.1927083333333333,1,11,0.1565860215053763,0
ORD506785,CUST100877,560109,2025-02-04 03:07:44,669.89,17.6,Home,20,0,9.1,2,0.1375464684014869,0,7,0.1796778190830235,0
ORD502396,CUST100232,560021,2025-02-04 03:45:05,565.29,19.5,Grocery,16,0,17.5,0,0.1924219910846954,1,8,0.1731585650604967,0
ORD507749,CUST100432,560052,2025-02-04 04:18:57,569.01,14.8,Electronics,2,1,6.5,0,0.192279138827023,1,11,0.1240510573077568,0
ORD500359,CUST101312,560081,2025-02-04 04:48:07,512.5,16.7,Electronics,5,0,2.8,1,0.1601137487636004,0,7,0.1793603692713485,0
ORD500864,CUST100520,560038,2025-02-04 04:49:45,511.12,19.7,Fashion,10,0,11.4,2,0.1371386212008895,0,13,0.2678751937462093,0
ORD504903,CUST100824,560090,2025-02-04 05:19:39,817.13,42.1,Grocery,21,0,19.9,0,0.1918518518518518,1,9,0.166794380587484,0
ORD504295,CUST100423,560038,2025-02-04 05:26:19,565.07,4.7,Fashion,3,1,13.1,1,0.1597582037996545,0,14,0.2598293203291679,0
ORD507072,CUST101705,560103,2025-02-04 05:36:12,150.0,13.6,Beauty,16,0,8.8,2,0.1368343195266272,0,11,0.1881084176369536,0
ORD503431,CUST101543,560043,2025-02-04 05:45:11,2384.1,0.9,Other,22,1,24.3,7,0.2464276915496427,0,12,0.1196415373244641,0
ORD501093,CUST100414,560028,2025-02-04 05:45:39,401.88,6.3,Electronics,20,0,16.5,1,0.3260709010339734,0,11,0.1556677943488826,0
ORD505118,CUST101505,560105,2025-02-04 06:54:06,335.01,5.8,Fashion,13,0,19.2,2,0.2793885081707959,0,12,0.3069649446494464,0
ORD505204,CUST100503,560116,2025-02-04 07:57:22,1051.81,2.8,Other,2,1,16.1,2,0.1364306784660767,0,9,0.131726172312074,0
ORD502531,CUST101551,560029,2025-02-04 09:19:48,150.0,3.0,Fashion,17,0,6.9,5,0.0954310980103168,0,9,0.1316291007038853,0
ORD505292,CUST101832,560057,2025-02-04 09:57:10,987.16,20.3,Fashion,1,1,14.3,0,0.190721649484536,1,13,0.1155888784754764,0
ORD501340,CUST100256,560003,2025-02-04 10:05:23,1077.56,33.4,Electronics,4,1,15.8,2,0.278986649847577,0,8,0.2075580784190056,0
ORD504663,CUST100759,560076,2025-02-04 10:40:34,2768.88,14.8,Grocery,14,0,15.5,3,0.2440257352941176,0,11,0.155123339658444,0
ORD504098,CUST101174,560057,2025-02-04 10:42:53,1157.72,27.3,Home,22,1,31.6,0,0.1903012490815576,1,14,0.1119419112244456,0
ORD507633,CUST100447,560003,2025-02-04 10:52:01,789.0,38.2,Electronics,18,0,15.6,2,0.2786868051185232,0,9,0.2001113980454706,1
ORD504112,CUST101183,560017,2025-02-04 10:53:36,514.36,40.3,Fashion,15,0,24.9,8,0.304136802302613,0,9,0.1660384041288233,1
ORD502430,CUST100929,560011,2025-02-04 11:06:33,706.09,5.2,Electronics,15,0,5.2,1,0.1594574780058651,0,12,0.1820931085043988,0
ORD500770,CUST101701,560046,2025-02-04 11:17:40,400.04,31.4,Fashion,23,1,11.6,4,0.1062271062271062,0,5,0.1929670329670329,1
ORD505666,CUST100975,560016,2025-02-04 11:31:33,1242.1,48.0,Fashion,10,0,5.0,2,0.2798577703409329,0,15,0.2238862162727463,0
ORD506672,CUST101462,560118,2025-02-04 11:45:12,347.6,34.6,Electronics,7,0,10.2,2,0.1369004075660988,0,11,0.2204261745758312,0
ORD506456,CUST100315,560118,2025-02-04 11:57:25,1356.73,22.1,Home,20,0,11.0,2,0.2796574770258981,0,12,0.2134502923976608,0
ORD500952,CUST100403,560066,2025-02-04 12:11:04,1470.01,24.1,Other,21,0,4.3,1,0.1594838081324567,0,6,0.3010619767376524,1
ORD505300,CUST101040,560105,2025-02-04 12:33:13,729.39,37.6,Beauty,6,0,10.2,0,0.191970802919708,1,13,0.2981641229816412,0
ORD501095,CUST100888,560102,2025-02-04 12:39:21,410.68,15.3,Home,19,0,17.7,3,0.3698942377826404,0,15,0.2524747316869855,1
ORD500100,CUST100246,560004,2025-02-04 12:53:15,783.11,18.9,Fashion,4,1,3.2,0,0.1924198250728863,1,13,0.1772241364078098,0
ORD505278,CUST100002,560005,2025-02-04 13:35:29,652.9,15.7,Fashion,12,0,16.9,0,0.1922796795338674,1,12,0.2139247997086671,0
ORD500969,CUST100156,560041,2025-02-04 14:41:42,557.41,20.9,Beauty,18,0,7.6,0,0.1921397379912663,1,9,0.1325101641319078,0
ORD503104,CUST101429,560043,2025-02-04 16:16:24,735.3,15.9,Fashion,15,0,6.8,6,0.0872727272727272,0,13,0.1163636363636363,0
ORD503444,CUST101138,560008,2025-02-04 16:23:01,1610.27,5.6,Fashion,3,1,9.6,2,0.2799003322259136,0,10,0.2612403100775193,0
ORD502877,CUST100262,560080,2025-02-04 16:30:01,915.59,0.6,Electronics,2,1,13.1,2,0.136943666355431,0,11,0.2527233115468409,0
ORD507528,CUST100745,560032,2025-02-04 16:39:21,501.63,14.3,Fashion,2,1,7.2,0,0.1915820029027576,1,11,0.2203754857437145,0
ORD502596,CUST100972,560039,2025-02-04 17:28:11,605.45,7.4,Home,21,0,6.5,1,0.1595358955765047,0,3,0.2534287606015701,0
ORD501484,CUST101405,560076,2025-02-04 17:57:20,707.44,3.5,Electronics,10,0,2.1,6,0.1778656126482213,0,12,0.1508152173913043,0
ORD502422,CUST100041,560068,2025-02-04 19:11:35,840.0,6.9,Grocery,5,0,5.1,0,0.1911658218682114,1,9,0.1663212564608354,0
ORD504909,CUST101553,560038,2025-02-04 19:15:21,943.58,9.5,Fashion,13,0,17.3,2,0.1364482117014678,0,15,0.2520157122183171,0
ORD507707,CUST100116,560059,2025-02-04 21:05:45,291.24,14.6,Fashion,7,0,20.6,2,0.1363495506662534,0,9,0.1316478420225895,0
ORD501355,CUST100771,560081,2025-02-04 21:07:32,534.13,41.0,Fashion,3,1,13.9,0,0.1907514450867052,1,8,0.1719653179190751,0
ORD504132,CUST101106,560007,2025-02-04 22:17:11,417.37,12.5,Fashion,6,0,19.5,3,0.1191335740072202,0,6,0.1850874757011941,0
ORD501957,CUST101604,560099,2025-02-04 22:31:19,547.23,17.3,Electronics,22,1,10.8,0,0.1904761904761904,1,13,0.1457431457431457,0
ORD502910,CUST100194,560001,2025-02-04 22:40:02,615.69,39.4,Electronics,5,0,18.2,9,0.1394067360181275,0,17,0.3461291139733822,1
ORD501821,CUST100515,560051,2025-02-04 22:57:43,345.03,18.1,Fashion,10,0,19.8,7,0.1628842459173871,0,11,0.1554336710978897,0
ORD507816,CUST101680,560118,2025-02-04 23:02:55,307.92,19.9,Electronics,1,1,1.1,0,0.1907847372210223,1,13,0.2065362043763771,0
ORD500363,CUST100192,560052,2025-02-04 23:42:05,379.15,33.5,Electronics,0,1,15.9,1,0.158872901678657,0,12,0.1191546762589928,0
ORD506911,CUST101586,560008,2025-02-05 00:09:08,893.6,13.6,Fashion,6,0,9.8,5,0.295255212077642,0,11,0.2519422091324412,1
ORD504676,CUST100480,560082,2025-02-05 00:55:05,596.33,20.7,Fashion,14,0,11.0,0,0.1910919540229885,1,9,0.1662703131193024,0
ORD505106,CUST101858,560022,2025-02-05 01:46:37,680.57,40.6,Fashion,6,0,17.9,5,0.2954773869346733,0,11,0.1554546928189333,0
ORD505778,CUST101161,560115,2025-02-05 02:23:05,538.92,14.5,Fashion,4,1,14.6,5,0.0954088952654232,0,10,0.1938785270205643,0
ORD504190,CUST100906,560092,2025-02-05 02:41:56,569.67,2.6,Fashion,17,0,1.0,8,0.1502619244554728,0,17,0.1841518938293131,1
ORD506739,CUST101211,560007,2025-02-05 05:19:10,636.48,24.1,Home,8,0,13.9,2,0.1366148178469095,0,7,0.1787116629523506,0
ORD505495,CUST100861,560075,2025-02-05 05:28:10,678.85,5.4,Fashion,15,0,25.5,2,0.2793741691379486,0,11,0.1555637656729859,1
ORD504482,CUST100371,560058,2025-02-05 05:36:20,570.09,23.4,Home,2,1,16.1,0,0.1917024320457797,1,10,0.1611349546971864,1
ORD501663,CUST101578,560103,2025-02-05 05:51:46,716.04,37.8,Electronics,0,1,6.7,1,0.1602335001191327,0,12,0.1826751250893495,0
ORD500983,CUST101095,560012,2025-02-05 05:52:07,411.46,4.5,Fashion,17,0,3.2,1,0.1601190476190476,0,11,0.123963133640553,0
ORD507927,CUST100996,560047,2025-02-05 06:14:33,486.54,8.6,Electronics,21,0,2.8,0,0.192005710206995,1,18,0.1536872158984184,0
ORD505249,CUST101151,560086,2025-02-05 09:57:30,651.06,30.2,Electronics,3,1,22.7,1,0.1598906324298621,0,15,0.195353576523334,0
ORD504077,CUST100901,560067,2025-02-05 11:02:15,597.53,10.0,Beauty,10,0,6.3,5,0.1958660014255167,0,8,0.2440942877507382,0
ORD507300,CUST101724,560112,2025-02-05 11:07:41,954.31,13.6,Home,2,1,18.1,0,0.1915954415954416,1,13,0.1464214797548131,0
ORD500874,CUST100455,560037,2025-02-05 12:49:22,350.95,32.1,Electronics,15,0,22.3,5,0.295729537366548,0,6,0.1857377497946893,0
ORD501736,CUST101183,560078,2025-02-05 14:03:09,323.03,31.8,Home,22,1,20.6,9,0.3540438935175777,0,14,0.1419546481465985,0
ORD501208,CUST100292,560027,2025-02-05 14:12:20,350.96,43.8,Electronics,8,0,10.3,1,0.1593224354418384,0,13,0.2673860136546703,0
ORD506518,CUST100986,560073,2025-02-05 14:25:00,359.05,12.9,Electronics,23,1,8.8,0,0.1910511363636363,1,9,0.200724921630094,0
ORD503796,CUST101820,560016,2025-02-05 14:34:38,959.82,2.4,Fashion,9,0,2.6,0,0.190915542938254,1,16,0.2171753016323633,0
ORD507777,CUST101505,560050,2025-02-05 16:48:21,340.79,28.5,Fashion,13,0,18.6,3,0.2442375886524822,0,7,0.2894667717362753,1
ORD507646,CUST101184,560055,2025-02-05 17:05:53,675.55,14.4,Home,5,0,17.4,0,0.1913536498936924,1,11,0.155712032189479,0
ORD504305,CUST101019,560071,2025-02-05 17:08:11,540.92,8.9,Other,20,0,14.8,4,0.2173434057286748,0,12,0.3070113314447592,1
ORD500244,CUST100306,560032,2025-02-05 18:32:10,1411.01,3.7,Grocery,20,0,7.4,2,0.1369932261652006,0,12,0.2136190728945506,0
ORD504551,CUST100805,560031,2025-02-05 19:17:04,466.76,10.9,Fashion,21,0,9.3,0,0.1916548797736916,1,18,0.2324499367229956,0
ORD500584,CUST101020,560045,2025-02-05 19:21:50,282.44,31.4,Fashion,3,1,9.6,0,0.1915194346289752,1,9,0.1320823687096381,0
ORD501142,CUST101169,560039,2025-02-05 21:13:47,516.87,3.9,Fashion,5,0,19.9,1,0.3261534839924671,0,4,0.2428201506591337,0
ORD503696,CUST100075,560035,2025-02-05 21:19:42,244.53,7.2,Grocery,10,0,18.8,0,0.1912491178546224,1,13,0.2674237077906802,1
ORD506400,CUST101170,560077,2025-02-05 21:20:40,499.42,33.4,Electronics,6,0,22.8,1,0.159849553361542,0,8,0.2798710457384646,1
ORD505286,CUST101929,560081,2025-02-05 22:08:27,487.03,23.3,Electronics,17,0,22.8,3,0.2452431289640592,0,9,0.1671648319603411,0
ORD503038,CUST100877,560056,2025-02-05 22:33:44,468.86,34.5,Beauty,17,0,1.0,3,0.1201584507042253,0,10,0.1615023474178403,1
ORD501080,CUST100088,560026,2025-02-05 23:30:41,1190.63,4.6,Beauty,17,0,19.4,0,0.1928219563687544,1,9,0.2364289354267272,0
ORD507498,CUST101267,560095,2025-02-05 23:31:29,310.23,15.8,Electronics,13,0,8.5,2,0.1376331123166566,0,6,0.1866818132640917,0
ORD506594,CUST100435,560099,2025-02-05 23:58:36,858.08,25.0,Home,12,0,19.4,0,0.1925509486999297,1,14,0.1426770286470174,0
ORD504038,CUST101516,560033,2025-02-06 00:33:05,1281.78,1.2,Grocery,4,1,18.9,1,0.1603464419475655,0,7,0.2166042446941323,0
ORD504224,CUST100106,560051,2025-02-06 00:35:47,1422.9,37.0,Other,21,0,23.3,0,0.1922807017543859,1,12,0.1514254385964912,0
ORD507534,CUST100296,560068,2025-02-06 01:38:05,1101.0,22.6,Fashion,6,0,9.9,4,0.1067477014181081,0,10,0.1614305750350631,0
ORD504352,CUST100624,560098,2025-02-06 02:02:41,1720.19,39.4,Grocery,0,1,16.5,1,0.1600093436113057,0,10,0.2613408082223779,0
ORD505004,CUST101499,560009,2025-02-06 02:08:43,677.15,33.9,Electronics,22,1,1.9,0,0.1918767507002801,1,11,0.2205656456130839,0
ORD501229,CUST100566,560085,2025-02-06 03:39:19,976.55,17.4,Fashion,9,0,9.0,3,0.2448390482855143,0,14,0.1422014572098958,0
ORD505142,CUST100054,560042,2025-02-06 03:46:51,1070.21,1.6,Fashion,8,0,5.5,1,0.1596736596736596,0,10,0.161072261072261,0
ORD507470,CUST100120,560033,2025-02-06 05:15:29,893.33,42.2,Beauty,13,0,7.8,1,0.1595620778010714,0,8,0.2081960666866327,0
ORD502178,CUST101007,560039,2025-02-06 09:09:25,313.29,4.9,Grocery,10,0,13.8,1,0.1594506517690875,0,5,0.233072625698324,0
ORD505675,CUST101893,560033,2025-02-06 09:15:59,328.78,26.2,Fashion,13,0,10.4,6,0.268730571591702,0,9,0.2008325913805135,0
ORD500157,CUST101929,560086,2025-02-06 09:33:12,1081.5,4.9,Fashion,18,0,16.1,4,0.2172632883929955,0,16,0.1894855106152177,0
ORD507449,CUST101114,560062,2025-02-06 10:00:48,978.15,7.8,Fashion,12,0,16.0,1,0.1591173054587688,0,8,0.2078148332503733,0
ORD506938,CUST101683,560026,2025-02-06 10:23:54,756.23,2.2,Fashion,2,1,22.2,0,0.1908077994428969,1,10,0.2272051996285979,0
ORD500156,CUST101337,560104,2025-02-06 10:42:24,440.95,18.3,Fashion,2,1,1.7,0,0.1906750173973556,1,15,0.1375285813699175,0
ORD505472,CUST101463,560112,2025-02-06 11:07:04,415.36,10.4,Grocery,5,0,30.5,1,0.3254520166898469,0,14,0.1414955411928331,0
ORD502065,CUST100301,560020,2025-02-06 12:26:18,1178.03,2.9,Electronics,10,0,25.3,1,0.1586750057910586,0,9,0.1658000047926002,0
ORD500268,CUST101605,560084,2025-02-06 12:29:19,879.57,13.6,Home,13,0,11.6,1,0.3252314814814814,0,10,0.2601851851851852,1
ORD506840,CUST101209,560090,2025-02-06 12:48:22,931.55,13.7,Beauty,4,1,12.9,5,0.0954198473282442,0,10,0.160559796437659,0
ORD501128,CUST100693,560052,2025-02-06 13:01:58,454.68,4.9,Fashion,1,1,1.6,3,0.1191920943134535,0,13,0.1155802126675913,0
ORD506346,CUST101768,560003,2025-02-06 13:29:11,1022.36,39.2,Fashion,10,0,7.0,0,0.1905751905751905,1,10,0.227050127050127,0
ORD506927,CUST100444,560111,2025-02-06 14:24:30,765.0,18.9,Beauty,4,1,14.0,2,0.1360308666402849,0,15,0.1659675504550851,1
ORD503377,CUST100120,560095,2025-02-06 14:43:44,528.99,10.7,Beauty,6,0,2.3,2,0.1364310430054374,0,7,0.1785210816352684,0
ORD507831,CUST100973,560064,2025-02-06 19:22:39,183.28,46.3,Beauty,14,0,6.9,2,0.1363366923532898,0,8,0.1720509780675755,1
ORD502765,CUST100457,560102,2025-02-06 19:34:19,1099.0,15.0,Grocery,2,1,5.9,0,0.1914305459571527,1,16,0.2730169699761959,0
ORD506341,CUST100416,560077,2025-02-06 20:14:46,609.22,6.0,Beauty,12,0,16.5,1,0.159415285451197,0,9,0.3043436845113355,1
ORD504897,CUST101838,560091,2025-02-06 21:29:10,408.46,2.0,Beauty,6,0,16.9,0,0.1918564527260179,1,9,0.2357630708455296,0
ORD506762,CUST100906,560059,2025-02-06 22:45:20,514.4,7.4,Fashion,10,0,15.2,9,0.2113300492610837,0,10,0.127816091954023,0
ORD500164,CUST100795,560012,2025-02-06 23:24:35,649.37,5.5,Beauty,1,1,14.3,0,0.191592005513439,1,12,0.1197450034458993,0
ORD502067,CUST100424,560008,2025-02-07 00:02:50,202.83,6.7,Electronics,19,0,4.2,2,0.1367571822117276,0,12,0.2759125344352617,0
ORD507163,CUST100989,560074,2025-02-07 00:14:27,294.59,7.8,Beauty,22,1,12.6,1,0.1594402385868318,0,10,0.1275521908694654,0
ORD505558,CUST100319,560048,2025-02-07 00:22:57,1014.25,42.4,Fashion,10,0,5.1,0,0.1911966987620357,1,18,0.2585245782958082,1
ORD502524,CUST100447,560108,2025-02-07 01:31:37,2164.3,18.2,Home,8,0,14.6,3,0.3698453608247423,0,12,0.2448453608247423,1
ORD504364,CUST101467,560063,2025-02-07 01:33:33,798.5,1.9,Fashion,17,0,9.6,3,0.1201923076923077,0,14,0.1131221719457013,0
ORD504148,CUST101123,560019,2025-02-07 01:35:22,363.16,37.3,Other,11,0,17.6,2,0.1372683596431022,0,19,0.2011157453847913,0
ORD503550,CUST100674,560106,2025-02-07 02:13:33,1352.47,33.8,Beauty,23,1,10.8,6,0.2691108617034543,0,15,0.1954536547129139,1
ORD507440,CUST101657,560036,2025-02-07 03:13:45,2366.47,32.1,Electronics,0,1,5.5,9,0.1402134534416919,0,10,0.1950651130911583,0
ORD504726,CUST101620,560119,2025-02-07 03:27:18,929.77,6.9,Grocery,1,1,5.1,5,0.1962328767123287,0,16,0.2458143074581431,0
ORD505668,CUST100577,560014,2025-02-07 03:59:03,435.5,21.3,Grocery,1,1,13.3,0,0.1923340177960301,1,15,0.2527622958834458,0
ORD506736,CUST100935,560113,2025-02-07 04:22:40,516.68,4.0,Fashion,15,0,18.4,3,0.3701265389876881,0,10,0.1281349749202006,1
ORD503091,CUST100008,560006,2025-02-07 04:43:27,745.03,11.2,Beauty,9,0,25.1,0,0.1927546138072453,1,16,0.1626414521151363,1
ORD501720,CUST101581,560099,2025-02-07 07:18:45,1276.36,8.5,Electronics,2,1,10.4,0,0.1933060109289617,1,15,0.139032006245121,0
ORD507494,CUST101552,560093,2025-02-07 07:26:55,870.33,24.3,Electronics,19,0,16.8,0,0.1931740614334471,1,10,0.1621160409556314,0
ORD503410,CUST101263,560002,2025-02-07 07:40:07,356.36,21.3,Fashion,19,0,27.0,2,0.1378873513934905,0,10,0.1953615279672578,0
ORD500166,CUST100486,560040,2025-02-07 08:15:16,2148.93,13.1,Beauty,6,0,3.4,0,0.1929107021131561,1,13,0.1169155770382764,0
ORD507930,CUST101183,560016,2025-02-07 08:22:31,354.49,47.4,Fashion,22,1,6.4,10,0.3309264305177111,0,17,0.2123131305692613,1
ORD500085,CUST100872,560069,2025-02-07 08:34:38,189.33,26.0,Electronics,15,0,5.6,13,0.4981468875274185,0,11,0.1569863194185204,0
ORD506805,CUST100687,560064,2025-02-07 08:47:22,1091.3,36.4,Beauty,17,0,35.7,0,0.1931972789115646,1,9,0.20220501993901,0
ORD502307,CUST101548,560090,2025-02-07 09:02:16,630.83,38.4,Fashion,14,0,18.4,0,0.1930659415363698,1,11,0.1568167364750773,0
ORD503464,CUST101735,560065,2025-02-07 10:22:30,922.13,16.9,Fashion,16,0,31.3,0,0.1929347826086956,1,12,0.2143342391304347,0
ORD503704,CUST100256,560013,2025-02-07 10:35:44,685.22,2.0,Fashion,3,1,10.5,3,0.2455023761031907,0,13,0.1774568495546092,0
ORD500240,CUST101062,560097,2025-02-07 11:10:06,378.05,26.9,Electronics,13,0,14.7,8,0.3048742302473645,0,19,0.2013707685349476,1
ORD502701,CUST100235,560048,2025-02-07 11:42:31,1294.7,34.4,Fashion,8,0,27.0,0,0.1932203389830508,1,19,0.2785745328118209,1
ORD502611,CUST101431,560012,2025-02-07 11:50:50,716.4,29.6,Other,5,0,18.8,4,0.1076482987052092,0,13,0.1174345076784101,0
ORD504376,CUST100057,560078,2025-02-07 11:51:05,779.85,5.3,Home,13,0,6.9,4,0.2186865267433987,0,15,0.1392204275074959,0
ORD503817,CUST101317,560097,2025-02-07 12:34:39,300.58,8.1,Beauty,0,1,14.7,1,0.161253946774921,0,20,0.2217523680649526,0
ORD505611,CUST100727,560009,2025-02-07 13:16:34,1489.38,7.5,Beauty,3,1,14.1,2,0.1381242152033227,0,12,0.2146086883029073,1
ORD507862,CUST101840,560097,2025-02-07 13:59:14,750.99,4.2,Other,2,1,13.3,1,0.3282657657657657,0,21,0.2165458141067897,0
ORD504445,CUST101183,560062,2025-02-07 14:13:36,419.64,41.2,Home,6,0,3.6,11,0.3730587440918298,0,9,0.2026124007543831,1
ORD505812,CUST100453,560055,2025-02-07 15:08:50,343.55,52.3,Other,23,1,11.5,1,0.1619433198380566,0,12,0.1527074898785425,0
ORD500876,CUST101701,560009,2025-02-07 15:29:42,1486.42,33.4,Home,17,0,15.5,5,0.1971004720161834,0,13,0.2389096630499192,0
ORD500184,CUST101424,560098,2025-02-07 15:32:37,962.9,8.5,Beauty,21,0,10.9,0,0.1940700808625337,1,11,0.2542387618467959,0
ORD507785,CUST100262,560062,2025-02-07 15:46:22,878.11,8.2,Fashion,10,0,16.2,3,0.1212121212121212,0,10,0.2292929292929293,1
ORD501094,CUST101154,560093,2025-02-07 15:57:22,168.74,31.9,Fashion,12,0,14.3,1,0.1620681920143562,0,11,0.1577302131724048,0
ORD502529,CUST100876,560004,2025-02-07 16:21:32,474.87,34.9,Home,6,0,6.7,2,0.1388221731194159,0,14,0.1731476719806954,0
ORD504223,CUST100270,560034,2025-02-07 16:48:54,1146.79,42.8,Fashion,17,0,17.2,1,0.161850358422939,0,11,0.2220776968435657,0
ORD500499,CUST101499,560041,2025-02-07 18:38:46,308.1,20.3,Fashion,7,0,8.9,1,0.1617416610700694,0,10,0.1293933288560555,0
ORD502546,CUST101955,560062,2025-02-07 20:22:10,480.6,10.8,Fashion,3,1,24.5,0,0.1939597315436241,1,11,0.254167568737822,1
ORD507693,CUST101154,560002,2025-02-07 20:46:13,719.48,43.4,Electronics,10,0,8.0,2,0.1389288109610041,0,11,0.1900002163518747,0
ORD503121,CUST101706,560119,2025-02-07 22:21:58,573.29,10.1,Fashion,18,0,12.7,0,0.1943699731903485,1,17,0.2401999855082965,0
ORD503132,CUST100708,560053,2025-02-07 22:41:27,446.71,15.2,Fashion,10,0,3.2,3,0.1213998660415271,0,15,0.2538513060951105,1
ORD504168,CUST101267,560028,2025-02-07 23:21:22,173.69,13.2,Beauty,23,1,13.8,3,0.1217369477911646,0,12,0.1529869477911646,0
ORD503977,CUST100079,560049,2025-02-08 00:26:28,615.92,23.7,Electronics,2,1,15.5,0,0.1946488294314381,1,9,0.1342405720216814,0
ORD506971,CUST101430,560004,2025-02-08 01:10:08,585.86,13.6,Electronics,5,0,4.3,3,0.1215741978609625,0,15,0.16829640947288,1
ORD504078,CUST101503,560071,2025-02-08 01:36:59,714.97,22.3,Home,10,0,20.4,0,0.1950567802271209,1,13,0.3303374425618914,0
ORD505044,CUST100988,560023,2025-02-08 01:54:59,360.78,10.9,Beauty,13,0,3.6,9,0.2124737745565516,0,7,0.144390050932107,0
ORD506523,CUST100619,560050,2025-02-08 02:08:00,1811.09,12.7,Fashion,20,0,21.2,0,0.1947965310206804,1,8,0.3177118078719146,1
ORD504659,CUST100524,560019,2025-02-08 02:49:53,276.21,5.8,Fashion,7,0,19.5,3,0.2470833333333333,0,20,0.1976666666666666,0
ORD504350,CUST100370,560109,2025-02-08 03:03:07,902.05,26.5,Beauty,7,0,12.6,1,0.1626693315567399,0,8,0.1751451413343485,0
ORD507103,CUST100807,560104,2025-02-08 04:36:24,467.92,6.5,Electronics,20,0,1.0,1,0.1625610297381269,0,16,0.1361517976031957,0
ORD506155,CUST100407,560104,2025-02-08 05:19:42,890.62,41.4,Home,3,1,2.9,1,0.329119538700377,0,17,0.1324018629407851,1
ORD502712,CUST100834,560000,2025-02-08 05:22:13,300.96,33.3,Grocery,2,1,27.0,7,0.248116134751773,0,14,0.173811013767209,0
ORD501075,CUST101997,560001,2025-02-08 05:23:44,203.59,16.6,Home,1,1,12.3,0,0.1953488372093023,1,18,0.3659730722154222,0
ORD507392,CUST101123,560063,2025-02-08 05:44:30,679.21,13.1,Home,9,0,1.1,3,0.122011952191235,0,15,0.1115537848605577,0
ORD502282,CUST101767,560065,2025-02-08 06:28:07,419.52,15.0,Other,9,0,3.6,1,0.1625746516257465,0,13,0.2091452011823611,0
ORD507219,CUST101878,560110,2025-02-08 06:59:53,361.82,13.8,Fashion,20,0,1.6,2,0.1392572944297082,0,13,0.2393698255767221,1
ORD506692,CUST100368,560023,2025-02-08 07:18:20,510.3,20.8,Beauty,1,1,12.4,0,0.1954937044400265,1,8,0.1396383603143046,0
ORD501881,CUST101974,560074,2025-02-08 07:46:59,378.48,11.6,Fashion,12,0,24.3,2,0.28240302743614,0,11,0.1260414441358684,0
ORD506979,CUST101123,560086,2025-02-08 07:56:46,261.39,34.7,Grocery,8,0,7.0,4,0.1084638576365909,0,17,0.1866134831058722,0
ORD503275,CUST101909,560035,2025-02-08 07:59:31,710.74,0.6,Other,17,0,4.4,1,0.1625881834215167,0,14,0.2912387177093059,0
ORD502551,CUST101998,560060,2025-02-08 08:22:59,1239.62,6.9,Electronics,18,0,11.9,5,0.0974884335756774,0,13,0.1484708285765787,0
ORD504582,CUST101432,560083,2025-02-08 08:34:52,796.92,5.9,Electronics,0,1,29.4,1,0.162373403786878,0,13,0.1180897482086385,0
ORD505988,CUST101826,560114,2025-02-08 08:51:47,1686.81,14.6,Other,3,1,2.9,3,0.2466996699669967,0,7,0.1442366458868109,0
ORD506216,CUST101239,560090,2025-02-08 09:22:43,400.58,17.1,Fashion,8,0,13.8,6,0.0884504677380666,0,12,0.1528693931398416,0
ORD506312,CUST101016,560079,2025-02-08 10:07:46,810.06,16.1,Beauty,6,0,18.9,0,0.1944627554383652,1,12,0.1527892221489782,0
ORD502027,CUST100262,560088,2025-02-08 10:24:06,1006.98,42.5,Grocery,14,0,3.2,4,0.2190748060313277,0,9,0.2029894143837172,0
ORD503540,CUST101246,560044,2025-02-08 10:36:40,340.76,37.3,Fashion,9,0,15.8,5,0.197103357472021,0,11,0.1252946548026078,0
ORD506825,CUST101209,560100,2025-02-08 11:47:11,1488.92,24.7,Fashion,3,1,11.6,6,0.0882177033492822,0,14,0.320046439628483,0
ORD501430,CUST100541,560100,2025-02-08 12:00:02,648.13,40.4,Home,12,0,8.0,11,0.1231097961867192,0,15,0.3108293415985724,0
ORD505452,CUST100541,560045,2025-02-08 13:13:00,720.36,31.7,Fashion,20,0,26.1,12,0.1158305635000386,0,10,0.1292159439334209,0
ORD507509,CUST101118,560092,2025-02-08 14:30:05,1024.39,43.4,Beauty,7,0,31.0,1,0.3280805427883563,0,18,0.2072087638663303,1
ORD503558,CUST100274,560069,2025-02-08 14:40:50,1131.62,23.4,Beauty,6,0,13.2,2,0.1387326584176978,0,12,0.1526410761154855,0
ORD504240,CUST101772,560086,2025-02-08 16:32:19,1080.93,27.4,Electronics,15,0,1.8,0,0.1940983606557377,1,18,0.1811044003451251,0
ORD505852,CUST101762,560075,2025-02-08 17:24:17,603.87,15.8,Other,21,0,19.1,2,0.4242651188915933,0,12,0.1837319790301441,0
ORD502618,CUST100416,560107,2025-02-08 18:13:30,443.8,26.0,Other,10,0,4.8,2,0.2813172420245112,0,11,0.2540929927963327,0
ORD503519,CUST100906,560088,2025-02-08 18:20:24,373.59,12.2,Fashion,17,0,12.0,10,0.1979057591623036,0,10,0.1958115183246073,0
ORD505553,CUST100551,560067,2025-02-08 21:16:16,655.27,8.7,Fashion,22,1,16.1,1,0.1613254850664922,0,9,0.2369590221239935,1
ORD506451,CUST100274,560002,2025-02-08 21:20:52,729.76,18.6,Fashion,16,0,10.1,3,0.1213235294117647,0,12,0.1838235294117647,0
ORD503191,CUST101164,560030,2025-02-08 21:22:47,2152.01,24.5,Electronics,23,1,18.5,1,0.1616590463749183,0,13,0.208479306454486,0
ORD504177,CUST100444,560094,2025-02-08 21:52:24,782.81,24.5,Fashion,0,1,6.6,3,0.2461651436031331,0,11,0.2218478901709761,0
ORD503072,CUST100183,560038,2025-02-08 22:28:53,484.11,9.5,Fashion,13,0,16.9,1,0.1614481409001956,0,16,0.2465209828223526,0
ORD507021,CUST100054,560112,2025-02-08 23:08:39,491.47,1.6,Fashion,15,0,5.5,2,0.1382939094803501,0,15,0.1392065561557087,0
ORD503454,CUST101430,560086,2025-02-08 23:26:36,451.29,15.9,Fashion,23,1,2.8,4,0.2186029677886355,0,19,0.1761463292407918,0
ORD505152,CUST100684,560040,2025-02-08 23:32:27,328.45,25.7,Home,17,0,4.8,4,0.2185329861111111,0,14,0.1137408088235294,0
ORD505674,CUST101290,560112,2025-02-08 23:43:51,1009.52,9.8,Fashion,0,1,9.0,0,0.1932335718932986,1,16,0.1351297621629436,1
ORD507714,CUST101246,560079,2025-02-09 00:38:13,376.62,12.7,Fashion,5,0,5.2,6,0.1789809670173779,0,13,0.147732198447413,0
ORD502926,CUST101552,560020,2025-02-09 00:59:03,503.31,19.8,Electronics,5,0,9.0,1,0.1613601905999566,0,10,0.1624214858132986,0
ORD504921,CUST101535,560073,2025-02-09 01:47:46,827.73,1.1,Fashion,14,0,9.9,0,0.1935064935064935,1,10,0.1956709956709957,1
ORD500766,CUST101762,560076,2025-02-09 03:03:17,348.71,3.4,Fashion,20,0,18.8,3,0.3712686567164179,0,13,0.1478968792401628,0
ORD501004,CUST101987,560107,2025-02-09 03:38:30,1291.81,14.5,Fashion,3,1,19.8,2,0.138502871965907,0,12,0.2461900129701686,1
ORD507172,CUST101494,560043,2025-02-09 03:43:25,975.82,14.2,Home,12,0,5.5,1,0.1620220349967595,0,14,0.1143684952918302,0
ORD507272,CUST101511,560100,2025-02-09 03:51:26,1799.33,5.7,Beauty,10,0,3.8,2,0.2816432272390821,0,16,0.3023891767415083,0
ORD501697,CUST101007,560016,2025-02-09 03:57:37,701.56,12.2,Other,23,1,11.3,2,0.1386962552011095,0,18,0.2337761880429228,0
ORD507405,CUST100165,560005,2025-02-09 04:29:03,240.9,8.9,Grocery,11,0,7.8,0,0.1940491591203104,1,13,0.2085146418910972,0
ORD502445,CUST100370,560083,2025-02-09 05:25:43,739.05,9.7,Fashion,9,0,7.0,2,0.1385169452396343,0,14,0.11407277843264,0
ORD502081,CUST101061,560011,2025-02-09 05:32:44,2485.78,34.6,Fashion,0,1,32.7,2,0.1384274640088593,0,13,0.1780596664317594,0
ORD500154,CUST101728,560066,2025-02-09 05:45:50,509.98,5.3,Fashion,7,0,4.5,1,0.3280611146976544,0,7,0.3286469167682854,0
ORD507945,CUST101017,560074,2025-02-09 06:09:23,614.49,4.1,Beauty,19,0,1.0,0,0.1935483870967742,1,12,0.1209677419354838,0
ORD506655,CUST100048,560057,2025-02-09 06:44:21,1417.81,1.1,Grocery,10,0,23.5,2,0.1381597126277977,0,15,0.1105277701022381,0
ORD503093,CUST100070,560076,2025-02-09 07:12:46,435.41,27.3,Electronics,11,0,3.4,1,0.1610824742268041,0,14,0.1431170406306852,0
ORD502762,CUST101640,560043,2025-02-09 08:49:21,1178.49,7.5,Fashion,18,0,1.1,0,0.1931745009658725,1,15,0.1103854291233557,0
ORD500297,CUST101813,560069,2025-02-09 09:01:00,555.38,9.9,Other,8,0,2.9,0,0.193050193050193,1,13,0.1473031473031473,0
ORD500617,CUST100315,560069,2025-02-09 10:12:07,775.23,2.8,Grocery,11,0,4.1,3,0.2455787781350482,0,14,0.1428976735388689,0
ORD504711,CUST100524,560087,2025-02-09 10:22:42,1461.44,2.0,Fashion,6,0,20.4,4,0.2182233647529277,0,8,0.1377157546823356,0
ORD502327,CUST100001,560047,2025-02-09 10:51:17,1230.38,28.1,Fashion,15,0,9.9,5,0.0963391136801541,0,19,0.1500913986463119,0
ORD504121,CUST100954,560060,2025-02-09 10:51:24,1961.06,21.9,Grocery,20,0,14.1,1,0.1604621309370988,0,14,0.1426791512497168,0
ORD503086,CUST100194,560008,2025-02-09 11:25:52,416.68,29.0,Electronics,6,0,9.9,10,0.1974770151806713,0,13,0.2681400276012207,1
ORD501434,CUST100557,560053,2025-02-09 11:54:19,1211.61,12.6,Home,20,0,5.7,10,0.1976495726495726,0,16,0.2738603988603988,0
ORD506276,CUST101645,560082,2025-02-09 13:09:55,878.82,6.4,Fashion,3,1,5.3,0,0.1928251121076233,1,10,0.1618834080717488,0
ORD503836,CUST100969,560117,2025-02-09 13:21:11,665.23,22.9,Fashion,22,1,4.1,3,0.1204385403329065,0,14,0.2310009791368532,0
ORD506021,CUST101688,560075,2025-02-09 13:28:07,538.95,14.7,Beauty,13,0,8.2,0,0.1925783749200255,1,13,0.1773202272242579,0
ORD500439,CUST101390,560001,2025-02-09 14:12:44,447.89,2.0,Fashion,11,0,7.6,6,0.178388746803069,0,19,0.3551052528034625,0
ORD506888,CUST100830,560110,2025-02-09 14:13:24,833.14,13.2,Electronics,9,0,2.2,0,0.192332268370607,1,14,0.26019545198271,1
ORD503016,CUST100556,560010,2025-02-09 14:36:48,291.61,20.3,Electronics,4,1,17.7,1,0.1607066836951894,0,16,0.2738044557967929,0
ORD503996,CUST101317,560030,2025-02-09 16:10:08,847.05,13.6,Fashion,14,0,22.2,2,0.1376606800984593,0,14,0.2016029130222605,0
ORD506563,CUST100772,560055,2025-02-09 16:35:35,700.62,15.2,Other,1,1,4.3,3,0.120376275510204,0,13,0.1470315398886827,0
ORD505009,CUST101374,560023,2025-02-09 17:37:32,267.78,21.4,Home,23,1,12.8,0,0.1924792861695347,1,9,0.1327443352893343,0
ORD506775,CUST100684,560022,2025-02-09 17:43:25,299.42,30.9,Electronics,3,1,13.6,5,0.1961783439490446,0,12,0.1514729299363057,1
ORD503843,CUST100635,560081,2025-02-09 18:31:28,160.17,27.3,Electronics,2,1,13.9,1,0.1607256524506683,0,10,0.161913855293868,0
ORD507559,CUST100674,560056,2025-02-09 19:37:19,523.93,14.7,Beauty,11,0,1.0,7,0.3303117048346056,0,11,0.188869736518099,0
ORD507728,CUST100532,560094,2025-02-09 19:56:01,1160.28,27.9,Fashion,3,1,10.3,3,0.1203909726636999,0,12,0.2141409726636999,0
ORD506876,CUST100687,560052,2025-02-09 19:56:03,3175.44,6.6,Beauty,19,0,1.5,1,0.1604193138500635,0,14,0.1132371627176919,0
ORD503761,CUST101811,560105,2025-02-09 20:48:50,434.59,10.2,Home,1,1,14.7,4,0.1068783068783068,0,14,0.2896358543417367,1
ORD500653,CUST100906,560045,2025-02-09 21:04:14,1089.77,13.9,Beauty,19,0,19.0,11,0.1852791878172588,0,11,0.1244473554936957,0
ORD500246,CUST101408,560029,2025-02-09 21:16:01,1675.93,53.1,Beauty,19,0,10.4,3,0.2454819277108433,0,10,0.1285140562248996,1
ORD506535,CUST101267,560074,2025-02-09 22:14:10,733.87,3.7,Home,11,0,11.9,4,0.1073792423602309,0,13,0.1171409916657064,0
ORD502092,CUST100741,560049,2025-02-09 22:18:49,646.44,25.5,Other,1,1,5.1,0,0.1931602279924002,1,10,0.1287734853282668,0
ORD506022,CUST101776,560035,2025-02-09 22:45:31,569.0,11.9,Grocery,13,0,14.0,0,0.1930379746835443,1,15,0.2817359855334539,1
ORD506699,CUST100872,560013,2025-02-09 23:40:27,773.42,34.3,Fashion,4,1,1.4,14,0.4719864176570459,0,14,0.1726755218216318,1
ORD506768,CUST101264,560005,2025-02-09 23:43:59,702.76,18.4,Other,12,0,8.3,0,0.1940581542351453,1,14,0.2023871495500855,1
ORD507636,CUST100037,560056,2025-02-10 00:17:51,635.62,12.9,Grocery,22,1,16.0,4,0.330315154067523,0,12,0.1841045483259633,0
ORD503661,CUST101414,560078,2025-02-10 01:22:59,345.78,12.7,Home,16,0,10.4,0,0.1944444444444444,1,16,0.1358024691358025,1
ORD505598,CUST100228,560020,2025-02-10 01:30:31,846.95,3.5,Beauty,1,1,9.6,3,0.2468454258675078,0,11,0.1580339879922662,1
ORD504039,CUST100495,560066,2025-02-10 02:04:32,834.54,5.4,Grocery,18,0,27.5,0,0.1954602774274905,1,8,0.3181859124482075,0
ORD507435,CUST101823,560103,2025-02-10 03:30:40,789.19,36.7,Fashion,14,0,23.4,2,0.139526510036907,0,13,0.1789921903343453,0
ORD505410,CUST100495,560004,2025-02-10 03:54:17,1321.32,9.2,Beauty,0,1,6.3,1,0.1626784214945424,0,16,0.1917856143296949,0
ORD502861,CUST101216,560067,2025-02-10 05:32:44,597.07,25.5,Electronics,12,0,30.5,0,0.1950912523599748,1,10,0.2633941682399832,0
ORD500409,CUST100088,560037,2025-02-10 05:41:18,730.28,34.5,Other,13,0,20.3,1,0.1624737945492662,0,7,0.1814581877474959,0
ORD502374,CUST100096,560026,2025-02-10 05:49:19,520.86,35.8,Fashion,0,1,12.9,0,0.1948460087994971,1,11,0.2224812959996756,0
ORD502112,CUST101408,560011,2025-02-10 07:17:27,382.78,17.8,Fashion,4,1,31.4,4,0.3304020100502512,0,14,0.1733668341708542,1
ORD506448,CUST100645,560072,2025-02-10 07:27:32,299.13,2.6,Grocery,17,0,29.9,0,0.1952291274325172,1,21,0.192794696308545,0
ORD506218,CUST100326,560076,2025-02-10 07:39:10,722.8,9.3,Electronics,21,0,22.0,0,0.1951066499372647,1,15,0.1400609428212941,0
ORD506292,CUST101473,560117,2025-02-10 08:09:46,919.43,58.6,Fashion,18,0,1.0,0,0.1949843260188087,1,15,0.225705329153605,0
ORD507964,CUST101892,560038,2025-02-10 08:17:36,461.27,35.2,Home,9,0,11.1,2,0.1391872538489079,0,17,0.2404660299397141,0
ORD506339,CUST101573,560057,2025-02-10 08:51:37,833.87,30.9,Electronics,7,0,6.7,0,0.1947401377582968,1,16,0.108188965421276,0
ORD501514,CUST101505,560079,2025-02-10 08:55:03,547.47,12.0,Beauty,16,0,13.1,4,0.3303434849116951,0,14,0.1438931016712066,0
ORD501928,CUST100131,560079,2025-02-10 10:12:19,1369.32,21.0,Fashion,21,0,1.5,2,0.2817832573930135,0,15,0.139712320200125,1
ORD501479,CUST100681,560060,2025-02-10 10:37:33,272.97,19.4,Beauty,12,0,10.4,0,0.195,1,15,0.14,0
ORD507430,CUST101608,560018,2025-02-10 11:38:09,520.6,12.3,Home,2,1,14.9,6,0.1794900914201351,0,15,0.1685018292138841,0
ORD501975,CUST101022,560068,2025-02-10 11:42:47,405.72,17.3,Grocery,17,0,10.6,2,0.2819689673622258,0,11,0.1579074543916878,0
ORD506820,CUST100001,560043,2025-02-10 12:47:02,765.38,34.0,Beauty,15,0,1.0,6,0.0884704814835819,0,16,0.1081305884799334,0
ORD507128,CUST100557,560061,2025-02-10 13:21:53,893.41,30.8,Electronics,6,0,14.6,11,0.185785536159601,0,7,0.1440842338597949,0
ORD502460,CUST100009,560112,2025-02-10 13:50:39,150.0,11.8,Fashion,3,1,15.5,1,0.3286604361370717,0,17,0.1591310937105329,1
ORD502268,CUST101161,560021,2025-02-10 13:58:02,1810.65,21.9,Other,8,0,22.1,6,0.0885882486131552,0,9,0.168892515137201,0
ORD506070,CUST101278,560106,2025-02-10 14:54:28,453.93,10.6,Fashion,7,0,15.3,1,0.1623107239161999,0,16,0.2193182603885777,0
ORD503446,CUST101836,560056,2025-02-10 16:10:02,614.89,32.5,Beauty,16,0,2.6,1,0.1622097844112769,0,13,0.1785768129051711,0
ORD507221,CUST101200,560104,2025-02-10 16:28:42,814.13,23.9,Fashion,10,0,11.6,1,0.1621089703749741,0,18,0.1550161918157731,0
ORD506539,CUST100731,560112,2025-02-10 16:45:00,313.35,5.3,Home,11,0,1.0,0,0.1944099378881987,1,18,0.1812683883622098,1
ORD503334,CUST100988,560001,2025-02-10 17:15:18,305.53,5.6,Beauty,5,0,13.0,10,0.1983033312642251,0,20,0.3474549968963377,0
ORD501475,CUST101714,560103,2025-02-10 17:37:09,1111.64,21.2,Beauty,7,0,12.3,2,0.1391350584898972,0,14,0.1734053422857976,0
ORD500577,CUST100444,560011,2025-02-10 17:54:45,269.8,37.0,Fashion,7,0,6.0,4,0.2192601777226699,0,15,0.1969533256576034,1
ORD506816,CUST100228,560025,2025-02-10 18:19:06,230.92,25.9,Beauty,4,1,12.3,4,0.3306484923585295,0,11,0.1581724427389375,1
ORD503000,CUST101892,560074,2025-02-10 18:49:31,214.26,20.4,Home,18,0,17.5,3,0.1222910216718266,0,14,0.1150974321617191,0
ORD507608,CUST101270,560055,2025-02-10 19:01:41,698.06,6.8,Grocery,1,1,13.1,3,0.2472153465346534,0,14,0.1444379732090856,0
ORD504632,CUST101740,560047,2025-02-10 20:01:54,283.27,44.8,Electronics,18,0,22.3,1,0.1628530199958771,0,20,0.1477118119975262,0
ORD504817,CUST101141,560009,2025-02-10 20:13:14,474.7,1.8,Beauty,14,0,21.4,0,0.1953028430160692,1,14,0.2325310841270995,1
ORD502659,CUST100767,560081,2025-02-10 20:49:53,804.37,31.3,Electronics,21,0,10.9,1,0.1631665637224624,0,11,0.1585805654625515,0
ORD506799,CUST100377,560015,2025-02-10 21:35:59,626.18,18.3,Fashion,20,0,10.6,0,0.195679012345679,1,14,0.2033405954974582,0
ORD505120,CUST101390,560060,2025-02-10 21:42:47,1199.5,30.9,Other,20,0,17.5,7,0.1648159572280485,0,16,0.1364212763040647,0
ORD506985,CUST100577,560090,2025-02-10 22:40:42,697.28,38.9,Fashion,3,1,9.1,1,0.1628647759967118,0,13,0.1487501401188207,0
ORD505562,CUST100380,560014,2025-02-10 22:41:26,614.43,16.9,Electronics,1,1,9.9,2,0.1395123668691136,0,16,0.2473985075648661,0
ORD501570,CUST101269,560052,2025-02-10 22:42:19,1088.05,5.1,Beauty,8,0,24.8,0,0.1951970443349753,1,15,0.1115411681914144,0
ORD501791,CUST100324,560019,2025-02-10 23:30:39,1602.42,11.0,Beauty,17,0,2.4,3,0.3719230769230769,0,21,0.1927204502814258,0
ORD501625,CUST101216,560088,2025-02-11 00:04:22,548.77,10.9,Other,3,1,17.1,1,0.1624641246412464,0,11,0.1902948061738681,0
ORD501950,CUST100297,560031,2025-02-11 00:04:48,323.91,5.6,Electronics,16,0,2.2,3,0.2467732022126613,0,19,0.228121601815517,0
ORD502089,CUST100321,560035,2025-02-11 02:03:05,933.91,10.3,Fashion,5,0,5.4,2,0.2819410319410319,0,16,0.3026208026208026,0
ORD502595,CUST100620,560055,2025-02-11 03:45:13,837.36,28.2,Fashion,18,0,1.7,2,0.138998509164255,0,15,0.1397702359028326,0
ORD505742,CUST101608,560109,2025-02-11 03:52:18,194.04,36.3,Electronics,12,0,3.6,7,0.1643660531697341,0,9,0.1686058811085254,0
ORD507737,CUST100474,560024,2025-02-11 03:58:44,704.3,22.5,Other,15,0,30.4,2,0.1388280634142069,0,7,0.181006880577696,0
ORD504763,CUST101916,560092,2025-02-11 04:04:52,638.46,15.9,Home,22,1,10.4,2,0.1387429971988795,0,19,0.2278154851684263,1
ORD501883,CUST101543,560034,2025-02-11 04:08:30,1361.87,46.2,Grocery,11,0,2.4,8,0.2287436996561307,0,12,0.2154585119412125,0
ORD506288,CUST101819,560001,2025-02-11 05:17:17,606.63,8.9,Fashion,21,0,16.0,1,0.1621787025703794,0,21,0.3388363136997343,0
ORD503041,CUST101177,560023,2025-02-11 06:07:23,2202.27,15.7,Home,0,1,8.7,1,0.1620795107033639,0,10,0.1296636085626911,0
ORD501715,CUST101402,560102,2025-02-11 06:22:21,279.63,11.6,Electronics,5,0,20.4,0,0.1943765281173594,1,17,0.2672305557391132,0
ORD506134,CUST100924,560080,2025-02-11 06:47:59,1490.16,19.8,Fashion,18,0,2.8,1,0.1618814905314599,0,12,0.246411117898595,0
ORD500133,CUST100301,560050,2025-02-11 07:12:46,723.63,14.7,Electronics,13,0,13.3,2,0.1386708529565672,0,9,0.3407856511304787,0
ORD505407,CUST100431,560075,2025-02-11 07:35:28,608.22,13.6,Fashion,17,0,23.7,0,0.1940207443563148,1,14,0.1729533790331263,0
ORD501464,CUST101236,560052,2025-02-11 07:36:19,1426.93,45.6,Electronics,5,0,10.1,0,0.1939024390243902,1,16,0.1077235772357723,1
ORD500683,CUST100215,560044,2025-02-11 07:38:13,277.12,1.7,Home,6,0,24.8,1,0.1619947186674792,0,12,0.1214960390006093,0
ORD505211,CUST101514,560064,2025-02-11 07:56:24,703.05,13.8,Grocery,16,0,14.1,1,0.1618960617133577,0,10,0.1961835160373528,0
ORD504601,CUST101139,560023,2025-02-11 08:21:21,712.33,18.1,Fashion,4,1,13.7,6,0.1791622862834061,0,11,0.1252625998861249,0
ORD501765,CUST101762,560076,2025-02-11 09:09:52,377.51,5.1,Beauty,1,1,6.4,4,0.3300216274668829,0,16,0.1355771830224384,0
ORD504718,CUST101543,560032,2025-02-11 09:22:04,543.52,17.6,Fashion,2,1,8.2,9,0.2121146330872774,0,13,0.2084369531178042,1
ORD501616,CUST100424,560054,2025-02-11 09:45:09,588.01,24.4,Electronics,2,1,15.5,3,0.1215066828675577,0,9,0.1685590983366154,0
ORD501260,CUST101620,560099,2025-02-11 10:24:01,546.75,28.5,Electronics,5,0,17.9,6,0.179223933322294,0,16,0.1357181407272482,0
ORD506469,CUST100162,560040,2025-02-11 10:40:15,1148.33,13.6,Fashion,13,0,9.1,1,0.1618122977346278,0,15,0.1109570041608876,0
ORD503085,CUST101669,560007,2025-02-11 11:43:10,495.46,15.8,Fashion,21,0,1.0,1,0.3283808368708308,0,8,0.1743264316035692,1
ORD502271,CUST100785,560028,2025-02-11 11:48:56,1071.55,14.6,Other,17,0,13.7,0,0.1945454545454545,1,13,0.1482093663911845,0
ORD506743,CUST100139,560094,2025-02-11 12:37:14,724.05,10.0,Electronics,7,0,15.8,4,0.1080153442358166,0,13,0.2087440118936182,1
ORD505225,CUST101959,560010,2025-02-11 12:38:46,741.84,3.7,Beauty,10,0,26.2,1,0.1624293785310734,0,17,0.2675217590471828,0
ORD506936,CUST101405,560065,2025-02-11 13:44:05,691.97,6.2,Home,8,0,14.3,7,0.1644988909054245,0,14,0.2028219636311875,0
ORD504986,CUST101892,560105,2025-02-11 15:27:54,993.57,19.3,Fashion,1,1,6.8,4,0.1081553137175869,0,15,0.3112454655380895,0
ORD503954,CUST101434,560055,2025-02-11 16:15:44,2400.23,10.3,Home,12,0,7.3,0,0.1945619335347432,1,16,0.1358677408526351,0
ORD504561,CUST101970,560038,2025-02-11 16:17:57,587.12,8.8,Electronics,5,0,18.3,0,0.1944444444444444,1,18,0.2339181286549707,0
ORD504696,CUST100432,560112,2025-02-11 16:30:57,2132.29,25.9,Home,16,0,13.5,1,0.1619392476362905,0,19,0.2022190241864351,0
ORD502417,CUST101614,560080,2025-02-11 16:43:38,555.56,30.0,Home,14,0,13.1,0,0.1942098914354644,1,13,0.2389150857184633,1
ORD501546,CUST101236,560103,2025-02-11 16:57:01,542.74,23.2,Home,11,0,21.6,1,0.3289129997990757,0,15,0.168397485576509,1
ORD502783,CUST101657,560012,2025-02-11 17:01:45,718.25,5.8,Fashion,10,0,9.8,10,0.1317269076305221,0,14,0.1148121899362154,0
ORD501937,CUST100367,560085,2025-02-11 17:09:40,306.65,12.3,Fashion,16,0,4.6,1,0.1625526791089705,0,15,0.1400361228175797,0
ORD501497,CUST101794,560081,2025-02-11 17:55:48,447.21,3.5,Electronics,9,0,1.6,0,0.1949458483754512,1,12,0.153091155234657,0
ORD502777,CUST101684,560028,2025-02-11 18:16:37,777.36,19.4,Grocery,23,1,4.0,3,0.1217678893565844,0,14,0.1440168370414913,0
ORD505046,CUST100975,560058,2025-02-11 18:54:03,612.0,27.4,Electronics,22,1,19.3,3,0.2466947115384615,0,11,0.190136476426799,1
ORD505089,CUST101743,560115,2025-02-11 20:06:22,780.28,2.2,Fashion,4,1,16.7,0,0.1951951951951951,1,11,0.1904485130291581,0
ORD501149,CUST100222,560093,2025-02-11 20:13:05,337.1,23.1,Electronics,2,1,22.4,1,0.3292316926770708,0,12,0.1531737695078031,0
ORD503982,CUST101743,560016,2025-02-11 20:16:18,779.05,12.3,Beauty,16,0,18.2,1,0.1624675064987002,0,19,0.2281851322043283,0
ORD501987,CUST100251,560026,2025-02-11 20:37:02,694.51,7.8,Electronics,7,0,11.0,1,0.3290367705835331,0,12,0.2155275779376498,0
ORD501138,CUST101579,560068,2025-02-11 22:20:11,936.47,15.0,Fashion,3,1,12.2,4,0.3304041009253711,0,12,0.1529546135410425,0
ORD505583,CUST101268,560070,2025-02-11 22:23:32,665.21,24.9,Fashion,17,0,13.1,4,0.2192282102461743,0,11,0.1578134054471701,1
ORD506493,CUST101754,560009,2025-02-11 23:17:06,454.81,21.2,Grocery,9,0,15.7,2,0.1393519705907497,0,15,0.2543387193297427,1
ORD501882,CUST101430,560018,2025-02-12 01:25:32,2717.04,31.7,Electronics,2,1,7.2,5,0.1977870813397129,0,16,0.1642078681552365,0
ORD502174,CUST100557,560020,2025-02-12 01:37:34,1601.48,6.0,Grocery,13,0,4.3,12,0.1751344889420203,0,12,0.1846607890017931,0
ORD504382,CUST100538,560078,2025-02-12 01:46:29,705.16,27.2,Electronics,21,0,3.7,0,0.1953405017921147,1,17,0.1596435144822242,0
ORD507314,CUST101982,560090,2025-02-12 02:06:37,732.89,16.3,Fashion,9,0,11.9,0,0.1952238805970149,1,14,0.1442493415276558,1
ORD500023,CUST101349,560042,2025-02-12 03:14:12,494.99,9.5,Fashion,9,0,13.6,0,0.1957040572792363,1,11,0.1585187466317653,0
ORD502620,CUST100839,560086,2025-02-12 04:26:31,1221.67,6.7,Grocery,23,1,29.0,0,0.195587358378056,1,20,0.172793679189028,0
ORD502416,CUST101809,560067,2025-02-12 04:26:38,341.48,8.7,Beauty,5,0,6.1,0,0.1954707985697258,1,11,0.2551424506901457,0
ORD502732,CUST101267,560034,2025-02-12 06:39:50,525.78,12.5,Home,21,0,13.1,5,0.0976771888028588,0,13,0.2093056833974046,0
ORD506173,CUST100737,560017,2025-02-12 06:52:36,1135.42,6.0,Electronics,1,1,1.2,0,0.1952380952380952,1,10,0.1968253968253968,0
ORD501646,CUST101125,560084,2025-02-12 07:24:58,484.26,8.7,Grocery,19,0,8.5,3,0.2469512195121951,0,11,0.2871754523996853,0
ORD506639,CUST101579,560097,2025-02-12 07:43:32,868.64,18.1,Home,4,1,9.8,5,0.2975029726516052,0,22,0.2119075930015287,0
ORD506524,CUST100236,560035,2025-02-12 08:19:51,1388.15,40.3,Fashion,0,1,15.2,4,0.3304944873572324,0,17,0.294535176888118,1
ORD504191,CUST100834,560059,2025-02-12 09:56:03,315.62,1.4,Fashion,14,0,9.8,8,0.2289877580851452,0,11,0.1260439813041146,1
ORD505296,CUST100515,560024,2025-02-12 10:30:16,617.05,23.0,Beauty,5,0,9.5,8,0.1522483451266834,0,8,0.1756040695209834,0
ORD502737,CUST101173,560057,2025-02-12 10:36:37,1421.75,23.3,Electronics,16,0,5.5,0,0.195729537366548,1,17,0.1057997499278638,0
ORD504896,CUST101495,560052,2025-02-12 10:43:04,150.0,23.4,Home,4,1,12.6,2,0.1397239393682784,0,17,0.1327640622246431,0
ORD504010,CUST101916,560117,2025-02-12 11:06:14,182.17,23.4,Grocery,23,1,17.9,3,0.2471860189573459,0,16,0.219720905739863,0
ORD502669,CUST101193,560041,2025-02-12 11:13:41,663.16,14.2,Beauty,17,0,3.7,2,0.1395584876934788,0,11,0.1260528275941099,0
ORD502146,CUST101833,560082,2025-02-12 11:54:16,923.47,4.3,Fashion,0,1,9.4,2,0.1394759087066779,0,11,0.1582363046382897,0
ORD505461,CUST100566,560104,2025-02-12 11:56:44,657.86,21.3,Electronics,14,0,12.1,4,0.2195282213023194,0,19,0.1513593837662436,0
ORD501053,CUST101228,560011,2025-02-12 14:53:08,1077.32,7.8,Grocery,6,0,5.1,1,0.1625295508274231,0,16,0.2194641449960598,0
ORD501536,CUST101461,560099,2025-02-12 15:04:35,849.54,7.4,Fashion,4,1,2.9,0,0.1949202598936798,1,17,0.1323893296722594,0
ORD505283,CUST101466,560108,2025-02-12 15:24:59,812.99,21.2,Home,20,0,4.7,0,0.1948051948051948,1,13,0.2695789059425423,0
ORD500652,CUST100671,560027,2025-02-12 16:20:28,150.0,18.7,Grocery,8,0,12.0,1,0.1622418879056047,0,14,0.2615825091098386,0
ORD504013,CUST100541,560017,2025-02-12 17:16:23,487.02,11.2,Electronics,18,0,5.5,13,0.1096042976939203,0,11,0.1900486914181375,0
ORD503168,CUST100828,560071,2025-02-12 17:28:33,766.32,20.9,Home,1,1,12.1,1,0.1620506776664702,0,14,0.3202710665880966,0
ORD500852,CUST100855,560095,2025-02-12 17:38:10,1285.38,6.3,Electronics,6,0,2.0,0,0.1943462897526501,1,8,0.1745330641090358,0
ORD501738,CUST101268,560058,2025-02-12 17:45:29,1865.14,7.2,Electronics,3,1,8.6,5,0.2971159505591524,0,12,0.2151449381989405,0
ORD504000,CUST100687,560042,2025-02-12 17:59:12,738.51,17.3,Fashion,17,0,8.0,2,0.1386554621848739,0,12,0.1525735294117647,0
ORD504139,CUST100975,560115,2025-02-12 18:03:49,1511.34,16.0,Grocery,19,0,1.0,4,0.3300019596315893,0,12,0.1837522045855379,0
ORD506688,CUST100964,560033,2025-02-12 18:56:35,414.02,12.4,Electronics,4,1,3.0,2,0.4242068155111633,0,10,0.1959263611437524,0
ORD500292,CUST100746,560091,2025-02-12 19:34:50,497.8,40.7,Home,15,0,3.3,1,0.1614797416324133,0,10,0.2291837933059307,0
ORD504701,CUST101207,560118,2025-02-12 20:14:38,697.62,0.6,Fashion,15,0,20.8,2,0.4240442655935613,0,14,0.2021541010770505,1
ORD504102,CUST100125,560071,2025-02-13 00:08:51,397.42,23.9,Grocery,20,0,6.2,0,0.1941348973607038,1,15,0.3109342270632593,0
ORD506955,CUST101118,560079,2025-02-13 00:17:56,683.04,19.0,Fashion,23,1,13.9,2,0.4243007871378328,0,16,0.1633450566627589,1
ORD502873,CUST100973,560065,2025-02-13 00:18:54,1539.61,16.7,Home,19,0,14.2,3,0.2465582893966022,0,15,0.1968532931626077,0
ORD501560,CUST100401,560081,2025-02-13 00:45:03,754.06,2.7,Grocery,22,1,18.3,0,0.1943793911007025,1,13,0.1481087218792136,0
ORD506608,CUST101270,560031,2025-02-13 01:47:37,2481.7,30.6,Home,2,1,10.4,4,0.2190364735712892,0,20,0.2221328262141603,0
ORD504971,CUST100001,560115,2025-02-13 02:56:13,1677.26,16.0,Home,11,0,21.1,7,0.080896686159844,0,13,0.1782739677476519,0
ORD500121,CUST100983,560112,2025-02-13 03:01:15,642.06,17.7,Grocery,5,0,19.2,2,0.1385989813809802,0,20,0.1970192869666861,0
ORD507358,CUST100453,560114,2025-02-13 03:16:37,742.48,6.4,Home,16,0,25.0,2,0.1385180240320427,0,8,0.1385180240320427,0
ORD501361,CUST101200,560040,2025-02-13 03:18:18,723.22,24.7,Beauty,22,1,7.7,2,0.1384371612042365,0,16,0.107673347603295,1
ORD507122,CUST101747,560052,2025-02-13 04:30:22,838.55,37.3,Electronics,17,0,1.0,1,0.161901983663944,0,18,0.1285696738930172,0
ORD502651,CUST101991,560002,2025-02-13 05:22:12,550.01,20.7,Fashion,0,1,4.2,0,0.1941690962099125,1,13,0.1782843007332803,0
ORD502866,CUST100398,560105,2025-02-13 06:34:06,632.91,4.2,Fashion,11,0,20.8,2,0.1386113886113886,0,16,0.3022533022533022,0
ORD503304,CUST101431,560069,2025-02-13 07:06:47,1353.34,28.7,Electronics,22,1,4.8,5,0.0969714618520675,0,15,0.1393959564023629,1
ORD500492,CUST100120,560031,2025-02-13 07:16:36,2139.86,5.0,Electronics,2,1,4.5,3,0.1215075669383003,0,21,0.2167863937079417,0
ORD505271,CUST101416,560021,2025-02-13 07:30:01,788.73,18.9,Fashion,1,1,15.8,0,0.1942990110529377,1,10,0.1628660073686251,0
ORD504731,CUST100364,560020,2025-02-13 07:47:09,369.57,23.3,Home,8,0,17.9,6,0.0882663847780126,0,13,0.1782945736434108,0
ORD504796,CUST101542,560083,2025-02-13 08:21:22,510.09,23.8,Home,1,1,12.7,2,0.1386237237486511,0,15,0.1108989789989208,1
ORD500264,CUST101747,560099,2025-02-13 08:23:16,960.64,9.5,Fashion,2,1,12.4,2,0.1389580222332835,0,18,0.1287059111192615,0
ORD504138,CUST101841,560013,2025-02-13 09:21:14,358.38,19.7,Beauty,7,0,1.6,3,0.1215177016831108,0,15,0.196816184395987,0
ORD502552,CUST101520,560026,2025-02-13 09:26:09,533.23,3.8,Home,15,0,1.2,0,0.1943155452436195,1,13,0.208676088026436,0
ORD501180,CUST101974,560025,2025-02-13 11:50:12,251.0,1.8,Electronics,15,0,3.0,3,0.2463768115942029,0,12,0.1838768115942029,0
ORD501036,CUST100448,560060,2025-02-13 12:31:50,1308.69,36.8,Home,2,1,17.9,0,0.194090382387022,1,17,0.1319407472362281,1
ORD500919,CUST101268,560073,2025-02-13 13:13:36,1285.43,10.0,Other,7,0,13.6,6,0.2702531978733484,0,11,0.2222948614976558,0
ORD503295,CUST100962,560112,2025-02-13 14:05:52,647.4,9.4,Other,19,0,9.0,3,0.1215277777777777,0,21,0.1924119241192412,0
ORD501734,CUST100426,560084,2025-02-13 14:17:03,515.32,6.9,Electronics,13,0,16.2,0,0.194331983805668,1,12,0.2777074898785425,0
ORD505159,CUST100367,560058,2025-02-13 16:31:10,394.17,10.4,Home,23,1,10.2,2,0.1387283236994219,0,13,0.2086179716237519,0
ORD505494,CUST100370,560002,2025-02-13 17:15:13,544.61,9.4,Home,10,0,4.8,3,0.121317157712305,0,14,0.1730043837292282,0
ORD505581,CUST100669,560091,2025-02-13 17:30:24,757.16,30.7,Home,17,0,21.2,2,0.2814252721873969,0,11,0.2219325039111972,0
ORD505431,CUST101869,560059,2025-02-13 17:53:46,1078.01,6.1,Fashion,9,0,2.1,2,0.1384881708020773,0,12,0.1524271494518176,0
ORD507252,CUST100001,560060,2025-02-13 18:03:28,710.75,27.5,Home,18,0,12.5,8,0.0745275485759914,0,18,0.1546166454197778,0
ORD501433,CUST101662,560068,2025-02-13 18:56:56,403.39,9.6,Fashion,17,0,19.2,0,0.1936599423631124,1,13,0.1476726923412802,0
ORD505460,CUST100374,560110,2025-02-13 19:22:12,520.24,2.5,Fashion,0,1,15.8,4,0.1075268817204301,0,15,0.2820276497695853,0
ORD500477,CUST100185,560017,2025-02-13 19:53:00,897.9,41.9,Grocery,18,0,14.2,0,0.1934369602763385,1,12,0.1833981001727115,0
ORD505336,CUST101300,560101,2025-02-13 19:56:39,876.43,32.2,Electronics,15,0,1.0,1,0.1611047180667433,0,12,0.2145785385500575,1
ORD506208,CUST101815,560003,2025-02-13 20:16:17,635.36,22.5,Fashion,6,0,23.5,2,0.1384210958679043,0,11,0.221799699493591,0
ORD500320,CUST101875,560107,2025-02-13 20:32:39,559.85,45.6,Home,0,1,1.0,5,0.1968390804597701,0,13,0.2688958551027516,1
ORD502498,CUST100227,560090,2025-02-13 21:02:19,1120.89,40.0,Beauty,3,1,11.5,1,0.1617844150871147,0,15,0.1680807417740215,0
ORD502196,CUST101987,560103,2025-02-13 21:05:11,773.9,6.1,Home,9,0,13.9,3,0.2462686567164179,0,16,0.1911276948590381,0
ORD503014,CUST101767,560086,2025-02-13 21:40:43,583.84,52.7,Electronics,12,0,13.6,2,0.1385132366199491,0,21,0.1677651372038677,1
ORD502148,CUST100633,560106,2025-02-13 21:50:27,557.74,11.9,Electronics,12,0,22.3,2,0.1388433813892529,0,17,0.2131787751053805,1
ORD506272,CUST100114,560053,2025-02-13 21:53:22,1030.66,24.9,Grocery,13,0,13.0,3,0.1217765042979942,0,17,0.2674823820955626,0
ORD503826,CUST101441,560043,2025-02-13 22:17:37,326.67,49.7,Fashion,10,0,6.3,2,0.1390934380625102,0,17,0.105259899074332,0
ORD506069,CUST100089,560049,2025-02-13 23:48:06,339.27,15.5,Electronics,20,0,7.4,3,0.2466370921579851,0,11,0.1255608693243717,0
ORD506404,CUST101061,560109,2025-02-14 00:18:57,454.0,11.8,Fashion,3,1,28.7,3,0.1215675057208238,0,10,0.1630053394355454,1
ORD503412,CUST100538,560092,2025-02-14 00:34:52,432.08,15.2,Electronics,7,0,14.8,1,0.1624737945492662,0,20,0.2474842767295597,0
ORD507663,CUST100860,560043,2025-02-14 00:48:03,1095.79,39.8,Beauty,22,1,15.8,0,0.1948571428571428,1,18,0.1025563909774436,0
ORD502679,CUST100774,560077,2025-02-14 02:08:52,2173.31,24.6,Beauty,7,0,18.5,3,0.1217161621930325,0,10,0.3298305730059014,0
ORD501250,CUST101878,560092,2025-02-14 02:32:40,445.8,16.6,Other,17,0,20.2,3,0.2466466894977169,0,21,0.2412852210713888,1
ORD505207,CUST100410,560024,2025-02-14 04:05:07,4414.28,25.1,Beauty,9,0,5.5,4,0.3306078468656905,0,9,0.1690304305918917,0
ORD501566,CUST101299,560065,2025-02-14 04:18:10,539.3,54.0,Fashion,1,1,2.0,1,0.1624857468643101,0,16,0.1916571645762067,0
ORD504650,CUST101206,560108,2025-02-14 04:27:11,2008.85,28.8,Other,22,1,1.0,0,0.1948717948717948,1,14,0.2616892911010558,1
ORD505769,CUST100416,560010,2025-02-14 04:54:43,1056.59,12.0,Fashion,12,0,16.2,3,0.2470814350797266,0,18,0.2607001558566119,0
ORD501747,CUST101268,560098,2025-02-14 05:14:18,538.13,0.6,Fashion,23,1,4.2,7,0.24800796812749,0,12,0.247011952191235,0
ORD502781,CUST101140,560004,2025-02-14 06:27:29,645.81,22.3,Other,3,1,20.8,0,0.1951080773606371,1,17,0.1865449066814254,0
ORD500956,CUST100583,560045,2025-02-14 06:40:57,243.06,8.1,Home,22,1,15.6,1,0.1624976312298654,0,12,0.121873223422399,1
ORD502822,CUST100040,560111,2025-02-14 06:45:47,480.01,3.5,Home,3,1,1.4,1,0.1628787878787878,0,16,0.1919191919191919,0
ORD504545,CUST101616,560071,2025-02-14 08:11:39,914.14,43.2,Grocery,4,1,16.6,2,0.1395311105702928,0,16,0.3029686415546722,0
ORD500825,CUST100377,560043,2025-02-14 08:18:43,663.71,25.1,Fashion,13,0,18.3,1,0.1626939084373817,0,19,0.100119328269158,0
ORD505915,CUST100976,560087,2025-02-14 08:22:08,451.37,7.0,Grocery,11,0,13.7,0,0.1951219512195122,1,9,0.1345668629100084,0
ORD501970,CUST100684,560058,2025-02-14 08:59:36,203.86,23.8,Fashion,4,1,2.2,6,0.2704596990311276,0,14,0.2029478458049886,1
ORD506875,CUST101190,560008,2025-02-14 09:13:26,166.06,19.4,Fashion,14,0,18.4,0,0.1954674220963173,1,14,0.2914514247625396,0
ORD501865,CUST100315,560015,2025-02-14 09:22:39,1836.79,4.4,Home,16,0,13.1,4,0.2196426324399144,0,15,0.1973467076524834,0
ORD500327,CUST100684,560030,2025-02-14 11:51:12,691.21,10.5,Grocery,0,1,19.7,7,0.3313525749858517,0,15,0.197283531409168,0
ORD506424,CUST100870,560093,2025-02-14 12:39:29,710.86,21.2,Home,7,0,2.7,0,0.1951357466063348,1,13,0.1485671191553544,0
ORD507130,CUST101343,560039,2025-02-14 12:46:34,353.04,4.6,Beauty,8,0,23.0,0,0.1950254381006218,1,6,0.226942644692786,0
ORD500367,CUST100353,560009,2025-02-14 13:45:18,857.94,6.7,Electronics,19,0,16.7,0,0.1949152542372881,1,16,0.2749529190207156,0
ORD502329,CUST101638,560114,2025-02-14 13:57:18,1137.3,4.1,Fashion,11,0,5.7,3,0.1217532467532467,0,9,0.1343484102104791,0
ORD500545,CUST100150,560011,2025-02-14 14:17:40,617.28,8.2,Home,7,0,13.0,0,0.1946952595936794,1,17,0.2133487889695564,1
ORD507062,CUST101153,560065,2025-02-14 14:41:17,2243.19,48.3,Other,0,1,7.4,0,0.1951494641849971,1,17,0.1865672779378363,0
ORD504283,CUST101789,560025,2025-02-14 14:59:40,663.52,10.0,Fashion,12,0,20.3,2,0.1393138991786116,0,13,0.1788117932424584,0
ORD503942,CUST101714,560043,2025-02-14 15:02:34,150.0,18.1,Electronics,15,0,12.7,3,0.1218309859154929,0,20,0.0974647887323943,0
ORD503560,CUST100193,560067,2025-02-14 15:22:50,352.04,25.1,Other,17,0,6.1,1,0.1623498498498498,0,12,0.2467623873873874,1
ORD503109,CUST100410,560045,2025-02-14 15:58:19,858.06,34.5,Fashion,21,0,19.4,5,0.2976364659538548,0,13,0.1486502617622482,0
ORD501895,CUST100888,560008,2025-02-14 18:36:57,276.97,24.9,Electronics,14,0,10.3,4,0.4417572803399575,0,15,0.2829503454925277,1
ORD502696,CUST101639,560094,2025-02-14 19:13:02,572.13,24.3,Fashion,10,0,12.6,4,0.2197863968521641,0,14,0.2327150084317032,0
ORD507035,CUST100453,560103,2025-02-14 19:43:43,551.93,35.1,Electronics,2,1,18.0,3,0.122191011235955,0,17,0.1867597935013665,0
ORD504534,CUST100130,560036,2025-02-14 21:13:52,1533.03,11.3,Fashion,22,1,7.3,2,0.2824256035934868,0,11,0.1905779645360526,0
ORD505989,CUST100383,560106,2025-02-14 21:48:49,505.58,10.0,Fashion,1,1,18.2,0,0.1952861952861952,1,18,0.234361155413787,0
ORD505893,CUST100316,560012,2025-02-14 22:09:56,550.08,43.8,Fashion,5,0,16.4,0,0.195176668536175,1,15,0.1115295248778142,0
ORD504785,CUST100258,560098,2025-02-14 22:18:45,560.15,15.5,Grocery,7,0,22.6,0,0.195067264573991,1,13,0.2394347058024188,0
ORD502839,CUST101974,560091,2025-02-14 22:26:23,1210.19,22.9,Other,12,0,15.7,4,0.2194211017740429,0,12,0.2155987394957983,1
ORD500605,CUST100393,560067,2025-02-14 22:54:17,707.86,29.2,Electronics,4,1,16.3,3,0.1221304591265397,0,13,0.2699446876378567,0
ORD501482,CUST101430,560096,2025-02-14 23:03:47,555.68,2.8,Fashion,15,0,18.0,6,0.1796815383832731,0,8,0.139499560316572,0
ORD505464,CUST100592,560087,2025-02-14 23:09:08,512.03,9.8,Beauty,19,0,17.4,1,0.3293251304996271,0,10,0.1301267710663683,1
ORD502941,CUST100120,560029,2025-02-14 23:22:33,793.81,15.8,Electronics,7,0,8.9,4,0.1086889013104776,0,11,0.1584774337799094,0
ORD507793,CUST101809,560065,2025-02-14 23:50:16,459.59,13.2,Fashion,14,0,9.2,1,0.1629422718808193,0,18,0.1818582769773595,0
ORD501569,CUST101654,560003,2025-02-15 00:47:54,558.78,63.3,Electronics,3,1,4.2,0,0.1954215522054718,1,12,0.2158884701284198,0
ORD500036,CUST100304,560038,2025-02-15 01:22:50,900.94,22.6,Grocery,7,0,23.7,1,0.1627604166666666,0,19,0.2283653846153846,0
ORD502559,CUST100452,560047,2025-02-15 01:26:44,486.31,12.7,Beauty,18,0,2.1,0,0.1952035694366982,1,21,0.1440017411886333,0
ORD506827,CUST100729,560100,2025-02-15 01:59:11,538.97,1.9,Fashion,22,1,15.8,0,0.1950947603121516,1,17,0.2946458163849468,1
ORD500033,CUST100575,560011,2025-02-15 02:32:08,554.7,35.8,Grocery,12,0,15.4,1,0.1629526462395543,0,18,0.2344964081512975,0
ORD502769,CUST101552,560115,2025-02-15 03:11:35,277.33,3.2,Grocery,22,1,4.5,2,0.1395959274578428,0,14,0.1737848814358705,0
ORD503722,CUST101294,560088,2025-02-15 03:34:50,1016.31,5.3,Home,14,0,11.8,2,0.1395182446935368,0,12,0.1845784641068447,0
ORD505350,CUST101261,560020,2025-02-15 04:04:52,509.69,18.6,Electronics,13,0,19.5,2,0.1394406483394247,0,14,0.1736570045148203,0
ORD504764,CUST100835,560029,2025-02-15 04:49:30,774.64,20.6,Home,6,0,9.0,5,0.1975541967759866,0,12,0.1531927459699833,1
ORD503268,CUST101730,560018,2025-02-15 06:55:38,310.33,27.3,Fashion,21,0,28.5,6,0.0888888888888888,0,17,0.1597597597597597,1
ORD505454,CUST101980,560015,2025-02-15 09:43:28,935.63,8.5,Beauty,12,0,22.0,0,0.1960022209883398,1,16,0.1922234561046332,0
ORD506102,CUST100580,560019,2025-02-15 10:00:05,190.31,17.4,Beauty,21,0,3.3,0,0.1958934517203107,1,22,0.1885206912953861,0
ORD504265,CUST101604,560040,2025-02-15 10:07:51,853.34,4.4,Beauty,14,0,12.1,1,0.1631540025882788,0,17,0.1328566503275322,0
ORD503595,CUST100057,560053,2025-02-15 10:36:36,1231.67,23.0,Electronics,11,0,13.7,5,0.1978381374722838,0,18,0.2608822499708251,0
ORD504301,CUST101587,560043,2025-02-15 10:51:24,658.91,34.9,Fashion,12,0,22.8,5,0.0977839335180055,0,21,0.0953989595297615,0
ORD502353,CUST101360,560026,2025-02-15 12:19:07,1041.35,11.2,Electronics,14,0,8.5,0,0.1954595791805094,1,14,0.2032115171650055,0
ORD504117,CUST101203,560085,2025-02-15 12:25:20,1737.2,16.0,Grocery,5,0,27.7,6,0.2706142778085224,0,16,0.1363063395437496,0
ORD505864,CUST100262,560018,2025-02-15 12:53:52,760.12,24.6,Electronics,12,0,9.5,5,0.1976216814159292,0,18,0.1817070330693991,0
ORD506055,CUST101167,560048,2025-02-15 14:12:11,1006.41,14.1,Fashion,20,0,3.3,1,0.1626128616178367,0,20,0.297567716970702,0
ORD507428,CUST101940,560044,2025-02-15 14:51:17,330.5,37.0,Home,13,0,11.5,1,0.1625230202578269,0,13,0.1181985601875104,0
ORD502798,CUST101479,560079,2025-02-15 14:59:45,876.13,22.3,Electronics,0,1,14.9,1,0.1624332781152218,0,17,0.1864432074260898,0
ORD500887,CUST100573,560067,2025-02-15 15:27:00,282.49,28.6,Fashion,23,1,13.7,1,0.1623436350257542,0,14,0.2616543306064147,1
ORD506490,CUST101884,560059,2025-02-15 15:44:31,761.38,34.1,Other,1,1,10.0,3,0.2470353006067291,0,13,0.1486402914974343,1
ORD506458,CUST101134,560055,2025-02-15 16:01:53,711.32,10.6,Home,15,0,16.4,0,0.1957001102535832,1,17,0.1328108704073423,0
ORD507577,CUST101368,560086,2025-02-15 16:16:05,1818.42,19.5,Electronics,11,0,16.8,0,0.1955922865013774,1,22,0.1883772792863702,0
ORD502842,CUST100727,560047,2025-02-15 16:22:35,612.93,15.2,Home,22,1,10.2,3,0.2471778634361233,0,22,0.1407069435703797,0
ORD507955,CUST100942,560068,2025-02-15 16:34:51,1662.63,28.4,Fashion,12,0,10.2,0,0.1953769950467804,1,14,0.1443394088510473,0
ORD502499,CUST101300,560077,2025-02-15 16:46:51,472.12,26.5,Grocery,23,1,1.0,2,0.2823353763947823,0,11,0.319528727066255,0
ORD507787,CUST100792,560097,2025-02-15 19:54:58,601.3,11.6,Home,17,0,18.5,1,0.1626351475169507,0,23,0.2070521753582981,0
ORD505636,CUST101261,560031,2025-02-15 20:54:55,1688.18,12.8,Electronics,10,0,12.3,3,0.1219093406593406,0,22,0.2119309262166405,0
ORD500125,CUST100410,560025,2025-02-15 21:44:48,449.46,0.5,Fashion,8,0,16.3,6,0.2704308322100743,0,14,0.1734987240365668,0
ORD507310,CUST101227,560096,2025-02-15 22:37:01,588.61,25.1,Beauty,0,1,11.2,3,0.1217755214050494,0,9,0.1343729891366062,0
ORD503884,CUST101973,560104,2025-02-15 23:11:22,295.86,16.0,Home,7,0,11.6,0,0.1947339550191991,1,20,0.1473669775095995,0
ORD506654,CUST101125,560012,2025-02-16 00:02:23,786.79,3.9,Home,15,0,1.7,4,0.2192373294346978,0,16,0.1081262183235867,0
ORD503023,CUST101045,560050,2025-02-16 01:27:13,1599.73,48.8,Grocery,22,1,3.8,2,0.4246575342465753,0,10,0.3296803652968036,0
ORD500208,CUST101923,560113,2025-02-16 02:00:21,1740.24,10.5,Home,7,0,1.0,3,0.1215087623220153,0,11,0.1576864643324029,0
ORD505262,CUST101281,560068,2025-02-16 02:07:25,1259.71,22.5,Beauty,20,0,8.4,0,0.1943076081007115,1,15,0.1396043474861208,0
ORD502335,CUST100482,560118,2025-02-16 02:23:39,656.29,7.5,Grocery,14,0,4.7,0,0.1942013129102844,1,15,0.2252578930915911,0
ORD504298,CUST101724,560055,2025-02-16 02:25:42,929.35,18.9,Other,21,0,21.2,1,0.1617459449608164,0,18,0.1284711231331472,0
ORD505955,CUST100305,560057,2025-02-16 02:42:39,964.2,11.0,Beauty,16,0,6.2,0,0.1939890710382513,1,18,0.1020995110727638,0
ORD505627,CUST100059,560084,2025-02-16 02:53:07,992.46,16.9,Grocery,3,1,20.5,1,0.3282359366466412,0,13,0.2690200751369511,0
ORD502348,CUST100707,560080,2025-02-16 04:08:10,280.38,11.5,Fashion,12,0,16.9,0,0.1937772925764192,1,14,0.261045466221423,0
ORD507416,CUST100988,560119,2025-02-16 04:50:23,1616.99,17.2,Fashion,3,1,7.3,11,0.1855223677032187,0,18,0.2335113561317369,0
ORD506140,CUST100587,560118,2025-02-16 05:51:53,2797.36,12.0,Fashion,18,0,16.3,0,0.1935659760087241,1,16,0.2186477644492911,1
ORD503767,CUST101308,560073,2025-02-16 06:39:20,520.02,5.2,Electronics,10,0,12.7,0,0.1940054495912806,1,12,0.2150034059945504,0
ORD506733,CUST100566,560019,2025-02-16 07:06:25,657.74,17.7,Fashion,8,0,4.9,5,0.1969498910675381,0,23,0.1832092009930587,1
ORD506946,CUST101189,560084,2025-02-16 07:39:30,384.09,37.0,Fashion,13,0,6.0,0,0.1943385955362003,1,14,0.261375644433059,1
ORD501408,CUST100816,560104,2025-02-16 08:10:45,573.7,51.6,Grocery,1,1,21.4,0,0.1947769314472252,1,21,0.1437936250962074,0
ORD507655,CUST101834,560006,2025-02-16 08:16:30,454.55,25.5,Beauty,19,0,4.8,2,0.1390507263264196,0,17,0.1863086577605338,0
ORD503673,CUST100001,560043,2025-02-16 08:35:51,626.04,7.2,Fashion,21,0,18.0,9,0.0694875776397515,0,22,0.0926501035196687,0
ORD507029,CUST101160,560079,2025-02-16 08:43:48,599.87,27.3,Fashion,3,1,16.0,4,0.1080330738125415,0,18,0.1812944909803024,0
ORD504243,CUST101431,560007,2025-02-16 08:54:44,739.53,25.0,Fashion,20,0,11.2,6,0.1792518014016385,0,9,0.2030027331611067,0
ORD503769,CUST100131,560073,2025-02-16 09:52:46,706.39,2.5,Fashion,4,1,10.2,3,0.3714053174172544,0,13,0.2086354593137013,0
ORD504232,CUST101467,560114,2025-02-16 09:55:03,150.0,5.1,Home,5,0,13.4,4,0.1078573150156664,0,10,0.1294287780187997,0
ORD501676,CUST101239,560024,2025-02-16 10:04:28,627.48,34.8,Other,4,1,13.6,7,0.0808491418247515,0,10,0.1626919602529359,1
ORD503407,CUST101657,560094,2025-02-16 10:12:23,463.89,54.9,Electronics,11,0,8.6,11,0.1232732936078006,0,15,0.2254140225971211,1
ORD501590,CUST100445,560009,2025-02-16 10:15:09,801.88,30.9,Fashion,23,1,15.9,0,0.1949106659447753,1,17,0.2675192788890678,0
ORD505724,CUST100297,560107,2025-02-16 10:26:42,991.15,13.2,Other,17,0,13.9,4,0.2193362193362193,0,14,0.2910618792971733,0
ORD503174,CUST101732,560040,2025-02-16 11:45:54,454.79,15.9,Other,11,0,12.3,1,0.1622498647917793,0,18,0.1287893882895448,0
ORD507745,CUST101335,560076,2025-02-16 12:17:39,324.38,24.0,Grocery,15,0,31.5,7,0.081081081081081,0,17,0.1322132943754565,0
ORD505771,CUST100231,560112,2025-02-16 12:26:38,1107.7,33.7,Home,21,0,12.8,7,0.4143706104808212,0,22,0.1878521262637956,1
ORD507924,CUST101072,560049,2025-02-16 12:47:52,2576.66,11.9,Other,5,0,3.2,0,0.1949244060475162,1,12,0.1218277537796976,0
ORD505284,CUST101893,560118,2025-02-16 14:12:05,249.92,23.4,Electronics,22,1,3.9,7,0.2478413383702105,0,17,0.2404428173451379,1
ORD500703,CUST100540,560052,2025-02-16 14:13:03,1397.08,1.4,Fashion,17,0,6.6,1,0.1627112549442646,0,19,0.12577102868365,0
ORD507994,CUST101769,560116,2025-02-16 14:27:01,1080.81,11.6,Fashion,11,0,7.2,1,0.1626235399820305,0,10,0.1300988319856244,0
ORD502907,CUST101579,560082,2025-02-16 14:48:52,241.43,8.1,Beauty,14,0,9.7,6,0.2704741379310345,0,12,0.1531519396551724,1
ORD504887,CUST101096,560002,2025-02-16 15:56:08,972.8,16.8,Fashion,15,0,12.7,0,0.1954765751211631,1,15,0.1688437572120932,0
ORD505512,CUST100354,560011,2025-02-16 16:12:17,378.82,20.8,Home,15,0,17.0,1,0.1628094725511302,0,19,0.2283955728519776,0
ORD506110,CUST100321,560066,2025-02-16 16:44:26,2479.68,12.5,Beauty,10,0,11.3,3,0.2470414201183431,0,9,0.3070801877167924,1
ORD505214,CUST101130,560082,2025-02-16 16:52:59,1494.32,28.8,Other,5,0,14.6,0,0.1956989247311828,1,13,0.1792114695340501,1
ORD500058,CUST100370,560008,2025-02-16 17:53:03,540.48,24.3,Home,10,0,4.9,4,0.1089617290584512,0,16,0.3034061735028956,0
ORD502458,CUST101729,560054,2025-02-16 18:14:56,930.99,0.1,Other,8,0,23.1,0,0.1960257787325456,1,10,0.1640171858216971,0
ORD502705,CUST101657,560090,2025-02-16 18:53:12,1783.18,54.0,Other,3,1,24.8,12,0.1752707524233525,0,16,0.1644003101329993,0
ORD500088,CUST101362,560066,2025-02-16 19:14:20,846.16,4.1,Grocery,21,0,1.0,0,0.1958154506437768,1,10,0.3305436337625179,0
ORD507773,CUST101013,560030,2025-02-16 19:15:58,353.69,25.9,Other,13,0,13.5,5,0.0978552278820375,0,16,0.192061364313375,0
ORD504961,CUST100232,560091,2025-02-16 19:49:10,817.1,14.2,Fashion,4,1,20.6,1,0.1630046445158985,0,13,0.2397609535873201,0
ORD503852,CUST101852,560019,2025-02-16 20:49:50,341.38,3.2,Beauty,9,0,19.4,1,0.162917336189966,0,24,0.2025003651945269,0
ORD505387,CUST101579,560103,2025-02-16 21:06:11,242.86,12.7,Electronics,13,0,19.7,7,0.3314150606709493,0,18,0.1817874450580412,0
ORD507159,CUST100303,560082,2025-02-16 21:22:07,1213.24,6.8,Beauty,2,1,6.0,0,0.1952915997859818,1,14,0.2031127057564599,0
ORD504058,CUST100967,560001,2025-02-16 21:35:20,518.75,41.6,Grocery,15,0,13.5,1,0.1626559714795009,0,22,0.3310415075120957,0
ORD504147,CUST101357,560108,2025-02-16 22:33:08,445.29,28.5,Other,16,0,15.6,0,0.1950828433992517,1,15,0.2829044819424296,0
ORD507012,CUST100921,560071,2025-02-16 22:37:01,906.42,2.9,Grocery,4,1,26.8,0,0.1949786324786324,1,17,0.2945830445830446,0
ORD505380,CUST101858,560044,2025-02-16 22:54:11,662.26,6.7,Grocery,2,1,8.7,6,0.2703975149250109,0,14,0.1146320781382494,0
ORD506968,CUST101087,560023,2025-02-16 23:02:20,828.64,17.4,Other,19,0,11.0,2,0.1391218173502058,0,12,0.1217315901814301,0
ORD503124,CUST100899,560041,2025-02-16 23:12:40,783.36,35.2,Home,7,0,10.1,0,0.1946666666666666,1,12,0.1216666666666666,0
ORD506685,CUST100042,560086,2025-02-17 00:01:19,1217.84,15.8,Beauty,14,0,15.0,0,0.1945628997867803,1,23,0.1835176278078048,0
ORD500958,CUST101450,560091,2025-02-17 00:39:04,1673.87,2.0,Other,13,0,6.3,1,0.1620493695613567,0,14,0.2320348491021342,1
ORD505763,CUST100349,560040,2025-02-17 00:39:14,2479.18,37.9,Beauty,16,0,1.0,0,0.194888178913738,1,19,0.1255836814942246,0
ORD506027,CUST101987,560059,2025-02-17 00:44:34,726.6,11.0,Fashion,20,0,19.1,4,0.2193246998994737,0,14,0.1734026234229721,0
ORD500975,CUST100692,560069,2025-02-17 02:20:57,351.74,51.1,Home,18,0,1.8,0,0.1946808510638298,1,16,0.1637115839243498,0
ORD507429,CUST101421,560000,2025-02-17 03:55:51,791.82,0.3,Home,13,0,17.3,0,0.1945773524720893,1,15,0.1683299156983367,0
ORD507415,CUST100675,560026,2025-02-17 03:57:34,169.3,19.8,Beauty,1,1,11.0,0,0.1944739638682253,1,15,0.1968422650675573,0
ORD506997,CUST101982,560079,2025-02-17 04:04:47,479.16,35.0,Fashion,2,1,1.8,1,0.3286422375641706,0,19,0.1766003513215409,1
ORD502463,CUST100000,560026,2025-02-17 04:27:54,535.74,16.2,Beauty,6,0,15.5,0,0.1947983014861996,1,16,0.1915546119367775,0
ORD507914,CUST101650,560067,2025-02-17 04:35:22,443.8,21.3,Fashion,12,0,15.9,0,0.1946949602122016,1,15,0.2826828344069723,0
ORD500923,CUST100835,560044,2025-02-17 04:58:06,869.37,13.8,Beauty,13,0,4.7,6,0.2702689675118095,0,15,0.1111952734434176,0
ORD501517,CUST101796,560007,2025-02-17 05:02:26,2443.58,9.0,Beauty,9,0,27.4,2,0.2817775758952229,0,10,0.196325737502208,1
ORD507700,CUST100426,560011,2025-02-17 05:14:31,1476.73,12.2,Fashion,3,1,19.6,1,0.1624293785310734,0,20,0.222457627118644,0
ORD500358,CUST100095,560087,2025-02-17 05:32:24,376.31,39.0,Fashion,23,1,11.9,0,0.1948120698782424,1,11,0.1579432708891887,1
ORD502821,CUST101417,560005,2025-02-17 05:58:21,395.0,7.4,Grocery,7,0,9.1,2,0.1394557823129251,0,15,0.2258503401360544,0
ORD500113,CUST100844,560033,2025-02-17 06:20:49,908.65,13.4,Home,12,0,8.5,0,0.195134849286092,1,11,0.1904095801845755,1
ORD506363,CUST101266,560115,2025-02-17 06:22:13,206.1,42.3,Electronics,19,0,14.2,0,0.1955602536997885,1,15,0.1688915735427363,0
ORD500205,CUST100906,560082,2025-02-17 06:25:13,999.69,16.7,Fashion,23,1,4.5,12,0.1751343960722165,0,15,0.1974039695117349,0
ORD503907,CUST101840,560019,2025-02-17 07:41:51,1497.42,20.7,Home,19,0,13.7,2,0.2823955347714587,0,25,0.1979349994133521,0
ORD503416,CUST100798,560104,2025-02-17 08:41:00,311.9,16.6,Electronics,6,0,23.9,2,0.1394647568790049,0,22,0.1405955522050508,0
ORD505663,CUST100541,560104,2025-02-17 08:55:21,1216.6,36.5,Home,16,0,11.4,14,0.103986231401288,0,23,0.1372779903836718,0
ORD505396,CUST100817,560019,2025-02-17 10:56:41,2108.12,5.6,Fashion,12,0,6.6,0,0.195044807590933,1,26,0.1934977424308404,0
ORD501390,CUST100165,560031,2025-02-17 11:44:37,354.78,29.9,Home,14,0,15.1,1,0.1624517035475939,0,23,0.2069497880265641,0
ORD501701,CUST100834,560038,2025-02-17 13:26:50,496.42,8.5,Beauty,23,1,1.0,9,0.2838712104114947,0,20,0.2224196945760926,1
ORD503975,CUST100374,560077,2025-02-17 13:37:52,1315.99,1.4,Fashion,22,1,13.9,5,0.0976315789473684,0,12,0.3095394736842105,1
ORD507824,CUST100593,560102,2025-02-17 13:44:08,209.39,30.1,Fashion,23,1,11.2,1,0.3297387339996493,0,18,0.2608876214734627,1
ORD501083,CUST100640,560069,2025-02-17 15:24:14,367.69,26.1,Home,13,0,8.5,2,0.1400781132642331,0,17,0.1600591127405007,0
ORD503067,CUST100040,560085,2025-02-17 15:38:01,440.47,25.7,Home,12,0,6.6,2,0.1400045041663538,0,17,0.1329763815312948,1
ORD504261,CUST101701,560033,2025-02-17 15:56:29,980.14,4.5,Electronics,8,0,17.3,6,0.1801948051948052,0,12,0.2165178571428571,0
ORD503647,CUST101250,560099,2025-02-17 16:00:17,944.34,38.6,Fashion,16,0,7.8,2,0.1402324709411323,0,19,0.1263207483679924,0
ORD503517,CUST101895,560107,2025-02-17 16:03:11,343.21,1.8,Electronics,5,0,7.2,0,0.1962224554039874,1,15,0.2835556888022785,0
ORD500690,CUST100143,560038,2025-02-17 17:46:13,966.71,18.2,Electronics,10,0,8.1,1,0.3300996329313057,0,21,0.2420095412280814,1
ORD507603,CUST101471,560117,2025-02-17 18:24:37,367.57,27.9,Home,21,0,1.9,0,0.1965408805031446,1,17,0.2143464218935917,0
ORD502338,CUST100981,560117,2025-02-17 18:35:10,1011.72,40.0,Electronics,9,0,20.0,0,0.1964379256155055,1,18,0.2086515397976344,0
ORD500291,CUST101875,560070,2025-02-17 19:08:57,512.04,35.4,Beauty,12,0,15.7,6,0.2710613993336506,0,12,0.1852094240837696,0
ORD502943,CUST100302,560076,2025-02-17 19:10:19,2143.94,35.4,Home,5,0,14.3,2,0.1401659564924871,0,18,0.1295959679418326,0
ORD506714,CUST101893,560010,2025-02-17 20:02:48,492.35,9.5,Fashion,23,1,29.8,8,0.3062037335049887,0,19,0.2544254908271644,1
ORD506295,CUST101084,560024,2025-02-17 20:35:54,816.91,2.5,Beauty,8,0,2.2,1,0.1637916013242725,0,11,0.1913225300575013,0
ORD504518,CUST101408,560053,2025-02-17 20:37:46,653.72,2.6,Home,8,0,5.9,5,0.3982236154649948,0,19,0.2545883235538408,0
ORD504753,CUST100116,560066,2025-02-17 20:54:01,474.88,25.0,Beauty,21,0,27.8,3,0.1227154046997389,0,11,0.3202223532384401,1
ORD503899,CUST101116,560038,2025-02-17 20:55:08,850.56,27.9,Other,7,0,9.7,1,0.1639700765483646,0,22,0.2603638532657322,0
ORD504690,CUST100059,560042,2025-02-17 21:21:07,1046.75,27.9,Electronics,7,0,12.8,2,0.2833296072732692,0,13,0.1494917879894405,0
ORD501223,CUST100360,560097,2025-02-17 22:26:26,876.31,33.9,Fashion,22,1,16.3,2,0.4261135110978698,0,24,0.2029813252440989,1
ORD507649,CUST100587,560051,2025-02-17 22:35:41,1584.45,13.3,Fashion,1,1,11.4,1,0.3308146604134097,0,13,0.1496833893915707,0
ORD506935,CUST100524,560095,2025-02-17 23:48:47,714.63,21.3,Home,16,0,7.2,5,0.1984375,0,9,0.1702586206896551,0
ORD502811,CUST100542,560098,2025-02-18 00:48:13,1184.74,1.7,Home,0,1,21.1,4,0.3315402857308115,0,14,0.2333955966561533,0
ORD502635,CUST101332,560004,2025-02-18 02:45:39,525.56,6.2,Fashion,17,0,20.6,0,0.1966701352757544,1,18,0.1824579659346075,1
ORD502818,CUST101061,560094,2025-02-18 02:46:30,1074.56,23.7,Fashion,11,0,4.0,4,0.2206043797307448,0,16,0.2483821575085226,1
ORD506423,CUST101246,560095,2025-02-18 03:42:07,1258.87,9.7,Grocery,16,0,8.6,7,0.1656271656271656,0,10,0.165003465003465,0
ORD505590,CUST100297,560108,2025-02-18 04:18:00,616.76,3.0,Electronics,22,1,7.7,5,0.1987012987012987,0,16,0.2763347763347763,0
ORD505302,CUST101923,560047,2025-02-18 04:27:50,257.17,31.5,Electronics,8,0,5.0,4,0.1096111688011999,0,23,0.1382791180661209,0
ORD506566,CUST101746,560045,2025-02-18 05:06:37,559.89,27.0,Electronics,3,1,2.3,0,0.1971977166580176,1,14,0.1454104215635397,0
ORD502186,CUST101893,560032,2025-02-18 05:16:55,547.67,26.1,Beauty,23,1,12.8,9,0.3561055127445169,0,14,0.2335855504027337,0
ORD504087,CUST101516,560068,2025-02-18 05:20:54,1122.55,9.1,Other,6,0,3.1,2,0.140709471969192,0,16,0.1372184781982605,0
ORD502411,CUST100495,560040,2025-02-18 05:34:43,772.41,10.3,Fashion,5,0,20.3,2,0.1406365655070318,0,20,0.1234455958549222,1
ORD505032,CUST101918,560034,2025-02-18 05:52:02,1041.33,18.2,Fashion,0,1,4.2,1,0.1644225789746245,0,14,0.2042982910409114,0
ORD502446,CUST101182,560004,2025-02-18 06:01:52,856.06,48.6,Fashion,22,1,10.1,1,0.1643374741200828,0,19,0.2036948558687689,0
ORD507976,CUST101179,560060,2025-02-18 06:42:41,751.66,10.5,Fashion,5,0,10.6,0,0.1971029487842731,1,19,0.1523604865560375,0
ORD500676,CUST101892,560072,2025-02-18 06:47:00,1113.61,6.6,Fashion,6,0,12.5,5,0.0985005170630817,0,22,0.1890481114886492,0
ORD500814,CUST101142,560044,2025-02-18 06:53:48,452.6,25.1,Electronics,19,0,4.5,1,0.1640826873385013,0,16,0.1093884582256675,0
ORD503342,CUST100993,560035,2025-02-18 07:51:25,478.1,34.3,Home,1,1,18.5,0,0.196797520661157,1,18,0.3141039582427142,0
ORD503929,CUST101638,560065,2025-02-18 09:48:48,252.95,19.1,Fashion,1,1,34.1,4,0.1092755119600757,0,19,0.1777927802708391,1
ORD500775,CUST100247,560100,2025-02-18 10:21:12,2036.72,22.4,Beauty,12,0,22.4,1,0.1642586859305125,0,18,0.3142686437455869,0
ORD505670,CUST101511,560081,2025-02-18 10:53:07,1212.33,20.5,Fashion,11,0,10.7,3,0.2481304796286745,0,14,0.1452992749446349,1
ORD503969,CUST100684,560026,2025-02-18 11:15:57,603.25,18.6,Beauty,2,1,17.1,8,0.306701030927835,0,17,0.1877960434661465,0
ORD501160,CUST100759,560087,2025-02-18 11:17:32,510.72,33.2,Beauty,19,0,9.2,4,0.2207338714293892,0,12,0.1858256053580628,1
ORD505585,CUST101201,560119,2025-02-18 11:28:19,532.44,2.9,Fashion,14,0,10.2,3,0.2485839340885685,0,19,0.22960733053421,0
ORD501954,CUST101869,560076,2025-02-18 11:33:54,776.32,7.1,Fashion,16,0,19.1,3,0.123520329387545,0,19,0.1269910394974728,0
ORD500366,CUST101717,560095,2025-02-18 12:37:45,457.87,2.2,Home,15,0,16.6,3,0.1234567901234567,0,11,0.1596973317403424,0
ORD503904,CUST101267,560104,2025-02-18 14:07:43,1158.86,30.6,Fashion,7,0,18.0,6,0.0897405935966347,0,24,0.1351951390511802,1
ORD501610,CUST101839,560068,2025-02-18 14:22:58,671.19,21.0,Home,15,0,29.4,0,0.197841726618705,1,17,0.1339685008749757,0
ORD505618,CUST101508,560073,2025-02-18 14:26:12,545.11,14.7,Electronics,6,0,11.8,0,0.1977401129943503,1,14,0.2045530076437354,0
ORD503523,CUST101203,560031,2025-02-18 14:34:58,1180.5,17.4,Beauty,4,1,23.4,7,0.2490160848733743,0,24,0.2034720925891356,0
ORD507818,CUST101230,560019,2025-02-18 15:05:24,659.7,3.3,Fashion,8,0,8.6,1,0.3312809988028048,0,27,0.1904413610907939,0
ORD507738,CUST101875,560081,2025-02-18 16:06:50,368.03,13.9,Other,23,1,4.8,7,0.2489316239316239,0,15,0.1699633699633699,0
ORD502603,CUST100194,560039,2025-02-18 17:06:22,1511.45,3.6,Fashion,13,0,28.9,11,0.2491670937980523,0,7,0.2202479260398276,0
ORD506525,CUST101149,560058,2025-02-18 17:14:01,546.51,16.8,Other,14,0,8.4,0,0.197233606557377,1,15,0.2269906323185011,0
ORD502053,CUST100301,560050,2025-02-18 17:21:46,210.94,20.9,Home,12,0,3.8,3,0.1232078853046595,0,11,0.3207307203144872,1
ORD504993,CUST101075,560056,2025-02-18 17:32:16,2036.99,33.7,Fashion,23,1,9.6,0,0.1975435005117707,1,14,0.1750255885363357,0
ORD503267,CUST101650,560015,2025-02-18 17:56:50,348.67,17.8,Fashion,19,0,1.0,1,0.1645353793691389,0,17,0.1878067325637658,0
ORD507368,CUST100229,560013,2025-02-18 18:19:17,557.82,34.8,Other,9,0,13.2,1,0.1644512610770279,0,16,0.1929675073846853,0
ORD505647,CUST100692,560098,2025-02-18 18:44:45,535.76,15.5,Other,17,0,2.4,1,0.1643672287514903,0,15,0.2269946711438791,0
ORD501101,CUST100034,560033,2025-02-18 19:30:06,242.42,34.4,Fashion,13,0,17.5,3,0.3732124616956077,0,13,0.2103878416442257,0
ORD505605,CUST100008,560086,2025-02-18 19:49:41,578.37,32.8,Electronics,0,1,24.0,1,0.3308660881402076,0,24,0.1804724117128405,0
ORD504998,CUST100684,560017,2025-02-18 20:13:47,607.82,16.5,Other,18,0,8.5,9,0.2846209912536443,0,13,0.1799628942486085,0
ORD501534,CUST100542,560007,2025-02-18 20:24:20,901.24,4.6,Fashion,9,0,8.0,5,0.298419173890872,0,11,0.2237666759882219,0
ORD500374,CUST100221,560042,2025-02-18 20:26:13,1391.76,34.7,Home,11,0,4.9,0,0.1967380224260958,1,14,0.145140013191821,0
ORD507121,CUST101408,560026,2025-02-18 20:26:59,392.88,8.1,Fashion,19,0,21.9,6,0.3621080905849118,0,18,0.1824409469930557,0
ORD504436,CUST100107,560041,2025-02-18 20:38:36,994.68,5.1,Fashion,17,0,16.1,1,0.1637813985064494,0,13,0.1191137443683268,0
ORD502189,CUST100116,560075,2025-02-18 21:23:01,377.92,5.1,Electronics,17,0,21.1,4,0.220243143907266,0,15,0.1693929480189022,0
ORD500144,CUST101520,560056,2025-02-18 22:29:17,596.41,11.3,Electronics,20,0,21.7,1,0.1636147846727704,0,15,0.1693358523470425,1
ORD502154,CUST100541,560096,2025-02-18 22:29:36,721.6,32.8,Electronics,11,0,12.7,15,0.0991865785460091,0,10,0.1311642094560244,0
ORD503137,CUST100541,560025,2025-02-18 22:49:12,959.84,7.4,Fashion,6,0,16.7,16,0.0944396051103368,0,15,0.1695121951219512,0
ORD504888,CUST100901,560048,2025-02-19 00:49:03,962.65,9.7,Electronics,1,1,12.1,6,0.1802483955861304,0,21,0.2909982781899937,0
ORD506691,CUST100611,560036,2025-02-19 01:46:39,1018.95,1.3,Other,23,1,11.5,1,0.3303722504230118,0,12,0.1852791878172588,1
ORD502650,CUST100988,560104,2025-02-19 02:25:00,540.14,16.5,Grocery,1,1,12.3,12,0.1755454084221207,0,25,0.1541575060600935,0
ORD501465,CUST101803,560046,2025-02-19 03:43:01,489.04,14.7,Electronics,3,1,1.9,0,0.1967545638945233,1,6,0.2282727414573256,0
ORD502792,CUST101556,560090,2025-02-19 05:43:39,477.79,4.8,Home,19,0,15.6,2,0.2833248859604663,0,17,0.1603539677538664,0
ORD505993,CUST101062,560104,2025-02-19 05:59:12,961.49,7.4,Electronics,5,0,9.3,9,0.3559125777970763,0,26,0.1506761816660058,0
ORD506581,CUST101940,560094,2025-02-19 06:13:15,684.79,4.7,Home,12,0,30.4,2,0.1403254972875226,0,17,0.2683544303797468,1
ORD501266,CUST100355,560059,2025-02-19 07:47:09,692.72,23.5,Home,11,0,31.3,1,0.1640519568151147,0,15,0.1696356275303643,0
ORD504480,CUST100001,560041,2025-02-19 07:49:55,256.64,40.5,Fashion,5,0,14.3,10,0.0655875906255269,0,14,0.1157428069862239,0
ORD504025,CUST100447,560063,2025-02-19 08:06:26,636.07,9.9,Home,8,0,20.4,4,0.4425907201438041,0,16,0.1092573868104707,1
ORD500609,CUST100111,560086,2025-02-19 08:56:04,1338.66,49.0,Beauty,15,0,2.7,0,0.1970692268822637,1,25,0.1764752119476728,0
ORD501378,CUST100758,560089,2025-02-19 08:58:06,1407.27,18.3,Electronics,18,0,15.6,2,0.1406926406926407,0,4,0.1641414141414141,0
ORD501375,CUST100334,560011,2025-02-19 10:11:18,1230.98,13.7,Grocery,22,1,9.0,0,0.1968702675416456,1,21,0.2179854963617783,0
ORD502567,CUST100407,560102,2025-02-19 12:00:30,514.57,24.1,Fashion,8,0,7.3,2,0.4262649560328672,0,19,0.280395353049238,0
ORD504837,CUST100593,560031,2025-02-19 13:04:43,664.32,5.6,Electronics,10,0,12.6,2,0.4261940782364383,0,25,0.1985207597915615,0
ORD507469,CUST101834,560048,2025-02-19 13:47:23,640.69,13.3,Home,0,1,12.7,3,0.1228578629032258,0,22,0.2840821812596006,0
ORD502782,CUST101201,560066,2025-02-19 15:16:46,342.87,8.8,Home,13,0,1.0,4,0.2202630842429331,0,12,0.3415459697732997,1
ORD506661,CUST100217,560018,2025-02-19 16:11:51,606.37,2.9,Fashion,20,0,15.3,0,0.1968781470292044,1,19,0.1778862292457458,0
ORD500538,CUST100271,560101,2025-02-19 16:51:24,731.86,6.5,Electronics,20,0,1.0,1,0.1639825532628753,0,13,0.2404721599487578,0
ORD507332,CUST101417,560016,2025-02-19 16:59:56,333.2,19.2,Fashion,19,0,16.5,3,0.1229250503018108,0,20,0.2233400402414487,0
ORD507493,CUST100672,560074,2025-02-19 18:12:41,452.08,5.9,Electronics,0,1,27.5,1,0.1638176638176638,0,15,0.1123321123321123,0
ORD503292,CUST100767,560045,2025-02-19 18:23:25,659.7,12.8,Other,3,1,1.2,2,0.1403445800430725,0,15,0.1408470926058865,0
ORD500194,CUST101432,560069,2025-02-19 18:47:18,600.67,28.6,Fashion,17,0,1.9,2,0.1402740905503336,0,18,0.1559914351423511,0
ORD500402,CUST100647,560065,2025-02-19 18:58:42,976.34,12.3,Beauty,5,0,22.6,1,0.3302376171352075,0,20,0.1981425702811245,0
ORD505931,CUST101056,560062,2025-02-19 19:12:05,958.15,1.3,Electronics,0,1,19.0,0,0.1961866532865027,1,12,0.2788666583040642,0
ORD506891,CUST101578,560022,2025-02-19 21:18:52,2111.58,2.7,Home,8,0,19.8,2,0.1400630462817022,0,13,0.179447433208717,0
ORD504840,CUST101160,560055,2025-02-19 21:41:49,1128.92,35.2,Fashion,22,1,16.7,5,0.0979949874686716,0,19,0.1261487050960735,0
ORD507287,CUST101858,560030,2025-02-19 22:17:30,1077.02,2.3,Electronics,11,0,14.0,7,0.2482882431529726,0,17,0.1869685316579104,1
ORD504974,CUST100872,560065,2025-02-19 22:58:29,369.09,2.1,Home,17,0,19.1,15,0.4990736104156233,0,21,0.1933143617865823,0
ORD504203,CUST101828,560114,2025-02-19 23:30:53,312.13,15.6,Fashion,2,1,4.4,0,0.1961961961961962,1,11,0.1265781910943201,0
ORD503083,CUST101811,560100,2025-02-19 23:55:05,702.38,11.8,Home,10,0,17.9,5,0.1980490245122561,0,19,0.3056913071920575,0
ORD501842,CUST100321,560044,2025-02-20 00:45:42,218.45,12.9,Beauty,2,1,3.9,4,0.3311111111111111,0,17,0.1059459459459459,0
ORD501119,CUST101089,560065,2025-02-20 01:50:32,390.62,18.5,Home,10,0,10.2,2,0.4256443206967945,0,22,0.1885247852264344,0
ORD503577,CUST100168,560101,2025-02-20 02:05:11,573.82,4.1,Fashion,16,0,6.0,0,0.1958041958041958,1,14,0.2328259975318799,0
ORD505506,CUST100524,560101,2025-02-20 02:32:00,469.85,5.3,Grocery,5,0,3.6,6,0.1798665637906776,0,15,0.2261179659082804,0
ORD502736,CUST100898,560118,2025-02-20 02:54:37,1699.8,21.1,Other,7,0,9.9,1,0.1630073186959414,0,18,0.2608467275974367,0
ORD503317,CUST100110,560001,2025-02-20 02:56:30,676.11,6.5,Fashion,22,1,6.5,0,0.1955112219451371,1,23,0.3234935916023894,0
ORD507028,CUST100772,560014,2025-02-20 03:18:24,509.86,33.9,Grocery,23,1,20.8,4,0.1085631992910158,0,17,0.2407641939047721,1
ORD507342,CUST101770,560036,2025-02-20 04:11:58,1399.59,34.3,Home,0,1,4.6,0,0.1958146487294469,1,13,0.2095846355936042,0
ORD500302,CUST101933,560052,2025-02-20 05:49:00,1225.12,43.3,Beauty,5,0,16.7,1,0.1630976095617529,0,20,0.1228585657370517,0
ORD500069,CUST100558,560028,2025-02-20 06:07:31,557.4,51.6,Electronics,10,0,16.3,1,0.1630164260826281,0,15,0.1403541207423736,1
ORD502738,CUST100906,560076,2025-02-20 06:20:28,1028.93,23.7,Fashion,7,0,9.2,13,0.1655610834715312,0,20,0.1230099502487562,0
ORD505650,CUST101267,560091,2025-02-20 06:20:42,297.75,8.9,Grocery,14,0,2.9,7,0.1649676777722526,0,15,0.2548128152305179,0
ORD501927,CUST100895,560082,2025-02-20 06:43:51,1167.78,8.9,Home,16,0,8.4,0,0.1958250497017892,1,16,0.1921250276121051,0
ORD504141,CUST101516,560005,2025-02-20 07:02:51,322.96,10.8,Electronics,20,0,24.8,3,0.1223298559364133,0,16,0.2198487608323674,0
ORD503640,CUST101798,560078,2025-02-20 08:01:10,586.93,13.8,Beauty,1,1,15.7,0,0.195630585898709,1,18,0.1555950452098468,0
ORD503163,CUST101359,560019,2025-02-20 08:12:00,821.2,23.6,Fashion,20,0,21.5,0,0.1955334987593052,1,28,0.1856389578163771,0
ORD500346,CUST100598,560094,2025-02-20 11:24:58,720.33,0.6,Electronics,2,1,7.8,0,0.1954365079365079,1,18,0.2870718462823726,0
ORD505914,CUST101608,560052,2025-02-20 12:30:59,1322.43,27.8,Electronics,14,0,9.6,8,0.1520536974181,0,21,0.1196778601400292,0
ORD502788,CUST101461,560074,2025-02-20 12:36:59,1171.67,1.2,Beauty,16,0,11.6,1,0.1627023455566567,0,16,0.1084682303711045,0
ORD507907,CUST100770,560081,2025-02-20 12:58:56,780.32,13.7,Electronics,7,0,16.6,0,0.1951461119366022,1,16,0.1639700621870012,0
ORD501020,CUST100571,560107,2025-02-20 13:26:14,849.32,26.1,Fashion,14,0,17.2,2,0.2821782178217821,0,16,0.275027502750275,0
ORD501167,CUST101417,560052,2025-02-20 13:46:28,683.65,20.0,Beauty,16,0,5.0,4,0.1083072186486337,0,22,0.1166442826512099,0
ORD501129,CUST101553,560103,2025-02-20 14:10:14,601.5,13.7,Other,17,0,3.1,3,0.1217853610286844,0,19,0.1768495269978949,0
ORD503003,CUST101183,560063,2025-02-20 14:32:15,1246.31,14.3,Fashion,3,1,12.2,12,0.4102236050129394,0,17,0.1323028416454022,1
ORD501817,CUST100818,560105,2025-02-20 14:46:11,865.31,49.7,Home,12,0,25.4,0,0.1951581027667984,1,17,0.2946800555496208,1
ORD504254,CUST100366,560083,2025-02-20 14:48:58,1429.15,10.3,Home,13,0,9.6,0,0.1955555555555555,1,16,0.1364197530864197,0
ORD501687,CUST100050,560048,2025-02-20 14:50:21,468.37,10.5,Home,16,0,13.3,0,0.1954590325765054,1,23,0.2769576895704677,0
ORD505348,CUST100602,560083,2025-02-20 15:46:46,601.75,11.1,Beauty,16,0,25.3,3,0.2471016280217069,0,17,0.1326284350458006,0
ORD501146,CUST100609,560076,2025-02-20 15:46:57,534.65,24.8,Electronics,10,0,18.0,1,0.1627218934911242,0,21,0.1196420839948044,0
ORD505244,CUST101405,560018,2025-02-20 15:57:33,761.74,0.6,Beauty,11,0,19.0,8,0.1519884748075975,0,20,0.1725850172498768,0
ORD503165,CUST101013,560032,2025-02-20 16:13:40,270.47,9.0,Home,9,0,7.0,6,0.0886699507389162,0,15,0.2257565095003518,0
ORD503032,CUST101899,560077,2025-02-20 16:16:27,795.74,26.1,Fashion,20,0,21.3,0,0.1949778434268833,1,13,0.3302896020768989,0
ORD506467,CUST101714,560016,2025-02-20 16:58:08,503.98,9.8,Beauty,14,0,10.6,4,0.108267716535433,0,21,0.2170155559823315,0
ORD506576,CUST101013,560014,2025-02-20 17:16:45,276.6,26.2,Electronics,2,1,8.6,7,0.0811608460403344,0,18,0.2604137002614751,1
ORD501058,CUST100975,560103,2025-02-20 17:26:51,469.74,25.0,Fashion,1,1,6.5,5,0.2975909537856441,0,20,0.172590953785644,0
ORD506266,CUST101013,560013,2025-02-20 18:26:12,1604.96,1.4,Fashion,18,0,5.5,8,0.1519561519561519,0,17,0.1865329703167541,0
ORD503809,CUST100059,560074,2025-02-20 19:12:14,1759.68,18.8,Grocery,21,0,9.1,3,0.2468688605108055,0,17,0.1054000955769128,0
ORD503643,CUST100857,560039,2025-02-20 20:05:30,1898.18,52.1,Fashion,6,0,15.4,0,0.1948944526264114,1,8,0.210638894733151,0
ORD505667,CUST100571,560048,2025-02-20 20:40:16,991.6,27.1,Fashion,19,0,9.2,3,0.2467492639842983,0,24,0.2703631010794897,0
ORD501920,CUST101893,560068,2025-02-20 20:49:28,381.55,24.3,Electronics,14,0,23.1,10,0.3315677619748243,0,18,0.1287912031181435,0
ORD501764,CUST100479,560113,2025-02-20 21:07:51,406.77,15.1,Home,13,0,31.7,0,0.1946078431372549,1,12,0.1528799019607843,0
ORD502623,CUST100043,560075,2025-02-20 22:27:20,779.98,2.8,Grocery,2,1,9.6,0,0.1945124938755512,1,16,0.163618052153084,0
ORD502014,CUST101140,560007,2025-02-20 23:10:09,366.8,42.5,Electronics,4,1,10.3,1,0.1620143650016323,0,12,0.2152607737512243,0
ORD502286,CUST100223,560089,2025-02-21 00:18:00,667.06,14.3,Fashion,1,1,9.2,0,0.1943220753793441,1,5,0.1554576603034752,0
ORD502561,CUST101274,560085,2025-02-21 00:24:47,2000.46,9.7,Home,11,0,23.9,1,0.1618558382257012,0,18,0.1548563188793902,0
ORD506958,CUST100693,560020,2025-02-21 00:26:56,1150.03,19.2,Home,0,1,11.9,4,0.1078511274110296,0,15,0.168075445337059,0
ORD501467,CUST101241,560093,2025-02-21 00:47:34,939.7,19.0,Grocery,7,0,10.2,1,0.1616976213750407,0,14,0.1435512621470875,0
ORD502388,CUST101212,560008,2025-02-21 02:44:22,1143.84,20.5,Electronics,16,0,7.6,0,0.1939423546653639,1,17,0.2940228944137102,0
ORD502485,CUST100420,560021,2025-02-21 03:47:50,487.54,7.2,Beauty,22,1,15.5,0,0.19384765625,1,11,0.1573210685483871,0
ORD506461,CUST101801,560051,2025-02-21 04:41:25,769.49,6.6,Home,6,0,2.9,1,0.1614608752236863,0,14,0.1433841472167197,0
ORD507779,CUST101939,560057,2025-02-21 06:09:33,661.83,36.0,Fashion,23,1,7.1,0,0.1936585365853658,1,19,0.0993120700437773,0
ORD506191,CUST100308,560031,2025-02-21 06:55:34,380.1,11.8,Electronics,1,1,4.3,2,0.1382600821898725,0,26,0.1928539630720963,0
ORD506684,CUST100610,560004,2025-02-21 06:57:13,450.99,15.9,Fashion,2,1,6.5,2,0.2810498468393205,0,20,0.1967348927875243,0
ORD505831,CUST100102,560101,2025-02-21 06:57:35,852.3,36.7,Fashion,22,1,10.4,1,0.1611462899821399,0,16,0.2185419710992044,0
ORD504948,CUST101892,560114,2025-02-21 07:29:01,448.67,21.7,Electronics,16,0,23.1,6,0.0878551827918916,0,12,0.120800876338851,0
ORD507502,CUST100889,560037,2025-02-21 09:03:25,922.09,10.7,Beauty,10,0,18.7,0,0.1931873479318734,1,8,0.1737052485227667,0
ORD502625,CUST101946,560035,2025-02-21 09:11:23,1459.0,33.0,Home,10,0,11.0,0,0.1930933852140078,1,19,0.3041504539559014,0
ORD504167,CUST101251,560014,2025-02-21 09:19:46,936.08,32.5,Fashion,8,0,15.4,0,0.1929995138551288,1,19,0.2784612891564763,0
ORD502801,CUST101790,560070,2025-02-21 09:32:57,1175.77,29.5,Electronics,20,0,6.3,0,0.1929057337220602,1,13,0.1775186264982183,0
ORD502132,CUST101790,560088,2025-02-21 10:58:37,476.15,40.5,Electronics,2,1,14.2,1,0.1606767039015703,0,13,0.1774618452617481,0
ORD506795,CUST100475,560012,2025-02-21 11:51:33,852.01,8.7,Other,10,0,8.0,0,0.1927184466019417,1,17,0.1041721332983468,0
ORD505873,CUST100679,560038,2025-02-21 12:04:51,278.6,15.0,Other,19,0,12.2,1,0.1605207827915251,0,23,0.2523836927208512,0
ORD503873,CUST100650,560063,2025-02-21 12:39:08,263.85,18.1,Beauty,7,0,5.1,1,0.1604429356611703,0,18,0.1539639593649497,0
ORD504409,CUST101924,560113,2025-02-21 13:21:35,987.11,28.9,Electronics,10,0,13.1,1,0.1603651640006463,0,13,0.1469322404853185,0
ORD505630,CUST100807,560036,2025-02-21 14:24:47,546.81,5.3,Beauty,17,0,9.6,2,0.1373892580287929,0,14,0.2013793889648882,0
ORD506051,CUST100480,560008,2025-02-21 15:27:48,423.61,1.7,Electronics,17,0,5.8,1,0.1602098466505246,0,18,0.285395692621384,0
ORD505754,CUST101097,560005,2025-02-21 15:36:19,427.7,9.5,Fashion,16,0,8.7,0,0.1921587608906098,1,17,0.2119777085895188,1
ORD503739,CUST101657,560031,2025-02-21 17:21:43,730.5,3.4,Grocery,8,0,14.0,13,0.1645971079933344,0,27,0.1883189739472356,0
ORD504910,CUST101189,560064,2025-02-21 17:49:02,419.67,7.3,Fashion,6,0,16.1,1,0.3270470664087685,0,11,0.1886815998003369,1
ORD507111,CUST101056,560043,2025-02-21 18:27:59,564.73,8.3,Other,9,0,17.5,1,0.1607056549057515,0,23,0.0896961794822799,0
ORD505471,CUST100000,560028,2025-02-21 19:16:37,446.43,7.0,Other,1,1,13.6,1,0.1606280193236715,0,16,0.1626409017713365,1
ORD500841,CUST101114,560013,2025-02-21 20:07:34,1125.26,7.8,Home,19,0,18.2,2,0.1379595778436918,0,18,0.180601794200615,0
ORD505375,CUST101852,560069,2025-02-21 20:26:01,921.65,20.0,Fashion,11,0,17.3,2,0.1378929950358522,0,19,0.1502821502821502,0
ORD505977,CUST100309,560101,2025-02-21 22:44:13,370.42,21.0,Electronics,21,0,11.6,1,0.1607975558771507,0,17,0.2124092254338274,0
ORD502159,CUST101161,560045,2025-02-22 00:14:02,1430.53,17.5,Fashion,0,1,18.7,7,0.080360012857602,0,16,0.1349244615879138,0
ORD505680,CUST100879,560051,2025-02-22 00:27:22,739.45,28.8,Other,4,1,19.4,2,0.1376936316695352,0,15,0.1387263339070568,0
ORD502124,CUST100475,560030,2025-02-22 01:00:01,363.12,41.4,Beauty,13,0,14.1,1,0.1605651894669235,0,18,0.2066727512422675,1
ORD502649,CUST101673,560000,2025-02-22 01:11:34,433.05,18.8,Fashion,13,0,20.0,0,0.1930669234472797,1,16,0.1628149574707109,0
ORD504863,CUST100426,560064,2025-02-22 01:34:51,444.22,8.3,Home,21,0,15.1,2,0.1378385810532105,0,12,0.2143587584215592,0
ORD502344,CUST100545,560019,2025-02-22 01:35:29,682.45,12.8,Fashion,14,0,9.0,5,0.1964405964405964,0,29,0.1807678338290583,0
ORD507952,CUST100543,560078,2025-02-22 01:47:55,270.67,5.3,Fashion,11,0,17.6,1,0.3273237179487179,0,19,0.1501479289940828,1
ORD507823,CUST101450,560019,2025-02-22 03:47:35,628.49,10.2,Electronics,4,1,11.2,2,0.2808402553717306,0,30,0.1772705430081691,0
ORD504207,CUST100888,560010,2025-02-22 04:05:13,1700.16,9.3,Electronics,8,0,15.0,5,0.4965417867435159,0,20,0.2715417867435158,0
ORD500977,CUST101726,560005,2025-02-22 04:32:40,756.84,23.3,Other,2,1,7.3,1,0.1608257321171387,0,18,0.2331530939687192,0
ORD503925,CUST101022,560111,2025-02-22 04:44:29,1120.89,19.6,Other,10,0,15.9,3,0.2455614203454894,0,17,0.185350417596099,0
ORD506402,CUST101735,560070,2025-02-22 05:59:22,835.67,15.0,Home,9,0,14.9,1,0.1606714628297362,0,14,0.1722386796445196,0
ORD506745,CUST101193,560057,2025-02-22 08:38:07,601.98,32.0,Grocery,0,1,1.6,3,0.1204458293384467,0,20,0.0963566634707574,0
ORD504410,CUST100601,560080,2025-02-22 09:25:23,1082.94,13.4,Electronics,23,1,20.6,0,0.1926209870627695,1,15,0.2529262783215826,0
ORD503676,CUST100168,560098,2025-02-22 09:30:31,646.3,5.3,Electronics,23,1,3.1,1,0.1604406130268199,0,16,0.2180715197956577,0
ORD500529,CUST101339,560113,2025-02-22 09:34:28,558.69,54.9,Grocery,23,1,17.3,1,0.1603638104356151,0,14,0.1426097485427871,1
ORD504247,CUST101633,560094,2025-02-22 09:41:56,387.91,7.9,Fashion,10,0,15.3,2,0.2805878332194121,0,19,0.2783707520549626,1
ORD504151,CUST100906,560038,2025-02-22 09:46:15,329.93,36.4,Grocery,21,0,4.1,14,0.1561076291877469,0,24,0.2469131776879266,1
ORD504341,CUST100182,560028,2025-02-22 11:05:45,1045.82,15.1,Home,7,0,9.3,3,0.120996653919694,0,17,0.1857268358224381,0
ORD506112,CUST101543,560027,2025-02-22 11:29:21,746.06,35.1,Grocery,16,0,16.8,10,0.2645007166746297,0,15,0.2534298000136509,1
ORD500662,CUST101559,560103,2025-02-22 11:50:08,480.74,13.3,Electronics,17,0,9.7,0,0.1938872970391595,1,21,0.1677499009947119,0
ORD506268,CUST101586,560093,2025-02-22 12:08:40,546.99,9.2,Fashion,9,0,19.7,6,0.3608157951833369,0,15,0.1393112853733378,0
ORD503250,CUST101657,560108,2025-02-22 12:31:02,717.97,5.4,Fashion,9,0,16.5,14,0.1562374447569305,0,17,0.2668661027439653,0
ORD504786,CUST101246,560040,2025-02-22 12:49:00,615.28,9.4,Electronics,18,0,30.7,8,0.1513884303583874,0,21,0.1432243506984426,0
ORD501584,CUST100208,560051,2025-02-22 12:58:21,2215.26,36.7,Other,22,1,17.3,3,0.1209485224022879,0,16,0.1352875754687003,0
ORD501823,CUST100674,560000,2025-02-22 13:22:37,392.26,25.4,Fashion,8,0,13.2,8,0.3051636310330927,0,17,0.1586083463167789,1
ORD506353,CUST101834,560016,2025-02-22 13:33:19,746.08,15.5,Other,13,0,12.3,4,0.1076719576719576,0,22,0.2113378684807256,0
ORD502361,CUST100758,560005,2025-02-22 14:12:48,369.8,1.4,Beauty,10,0,18.5,3,0.1210732984293193,0,19,0.2275473217881594,0
ORD505593,CUST101194,560054,2025-02-22 14:20:32,678.15,37.6,Other,7,0,5.2,0,0.1936251189343482,1,11,0.1571774960866763,0
ORD503646,CUST100088,560024,2025-02-22 14:28:17,553.87,7.9,Electronics,21,0,15.1,2,0.1382378914475918,0,12,0.1834581550166429,0
ORD502563,CUST101775,560073,2025-02-22 15:21:26,456.54,18.9,Home,16,0,22.2,1,0.161200887198986,0,15,0.1962520369364475,0
ORD506706,CUST101589,560001,2025-02-22 16:30:21,938.34,18.6,Beauty,1,1,17.8,1,0.3277909738717339,0,24,0.3151587130209458,0
ORD502590,CUST100130,560050,2025-02-22 16:48:16,484.03,9.1,Electronics,6,0,14.2,3,0.2457858499525166,0,12,0.3395358499525166,0
ORD506359,CUST101047,560063,2025-02-22 17:12:52,729.06,4.7,Grocery,14,0,14.5,1,0.1609713652903021,0,19,0.1503413529991603,0
ORD505661,CUST101129,560077,2025-02-22 18:31:28,439.99,24.1,Other,22,1,12.2,0,0.1930740037950664,1,14,0.319455296350039,0
ORD500659,CUST101422,560091,2025-02-22 19:40:18,435.14,1.3,Fashion,14,0,10.9,1,0.1608187134502924,0,16,0.2461013645224171,0
ORD501981,CUST100459,560002,2025-02-22 19:43:15,710.07,32.2,Fashion,11,0,2.1,1,0.1607424960505529,0,16,0.1627172195892575,0
ORD506178,CUST100532,560024,2025-02-22 20:28:36,763.75,1.8,Electronics,4,1,22.1,4,0.1071109005737144,0,13,0.1774543157773854,0
ORD507107,CUST100717,560086,2025-02-22 21:15:20,728.58,10.3,Home,20,0,10.3,1,0.1605902777777778,0,26,0.1707427536231884,0
ORD506919,CUST100759,560016,2025-02-22 21:30:41,504.17,11.4,Electronics,16,0,8.9,5,0.2963085660198769,0,23,0.2058684335068622,0
ORD506269,CUST100935,560042,2025-02-22 21:42:33,1237.59,1.5,Fashion,7,0,19.8,4,0.4402922316829601,0,15,0.1385862954453304,1
ORD505561,CUST100807,560034,2025-02-22 21:49:23,713.6,10.3,Grocery,0,1,15.7,3,0.1205673758865248,0,15,0.1959473150962512,0
ORD501564,CUST101744,560098,2025-02-22 22:10:39,687.18,11.6,Electronics,6,0,7.9,0,0.1928166351606805,1,17,0.2123333163030705,0
ORD505996,CUST100764,560094,2025-02-22 22:27:26,856.2,14.5,Other,23,1,12.8,1,0.1606046291922531,0,20,0.2963627775153519,1
ORD501718,CUST100452,560068,2025-02-22 22:40:45,1366.76,23.7,Fashion,20,0,9.6,1,0.1609222536984576,0,19,0.1246701048400765,1
ORD505609,CUST101629,560002,2025-02-22 22:52:04,1253.88,36.9,Home,21,0,18.5,0,0.193487494100991,1,17,0.1586418887032384,0
ORD501614,CUST100918,560105,2025-02-23 00:35:54,417.22,13.2,Electronics,5,0,9.9,5,0.0966981132075471,0,18,0.3123138033763655,0
ORD500845,CUST100759,560063,2025-02-23 01:59:19,778.87,2.5,Beauty,19,0,5.0,6,0.2696841112682697,0,20,0.1466525223950966,1
ORD503605,CUST100759,560006,2025-02-23 02:28:45,764.62,7.6,Electronics,17,0,1.7,7,0.3307021677662582,0,18,0.1808869487573788,0
ORD507064,CUST100863,560100,2025-02-23 02:43:59,392.52,1.7,Fashion,20,0,6.9,0,0.1935939707960433,1,20,0.2967969853980217,1
ORD502100,CUST100998,560100,2025-02-23 03:00:54,826.8,40.2,Fashion,1,1,6.4,0,0.1939736346516007,1,21,0.314133480317854,1
ORD507014,CUST101892,560112,2025-02-23 03:42:52,1009.78,9.9,Grocery,0,1,11.2,7,0.0809803921568627,0,23,0.2066757865937072,0
ORD501816,CUST101875,560026,2025-02-23 04:34:27,903.05,10.9,Fashion,20,0,9.1,8,0.2285621246110427,0,19,0.1765443712762621,0
ORD502443,CUST101858,560104,2025-02-23 05:43:04,431.25,2.8,Fashion,14,0,13.7,8,0.3054500741383675,0,27,0.146455401174364,0
ORD506415,CUST100725,560099,2025-02-23 05:58:05,1101.16,26.5,Other,16,0,1.4,2,0.1386278195488721,0,20,0.1220394736842105,0
ORD503840,CUST100208,560110,2025-02-23 06:00:23,647.45,22.6,Fashion,1,1,10.7,4,0.107770993163196,0,16,0.2744376598298628,0
ORD505445,CUST100088,560009,2025-02-23 06:04:35,281.17,11.7,Fashion,12,0,1.3,3,0.1211854460093896,0,18,0.2599456387447492,0
ORD505913,CUST101553,560058,2025-02-23 06:22:19,308.61,12.8,Electronics,0,1,12.4,4,0.1076698472287397,0,16,0.2187809583398509,0
ORD501013,CUST100231,560071,2025-02-23 07:10:17,438.14,15.7,Electronics,15,0,18.2,8,0.4591210852936931,0,18,0.2861656956650538,1
ORD504830,CUST100714,560014,2025-02-23 07:14:02,413.83,41.3,Electronics,10,0,10.0,0,0.1940928270042194,1,20,0.2720464135021097,0
ORD502634,CUST100059,560042,2025-02-23 07:32:13,424.72,15.9,Fashion,14,0,18.3,4,0.2188899302301364,0,16,0.1633343746745808,1
ORD501793,CUST101118,560091,2025-02-23 07:38:18,358.61,21.3,Home,18,0,5.6,3,0.4964871194379391,0,17,0.24020507627065,0
ORD503186,CUST101297,560053,2025-02-23 07:48:28,1036.56,23.7,Grocery,5,0,21.4,0,0.1942883895131086,1,20,0.2471441947565543,0
ORD506993,CUST100152,560068,2025-02-23 08:54:39,531.15,5.2,Fashion,8,0,1.4,1,0.161831227577601,0,20,0.1470987365465605,0
ORD501440,CUST100664,560104,2025-02-23 09:02:41,361.0,7.4,Beauty,0,1,18.4,0,0.1941066417212348,1,28,0.1433777673838478,0
ORD501398,CUST100963,560020,2025-02-23 10:02:03,1101.9,22.9,Electronics,8,0,11.5,3,0.1212599345488546,0,16,0.1633421640434263,0
ORD504484,CUST101335,560118,2025-02-23 10:07:46,188.02,19.5,Fashion,11,0,11.2,8,0.074586628324946,0,19,0.2532949916127486,1
ORD500507,CUST100924,560063,2025-02-23 10:19:58,725.02,22.3,Fashion,17,0,13.1,2,0.1387869486888636,0,21,0.1679520625192239,0
ORD505794,CUST101608,560021,2025-02-23 10:24:36,1107.79,17.2,Other,23,1,11.4,9,0.1407896491930105,0,12,0.1526318860877684,0
ORD504278,CUST100753,560064,2025-02-23 10:50:10,1153.99,37.3,Home,13,0,2.7,1,0.3284336599782236,0,13,0.208557813317496,0
ORD504590,CUST101144,560000,2025-02-23 10:55:17,1391.51,4.7,Fashion,0,1,1.7,1,0.1616915422885572,0,18,0.1810683424980361,0
ORD501458,CUST100297,560059,2025-02-23 12:20:14,355.82,27.9,Other,4,1,24.5,6,0.1790633608815427,0,16,0.1632996632996633,1
ORD507647,CUST100534,560058,2025-02-23 12:26:01,921.36,5.8,Beauty,11,0,12.0,2,0.4245107176141659,0,17,0.2131432457620715,1
ORD500138,CUST100459,560030,2025-02-23 12:44:20,201.11,24.2,Fashion,5,0,11.5,2,0.1390644753476611,0,19,0.2280462899931926,0
ORD502041,CUST101519,560084,2025-02-23 13:56:55,486.63,2.1,Beauty,10,0,3.8,0,0.1945996275605214,1,15,0.2826283586060122,0
ORD506893,CUST101633,560109,2025-02-23 14:29:30,2035.42,14.5,Home,13,0,9.0,3,0.3715681712424383,0,11,0.1900058541857428,1
ORD503735,CUST100055,560072,2025-02-23 14:39:53,1014.51,34.0,Home,0,1,11.9,0,0.1948837209302325,1,23,0.1836668469442942,0
ORD507388,CUST100573,560035,2025-02-23 15:02:29,613.86,5.6,Grocery,10,0,15.5,2,0.2819950853423656,0,20,0.2973965597396559,0
ORD503408,CUST100722,560068,2025-02-23 15:37:02,867.08,10.6,Beauty,0,1,8.1,0,0.1947026022304832,1,21,0.1437573669416991,0
ORD504607,CUST101921,560049,2025-02-23 15:37:37,465.01,15.4,Fashion,22,1,5.7,3,0.1216326056665118,0,13,0.117946769131163,0
ORD501722,CUST101606,560024,2025-02-23 16:04:09,282.64,27.1,Fashion,16,0,20.7,0,0.1945218198700092,1,14,0.1732481293352995,0
ORD504424,CUST101467,560105,2025-02-23 16:25:09,482.95,32.6,Home,7,0,5.9,5,0.0972157772621809,0,19,0.3048366946278779,0
ORD504703,CUST101884,560052,2025-02-23 16:55:47,754.53,18.4,Beauty,17,0,2.8,4,0.330189651618223,0,23,0.1136471501920007,0
ORD501757,CUST101833,560105,2025-02-23 17:23:47,373.9,4.2,Fashion,3,1,20.5,3,0.1214070468242929,0,20,0.2971256374594344,0
ORD507371,CUST101652,560063,2025-02-23 17:52:13,618.93,8.4,Home,15,0,12.5,0,0.1941612604263206,1,22,0.1638863144887241,0
ORD506135,CUST101923,560089,2025-02-23 19:02:31,1453.54,57.7,Electronics,9,0,11.0,5,0.0970356646595646,0,6,0.1492856379377917,0
ORD504665,CUST101353,560106,2025-02-23 19:25:06,702.56,5.9,Electronics,17,0,17.9,0,0.1939814814814814,1,19,0.2276828110161443,0
ORD502051,CUST100532,560102,2025-02-23 19:27:04,782.36,11.3,Grocery,0,1,22.2,5,0.0969458583988894,0,20,0.2719458583988894,0
ORD500034,CUST100855,560001,2025-02-23 19:48:34,358.42,17.1,Fashion,23,1,10.8,1,0.1615016959605303,0,25,0.3083564600678384,0
ORD504337,CUST101228,560096,2025-02-23 19:59:05,326.53,20.9,Fashion,11,0,23.2,2,0.1383660260220593,0,11,0.1249757654392794,1
ORD500781,CUST101135,560031,2025-02-23 20:58:56,851.63,18.2,Fashion,17,0,5.6,0,0.1940850277264325,1,28,0.1850354282193469,0
ORD506846,CUST100339,560039,2025-02-23 22:03:41,199.91,21.0,Electronics,17,0,18.5,1,0.161662817551963,0,9,0.2027554352154177,0
ORD502082,CUST100381,560112,2025-02-23 23:07:09,480.52,29.0,Home,10,0,16.4,0,0.1939058171745152,1,24,0.2017753714429614,0
ORD505486,CUST100876,560055,2025-02-23 23:49:26,1805.29,12.4,Home,14,0,27.1,3,0.1211352099676972,0,20,0.1219081679741578,0
ORD505774,CUST100622,560084,2025-02-24 00:10:32,1003.04,10.4,Other,15,0,1.6,1,0.1614391143911439,0,16,0.2742927429274293,0
ORD502480,CUST101203,560116,2025-02-24 01:02:32,727.56,22.4,Beauty,15,0,23.2,8,0.2283221619321204,0,11,0.1249274974345246,0
ORD506079,CUST100321,560054,2025-02-24 01:07:47,436.51,10.9,Electronics,0,1,17.3,5,0.2967741935483871,0,12,0.1522177419354838,0
ORD500003,CUST101570,560007,2025-02-24 01:19:41,865.35,5.1,Electronics,17,0,19.8,0,0.193459235375403,1,13,0.2081571123487291,0
ORD507847,CUST100566,560065,2025-02-24 01:29:38,442.65,28.4,Fashion,17,0,19.6,6,0.2697137117026619,0,23,0.1829628677887704,0
ORD502845,CUST101246,560044,2025-02-24 02:14:03,713.0,31.5,Home,1,1,18.2,9,0.1404575636052856,0,18,0.1017269358393683,0
ORD500855,CUST101306,560059,2025-02-24 02:18:44,1324.92,38.9,Fashion,8,0,22.1,0,0.1931922723091076,1,17,0.1855093363833014,1
ORD500882,CUST101559,560056,2025-02-24 02:47:27,245.78,21.1,Electronics,23,1,20.0,1,0.1613026819923371,0,16,0.1908684546615581,0
ORD500472,CUST101207,560024,2025-02-24 03:31:03,1695.26,15.8,Beauty,5,0,1.2,3,0.4959214154411764,0,15,0.1676995798319327,0
ORD506063,CUST100887,560068,2025-02-24 04:17:52,511.61,11.0,Fashion,2,1,9.0,0,0.1933853927423059,1,22,0.1397073298772885,0
ORD501964,CUST101382,560117,2025-02-24 04:28:09,1002.28,2.3,Home,16,0,1.5,1,0.1610805019895929,0,19,0.2016905653269289,0
ORD501797,CUST101904,560084,2025-02-24 04:55:24,644.67,19.2,Fashion,8,0,6.0,1,0.3276732446076182,0,17,0.2665988613671037,0
ORD503402,CUST101008,560053,2025-02-24 05:42:00,6194.96,36.8,Electronics,9,0,19.5,1,0.1609327217125382,0,21,0.2405459834414857,0
ORD503009,CUST100890,560012,2025-02-24 06:24:13,370.27,24.7,Fashion,14,0,7.3,2,0.1378790856094845,0,18,0.1015951157122517,1
ORD501313,CUST100286,560049,2025-02-24 07:17:05,152.66,5.7,Other,18,0,21.7,0,0.1934005499541705,1,14,0.1137650293848061,0
ORD506607,CUST100541,560038,2025-02-24 07:31:51,1098.27,14.2,Grocery,21,0,29.0,17,0.0893890809145046,0,25,0.2636942026772535,0
ORD500316,CUST100615,560036,2025-02-24 07:52:46,227.47,32.7,Other,5,0,14.0,0,0.1932234432234432,1,15,0.1961276818419675,0
ORD506870,CUST101390,560057,2025-02-24 08:04:05,559.15,17.8,Electronics,2,1,16.8,8,0.1512057736314029,0,21,0.0942122007032427,0
ORD505938,CUST101620,560084,2025-02-24 08:29:43,319.59,24.3,Grocery,20,0,12.4,7,0.1637694419030192,0,18,0.2594982424038137,1
ORD502642,CUST100515,560077,2025-02-24 09:19:12,545.46,38.6,Electronics,6,0,14.8,9,0.1405055849500294,0,15,0.3105232216343327,0
ORD506275,CUST101224,560108,2025-02-24 09:40:40,669.43,24.0,Fashion,22,1,11.3,2,0.2809480282057978,0,18,0.2596459155200616,0
ORD503963,CUST101272,560001,2025-02-24 09:55:14,369.89,16.9,Home,3,1,12.9,0,0.1932389218821379,1,26,0.3014082269052773,1
ORD500843,CUST101511,560059,2025-02-24 10:21:14,1669.46,6.4,Fashion,17,0,12.4,4,0.3297818366311517,0,18,0.2071617399663542,0
ORD504179,CUST100495,560098,2025-02-24 10:58:44,702.64,3.7,Beauty,0,1,10.9,3,0.2459493382017343,0,18,0.2071152321698815,1
ORD504825,CUST101833,560061,2025-02-24 11:00:18,593.37,21.3,Beauty,9,0,18.1,4,0.1077149229521492,0,8,0.1384906152241918,0
ORD506466,CUST100414,560006,2025-02-24 13:44:29,311.69,2.3,Other,17,0,10.2,2,0.2812846068660022,0,19,0.1763068972371297,0
ORD501407,CUST100110,560018,2025-02-24 13:47:31,425.49,15.2,Fashion,16,0,15.2,1,0.161425098754178,0,21,0.1676634724414701,0
ORD503489,CUST100643,560009,2025-02-24 13:47:49,716.15,17.0,Fashion,10,0,19.8,1,0.3280182232346241,0,19,0.2531394194264353,0
ORD502059,CUST100089,560039,2025-02-24 14:03:05,845.9,17.8,Beauty,1,1,5.3,4,0.2186298320178101,0,10,0.1956891317547055,0
ORD500044,CUST100515,560014,2025-02-24 16:00:19,846.83,16.9,Electronics,17,0,15.2,10,0.1311485358822637,0,21,0.2650954183642883,0
ORD504425,CUST100723,560118,2025-02-24 16:58:16,881.06,21.6,Grocery,16,0,3.6,0,0.1933575978161965,1,20,0.2716787989080982,0
ORD503474,CUST100174,560118,2025-02-24 17:09:36,602.45,5.4,Electronics,22,1,16.7,0,0.1932696680309231,1,21,0.2650095941614259,1
ORD504263,CUST100208,560119,2025-02-24 17:17:50,347.41,6.9,Home,3,1,9.0,5,0.0968181818181818,0,20,0.2218181818181818,0
ORD503524,CUST100403,560090,2025-02-24 17:38:08,892.03,26.1,Fashion,15,0,8.0,2,0.2811059907834101,0,18,0.1544991511035653,0
ORD502404,CUST100370,560046,2025-02-24 17:59:09,1480.2,27.7,Grocery,21,0,11.0,5,0.0967302452316076,0,7,0.2173781410838631,1
ORD507575,CUST100410,560072,2025-02-24 19:09:50,1514.4,7.5,Electronics,23,1,26.8,7,0.2474277500378272,0,24,0.1790120909503569,0
ORD503937,CUST100180,560079,2025-02-24 19:14:23,485.28,10.7,Home,7,0,9.0,0,0.1937386569872958,1,20,0.1968693284936479,0
ORD504761,CUST100314,560028,2025-02-24 19:30:41,754.06,37.9,Other,14,0,19.7,1,0.1613756613756613,0,18,0.1808688387635756,0
ORD507446,CUST101246,560081,2025-02-24 19:50:21,717.04,16.2,Beauty,9,0,13.4,10,0.1311876699909338,0,17,0.1586827080934061,0
ORD504502,CUST101187,560101,2025-02-24 19:50:34,995.3,8.2,Other,22,1,17.2,0,0.1934753058450385,1,18,0.2070922662342308,0
ORD506658,CUST100005,560090,2025-02-24 20:09:01,751.09,1.0,Beauty,12,0,16.3,0,0.1933876811594203,1,19,0.150455221107395,0
ORD502706,CUST100798,560059,2025-02-24 20:25:05,1796.68,14.9,Home,4,1,13.3,3,0.1208125848800362,0,19,0.2016923773374656,0
ORD501986,CUST100194,560002,2025-02-24 20:29:17,1039.02,14.2,Fashion,13,0,5.2,12,0.2332978440244876,0,18,0.1543224577280305,0
ORD504463,CUST100727,560007,2025-02-24 23:35:54,459.84,16.5,Beauty,21,0,12.7,4,0.2184029348208452,0,14,0.2018384015750126,1
ORD501411,CUST101084,560064,2025-02-24 23:58:03,405.66,47.2,Beauty,16,0,3.0,2,0.1382071816068199,0,14,0.2020529730879693,0
ORD506664,CUST100978,560076,2025-02-25 00:01:30,740.37,11.0,Fashion,9,0,7.8,0,0.193402620876638,1,22,0.1159060099412562,0
ORD506719,CUST101149,560117,2025-02-25 00:31:25,673.25,0.6,Grocery,12,0,18.6,1,0.1610960554049985,0,20,0.1966576332429991,0
ORD502066,CUST101246,560043,2025-02-25 01:00:44,471.38,18.3,Electronics,18,0,7.6,11,0.1228837471783295,0,24,0.0878309049866612,0
ORD507989,CUST100447,560021,2025-02-25 01:01:18,1131.37,3.6,Electronics,12,0,7.9,5,0.4965703971119133,0,13,0.1473580571053495,0
ORD506395,CUST100208,560096,2025-02-25 01:04:31,418.98,28.7,Fashion,11,0,1.3,6,0.0877516709722393,0,12,0.151908547586829,0
ORD500634,CUST100262,560101,2025-02-25 01:08:35,831.01,7.6,Electronics,5,0,20.7,6,0.17862119845889,0,19,0.2015213521074657,0
ORD506465,CUST100307,560051,2025-02-25 01:28:50,902.11,33.8,Grocery,10,0,20.3,3,0.1205497972059486,0,17,0.1312863110970366,0
ORD506838,CUST101674,560115,2025-02-25 01:35:49,861.4,6.8,Fashion,0,1,30.3,0,0.1927927927927928,1,16,0.1626626626626626,1
ORD505965,CUST101268,560107,2025-02-25 01:49:19,760.8,10.1,Beauty,9,0,8.4,8,0.2281370138191389,0,17,0.2665709383404115,1
ORD501586,CUST100774,560040,2025-02-25 02:16:05,247.28,10.3,Fashion,8,0,22.1,4,0.1075107510751075,0,22,0.1397711199691397,1
ORD502206,CUST101024,560091,2025-02-25 02:16:38,556.29,6.4,Grocery,14,0,1.0,0,0.1938821412505623,1,18,0.2336221796055591,0
ORD505502,CUST101098,560054,2025-02-25 02:17:58,1298.72,29.9,Electronics,6,0,10.3,0,0.1937949640287769,1,13,0.1477545236538042,0
ORD507983,CUST101579,560090,2025-02-25 02:37:46,423.82,21.0,Grocery,1,1,5.9,8,0.3052722558340536,0,20,0.1468539325842696,0
ORD505956,CUST101719,560095,2025-02-25 03:03:48,257.44,33.5,Grocery,15,0,7.5,0,0.1936208445642407,1,12,0.1522630278526505,0
ORD504854,CUST101086,560004,2025-02-25 04:01:42,768.98,13.8,Fashion,20,0,16.3,0,0.1935339021104625,1,21,0.1919677571270548,0
ORD506759,CUST101553,560111,2025-02-25 05:38:58,428.84,31.8,Home,19,0,6.9,5,0.0967235188509874,0,18,0.180761598790513,0
ORD505511,CUST101614,560109,2025-02-25 07:27:22,433.29,5.8,Electronics,10,0,21.7,1,0.3278002093614476,0,12,0.2146001570210857,0
ORD502750,CUST101048,560100,2025-02-25 08:54:37,963.28,26.9,Electronics,17,0,12.3,2,0.138052530429212,0,22,0.3301302583813794,0
ORD501194,CUST100286,560069,2025-02-25 09:06:27,814.23,20.7,Fashion,0,1,9.8,1,0.1609890930823248,0,20,0.1465934558493949,0
ORD505177,CUST100116,560072,2025-02-25 09:41:05,1015.05,14.3,Grocery,19,0,6.4,5,0.1965501792114695,0,25,0.1747112704101951,0
ORD505421,CUST101922,560093,2025-02-25 09:55:40,1506.84,13.7,Fashion,9,0,7.1,1,0.1608449022242125,0,16,0.1350077125939195,0
ORD507501,CUST100048,560087,2025-02-25 10:08:58,666.97,13.1,Electronics,5,0,4.5,3,0.1205796777081468,0,13,0.2078348389897181,0
ORD501076,CUST100971,560097,2025-02-25 10:35:45,820.17,28.6,Other,16,0,2.0,0,0.1928411633109619,1,25,0.2190405170270942,1
ORD505588,CUST101160,560018,2025-02-25 11:07:12,1138.41,9.6,Fashion,22,1,30.4,6,0.0878191575865994,0,22,0.1634295936621518,0
ORD505140,CUST101250,560026,2025-02-25 11:46:20,3804.37,21.2,Fashion,19,0,13.1,3,0.1206973625391148,0,20,0.1715578900312919,0
ORD505622,CUST100398,560069,2025-02-25 12:19:02,364.71,10.9,Electronics,7,0,22.2,3,0.1206434316353887,0,21,0.1429412149349375,0
ORD506464,CUST101268,560096,2025-02-25 12:28:03,152.11,12.0,Beauty,9,0,10.7,9,0.2831940279461494,0,13,0.1472383504540717,0
ORD503134,CUST101777,560074,2025-02-25 12:34:37,821.32,17.9,Beauty,2,1,13.0,2,0.1377551020408163,0,18,0.1015037593984962,0
ORD501116,CUST100474,560088,2025-02-25 14:46:32,904.29,15.3,Grocery,11,0,7.7,3,0.1204819277108433,0,14,0.1722182849043231,0
ORD502946,CUST100641,560047,2025-02-25 15:39:21,707.05,11.0,Fashion,2,1,16.7,0,0.1926851025869759,1,24,0.1330386829940799,0
ORD500563,CUST101976,560026,2025-02-25 15:59:49,1136.2,5.9,Beauty,19,0,7.2,0,0.1925991975033437,1,21,0.1671215597577286,1
ORD505734,CUST100423,560031,2025-02-25 16:01:50,3010.57,8.7,Beauty,17,0,18.8,2,0.1378278584160937,0,29,0.1807995925642984,0
ORD503834,CUST100475,560017,2025-02-25 16:03:24,871.37,12.6,Other,20,0,3.5,2,0.2806236080178174,0,14,0.1722782654264378,0
ORD506652,CUST101089,560114,2025-02-25 16:31:25,671.36,30.1,Other,2,1,7.3,3,0.3704919857524488,0,13,0.11684071345692,0
ORD502098,CUST101869,560099,2025-02-25 16:36:34,516.15,0.5,Electronics,22,1,17.0,4,0.107056322009593,0,21,0.1183909168864719,0
ORD501769,CUST101011,560098,2025-02-25 16:51:48,435.14,16.9,Fashion,5,0,1.6,1,0.1605130486358244,0,19,0.2269823889040971,0
ORD503382,CUST100955,560061,2025-02-25 16:52:07,326.55,48.7,Beauty,22,1,9.8,1,0.1604416777827182,0,9,0.1327793195443185,0
ORD507010,CUST101080,560080,2025-02-25 18:47:37,398.56,9.5,Fashion,12,0,14.4,0,0.1924444444444444,1,16,0.2458024691358024,0
ORD505704,CUST100448,560043,2025-02-25 19:24:34,831.12,43.4,Beauty,1,1,15.3,1,0.3269657929808974,0,25,0.0854928673675897,1
ORD501193,CUST101182,560094,2025-02-25 20:06:08,347.34,11.0,Electronics,11,0,6.6,2,0.1376554174067495,0,21,0.313520772863146,0
ORD502357,CUST101062,560004,2025-02-25 20:20:49,1524.58,13.0,Fashion,14,0,19.4,10,0.3308773487202249,0,22,0.1869676410288926,0
ORD504912,CUST101209,560003,2025-02-25 20:42:42,364.39,27.6,Other,3,1,5.5,7,0.0802277432712215,0,13,0.2076039902126858,0
ORD501268,CUST100463,560053,2025-02-25 20:57:13,364.74,34.7,Fashion,7,0,29.9,1,0.1603843311160384,0,22,0.2345053320663077,0
ORD502261,CUST101087,560110,2025-02-25 22:35:28,807.12,4.0,Fashion,21,0,15.8,3,0.1202349290780141,0,17,0.2661491278512555,0
ORD507878,CUST100009,560080,2025-02-25 22:38:11,399.71,18.8,Beauty,2,1,13.0,2,0.4230647509336034,0,17,0.2390760277335377,1
ORD504604,CUST101090,560064,2025-02-25 23:22:58,262.05,36.2,Other,15,0,19.7,0,0.1926483613817537,1,15,0.1957990636467164,0
ORD504755,CUST100834,560026,2025-02-25 23:24:51,392.86,28.8,Electronics,14,0,6.8,10,0.330854360336432,0,22,0.1869348004806172,0
ORD504325,CUST100359,560063,2025-02-26 00:32:08,244.09,8.9,Beauty,21,0,8.7,2,0.2803413400758533,0,23,0.1592920353982301,0
ORD501961,CUST101078,560115,2025-02-26 00:43:13,392.34,23.1,Beauty,9,0,17.0,0,0.1923927465723131,1,17,0.1850771603093584,0
ORD500195,CUST101007,560086,2025-02-26 01:55:32,762.25,25.0,Electronics,18,0,8.5,3,0.1201923076923077,0,27,0.1669394435351882,1
ORD501776,CUST101015,560009,2025-02-26 02:23:18,302.26,19.4,Electronics,11,0,23.9,1,0.1605538370894093,0,20,0.2463323022536456,0
ORD507928,CUST100557,560027,2025-02-26 02:29:12,938.05,30.5,Fashion,15,0,19.0,13,0.164605418138987,0,16,0.2736552807224185,1
ORD506241,CUST101893,560049,2025-02-26 03:04:03,995.63,10.6,Fashion,3,1,21.7,11,0.3102924944812362,0,15,0.110249132765689,0
ORD501491,CUST101201,560103,2025-02-26 03:13:38,621.33,21.9,Fashion,13,0,11.6,5,0.2964254192409532,0,22,0.163262304039003,0
ORD504072,CUST101852,560111,2025-02-26 06:07:58,902.02,20.4,Grocery,4,1,6.0,3,0.1204786060873401,0,19,0.1757773178152534,0
ORD501953,CUST101141,560014,2025-02-26 06:15:09,2670.77,19.9,Fashion,13,0,7.4,1,0.3272339800117578,0,22,0.2584194171495759,0
ORD501739,CUST101132,560111,2025-02-26 06:16:15,406.21,2.2,Beauty,20,0,16.4,1,0.3271632143381813,0,20,0.1712979286029087,0
ORD502889,CUST100583,560105,2025-02-26 06:54:09,1338.87,15.8,Fashion,17,0,22.0,2,0.2803650094398993,0,21,0.2890297625443214,0
ORD501092,CUST100257,560002,2025-02-26 07:10:25,2567.39,11.7,Electronics,23,1,14.1,1,0.1603552032878321,0,19,0.1499621763822556,1
ORD500726,CUST101733,560001,2025-02-26 07:40:08,993.84,9.5,Beauty,3,1,9.7,0,0.192781690140845,1,27,0.316077314953551,0
ORD502847,CUST101937,560006,2025-02-26 07:50:58,717.7,37.5,Other,7,0,10.0,1,0.1605807303123625,0,20,0.1713484381874175,0
ORD506677,CUST100884,560101,2025-02-26 10:15:54,941.71,1.0,Beauty,15,0,9.2,1,0.1605101143359718,0,20,0.1963060686015831,0
ORD506013,CUST101031,560057,2025-02-26 10:58:38,788.14,5.0,Home,23,1,11.6,0,0.1925274725274725,1,22,0.0916797488226059,0
ORD507652,CUST100195,560076,2025-02-26 11:53:11,288.51,34.8,Fashion,7,0,17.1,0,0.1924428822495606,1,23,0.1127641312788654,1
ORD502198,CUST100636,560034,2025-02-26 11:54:59,884.42,2.2,Home,19,0,9.1,0,0.1927975406236275,1,16,0.1904430781242375,0
ORD507887,CUST100660,560050,2025-02-26 13:21:21,1648.97,53.5,Fashion,23,1,19.0,0,0.1927129060579455,1,13,0.3289169127623912,1
ORD503135,CUST101783,560071,2025-02-26 14:10:16,782.68,2.8,Home,20,0,17.0,2,0.4236193819344324,0,19,0.304136992158054,0
ORD500583,CUST100667,560099,2025-02-26 14:47:01,482.65,10.0,Home,17,0,6.3,4,0.2183235867446393,0,22,0.1157059314954051,0
ORD502217,CUST100572,560101,2025-02-26 15:07:34,516.22,12.6,Grocery,10,0,11.1,1,0.3274148765161479,0,21,0.1916574886923792,0
ORD507491,CUST101429,560100,2025-02-26 15:12:34,310.54,21.4,Home,17,0,1.0,7,0.0803388840198656,0,23,0.3222387542547337,0
ORD506628,CUST101794,560045,2025-02-26 15:13:00,1397.17,17.3,Electronics,0,1,9.8,1,0.1606073879398452,0,17,0.1312047921771969,0
ORD505352,CUST100503,560018,2025-02-26 15:15:24,774.17,15.6,Electronics,18,0,16.0,3,0.1204028021015761,0,23,0.159369527145359,0
ORD502541,CUST101124,560094,2025-02-26 16:24:42,569.61,40.9,Other,13,0,41.8,0,0.1925601750547046,1,22,0.3059810357403355,1
ORD504946,CUST100256,560026,2025-02-26 17:19:07,590.85,19.7,Fashion,19,0,1.0,4,0.2182852143482064,0,23,0.1827504120124519,0
ORD504581,CUST100194,560095,2025-02-26 17:21:36,574.79,20.3,Fashion,7,0,5.8,13,0.2202302871301559,0,13,0.1471691113142796,1
ORD503697,CUST101539,560018,2025-02-26 17:34:13,764.17,18.9,Beauty,16,0,20.7,0,0.1931818181818181,1,24,0.15599173553719,0
ORD504637,CUST100655,560103,2025-02-26 18:29:25,1083.44,17.7,Fashion,6,0,11.8,0,0.1930974224552206,1,23,0.1595801964908003,0
ORD502223,CUST101203,560086,2025-02-26 19:56:51,896.88,28.2,Home,6,0,17.6,9,0.2117903930131004,0,28,0.1845887918486171,0
ORD504872,CUST100302,560064,2025-02-26 21:37:57,693.75,30.2,Electronics,5,0,21.0,3,0.1205805325185508,0,16,0.1905160289053785,1
ORD503305,CUST101711,560064,2025-02-26 21:39:01,595.99,23.4,Fashion,14,0,1.0,0,0.1932809773123909,1,17,0.2125843120607518,0
ORD503588,CUST100608,560025,2025-02-26 23:43:11,372.04,25.4,Fashion,12,0,17.2,1,0.1609972379706352,0,16,0.162887047535979,1
ORD506500,CUST100593,560018,2025-02-26 23:45:39,411.94,1.4,Beauty,20,0,4.5,3,0.3709677419354839,0,25,0.1526881720430107,0
ORD500568,CUST100515,560044,2025-02-27 00:37:27,1158.89,27.4,Fashion,13,0,6.3,11,0.1229575163398692,0,19,0.0992123345064521,0
ORD504546,CUST100415,560039,2025-02-27 02:38:35,603.55,32.0,Fashion,8,0,4.4,1,0.1611498257839721,0,11,0.1892772844779139,1
ORD501449,CUST100354,560054,2025-02-27 03:00:34,293.9,30.7,Fashion,18,0,6.9,2,0.1383792524410722,0,14,0.1433711490691183,0
ORD506227,CUST101454,560086,2025-02-27 04:04:25,1097.3,11.7,Beauty,18,0,6.5,1,0.3280388743835219,0,29,0.1810802650041739,0
ORD500350,CUST101717,560006,2025-02-27 04:58:18,1181.25,0.0,Beauty,12,0,10.0,4,0.1075346769126673,0,21,0.1675914236306347,0
ORD500528,CUST101122,560076,2025-02-27 05:52:31,1157.2,9.3,Home,7,0,10.0,3,0.1209239130434782,0,24,0.133399209486166,0
ORD500783,CUST100105,560083,2025-02-27 06:07:35,757.56,36.1,Fashion,14,0,10.1,0,0.1933941764450239,1,18,0.1281021981289599,1
ORD504292,CUST101762,560009,2025-02-27 06:43:20,2308.41,28.2,Fashion,22,1,14.3,5,0.2968722849695916,0,21,0.2408510097264309,0
ORD503751,CUST100191,560033,2025-02-27 07:21:51,1047.21,27.6,Home,21,0,13.9,0,0.1936604429005644,1,14,0.2021532017062144,0
ORD505389,CUST100572,560013,2025-02-27 07:37:44,678.5,4.8,Fashion,18,0,6.2,2,0.281125992063492,0,19,0.1761930199430199,0
ORD506120,CUST100043,560019,2025-02-27 09:41:41,486.19,11.9,Fashion,7,0,11.2,1,0.1612436731742588,0,31,0.1739185912976904,0
ORD502949,CUST100636,560003,2025-02-27 10:12:53,691.88,6.2,Home,22,1,10.9,1,0.1611737496386238,0,14,0.2020049997449109,0
ORD500234,CUST101819,560018,2025-02-27 11:00:05,1407.67,13.0,Beauty,12,0,17.0,2,0.1380890457613474,0,26,0.1492715930721245,1
ORD503592,CUST100459,560086,2025-02-27 12:07:33,581.44,8.7,Grocery,8,0,9.8,3,0.1210463604852686,0,30,0.1774696707105719,0
ORD503619,CUST101930,560057,2025-02-27 13:22:44,860.06,14.0,Grocery,23,1,13.2,3,0.1209939367691641,0,23,0.0900419994561221,0
ORD502850,CUST101274,560002,2025-02-27 13:39:40,609.97,10.3,Electronics,23,1,18.9,2,0.1382189239332096,0,20,0.1717532467532467,0
ORD500719,CUST100098,560058,2025-02-27 13:51:03,834.05,5.6,Fashion,13,0,18.8,1,0.1611856339247079,0,18,0.2333804003734997,1
ORD506862,CUST101087,560087,2025-02-27 15:42:32,436.27,8.4,Fashion,1,1,23.1,4,0.1076509034986543,0,14,0.2022186037044575,0
ORD502140,CUST101265,560074,2025-02-27 15:43:17,431.56,14.8,Electronics,23,1,13.3,3,0.1210549070471249,0,19,0.0993271032181538,0
ORD507276,CUST100130,560022,2025-02-27 16:16:16,334.71,32.8,Home,9,0,14.2,4,0.2186689714779602,0,14,0.1727083227413696,0
ORD507441,CUST101674,560001,2025-02-27 17:18:47,1626.87,2.5,Home,2,1,27.3,1,0.3279337652987761,0,28,0.3098002159827214,0
ORD504831,CUST100001,560027,2025-02-27 17:32:23,1494.91,9.2,Fashion,22,1,2.7,11,0.0604490500863557,0,17,0.2937497082574802,0
ORD504083,CUST101161,560094,2025-02-27 18:12:21,552.93,12.6,Other,20,0,9.6,8,0.0743667208924006,0,23,0.3224899880559264,0
ORD503294,CUST100472,560089,2025-02-27 18:39:55,389.46,12.1,Beauty,19,0,6.3,0,0.1932700603968938,1,7,0.1431630077014028,0
ORD506966,CUST101628,560067,2025-02-27 19:00:59,1213.21,15.3,Other,5,0,18.1,6,0.542357599278686,0,16,0.2739926213406162,1
ORD503170,CUST100906,560093,2025-02-27 19:05:20,1708.63,41.3,Other,16,0,12.6,15,0.1983836206896551,0,17,0.1316402609506058,0
ORD502775,CUST101017,560113,2025-02-27 19:36:41,258.61,37.2,Electronics,14,0,6.9,1,0.161209248886974,0,15,0.167686342093925,0
ORD502276,CUST100455,560102,2025-02-27 19:53:46,472.08,16.1,Fashion,19,0,25.0,6,0.2697126301777464,0,21,0.2650574567761181,1
ORD500895,CUST100291,560081,2025-02-27 20:34:19,301.35,3.5,Electronics,9,0,8.8,1,0.1614291863969005,0,18,0.1545868545664635,0
ORD507034,CUST101267,560113,2025-02-27 22:33:45,1707.93,27.0,Home,9,0,7.8,8,0.1513967959751092,0,16,0.16312870529738,0
ORD506189,CUST100532,560079,2025-02-27 23:54:27,487.73,29.7,Electronics,23,1,17.5,6,0.0879765395894428,0,21,0.1919748229740362,0
ORD501481,CUST101364,560029,2025-02-28 02:40:29,682.87,43.2,Grocery,14,0,1.2,0,0.1934651762682717,1,13,0.1778576825868313,0
ORD504003,CUST101013,560036,2025-02-28 02:54:57,326.16,15.1,Other,18,0,18.6,9,0.1404935846276628,0,16,0.1907677983096977,0
ORD503886,CUST101974,560007,2025-02-28 03:22:44,289.96,13.4,Fashion,2,1,3.8,5,0.2966494845360825,0,15,0.2247422680412371,1
ORD506852,CUST101419,560011,2025-02-28 03:31:20,219.88,15.6,Electronics,2,1,20.4,1,0.3280377844568484,0,22,0.2112596863562943,1
ORD503359,CUST100515,560108,2025-02-28 03:34:28,973.99,34.5,Electronics,5,0,11.6,12,0.1158798283261802,0,19,0.2533289314405194,0
ORD503429,CUST101495,560008,2025-02-28 04:07:10,805.11,6.3,Electronics,1,1,5.8,3,0.1211926211926212,0,19,0.2789272789272789,0
ORD506344,CUST100857,560004,2025-02-28 04:38:59,1285.12,1.6,Beauty,10,0,21.0,1,0.1615208690680388,0,23,0.183174438549603,0
ORD506445,CUST100147,560029,2025-02-28 05:30:34,706.11,19.9,Electronics,5,0,13.5,1,0.3281183026146592,0,14,0.1727893900809359,0
ORD506634,CUST101480,560052,2025-02-28 06:14:40,320.47,1.5,Fashion,21,0,18.8,3,0.1210368466152528,0,24,0.1107540702656384,0
ORD501607,CUST100842,560085,2025-02-28 06:23:13,1157.75,25.2,Fashion,4,1,13.1,0,0.1935760171306209,1,19,0.1505518036567287,0
ORD501645,CUST100635,560006,2025-02-28 06:42:39,407.18,47.5,Fashion,0,1,14.3,2,0.1382093933463796,0,22,0.1635681669928245,1
ORD501731,CUST100416,560067,2025-02-28 08:18:30,1357.17,14.3,Grocery,9,0,15.0,4,0.2187990300955641,0,17,0.2939666238767651,0
ORD505518,CUST101211,560113,2025-02-28 08:33:11,505.5,41.9,Home,21,0,15.3,3,0.1210970915312232,0,17,0.1587866737567336,0
ORD505086,CUST100725,560024,2025-02-28 08:37:42,1820.56,33.4,Fashion,22,1,2.2,3,0.1210453185121847,0,16,0.163151394233053,1
ORD500141,CUST101550,560100,2025-02-28 08:40:55,1042.12,35.2,Home,18,0,5.5,1,0.1616809116809116,0,24,0.3154623154623154,0
ORD506587,CUST101092,560043,2025-02-28 08:55:41,520.73,18.6,Electronics,17,0,11.8,1,0.1616118467891214,0,26,0.1060583548464981,0
ORD506510,CUST100708,560047,2025-02-28 09:07:40,854.42,7.5,Fashion,8,0,2.7,4,0.2188063383622734,0,25,0.1306006262453743,0
ORD501620,CUST101837,560085,2025-02-28 09:10:02,514.21,38.4,Fashion,3,1,1.0,0,0.193768672641912,1,20,0.146884336320956,1
ORD506000,CUST101669,560089,2025-02-28 09:32:16,588.06,1.4,Electronics,13,0,9.1,2,0.4243661628473915,0,8,0.1386518771331058,0
ORD500968,CUST101045,560107,2025-02-28 09:43:29,726.0,6.9,Electronics,7,0,4.9,3,0.3712686567164179,0,18,0.2863315003927729,0
ORD500960,CUST101622,560084,2025-02-28 10:26:25,660.67,19.2,Electronics,20,0,5.1,0,0.1939471440750213,1,19,0.2789472533718058,0
ORD504891,CUST100639,560012,2025-02-28 10:35:02,1090.63,14.0,Home,19,0,1.0,0,0.193864507882403,1,19,0.1250587219909759,0
ORD503373,CUST100887,560097,2025-02-28 11:02:44,673.02,11.0,Fashion,13,0,7.5,1,0.1614849517319705,0,26,0.2364269313384193,0
ORD506808,CUST100384,560079,2025-02-28 11:38:40,667.64,27.0,Beauty,4,1,10.4,3,0.1210621541081311,0,22,0.1874759269395284,1
ORD504438,CUST100532,560094,2025-02-28 11:54:30,973.74,13.2,Electronics,21,0,21.2,7,0.0808510638297872,0,24,0.3154738878143133,0
ORD500800,CUST101570,560077,2025-02-28 11:58:11,1224.75,41.3,Fashion,0,1,12.6,1,0.1616333475116971,0,16,0.3022000094522425,1
ORD500065,CUST100120,560057,2025-02-28 12:03:42,490.4,38.6,Other,3,1,6.7,5,0.0971513605442176,0,24,0.0883194186765615,0
ORD506990,CUST101983,560013,2025-02-28 12:34:13,424.9,12.7,Beauty,5,0,5.0,2,0.1387286746402768,0,20,0.1721100722481938,0
ORD505829,CUST101026,560020,2025-02-28 14:23:09,705.58,13.8,Other,7,0,17.8,2,0.2815268843306226,0,17,0.1589933178718225,0
ORD502321,CUST101106,560007,2025-02-28 14:30:40,1344.01,38.6,Electronics,7,0,13.0,4,0.1078084453880632,0,16,0.2466973342769521,0
ORD503340,CUST100872,560113,2025-02-28 15:07:55,150.0,33.7,Other,10,0,7.4,16,0.4747554369795456,0,18,0.1547225449021535,0
ORD507611,CUST100638,560032,2025-02-28 15:25:24,468.32,23.0,Beauty,1,1,15.2,0,0.1938905388205345,1,16,0.2188280771225192,0
ORD505455,CUST101551,560023,2025-02-28 15:35:59,699.93,12.9,Electronics,19,0,3.0,6,0.0880946873313285,0,13,0.117459583108438,0
ORD502123,CUST101747,560028,2025-02-28 16:42:58,419.81,9.6,Fashion,21,0,19.6,3,0.1210788469690546,0,19,0.1762698231540961,0
ORD500464,CUST101298,560102,2025-02-28 16:52:56,276.43,18.7,Fashion,5,0,7.2,2,0.2811743341404358,0,22,0.2826876513317191,0
ORD500909,CUST100689,560048,2025-02-28 16:53:10,349.92,19.7,Beauty,11,0,4.7,4,0.1075344722104569,0,25,0.2638053555461433,0
ORD503090,CUST100830,560082,2025-02-28 16:57:43,368.64,20.4,Grocery,23,1,19.1,1,0.327900084674005,0,17,0.1856649197885438,0
ORD507970,CUST101767,560010,2025-02-28 17:31:53,639.55,7.9,Grocery,23,1,15.4,3,0.2458738891239949,0,21,0.2650723037065326,1
ORD505885,CUST101292,560033,2025-02-28 17:51:19,241.17,14.4,Fashion,4,1,2.1,2,0.1383853033599226,0,15,0.1964225284022238,0
ORD507921,CUST101048,560022,2025-02-28 18:10:55,1412.95,4.9,Electronics,3,1,5.7,3,0.1210359408033826,0,15,0.1678042887345212,0
ORD506729,CUST100713,560111,2025-02-28 18:16:43,913.69,18.1,Grocery,14,0,15.9,6,0.0879889341427802,0,21,0.1675978805434715,0
ORD504544,CUST101892,560073,2025-02-28 19:08:09,950.91,14.2,Other,13,0,16.7,8,0.0744207208085535,0,16,0.1908299300567995,1
ORD506470,CUST101734,560044,2025-02-28 19:23:02,2495.01,18.9,Home,12,0,8.3,0,0.1938344594594594,1,20,0.0969172297297297,1
ORD507795,CUST101720,560028,2025-02-28 19:36:59,542.11,22.7,Electronics,5,0,15.5,0,0.1941747572815534,1,20,0.1720873786407767,0
ORD507651,CUST101649,560015,2025-02-28 20:11:30,1735.56,10.6,Beauty,23,1,19.7,0,0.1940928270042194,1,18,0.1811014878969575,0
ORD502370,CUST101587,560058,2025-02-28 20:53:14,411.18,24.1,Fashion,22,1,4.8,6,0.0881868026532724,0,19,0.2533389568395894,0
ORD500174,CUST101273,560082,2025-02-28 20:56:50,559.5,28.3,Fashion,19,0,1.1,2,0.1385208383522043,0,18,0.1810153545753084,0
ORD505856,CUST101022,560083,2025-02-28 21:20:13,223.55,5.4,Fashion,1,1,1.0,4,0.2188041391581214,0,19,0.1506910002485224,0
ORD506674,CUST100007,560113,2025-02-28 21:36:00,1959.95,19.0,Other,0,1,2.6,3,0.1211036225779275,0,19,0.1506491262177867,0
ORD500575,CUST100358,560061,2025-02-28 21:59:55,674.29,11.6,Grocery,10,0,7.6,0,0.1936842105263158,1,10,0.1291228070175438,0
ORD507347,CUST100321,560098,2025-02-28 22:01:25,564.28,5.5,Other,14,0,12.9,6,0.2698194061830425,0,20,0.2218013468013468,0
ORD506738,CUST101467,560027,2025-02-28 22:14:07,566.29,34.3,Beauty,12,0,20.7,6,0.0879642023941561,0,18,0.2860638132984965,0
ORD504823,CUST101794,560001,2025-02-28 22:23:23,542.46,21.0,Fashion,20,0,30.2,2,0.1381713324522407,0,29,0.3034448430339335,1
ORD500026,CUST101246,560019,2025-02-28 22:37:14,449.04,56.8,Fashion,11,0,20.4,12,0.1158173231461563,0,32,0.1706841918065121,0
ORD502734,CUST100095,560002,2025-02-28 22:45:36,956.36,36.2,Other,15,0,7.4,1,0.3280812324929972,0,21,0.1676573068251691,0
ORD507786,CUST101089,560100,2025-02-28 23:39:11,427.53,13.8,Grocery,5,0,13.1,4,0.3297867375985814,0,25,0.3082738345233095,0
ORD500274,CUST101304,560037,2025-03-01 00:10:04,894.45,2.9,Fashion,10,0,25.0,0,0.1935348446683459,1,9,0.1679550652885144,0
ORD500896,CUST100973,560043,2025-03-01 00:32:58,1095.42,2.7,Beauty,1,1,1.0,4,0.2185853499323914,0,27,0.1035972893099168,0
ORD506050,CUST101467,560024,2025-03-01 02:04:17,529.7,10.2,Electronics,7,0,1.8,7,0.0805718680089485,0,17,0.1856067476872846,0
ORD503312,CUST100577,560012,2025-03-01 03:55:20,877.72,32.1,Fashion,10,0,18.8,2,0.1380652890086852,0,20,0.1216457023060796,0
ORD502990,CUST100037,560016,2025-03-01 04:23:33,689.35,9.1,Electronics,8,0,11.9,5,0.2966051969823973,0,24,0.2014592699839975,1
ORD500979,CUST101429,560042,2025-03-01 05:11:20,653.0,39.0,Home,9,0,5.1,8,0.0744416873449131,0,17,0.1857018308631212,1
ORD505390,CUST100767,560065,2025-03-01 07:34:29,1531.45,2.6,Fashion,4,1,8.4,3,0.121178810720268,0,24,0.1790391350692858,0
ORD507158,CUST101894,560009,2025-03-01 07:39:13,160.45,17.4,Electronics,4,1,22.9,0,0.1938049393051486,1,22,0.2351452091929279,1
ORD507002,CUST100364,560073,2025-03-01 07:58:42,681.47,5.9,Other,23,1,2.1,7,0.0808926080892608,0,17,0.2130498699536356,0
ORD506829,CUST100990,560035,2025-03-01 08:11:36,1930.75,40.4,Other,22,1,14.5,0,0.1940610623170221,1,21,0.289785884057084,1
ORD507099,CUST100906,560005,2025-03-01 09:04:00,618.34,1.1,Fashion,2,1,13.0,16,0.1891423793597706,0,20,0.2221989966555184,1
ORD501931,CUST101768,560007,2025-03-01 09:21:01,306.73,20.0,Beauty,5,0,17.2,1,0.1622788689232483,0,17,0.2403971041664313,0
ORD504610,CUST100918,560058,2025-03-01 09:22:04,707.01,12.9,Electronics,22,1,6.3,6,0.088478772689299,0,20,0.2473266499582289,0
ORD501274,CUST101775,560090,2025-03-01 10:29:02,1896.69,49.0,Fashion,5,0,24.7,2,0.1389800178944229,0,21,0.1436936707571668,0
ORD502918,CUST101906,560006,2025-03-01 11:27:31,1646.41,57.1,Fashion,19,0,18.7,0,0.19449081803005,1,23,0.1834841014093256,0
ORD503681,CUST100410,560010,2025-03-01 11:32:21,703.55,9.2,Electronics,7,0,19.3,8,0.228619107217355,0,22,0.2830522279833919,0
ORD501122,CUST101900,560035,2025-03-01 12:23:03,498.2,12.5,Home,18,0,2.6,1,0.1619405059772032,0,22,0.3068231462726875,0
ORD506701,CUST101740,560023,2025-03-01 13:12:35,355.55,21.8,Grocery,6,0,15.0,2,0.1387482879771333,0,14,0.1142632959811686,0
ORD505067,CUST101605,560113,2025-03-01 13:17:39,577.43,13.6,Beauty,19,0,16.9,2,0.4244047619047619,0,20,0.1470833333333333,0
ORD506695,CUST100658,560055,2025-03-01 14:00:52,1166.48,35.2,Grocery,1,1,16.8,1,0.1617381646536165,0,21,0.1190662427240682,0
ORD507634,CUST101931,560102,2025-03-01 14:48:42,1336.25,16.5,Home,15,0,10.1,0,0.1940049958368026,1,23,0.2762813934124664,0
ORD507893,CUST101463,560062,2025-03-01 16:20:40,635.68,30.3,Home,5,0,19.2,2,0.2813744723857083,0,13,0.2690450068727222,1
ORD501634,CUST100310,560053,2025-03-01 16:27:53,497.56,33.3,Fashion,13,0,12.1,0,0.1942595673876871,1,23,0.229888170877994,1
ORD501245,CUST100393,560101,2025-03-01 16:56:24,187.58,20.3,Fashion,0,1,13.2,4,0.1081081081081081,0,22,0.1879021879021879,0
ORD507583,CUST101183,560024,2025-03-01 17:17:01,264.97,4.5,Electronics,2,1,8.1,13,0.4429204765863119,0,18,0.1813230082688016,0
ORD503372,CUST101942,560101,2025-03-01 17:24:52,466.62,18.0,Home,4,1,8.0,2,0.2817377885927948,0,23,0.1834571646650757,0
ORD500250,CUST100515,560119,2025-03-01 19:38:03,1363.08,27.3,Beauty,21,0,1.0,13,0.1095422665190107,0,21,0.2167571509602139,0
ORD507666,CUST100410,560110,2025-03-01 19:39:33,749.24,52.4,Electronics,19,0,13.0,9,0.212239814979541,0,18,0.2601428852330077,1
ORD500032,CUST100057,560110,2025-03-01 20:56:20,662.44,3.3,Home,2,1,17.7,6,0.1793662768766503,0,19,0.2792850303223747,1
ORD500341,CUST101491,560020,2025-03-01 22:07:05,816.81,2.3,Beauty,10,0,20.9,0,0.1949398589796764,1,18,0.1552315047261455,1
ORD505330,CUST100545,560023,2025-03-01 22:24:14,1871.45,14.8,Fashion,0,1,26.9,6,0.1796698326549073,0,15,0.1115849324804548,0
ORD505659,CUST101160,560082,2025-03-01 22:59:49,305.33,12.5,Fashion,0,1,14.3,7,0.0813302942395358,0,19,0.1770219006025056,0
ORD501969,CUST100314,560038,2025-03-02 00:41:23,968.19,5.2,Electronics,17,0,8.5,2,0.1393656053970884,0,26,0.2587442815460538,0
ORD507239,CUST101964,560040,2025-03-02 01:04:45,367.57,12.9,Fashion,1,1,11.1,0,0.1950310559006211,1,23,0.1604795608840098,0
ORD504114,CUST101344,560055,2025-03-02 01:39:56,904.42,17.6,Home,17,0,18.5,0,0.1949503311258278,1,22,0.1166430148218227,0
ORD507266,CUST101714,560101,2025-03-02 02:22:05,321.72,5.8,Home,16,0,4.4,5,0.0974348365742656,0,24,0.1794862150675142,0
ORD506270,CUST101246,560008,2025-03-02 05:40:45,1099.33,18.8,Home,18,0,30.3,13,0.1096636338571822,0,20,0.272394540942928,1
ORD501507,CUST101122,560096,2025-03-02 05:44:46,539.01,18.7,Other,13,0,12.6,4,0.1084010840108401,0,14,0.1441893830703013,0
ORD501863,CUST101815,560005,2025-03-02 05:54:55,430.26,38.1,Fashion,3,1,9.7,3,0.1219008264462809,0,21,0.2414835718605119,1
ORD500853,CUST100467,560083,2025-03-02 06:10:53,1637.72,29.4,Fashion,11,0,29.2,0,0.1953738124741842,1,20,0.1476869062370921,0
ORD504142,CUST100011,560092,2025-03-02 06:47:41,548.34,7.2,Home,0,1,18.2,1,0.1627442884668318,0,22,0.2596634029334277,0
ORD501639,CUST101717,560107,2025-03-02 07:01:58,361.13,29.4,Fashion,17,0,11.1,5,0.0976062732150227,0,19,0.2795961776564335,1
ORD506662,CUST101672,560086,2025-03-02 08:28:53,609.91,16.5,Other,3,1,6.6,0,0.1955445544554455,1,31,0.17472335468841,0
ORD504125,CUST100306,560007,2025-03-02 08:31:57,1688.07,24.4,Fashion,17,0,6.4,3,0.1221649484536082,0,18,0.2344546934346174,0
ORD501726,CUST101664,560085,2025-03-02 08:32:55,1529.15,11.4,Fashion,2,1,15.3,0,0.1953833470733718,1,21,0.1684796814992057,1
ORD506215,CUST101677,560090,2025-03-02 08:53:36,535.77,22.1,Fashion,18,0,9.3,1,0.1630957286087076,0,22,0.1408166068240234,0
ORD502713,CUST101239,560021,2025-03-02 08:55:14,666.96,38.2,Beauty,16,0,22.4,8,0.15216702572551,0,14,0.1444907452272507,0
ORD507901,CUST101989,560018,2025-03-02 09:04:01,227.95,6.6,Beauty,19,0,4.7,2,0.139681232723637,0,27,0.1683207343885497,0
ORD500458,CUST100035,560097,2025-03-02 09:10:27,1318.18,9.9,Beauty,5,0,11.3,0,0.1954732510288065,1,27,0.2321162770335347,0
ORD506217,CUST100294,560002,2025-03-02 09:18:26,424.05,29.3,Fashion,20,0,31.7,0,0.195392842451666,1,22,0.1644727821198409,0
ORD502833,CUST100120,560087,2025-03-02 09:57:29,4447.53,21.1,Fashion,3,1,6.8,6,0.088778409090909,0,15,0.1973214285714285,0
ORD501999,CUST101889,560114,2025-03-02 10:28:20,544.74,34.1,Beauty,22,1,11.0,0,0.1952322235922729,1,14,0.1148424844660428,0
ORD502318,CUST100047,560113,2025-03-02 11:31:25,931.9,10.4,Other,4,1,12.5,6,0.5432509150668559,0,21,0.1439765917790648,0
ORD501417,CUST100210,560031,2025-03-02 11:47:46,588.99,17.5,Other,22,1,20.6,0,0.1950718685831622,1,30,0.1780287474332649,1
ORD503338,CUST100533,560029,2025-03-02 13:40:08,2872.64,12.6,Electronics,21,0,6.3,0,0.1954022988505747,1,15,0.1688013136288998,0
ORD506356,CUST101723,560051,2025-03-02 13:47:11,2156.02,22.3,Fashion,6,0,12.2,1,0.3294350977978388,0,18,0.1291169038723192,0
ORD507875,CUST101765,560036,2025-03-02 13:51:00,326.09,6.6,Home,0,1,7.5,1,0.1627016680339075,0,17,0.1866172981841562,0
ORD506433,CUST101428,560013,2025-03-02 14:15:43,448.91,42.8,Home,22,1,10.9,0,0.1951619516195162,1,21,0.1683716837168371,0
ORD502346,CUST100971,560118,2025-03-02 14:22:09,238.08,13.8,Grocery,1,1,19.5,1,0.3292349726775956,0,22,0.2833723653395784,0
ORD505501,CUST101902,560020,2025-03-02 14:32:46,497.78,5.2,Fashion,1,1,7.2,0,0.1950020483408439,1,19,0.1769241273542789,0
ORD504041,CUST100007,560029,2025-03-02 14:35:37,802.82,2.2,Fashion,7,0,14.7,4,0.1082901082901082,0,16,0.1638456638456638,0
ORD501681,CUST100361,560007,2025-03-02 14:35:52,762.15,7.9,Fashion,22,1,26.1,1,0.3290353390639923,0,19,0.2281243112188671,1
ORD503858,CUST100395,560110,2025-03-02 15:14:26,1150.96,27.3,Fashion,1,1,4.7,3,0.1219824058919803,0,20,0.2975859247135843,0
ORD500732,CUST100783,560088,2025-03-02 15:17:59,2027.9,12.1,Electronics,20,0,15.8,0,0.1950920245398773,1,15,0.168624014022787,0
ORD502164,CUST101556,560012,2025-03-02 15:31:06,816.16,6.4,Fashion,2,1,19.6,3,0.2468826655764513,0,21,0.1195181780108888,0
ORD500466,CUST100236,560087,2025-03-02 15:34:22,320.47,10.5,Beauty,13,0,22.3,5,0.3974662852472415,0,16,0.1916292058302683,1
ORD504556,CUST101786,560008,2025-03-02 15:44:58,319.81,9.3,Fashion,14,0,12.4,3,0.1220383986928104,0,21,0.290371433126096,1
ORD507015,CUST100508,560030,2025-03-02 16:05:48,688.73,8.7,Fashion,11,0,4.2,2,0.4254214548212098,0,20,0.2227950183748469,0
ORD500834,CUST100633,560117,2025-03-02 16:24:38,894.36,3.5,Home,5,0,14.1,3,0.2471938775510204,0,21,0.1929318068690891,0
ORD500957,CUST101669,560110,2025-03-02 17:00:17,1699.37,42.0,Beauty,13,0,29.5,3,0.3721440228478172,0,21,0.2904538714909793,1
ORD500951,CUST101270,560059,2025-03-02 17:26:54,606.69,13.2,Fashion,10,0,17.3,5,0.197879282218597,0,20,0.197879282218597,0
ORD504969,CUST101962,560019,2025-03-02 17:50:40,393.35,5.5,Other,16,0,4.8,1,0.3297323005843185,0,33,0.1681806644155404,0
ORD507227,CUST101498,560065,2025-03-02 18:28:12,871.68,38.7,Electronics,10,0,4.8,1,0.1629991850040749,0,25,0.1758217875577288,0
ORD505768,CUST100545,560003,2025-03-02 18:34:40,995.09,18.6,Beauty,10,0,12.7,7,0.1647997284453496,0,15,0.1974396275821937,0
ORD501539,CUST101294,560072,2025-03-02 18:39:47,952.75,21.1,Grocery,11,0,5.9,3,0.1221498371335504,0,26,0.171930321484209,0
ORD501460,CUST101067,560019,2025-03-02 18:57:21,574.03,23.0,Fashion,5,0,10.1,0,0.1953601953601953,1,34,0.164948220503776,0
ORD503337,CUST100774,560070,2025-03-02 18:58:00,1094.46,16.5,Fashion,9,0,11.7,5,0.197640358014646,0,15,0.168731837731024,0
ORD507918,CUST101628,560116,2025-03-02 19:23:43,1076.84,15.9,Electronics,19,0,9.9,7,0.5813338755591704,0,12,0.1220008133387555,0
ORD503314,CUST101899,560072,2025-03-02 19:35:44,1116.52,7.8,Fashion,13,0,1.5,1,0.1626016260162601,0,27,0.1681370005189413,0
ORD502535,CUST100440,560049,2025-03-02 20:42:07,1081.36,10.4,Home,17,0,2.2,1,0.1625355546525802,0,16,0.1083570364350535,0
ORD500616,CUST100921,560051,2025-03-02 22:07:28,389.89,21.6,Grocery,21,0,17.0,1,0.1624695369618196,0,19,0.1256222791559915,0
ORD504214,CUST100906,560039,2025-03-02 22:26:47,997.92,18.5,Home,11,0,1.0,17,0.2261100653305282,0,12,0.2155526796589524,0
ORD506625,CUST100231,560098,2025-03-02 22:39:41,396.91,2.8,Electronics,8,0,1.0,9,0.4981447124304267,0,21,0.216978143807412,0
ORD506409,CUST100730,560049,2025-03-02 23:05:26,388.83,33.2,Fashion,8,0,6.2,0,0.1947261663286004,1,17,0.1052573872046488,0
ORD502533,CUST101221,560071,2025-03-02 23:15:42,1129.04,35.4,Other,23,1,2.0,0,0.194647201946472,1,20,0.297323600973236,0
ORD503725,CUST100505,560076,2025-03-03 00:37:15,1519.38,15.7,Electronics,11,0,7.7,1,0.1621402513173895,0,25,0.1309192451470522,0
ORD503102,CUST100231,560070,2025-03-03 00:42:53,580.19,27.2,Beauty,0,1,14.7,10,0.4648298217179903,0,16,0.1636052584188726,1
ORD503087,CUST101334,560064,2025-03-03 00:47:09,481.67,48.1,Fashion,15,0,5.0,0,0.1948157148643175,1,18,0.2077977446654302,0
ORD501880,CUST100541,560025,2025-03-03 01:49:55,806.78,6.1,Grocery,22,1,31.5,18,0.085812356979405,0,17,0.1863442389758179,0
ORD507960,CUST100725,560082,2025-03-03 02:37:41,542.3,13.0,Electronics,20,0,8.1,4,0.2192544628805252,0,20,0.1723290165924726,1
ORD500170,CUST101608,560009,2025-03-03 03:09:01,1105.29,1.0,Fashion,21,0,19.3,10,0.1316612729234088,0,23,0.2534808459396402,0
ORD507617,CUST100003,560034,2025-03-03 03:11:46,398.7,29.7,Electronics,11,0,10.7,2,0.2820749812258101,0,17,0.1864351209276401,0
ORD505896,CUST101118,560112,2025-03-03 03:30:34,870.35,24.5,Home,8,0,11.8,4,0.4415701068894278,0,25,0.1977005299559867,0
ORD502521,CUST101785,560080,2025-03-03 06:05:13,925.9,13.0,Home,17,0,7.4,2,0.1391053391053391,0,18,0.2603934077618288,0
ORD504185,CUST100472,560044,2025-03-03 06:24:47,1286.79,4.2,Beauty,12,0,7.6,1,0.1622240172320947,0,21,0.1193506442334213,0
ORD501163,CUST100858,560037,2025-03-03 07:10:11,430.25,22.3,Beauty,5,0,16.2,0,0.1945902301170771,1,10,0.1630601534113847,0
ORD501712,CUST100542,560110,2025-03-03 07:40:14,500.8,19.0,Fashion,20,0,1.7,6,0.2702325922664906,0,22,0.3069103347553711,1
ORD506894,CUST100363,560024,2025-03-03 07:52:54,1229.28,17.9,Fashion,16,0,13.9,0,0.1948366276724485,1,19,0.1768392962422813,0
ORD507346,CUST101919,560001,2025-03-03 07:54:26,658.4,5.5,Fashion,9,0,22.7,0,0.194758064516129,1,30,0.3179032258064516,1
ORD505958,CUST100359,560026,2025-03-03 09:46:14,500.17,37.3,Fashion,1,1,9.5,3,0.2469266424828698,0,24,0.1795830127148144,0
ORD504467,CUST101298,560049,2025-03-03 10:13:15,911.6,16.6,Other,12,0,1.0,3,0.2468775181305398,0,18,0.1026336994783493,0
ORD502399,CUST100410,560011,2025-03-03 10:21:10,1846.53,8.8,Fashion,17,0,8.9,10,0.2649751644516042,0,23,0.2301979038859594,1
ORD505649,CUST100734,560012,2025-03-03 10:30:14,984.8,7.1,Other,22,1,20.4,0,0.1952495974235104,1,22,0.116785522582624,0
ORD502308,CUST101225,560115,2025-03-03 10:39:34,585.34,4.0,Fashion,20,0,22.0,0,0.1951710261569416,1,18,0.1816689611352324,0
ORD500010,CUST100860,560031,2025-03-03 10:56:10,1050.16,17.8,Home,7,0,4.4,1,0.1625770984178063,0,31,0.194153928667203,0
ORD500990,CUST101389,560099,2025-03-03 11:38:37,567.97,7.3,Fashion,2,1,3.2,0,0.1950140731805388,1,23,0.1139600340374599,1
ORD506590,CUST100116,560016,2025-03-03 11:50:08,648.64,33.7,Fashion,11,0,15.4,6,0.1796989184448991,0,25,0.220150053590568,0
ORD501578,CUST101665,560072,2025-03-03 12:02:02,959.0,11.4,Home,7,0,22.9,1,0.1627159501807955,0,28,0.164691308423731,0
ORD507671,CUST101221,560042,2025-03-03 12:12:50,436.72,14.0,Electronics,3,1,10.2,1,0.1626506024096385,0,18,0.2079898541534559,1
ORD500666,CUST101203,560085,2025-03-03 12:14:51,1246.39,41.8,Fashion,15,0,8.6,10,0.1985012712431419,0,22,0.1883351493949647,0
ORD506434,CUST100696,560101,2025-03-03 12:35:16,238.51,30.1,Home,9,0,9.8,2,0.1395895436826416,0,25,0.1757446049580881,0
ORD506211,CUST100370,560081,2025-03-03 12:57:11,305.37,17.5,Fashion,2,1,12.5,6,0.1797031688728439,0,19,0.1514599853950034,1
ORD503111,CUST100485,560009,2025-03-03 13:06:36,364.14,12.7,Other,1,1,5.5,3,0.1222935044105854,0,24,0.2480316395713348,0
ORD501210,CUST101048,560048,2025-03-03 13:23:17,916.44,8.9,Fashion,18,0,15.8,4,0.1086617679804052,0,26,0.258952687984665,0
ORD505841,CUST100064,560075,2025-03-03 13:45:37,466.35,32.1,Fashion,6,0,19.4,4,0.1086182336182336,0,17,0.1597366597366597,0
ORD504326,CUST101005,560060,2025-03-03 13:46:34,762.41,30.7,Fashion,4,1,11.5,1,0.1628621011880923,0,20,0.1477172607128554,0
ORD500963,CUST101551,560039,2025-03-03 13:48:22,483.17,52.9,Grocery,1,1,12.1,7,0.0813984520950093,0,13,0.2093068394109226,0
ORD503679,CUST101467,560081,2025-03-03 14:09:23,875.19,26.3,Beauty,1,1,9.1,8,0.0751069658632683,0,20,0.1726390556222488,0
ORD501289,CUST100960,560050,2025-03-03 15:56:30,976.81,14.2,Other,5,0,3.6,1,0.1626666666666666,0,14,0.3501176470588235,1
ORD502644,CUST100440,560062,2025-03-03 16:17:50,284.14,36.4,Beauty,15,0,5.0,2,0.1396584223453475,0,14,0.291483406637345,1
ORD505941,CUST100747,560021,2025-03-03 16:37:13,671.66,35.9,Fashion,0,1,10.2,1,0.1632027711164402,0,15,0.1404819001941304,1
ORD506307,CUST101991,560097,2025-03-03 17:04:11,455.31,20.7,Grocery,9,0,15.4,1,0.1634705020641896,0,28,0.2275685843654281,1
ORD503483,CUST100616,560081,2025-03-03 17:21:03,405.28,11.2,Electronics,11,0,11.2,0,0.1964856230031949,1,21,0.1690173770747292,0
ORD507149,CUST101390,560077,2025-03-03 18:22:41,918.13,34.4,Grocery,16,0,6.3,9,0.141573994867408,0,17,0.322382262502023,0
ORD503993,CUST100430,560032,2025-03-03 18:27:17,708.53,4.0,Home,12,0,10.7,2,0.1402348648956789,0,17,0.214231789650784,0
ORD506910,CUST100872,560077,2025-03-03 20:07:41,841.03,15.3,Beauty,18,0,14.2,17,0.453693295137252,0,18,0.3138160518967942,0
ORD502977,CUST100307,560093,2025-03-03 22:02:56,304.13,13.4,Other,22,1,19.7,4,0.1089845826687932,0,18,0.1295643414756988,0
ORD504789,CUST101586,560038,2025-03-03 22:05:37,293.16,13.4,Electronics,18,0,14.4,7,0.3317058589079314,0,27,0.2536570473953342,1
ORD507275,CUST100116,560076,2025-03-04 00:24:13,512.25,3.1,Grocery,16,0,9.0,7,0.1651726427622842,0,26,0.1288758011432531,0
ORD500484,CUST100150,560041,2025-03-04 01:33:32,429.61,23.6,Grocery,17,0,22.7,1,0.3302801008894199,0,15,0.1121920691813164,0
ORD503952,CUST101828,560093,2025-03-04 02:40:27,451.06,11.3,Grocery,12,0,9.0,1,0.1635483014861995,0,19,0.1262861342479177,0
ORD507661,CUST100888,560114,2025-03-04 02:46:15,908.58,19.7,Home,22,1,19.7,6,0.4528090294107007,0,15,0.1121027798305951,0
ORD500994,CUST101931,560023,2025-03-04 03:23:08,644.23,11.0,Home,17,0,12.2,1,0.1634181914611508,0,16,0.1089454609741005,0
ORD503491,CUST100708,560045,2025-03-04 04:06:45,199.69,15.0,Other,5,0,2.6,5,0.1980119284294234,0,18,0.1294862404520247,1
ORD500165,CUST100960,560032,2025-03-04 05:39:11,516.98,1.5,Beauty,15,0,18.7,2,0.2831024301612537,0,18,0.2086017906451343,0
ORD505638,CUST100328,560012,2025-03-04 08:06:02,270.07,49.7,Fashion,18,0,8.5,2,0.1401895680799137,0,23,0.1145420443311066,1
ORD507587,CUST101269,560090,2025-03-04 08:13:19,1749.27,30.7,Grocery,3,1,20.8,1,0.1638204924543288,0,23,0.1379463213698579,0
ORD503601,CUST100871,560061,2025-03-04 08:36:55,753.43,30.4,Fashion,3,1,15.2,0,0.1965065502183406,1,11,0.1267784194957036,0
ORD505477,CUST101287,560089,2025-03-04 09:04:01,784.04,18.2,Electronics,21,0,14.9,1,0.1636904761904762,0,9,0.1354679802955665,1
ORD504296,CUST101669,560101,2025-03-04 09:57:43,2232.48,9.7,Fashion,16,0,8.2,4,0.4426374013839305,0,26,0.1724988358656847,0
ORD504721,CUST100935,560107,2025-03-04 10:39:49,1011.82,37.3,Home,2,1,7.2,5,0.4983346550356859,0,20,0.2983346550356859,1
ORD500917,CUST101183,560016,2025-03-04 11:19:13,496.21,11.0,Beauty,9,0,7.0,14,0.4202599244842188,0,26,0.2160816143652311,1
ORD501157,CUST100324,560060,2025-03-04 11:53:00,504.37,44.9,Electronics,4,1,7.9,4,0.3318365909491108,0,21,0.145027250589463,0
ORD500446,CUST100129,560005,2025-03-04 12:03:07,439.94,38.8,Fashion,4,1,10.6,1,0.1643564356435643,0,22,0.2605846298915605,0
ORD506779,CUST100008,560035,2025-03-04 12:18:09,795.65,17.2,Grocery,22,1,9.5,2,0.2836783169324737,0,23,0.3009998342816107,0
ORD500794,CUST100116,560083,2025-03-04 12:22:31,885.54,15.0,Other,10,0,10.7,8,0.1527198563209643,0,21,0.1449129885046377,0
ORD502725,CUST100524,560009,2025-03-04 12:32:49,3662.73,11.0,Electronics,8,0,24.6,7,0.1654140295358649,0,25,0.2431082981715893,0
ORD507017,CUST101543,560011,2025-03-04 12:42:05,261.97,3.2,Fashion,1,1,23.6,11,0.3115361803084223,0,24,0.2485980804486142,1
ORD501025,CUST100302,560051,2025-03-04 12:56:04,1254.71,5.2,Fashion,15,0,9.8,4,0.2206851119894598,0,20,0.1236166007905138,1
ORD502229,CUST100399,560047,2025-03-04 12:57:10,461.35,26.1,Fashion,5,0,21.6,0,0.1975503753457131,1,26,0.1293697284111796,0
ORD502232,CUST100120,560075,2025-03-04 12:58:23,1067.44,33.1,Grocery,16,0,20.8,7,0.0822801474460242,0,18,0.1565643967739253,0
ORD500488,CUST100559,560053,2025-03-04 13:49:33,1181.37,1.7,Home,2,1,25.5,0,0.1973943939992104,1,24,0.2488156336360047,1
ORD504412,CUST100057,560074,2025-03-04 14:16:08,1178.92,7.7,Fashion,15,0,10.8,7,0.2490463036043146,0,20,0.0988555643251775,0
ORD506059,CUST100879,560038,2025-03-04 14:59:25,821.62,3.7,Electronics,15,0,18.9,3,0.1235207100591716,0,28,0.2698471400394477,0
ORD503173,CUST100028,560109,2025-03-04 15:00:16,335.12,21.6,Other,7,0,25.0,1,0.1646293375394321,0,13,0.2106395182104961,1
ORD506150,CUST100174,560018,2025-03-04 15:29:46,1675.92,39.5,Fashion,5,0,8.8,1,0.3315595848114571,0,28,0.1657797924057285,0
ORD506412,CUST101733,560116,2025-03-04 16:11:17,391.12,19.9,Other,16,0,22.2,1,0.1648279485158917,0,13,0.1198748716479213,0
ORD504848,CUST100204,560085,2025-03-04 17:00:17,4204.92,9.7,Grocery,20,0,9.5,3,0.1235722725482473,0,23,0.184984016780091,0
ORD500638,CUST101785,560010,2025-03-04 17:22:21,694.79,35.4,Electronics,23,1,8.1,3,0.1235236220472441,0,23,0.2779710675700421,0
ORD502435,CUST100935,560114,2025-03-04 18:17:38,787.26,1.3,Home,0,1,7.0,6,0.5443454617008336,0,16,0.1097555643010188,0
ORD500317,CUST101465,560088,2025-03-04 18:27:17,618.33,2.5,Fashion,16,0,11.8,3,0.248426435877262,0,16,0.1652679430020106,1
ORD507345,CUST101353,560051,2025-03-04 18:58:46,472.98,38.1,Other,16,0,3.6,1,0.1648315637698256,0,21,0.1452672568408735,0
ORD507242,CUST101972,560075,2025-03-04 19:16:32,485.18,18.5,Other,13,0,6.9,2,0.2840858041329739,0,19,0.1526769875826479,1
ORD507827,CUST101183,560036,2025-03-04 19:27:03,440.82,34.1,Electronics,5,0,22.7,15,0.4495088408644401,0,18,0.1831765070830317,1
ORD504522,CUST100582,560056,2025-03-04 19:27:38,598.19,8.7,Grocery,9,0,5.4,0,0.1983503534956795,1,17,0.188297488376043,1
ORD503037,CUST100725,560090,2025-03-04 19:30:22,1225.9,21.1,Electronics,2,1,6.7,5,0.2993325480957989,0,24,0.1357568619052717,0
ORD507167,CUST100007,560032,2025-03-04 19:43:19,1119.03,17.7,Electronics,19,0,9.7,5,0.0992935635792778,0,19,0.2044036549531055,0
ORD504280,CUST100054,560032,2025-03-04 20:06:46,721.04,49.2,Electronics,19,0,5.1,3,0.1240682620635543,0,20,0.1992546096508434,0
ORD504290,CUST101281,560084,2025-03-04 20:07:30,286.3,6.2,Beauty,10,0,13.8,1,0.165359477124183,0,20,0.2742156862745098,0
ORD506121,CUST101619,560017,2025-03-04 20:11:01,434.77,28.0,Fashion,7,0,14.0,4,0.2213075482381636,0,15,0.1704877639021112,0
ORD504353,CUST101246,560047,2025-03-04 20:18:58,292.18,16.7,Other,13,0,11.6,14,0.1574410163339382,0,27,0.1269258987527513,0
ORD505555,CUST101265,560064,2025-03-04 20:22:08,1086.92,18.5,Beauty,10,0,10.4,4,0.1101101101101101,0,19,0.2042042042042042,0
ORD505033,CUST100001,560066,2025-03-04 20:38:45,497.95,62.7,Home,16,0,33.5,12,0.0582707632779031,0,13,0.3624973303908307,0
ORD505399,CUST100424,560016,2025-03-04 21:40:19,864.07,21.7,Electronics,0,1,21.3,4,0.1100239182430963,0,27,0.2332098097181163,0
ORD503841,CUST100541,560011,2025-03-04 22:19:19,494.09,15.8,Fashion,9,0,2.4,19,0.0829094940010432,0,25,0.2657624760911146,0
ORD506755,CUST100141,560027,2025-03-04 23:40:35,875.12,3.7,Electronics,8,0,14.6,1,0.1649067918133229,0,19,0.280968282141532,0
ORD507594,CUST100687,560041,2025-03-05 01:49:29,884.35,35.3,Fashion,0,1,13.7,3,0.1236317435496481,0,16,0.1098948831552428,0
ORD505202,CUST100801,560033,2025-03-05 02:53:57,345.5,22.9,Home,9,0,16.5,0,0.1977334896443923,1,16,0.1931852720246624,0
ORD504625,CUST101758,560063,2025-03-05 05:22:33,968.67,7.2,Home,17,0,23.7,0,0.19765625,1,24,0.1580255681818181,0
ORD506711,CUST100687,560048,2025-03-05 05:39:54,762.32,7.5,Beauty,20,0,7.9,4,0.1097661503752874,0,27,0.254288966244901,1
ORD505886,CUST100007,560030,2025-03-05 05:57:42,602.62,20.7,Beauty,20,0,1.4,6,0.0899510325739833,0,21,0.2184840349574456,0
ORD504313,CUST101669,560059,2025-03-05 06:02:56,2537.42,26.4,Grocery,22,1,15.7,5,0.3989075302380023,0,21,0.1940561270614657,1
ORD506431,CUST100304,560022,2025-03-05 06:46:21,426.66,7.1,Fashion,4,1,15.7,2,0.1415199465121462,0,16,0.1656266250650026,0
ORD504571,CUST100557,560084,2025-03-05 07:17:59,729.24,29.7,Home,16,0,7.1,14,0.2100133374371601,0,21,0.2673417962249798,0
ORD503495,CUST100400,560113,2025-03-05 07:52:48,781.38,16.5,Fashion,15,0,25.0,0,0.1979734996102884,1,22,0.1418921426715659,1
ORD501643,CUST100852,560003,2025-03-05 08:05:39,838.19,13.0,Fashion,5,0,18.7,1,0.1652382807427606,0,16,0.1934921871618404,0
ORD506298,CUST101930,560109,2025-03-05 08:34:39,841.98,4.5,Grocery,21,0,19.0,4,0.1101159570785739,0,14,0.2342404251420194,0
ORD502621,CUST100185,560016,2025-03-05 09:00:12,504.05,5.8,Home,17,0,12.8,1,0.1651096405864798,0,28,0.2283881536265732,0
ORD506462,CUST101762,560065,2025-03-05 09:32:57,395.92,13.7,Beauty,21,0,16.2,6,0.2718429430491687,0,26,0.1730671629165961,0
ORD503730,CUST100573,560119,2025-03-05 12:03:02,230.54,35.2,Electronics,9,0,10.5,3,0.248735900427849,0,22,0.2133225908021707,0
ORD504126,CUST100306,560072,2025-03-05 12:30:37,1086.87,33.8,Home,6,0,28.0,4,0.1099447036461033,0,29,0.1624083536991779,1
ORD502817,CUST100236,560076,2025-03-05 12:32:10,974.18,39.8,Other,1,1,9.6,6,0.4537328198424195,0,27,0.1268988100652438,0
ORD506547,CUST100354,560057,2025-03-05 13:05:42,494.32,35.3,Electronics,17,0,11.0,3,0.1238344988344988,0,25,0.088060088060088,0
ORD506417,CUST101013,560117,2025-03-05 13:24:21,979.76,2.3,Fashion,5,0,18.2,10,0.1326860841423948,0,22,0.1895515487748497,0
ORD501220,CUST101516,560060,2025-03-05 14:00:32,385.64,4.7,Home,8,0,4.3,4,0.1099896480331262,0,22,0.1418958887902987,0
ORD505528,CUST101294,560022,2025-03-05 14:48:45,244.36,15.0,Fashion,8,0,10.5,4,0.1099469667572112,0,17,0.1610294811691784,0
ORD507849,CUST100067,560097,2025-03-05 15:28:38,692.73,15.4,Beauty,7,0,22.0,0,0.1978277734678045,1,29,0.2440113361093079,0
ORD501519,CUST100004,560100,2025-03-05 16:00:27,502.87,35.3,Electronics,5,0,7.4,0,0.1977510663047693,1,26,0.3033700288281605,0
ORD503097,CUST101566,560100,2025-03-05 16:02:53,420.28,34.5,Fashion,21,0,18.0,0,0.1976744186046511,1,27,0.2968827313211281,0
ORD507743,CUST100725,560028,2025-03-05 16:47:20,555.69,23.7,Home,3,1,1.2,6,0.2716353774083336,0,21,0.1695599172186995,0
ORD503805,CUST101747,560101,2025-03-05 17:17:18,860.64,29.2,Fashion,1,1,4.0,4,0.1097340562871159,0,27,0.1691580005603441,0
ORD505237,CUST101230,560107,2025-03-05 17:43:04,735.37,6.6,Other,18,0,5.8,2,0.2838891654222664,0,21,0.3158267471176453,0
ORD505149,CUST100182,560103,2025-03-05 18:15:47,701.08,35.2,Beauty,18,0,8.1,4,0.1096491228070175,0,24,0.1578947368421052,0
ORD502288,CUST100725,560033,2025-03-05 20:46:52,404.62,12.0,Electronics,8,0,25.0,7,0.2488716956802063,0,17,0.187725443044592,0
ORD501435,CUST101112,560107,2025-03-05 20:54:34,1637.62,65.2,Fashion,10,0,11.8,0,0.1972157772621809,1,22,0.3081979891724671,0
ORD501925,CUST101390,560023,2025-03-05 20:55:27,1138.73,47.0,Fashion,1,1,8.6,10,0.1323798479577374,0,17,0.1065619156071417,0
ORD501281,CUST100431,560076,2025-03-05 21:09:18,1601.11,32.7,Electronics,3,1,12.4,1,0.1642194744976816,0,28,0.1237764039155074,1
ORD504951,CUST101955,560003,2025-03-05 22:20:22,367.38,21.9,Other,10,0,16.3,1,0.3311445860692674,0,17,0.1877694612341194,1
ORD502851,CUST101037,560090,2025-03-05 22:32:17,1646.64,20.2,Home,18,0,1.0,1,0.1647361647361647,0,25,0.1323037323037323,0
ORD507209,CUST101064,560008,2025-03-05 23:07:01,520.74,13.6,Beauty,10,0,2.2,0,0.1976071015052103,1,22,0.3083843340501002,0
ORD504747,CUST101634,560070,2025-03-06 00:01:38,241.89,5.8,Grocery,6,0,7.0,0,0.1975308641975308,1,17,0.1878545211878545,0
ORD507318,CUST100154,560115,2025-03-06 01:10:25,906.96,5.5,Fashion,0,1,11.5,0,0.1974546856922483,1,19,0.1781818900985889,0
ORD506760,CUST100222,560105,2025-03-06 01:27:33,696.78,13.4,Fashion,18,0,9.3,2,0.2838418328009692,0,22,0.2844659837720747,0
ORD506317,CUST100398,560025,2025-03-06 01:44:08,1007.85,17.7,Grocery,12,0,9.4,4,0.1096125026760864,0,18,0.182790792008924,0
ORD505365,CUST100723,560118,2025-03-06 02:37:49,1379.48,15.6,Fashion,23,1,14.3,1,0.1643554185927067,0,23,0.2777797685168596,0
ORD506679,CUST101551,560072,2025-03-06 03:58:16,562.01,13.0,Electronics,20,0,6.3,8,0.0758271378217469,0,30,0.1788602233346168,0
ORD502021,CUST100805,560033,2025-03-06 04:09:46,862.08,22.6,Fashion,18,0,25.5,1,0.1642288940210418,0,18,0.1826708804343422,0
ORD506797,CUST101505,560117,2025-03-06 04:14:50,388.69,22.0,Fashion,1,1,7.2,5,0.2984994228549442,0,23,0.184650625911576,0
ORD505599,CUST101768,560045,2025-03-06 04:44:01,379.05,17.5,Electronics,14,0,2.7,2,0.1406593406593406,0,19,0.1522682445759368,0
ORD504667,CUST101777,560007,2025-03-06 05:17:21,555.16,30.4,Other,19,0,17.7,3,0.1230296039984621,0,20,0.2484236831987697,1
ORD506599,CUST101239,560107,2025-03-06 05:36:39,812.15,25.0,Beauty,14,0,14.3,9,0.1418414406500494,0,23,0.3010028064279713,1
ORD500913,CUST101055,560112,2025-03-06 06:03:46,623.88,45.9,Beauty,9,0,14.7,2,0.1410460457713627,0,26,0.1945497669912642,0
ORD505570,CUST101922,560097,2025-03-06 07:41:14,987.47,13.8,Home,16,0,12.1,2,0.140991880623217,0,30,0.2389554531490015,0
ORD500644,CUST100911,560055,2025-03-06 08:00:42,788.59,30.0,Electronics,13,0,1.0,0,0.1973128598848368,1,23,0.115029237155738,0
ORD500418,CUST101800,560069,2025-03-06 08:11:15,280.75,25.9,Electronics,2,1,3.5,3,0.123273215656178,0,22,0.1415414976428023,0
ORD506166,CUST100532,560048,2025-03-06 10:01:58,981.0,23.1,Grocery,13,0,5.9,8,0.0758313416541264,0,28,0.2696506201253036,0
ORD501299,CUST101062,560054,2025-03-06 10:54:11,694.56,12.7,Beauty,22,1,30.6,11,0.3115893404907975,0,15,0.1411919368974583,1
ORD507076,CUST101652,560115,2025-03-06 13:29:28,999.57,5.7,Home,3,1,10.0,1,0.1644946978408074,0,20,0.1736968187044844,0
ORD501445,CUST101239,560011,2025-03-06 14:39:16,1251.19,13.0,Beauty,16,0,12.3,10,0.1991060025542784,0,26,0.2597034815925371,0
ORD503232,CUST101623,560006,2025-03-06 14:59:17,351.5,12.2,Beauty,13,0,6.2,0,0.1972424358483339,1,24,0.1805647435674245,0
ORD500352,CUST101106,560013,2025-03-06 15:06:49,861.28,49.8,Other,3,1,2.1,5,0.098583460949464,0,22,0.1653175818566324,0
ORD503555,CUST101737,560034,2025-03-06 15:21:02,860.96,6.3,Other,17,0,18.9,0,0.1970914657481821,1,18,0.1826797188148327,0
ORD507972,CUST100987,560111,2025-03-06 15:44:19,869.08,57.8,Beauty,1,1,22.9,1,0.1641800561081356,0,22,0.1652457463475061,1
ORD500348,CUST101447,560077,2025-03-06 16:13:50,908.25,24.6,Electronics,19,0,9.8,0,0.1973231357552581,1,19,0.3063195567975683,0
ORD504940,CUST101476,560059,2025-03-06 16:26:28,709.54,12.8,Other,9,0,12.8,0,0.1972477064220183,1,22,0.2129750982961992,0
ORD507069,CUST101641,560034,2025-03-06 16:33:21,161.91,4.6,Electronics,1,1,12.0,0,0.1971723347344287,1,19,0.1780370947356044,0
ORD502904,CUST100807,560010,2025-03-06 17:14:27,470.55,6.3,Other,13,0,6.5,4,0.1094983447924624,0,24,0.2714077366483783,1
ORD500777,CUST100695,560016,2025-03-06 17:44:17,495.04,5.9,Fashion,0,1,19.3,0,0.1974035891561665,1,29,0.223430036390272,0
ORD507249,CUST100541,560029,2025-03-06 19:05:09,333.36,6.0,Fashion,5,0,1.0,20,0.0794656488549618,0,17,0.1607179698782752,0
ORD502830,CUST100759,560083,2025-03-06 19:06:41,476.72,27.5,Fashion,21,0,17.6,8,0.3066357526487248,0,22,0.1415490270888973,1
ORD507042,CUST100414,560015,2025-03-06 19:08:14,392.35,6.2,Fashion,17,0,13.9,3,0.2484744469870328,0,19,0.1782354436816679,0
ORD500416,CUST100398,560114,2025-03-06 19:32:03,402.12,10.4,Home,13,0,3.3,5,0.0987418985894014,0,17,0.1067479984750286,0
ORD504685,CUST100032,560049,2025-03-06 20:19:36,1059.66,4.9,Electronics,14,0,16.5,0,0.1974085365853658,1,19,0.1012351469668542,0
ORD500256,CUST101672,560031,2025-03-06 20:37:52,924.65,24.1,Beauty,9,0,10.8,1,0.1644444444444444,0,32,0.1912820512820512,0
ORD503703,CUST101257,560003,2025-03-06 20:44:37,466.37,9.4,Fashion,22,1,17.4,0,0.1972581873571972,1,18,0.209083256503788,0
ORD506597,CUST101640,560071,2025-03-06 21:14:16,638.44,14.9,Fashion,3,1,13.5,1,0.164319248826291,0,21,0.2913088285812436,0
ORD505242,CUST100057,560023,2025-03-06 21:20:21,1588.61,16.2,Home,3,1,21.2,8,0.229656948835031,0,18,0.1037410878795161,0
ORD504460,CUST100305,560069,2025-03-06 21:21:21,446.01,31.4,Beauty,12,0,7.8,1,0.1641942436921516,0,23,0.1381549267118986,0
ORD503845,CUST101272,560039,2025-03-06 21:27:51,709.66,24.5,Home,17,0,11.6,1,0.3307984790874524,0,14,0.2040930440617311,0
ORD502000,CUST100682,560108,2025-03-06 22:52:47,957.69,4.8,Electronics,15,0,22.0,0,0.1968833143291524,1,20,0.2484416571645762,0
ORD507001,CUST101082,560062,2025-03-06 23:02:00,493.82,19.1,Home,15,0,13.1,0,0.1968085106382978,1,15,0.3124620060790273,1
ORD504272,CUST100308,560004,2025-03-07 00:16:05,1266.43,12.1,Home,4,1,19.2,3,0.123195974173946,0,24,0.1805061630355971,0
ORD503813,CUST100098,560094,2025-03-07 03:33:04,1558.68,42.0,Fashion,13,0,22.3,2,0.2835990888382688,0,25,0.3097949886104783,0
ORD507718,CUST101479,560016,2025-03-07 03:40:03,695.48,12.3,Grocery,10,0,16.2,2,0.1406885334779073,0,30,0.218785578747628,0
ORD505957,CUST100868,560026,2025-03-07 04:14:47,1008.27,26.7,Grocery,14,0,23.7,1,0.1640743550834598,0,25,0.1763952116000674,0
ORD506188,CUST101929,560077,2025-03-07 05:29:49,445.63,13.6,Home,4,1,14.1,5,0.1984072810011376,0,20,0.2984072810011376,1
ORD502994,CUST100877,560103,2025-03-07 05:42:57,551.38,24.6,Grocery,21,0,3.3,4,0.2206216830932524,0,25,0.1542751242523797,0
ORD506226,CUST101183,560095,2025-03-07 06:26:48,1192.0,32.5,Other,3,1,5.9,16,0.475486746422707,0,14,0.1747319617502173,1
ORD504881,CUST100580,560002,2025-03-07 07:07:00,819.96,13.7,Fashion,10,0,10.9,1,0.1644570707070707,0,23,0.1615574348132487,0
ORD502951,CUST100610,560110,2025-03-07 07:08:15,3140.66,33.7,Electronics,6,0,13.5,3,0.2482960999621355,0,23,0.3243133767160078,0
ORD505883,CUST100922,560059,2025-03-07 07:15:53,282.43,2.7,Fashion,13,0,7.0,0,0.1971990915972747,1,23,0.2079995774871045,0
ORD502047,CUST100669,560067,2025-03-07 07:55:45,463.01,7.2,Fashion,22,1,25.7,3,0.2482027998486568,0,18,0.2879602525041321,0
ORD503692,CUST100674,560062,2025-03-07 08:24:36,439.85,16.0,Beauty,23,1,6.6,9,0.356089258698941,0,16,0.3316944024205749,0
ORD504257,CUST101739,560024,2025-03-07 11:28:43,761.01,23.8,Fashion,19,0,6.2,1,0.1641461877756773,0,20,0.1734877126654064,0
ORD505420,CUST101804,560093,2025-03-07 12:42:08,2202.75,38.9,Grocery,10,0,8.9,2,0.1406435590109059,0,20,0.1234504913076341,0
ORD505383,CUST101900,560011,2025-03-07 13:22:57,699.27,43.1,Electronics,6,0,11.3,2,0.1405904258189864,0,27,0.253968764317694,0
ORD504118,CUST101203,560047,2025-03-07 13:47:59,456.72,6.5,Home,5,0,6.0,11,0.186485083081571,0,28,0.1236467774420946,1
ORD501781,CUST100403,560039,2025-03-07 14:05:29,1896.59,22.1,Electronics,5,0,1.3,3,0.2481596828992072,0,15,0.1983174243649895,0
ORD501405,CUST100306,560003,2025-03-07 14:05:52,491.24,24.3,Fashion,17,0,9.4,5,0.1984905660377358,0,19,0.2035800677310111,0
ORD500029,CUST100872,560110,2025-03-07 14:10:10,1639.37,51.3,Other,10,0,6.6,18,0.4341101799157004,0,24,0.3167758307328281,0
ORD504908,CUST100998,560047,2025-03-07 16:10:56,944.98,22.9,Electronics,16,0,11.0,1,0.3306938159879336,0,29,0.1415643180349062,0
ORD507250,CUST101348,560097,2025-03-07 16:22:45,355.31,7.6,Electronics,5,0,3.4,0,0.1967583867320015,1,31,0.2340228967576476,0
ORD502727,CUST100150,560117,2025-03-07 17:04:21,920.41,6.3,Electronics,2,1,4.3,2,0.2833458929917106,0,24,0.1803110228129067,0
ORD500303,CUST100651,560094,2025-03-07 17:06:08,2883.85,12.3,Electronics,6,0,10.8,2,0.2832929782082324,0,26,0.3028739867354458,0
ORD502820,CUST101692,560079,2025-03-07 17:07:29,372.11,7.0,Fashion,11,0,9.2,0,0.1965361445783132,1,23,0.2076912300364247,1
ORD500751,CUST101463,560058,2025-03-07 17:11:52,610.31,33.5,Electronics,12,0,10.8,3,0.3730240873165223,0,21,0.2423602632714321,0
ORD504160,CUST100064,560058,2025-03-07 18:28:15,275.12,22.5,Electronics,20,0,8.1,5,0.0983822422874341,0,22,0.236554516464223,0
ORD505918,CUST100810,560023,2025-03-07 19:09:39,263.01,15.4,Home,23,1,24.2,0,0.1966904851447913,1,19,0.1008669154588673,0
ORD505842,CUST101550,560072,2025-03-07 19:12:02,1830.17,5.4,Fashion,5,0,16.8,2,0.1404403866809881,0,31,0.1751437417072092,0
ORD502972,CUST100399,560098,2025-03-07 21:06:43,1233.99,4.8,Fashion,20,0,26.4,1,0.1637855442815984,0,22,0.2126393586371038,1
ORD502486,CUST101160,560114,2025-03-07 21:23:48,786.51,11.2,Electronics,8,0,9.4,8,0.0757094145523897,0,18,0.1036023567559017,0
ORD505862,CUST100660,560045,2025-03-07 22:40:58,1022.15,23.6,Grocery,4,1,7.5,1,0.3306421329327826,0,20,0.1483852797596695,1
ORD503803,CUST101966,560063,2025-03-08 01:09:51,677.67,9.3,Home,7,0,10.9,1,0.1642267267267267,0,25,0.1542542542542542,0
ORD504530,CUST100047,560057,2025-03-08 03:20:49,1284.52,31.6,Fashion,13,0,13.8,7,0.4987492182614133,0,26,0.0856513581858226,0
ORD507642,CUST100281,560022,2025-03-08 03:36:31,687.3,14.4,Fashion,2,1,13.6,1,0.1641035258814703,0,18,0.1562759110830339,0
ORD506446,CUST101104,560068,2025-03-08 04:34:54,2106.82,27.4,Electronics,12,0,8.1,0,0.1968503937007874,1,23,0.1380699505585057,1
ORD504161,CUST101184,560081,2025-03-08 05:17:19,299.0,48.4,Electronics,9,0,18.4,1,0.1642928535732133,0,22,0.1653102020418362,0
ORD503216,CUST101957,560095,2025-03-08 05:22:16,1138.71,34.3,Fashion,4,1,17.9,0,0.1970775571375047,1,15,0.1983300326500026,0
ORD500262,CUST101592,560057,2025-03-08 05:26:50,663.16,31.4,Fashion,11,0,23.7,4,0.2205576362879733,0,27,0.0838313809865327,0
ORD502624,CUST100572,560023,2025-03-08 05:28:23,510.38,9.4,Beauty,0,1,3.5,3,0.2480812429801572,0,20,0.0984649943841258,0
ORD505170,CUST100742,560037,2025-03-08 05:49:33,2391.44,7.3,Beauty,11,0,5.0,5,0.0984281437125748,0,11,0.1592621209194514,0
ORD502697,CUST100989,560116,2025-03-08 06:29:35,928.26,3.0,Home,6,0,17.8,2,0.1405590294479183,0,14,0.1157544948394621,0
ORD503428,CUST101106,560095,2025-03-08 06:47:25,2430.12,24.9,Fashion,11,0,17.0,6,0.0894132045964506,0,16,0.1926161389512174,0
ORD502017,CUST101586,560076,2025-03-08 07:25:54,1233.7,26.8,Grocery,1,1,19.4,8,0.3833213515456506,0,29,0.1414838832729353,0
ORD501899,CUST101560,560050,2025-03-08 08:41:30,1228.24,21.9,Beauty,20,0,2.0,0,0.1965620328849028,1,15,0.369464018791373,0
ORD503706,CUST101203,560044,2025-03-08 08:50:23,888.87,40.6,Home,14,0,3.1,12,0.2342613548968335,0,22,0.1173755269758258,1
ORD503223,CUST100406,560008,2025-03-08 08:58:28,279.26,15.7,Fashion,16,0,14.1,0,0.1967886482449589,1,23,0.3008319294162599,1
ORD505248,CUST101431,560042,2025-03-08 09:17:12,843.33,32.4,Other,16,0,5.3,7,0.1654535274356103,0,19,0.2292761363310075,0
ORD503994,CUST100275,560044,2025-03-08 10:43:33,798.13,7.3,Beauty,12,0,17.6,0,0.1970149253731343,1,23,0.1381464769177369,0
ORD504091,CUST101775,560056,2025-03-08 10:44:38,1572.06,24.1,Fashion,20,0,9.7,3,0.1230883998508019,0,18,0.2089165472427805,0
ORD507905,CUST100563,560084,2025-03-08 11:01:52,155.35,20.7,Fashion,10,0,3.1,0,0.1968680089485458,1,22,0.2604133375945456,0
ORD505386,CUST101209,560016,2025-03-08 11:58:28,415.98,28.5,Home,20,0,13.5,8,0.0756902434129419,0,31,0.2144292677935878,0
ORD502135,CUST101541,560084,2025-03-08 13:40:59,1442.25,24.8,Grocery,1,1,12.8,2,0.2833723653395784,0,23,0.254288982081586,0
ORD501623,CUST101062,560009,2025-03-08 14:28:24,297.69,19.3,Home,9,0,18.7,12,0.3519553072625698,0,26,0.2376730629098858,1
ORD502547,CUST101268,560103,2025-03-08 14:51:07,297.61,14.9,Fashion,7,0,6.6,10,0.2656490444278977,0,26,0.1508465796885622,1
ORD502526,CUST100395,560024,2025-03-08 15:19:39,726.37,51.3,Fashion,17,0,10.0,4,0.1095811106975974,0,21,0.1693882923198417,0
ORD502728,CUST100410,560032,2025-03-08 15:40:18,326.78,29.5,Home,6,0,10.5,11,0.3116164434523809,0,21,0.1937427409988385,0
ORD501944,CUST100057,560018,2025-03-08 16:19:19,435.84,29.9,Beauty,1,1,1.0,9,0.2132497476491526,0,29,0.1620813442520928,0
ORD503398,CUST101183,560011,2025-03-08 16:24:53,1503.82,28.9,Home,2,1,28.8,17,0.4993240959783711,0,28,0.2487608426270136,1
ORD500889,CUST101968,560024,2025-03-08 16:58:14,966.16,31.3,Other,17,0,15.5,1,0.3311036789297659,0,22,0.1653925784360567,0
ORD505551,CUST100995,560031,2025-03-08 17:19:48,701.04,24.2,Fashion,19,0,3.0,0,0.1972511144130757,1,33,0.1876419299671984,0
ORD505190,CUST100754,560087,2025-03-08 17:40:59,1169.35,6.4,Other,4,1,15.4,1,0.1643148904567397,0,17,0.214690739755723,0
ORD503333,CUST101360,560036,2025-03-08 19:19:14,550.82,14.2,Fashion,21,0,10.9,1,0.1642538975501113,0,19,0.2036434241334018,0
ORD503660,CUST100386,560073,2025-03-08 19:33:50,799.41,42.9,Beauty,17,0,24.0,0,0.1970315398886827,1,18,0.2089639683624645,0
ORD501985,CUST101955,560073,2025-03-08 20:11:03,210.02,13.5,Fashion,8,0,26.1,2,0.4263988978380669,0,19,0.2035684394734839,0
ORD500745,CUST101389,560014,2025-03-08 20:43:24,574.12,43.1,Electronics,23,1,25.7,1,0.3307378568780126,0,23,0.2543653154667977,0
ORD504192,CUST100570,560072,2025-03-08 21:10:14,870.25,1.1,Beauty,11,0,5.4,2,0.1405803240495605,0,32,0.1718509437189941,0
ORD505757,CUST100514,560002,2025-03-08 21:37:04,332.42,26.4,Home,0,1,18.8,1,0.1639496109670248,0,24,0.1576088787092862,0
ORD500674,CUST101622,560036,2025-03-08 22:04:38,227.03,14.8,Grocery,7,0,24.1,1,0.1638888888888889,0,20,0.1983333333333333,0
ORD505280,CUST101404,560118,2025-03-08 22:10:03,210.79,11.7,Fashion,5,0,12.2,1,0.3304948784400839,0,24,0.2711790246036821,0
ORD500231,CUST100801,560084,2025-03-08 22:20:02,678.67,12.3,Fashion,1,1,7.7,1,0.1637675795706883,0,24,0.2484186797658299,0
ORD506601,CUST100303,560054,2025-03-08 22:36:15,699.84,20.5,Home,4,1,12.8,1,0.1637069922308546,0,16,0.1646935503761253,0
ORD504917,CUST101199,560029,2025-03-08 22:58:19,254.16,15.2,Fashion,9,0,9.9,2,0.1402683854606931,0,18,0.1559872313920896,0
ORD502384,CUST100759,560074,2025-03-08 22:58:34,1180.1,4.3,Fashion,20,0,24.8,9,0.355822550831793,0,21,0.0957576304044001,0
ORD502495,CUST101268,560052,2025-03-08 23:26:52,556.25,12.3,Electronics,15,0,19.2,11,0.3113220620842572,0,25,0.1094358216309435,0
ORD507152,CUST100289,560006,2025-03-09 00:08:55,539.96,32.2,Fashion,21,0,16.0,2,0.1401129347195102,0,25,0.1760702704921397,1
ORD507168,CUST101237,560037,2025-03-09 01:28:13,841.28,16.9,Electronics,20,0,14.6,2,0.1403249630723781,0,12,0.1540343426883308,0
ORD507719,CUST100584,560110,2025-03-09 02:05:26,275.52,13.3,Fashion,22,1,3.0,0,0.1963824289405684,1,25,0.3095033017513637,0
ORD507863,CUST100516,560070,2025-03-09 02:43:33,258.13,11.6,Other,6,0,5.9,0,0.196309963099631,1,18,0.1822684016313847,0
ORD504080,CUST101045,560071,2025-03-09 03:12:50,193.34,56.0,Home,4,1,5.5,4,0.3312430837329398,0,22,0.2839226431996627,0
ORD502836,CUST101080,560093,2025-03-09 04:08:40,552.24,23.6,Fashion,7,0,7.7,1,0.1634709931170108,0,21,0.1200805813367868,0
ORD501114,CUST100725,560101,2025-03-09 05:32:26,1140.1,15.5,Fashion,14,0,2.5,8,0.229266494655363,0,28,0.16503870254331,0
ORD501226,CUST100508,560079,2025-03-09 06:13:00,1955.22,1.9,Beauty,14,0,7.3,3,0.3725128960943257,0,24,0.2254639244322368,0
ORD501112,CUST100256,560061,2025-03-09 06:20:22,767.53,45.0,Other,9,0,6.6,5,0.1979742173112339,0,12,0.1224677716390423,0
ORD503567,CUST100942,560019,2025-03-09 07:19:26,806.46,14.6,Electronics,3,1,1.0,1,0.1632302405498281,0,35,0.162136832239925,0
ORD501342,CUST101793,560073,2025-03-09 07:32:04,891.9,5.9,Electronics,1,1,4.5,0,0.1958041958041958,1,20,0.1979020979020979,0
ORD500868,CUST101246,560116,2025-03-09 07:53:28,829.47,19.8,Grocery,15,0,10.3,15,0.1489330389992641,0,15,0.1118469462840323,1
ORD502958,CUST100321,560087,2025-03-09 08:24:12,846.75,17.5,Fashion,3,1,11.2,7,0.248344979771975,0,18,0.2084357639224947,0
ORD507110,CUST100183,560080,2025-03-09 10:31:17,980.72,30.4,Other,17,0,9.2,2,0.1399684873949579,0,19,0.2543363499245852,0
ORD502426,CUST100551,560034,2025-03-09 10:41:12,200.61,13.1,Grocery,7,0,31.6,2,0.2827741901611802,0,20,0.1729419331128261,1
ORD504746,CUST100204,560080,2025-03-09 10:56:16,738.39,28.4,Electronics,4,1,1.9,4,0.1089884888562331,0,20,0.2480896399706098,1
ORD505043,CUST101164,560040,2025-03-09 11:00:48,1222.73,14.3,Grocery,5,0,10.7,2,0.1403389119143801,0,24,0.1574883984909691,0
ORD505496,CUST101974,560066,2025-03-09 11:11:18,1172.11,11.9,Beauty,3,1,20.4,6,0.3620010679482045,0,14,0.3508249114623823,1
ORD501689,CUST101767,560023,2025-03-09 11:46:39,382.55,15.2,Home,21,0,24.5,4,0.3314984709480122,0,21,0.0959498769299619,1
ORD505368,CUST100306,560020,2025-03-09 11:49:24,360.12,10.2,Electronics,7,0,15.8,6,0.1804508770759687,0,20,0.1734959647835656,0
ORD500273,CUST101693,560009,2025-03-09 12:15:34,306.18,11.4,Home,6,0,6.7,1,0.1640997433076641,0,27,0.2540083795613604,0
ORD502150,CUST101771,560087,2025-03-09 12:58:46,1342.81,4.7,Electronics,22,1,24.3,0,0.1968475073313783,1,19,0.2035115422212196,0
ORD506970,CUST101662,560040,2025-03-09 14:23:43,539.09,8.2,Fashion,21,0,10.2,1,0.1639794796628801,0,25,0.1541223891535361,0
ORD500315,CUST100837,560049,2025-03-09 15:04:44,1154.16,29.3,Electronics,19,0,8.7,1,0.1639194139194139,0,20,0.0983516483516483,0
ORD506172,CUST100921,560114,2025-03-09 15:07:02,570.49,24.8,Fashion,10,0,23.1,2,0.1404509075691792,0,19,0.1008365490240261,0
ORD507673,CUST101225,560093,2025-03-09 16:13:43,402.35,26.8,Fashion,21,0,13.8,1,0.1637994143484626,0,22,0.1174091891515024,0
ORD501212,CUST101701,560075,2025-03-09 16:17:08,441.33,15.0,Electronics,11,0,3.7,7,0.1652030735455543,0,20,0.1732436882546652,0
ORD500395,CUST101959,560081,2025-03-09 16:32:36,940.32,7.5,Home,0,1,8.3,2,0.140296791723273,0,23,0.1611234922849219,1
ORD500243,CUST100536,560096,2025-03-09 17:00:19,1299.7,38.5,Fashion,14,0,12.0,0,0.196709323583181,1,15,0.1409767563332462,0
ORD504485,CUST100998,560119,2025-03-09 17:01:04,1468.86,9.2,Grocery,20,0,12.0,2,0.283312447786132,0,23,0.2077383380932952,0
ORD500865,CUST101989,560093,2025-03-09 17:35:48,830.47,12.4,Fashion,3,1,21.2,3,0.1228534892217756,0,23,0.1146816663976005,0
ORD505482,CUST100474,560079,2025-03-09 18:16:45,153.13,17.4,Fashion,3,1,5.5,4,0.1091632172713253,0,25,0.2206639071503936,0
ORD506630,CUST101184,560011,2025-03-09 18:27:07,386.55,17.6,Fashion,8,0,9.5,2,0.1403014656026704,0,29,0.2638457354464239,0
ORD504806,CUST101592,560100,2025-03-09 20:34:29,1434.21,21.2,Beauty,12,0,17.7,5,0.1981751824817518,0,28,0.2901459854014598,0
ORD502169,CUST101390,560007,2025-03-09 20:35:31,155.4,10.7,Fashion,16,0,5.7,11,0.1238371032469901,0,21,0.2664774294587163,0
ORD503424,CUST101674,560030,2025-03-09 20:39:58,619.54,12.3,Beauty,2,1,18.4,2,0.2830051057622173,0,22,0.2124795943176687,0
ORD507395,CUST100707,560033,2025-03-09 22:17:37,703.72,11.8,Electronics,13,0,3.5,1,0.1634463482804715,0,19,0.1775054450956747,0
ORD506503,CUST101191,560009,2025-03-09 22:26:29,2117.44,3.1,Electronics,14,0,9.7,0,0.1960641399416909,1,28,0.2483600583090378,0
ORD506651,CUST101962,560021,2025-03-09 23:03:34,406.13,1.1,Home,11,0,11.0,2,0.2828519385896434,0,16,0.1644403966808338,0
ORD506746,CUST101852,560045,2025-03-09 23:05:37,935.42,14.5,Grocery,10,0,5.0,4,0.108845188961722,0,21,0.1687421171371218,0
ORD505277,CUST100413,560118,2025-03-10 00:14:38,377.37,11.2,Fashion,8,0,14.9,0,0.1958500182016745,1,25,0.2648222303118553,0
ORD507589,CUST101115,560090,2025-03-10 01:10:56,521.2,11.8,Fashion,16,0,8.0,0,0.1957787481804949,1,26,0.1285994557306499,0
ORD506297,CUST101494,560106,2025-03-10 02:08:15,965.76,19.5,Electronics,2,1,18.5,2,0.1397910928649379,0,20,0.2228537650054565,0
ORD507621,CUST100238,560104,2025-03-10 03:40:54,379.01,15.9,Fashion,16,0,5.3,0,0.1956363636363636,1,29,0.1410760667903525,0
ORD507853,CUST100594,560006,2025-03-10 04:06:34,1352.45,15.4,Fashion,23,1,5.7,0,0.1955652490003635,1,26,0.1937240213045058,1
ORD502745,CUST100302,560108,2025-03-10 04:33:52,762.2,11.6,Other,14,0,5.1,5,0.2979287790697674,0,21,0.2418817356778218,0
ORD507582,CUST101760,560074,2025-03-10 04:50:52,1603.28,9.8,Electronics,23,1,14.8,0,0.1957864148201961,1,22,0.0932316261048553,0
ORD502514,CUST100807,560058,2025-03-10 05:00:13,2449.34,39.7,Other,20,0,4.7,5,0.1978576615831517,0,23,0.2305652665889783,0
ORD501051,CUST100376,560039,2025-03-10 05:12:40,155.36,24.0,Home,9,0,1.0,2,0.1397459165154265,0,16,0.1920246017342206,0
ORD503546,CUST101062,560103,2025-03-10 05:31:37,363.06,4.2,Electronics,6,0,4.3,13,0.3876592485083051,0,27,0.1683290615446376,0
ORD506072,CUST101858,560006,2025-03-10 05:56:14,1382.62,32.4,Grocery,9,0,4.8,9,0.2841079848696823,0,27,0.2108520670787704,0
ORD506642,CUST101786,560074,2025-03-10 07:20:42,414.93,32.1,Fashion,5,0,6.7,4,0.2196841511562323,0,23,0.0908983591075433,0
ORD503129,CUST101638,560059,2025-03-10 08:22:49,414.95,9.4,Electronics,16,0,25.8,5,0.1976803189561435,0,24,0.2024366535964941,0
ORD503512,CUST101465,560100,2025-03-10 09:28:20,924.43,20.5,Electronics,13,0,17.9,4,0.3307165861513688,0,29,0.2837917775805975,1
ORD500730,CUST101619,560009,2025-03-10 10:29:24,523.16,17.0,Electronics,6,0,23.5,5,0.1977906555595798,0,29,0.2430944127016978,0
ORD500093,CUST100068,560035,2025-03-10 11:36:02,519.2,5.6,Fashion,8,0,16.2,1,0.1629254163649529,0,24,0.2934138634717925,0
ORD503164,CUST101262,560103,2025-03-10 11:50:10,579.6,11.2,Electronics,9,0,1.7,0,0.1954397394136807,1,28,0.1647665580890336,0
ORD505082,CUST101532,560032,2025-03-10 12:07:56,450.93,17.9,Fashion,19,0,1.0,0,0.195369030390738,1,22,0.1882709668527324,0
ORD500503,CUST100151,560016,2025-03-10 12:45:12,629.69,6.9,Other,2,1,9.7,3,0.2470614828209765,0,32,0.209730143274447,0
ORD504673,CUST101425,560009,2025-03-10 12:46:46,1353.09,35.8,Grocery,16,0,8.5,0,0.1952277657266811,1,30,0.2380911062906724,0
ORD502825,CUST100742,560057,2025-03-10 13:04:48,684.53,40.3,Fashion,15,0,2.1,6,0.0887078227157735,0,28,0.0813155041561257,0
ORD505572,CUST101397,560107,2025-03-10 13:07:33,598.92,18.2,Fashion,17,0,2.3,0,0.1950867052023121,1,24,0.3159485023646873,0
ORD503628,CUST101739,560099,2025-03-10 13:13:39,856.39,15.8,Grocery,7,0,14.0,2,0.1392973223959139,0,24,0.134098296070127,1
ORD502133,CUST100235,560008,2025-03-10 13:13:51,791.65,12.8,Fashion,21,0,30.7,1,0.3294223826714801,0,24,0.3160485723662619,0
ORD500397,CUST101858,560014,2025-03-10 13:25:40,826.9,16.1,Beauty,20,0,6.2,10,0.2650787922530975,0,24,0.2478347167087693,1
ORD505930,CUST100988,560053,2025-03-10 13:37:50,2308.23,30.8,Electronics,21,0,5.8,13,0.1654240820907487,0,25,0.264678531345198,0
ORD502008,CUST101687,560079,2025-03-10 14:30:15,2437.06,8.2,Fashion,14,0,11.1,0,0.1954561846375766,1,26,0.2154157324511202,0
ORD501038,CUST100001,560054,2025-03-10 14:36:02,872.29,20.9,Fashion,11,0,20.6,13,0.0542738123848433,0,17,0.1596679592353709,0
ORD504608,CUST100860,560097,2025-03-10 14:47:25,433.18,29.0,Grocery,3,1,25.0,2,0.1395109395109395,0,32,0.2289674289674289,0
ORD502909,CUST101505,560079,2025-03-10 16:39:25,338.14,29.3,Electronics,20,0,12.1,6,0.2705658894419702,0,27,0.210742534796738,0
ORD503302,CUST101106,560033,2025-03-10 17:00:46,576.28,30.8,Fashion,9,0,1.1,7,0.0813227703757051,0,20,0.1725873244508462,0
ORD501708,CUST101296,560112,2025-03-10 17:25:03,235.37,6.6,Fashion,10,0,11.3,0,0.1951043916486681,1,27,0.1894061241058162,0
ORD500808,CUST101164,560036,2025-03-10 17:44:08,639.88,47.5,Grocery,13,0,4.7,3,0.1218963655991363,0,21,0.1926996024188381,0
ORD503927,CUST100965,560116,2025-03-10 18:19:31,1904.51,12.1,Grocery,6,0,9.0,1,0.1624700239808153,0,16,0.1360911270983213,0
ORD503084,CUST100577,560002,2025-03-10 19:18:31,829.15,16.8,Other,5,0,19.1,3,0.1218087019057893,0,25,0.1532861880218946,0
ORD507566,CUST101473,560118,2025-03-10 19:25:30,688.88,3.6,Other,16,0,20.6,1,0.1623532231008866,0,26,0.2586190729222017,0
ORD506416,CUST101995,560086,2025-03-10 19:31:01,893.26,12.5,Other,13,0,2.0,4,0.2193077015211402,0,32,0.171059177976174,0
ORD502993,CUST100849,560029,2025-03-10 20:07:08,646.64,0.1,Electronics,14,0,8.7,0,0.194683908045977,1,19,0.1511199528440907,0
ORD502608,CUST101639,560074,2025-03-10 21:08:20,1662.37,7.4,Fashion,13,0,16.1,5,0.1973070017953321,0,24,0.0884609107230292,0
ORD502693,CUST100879,560118,2025-03-10 22:27:01,2035.5,7.9,Beauty,22,1,24.7,4,0.1080800829544548,0,27,0.2529975103480931,0
ORD507825,CUST100007,560096,2025-03-10 22:31:41,324.95,11.3,Electronics,1,1,11.4,7,0.0810309771558426,0,16,0.1358190806522345,0
ORD505651,CUST100975,560039,2025-03-10 23:07:55,1676.42,1.2,Home,7,0,16.4,6,0.2701839050476066,0,17,0.186164643840397,0
ORD501362,CUST100297,560032,2025-03-10 23:22:05,150.0,49.2,Electronics,10,0,9.0,7,0.2476395362734552,0,23,0.1834115753750198,0
ORD502880,CUST100008,560027,2025-03-10 23:50:53,337.32,8.4,Other,19,0,14.9,3,0.246415770609319,0,20,0.2721326164874552,0
ORD505430,CUST100515,560093,2025-03-11 00:11:47,863.21,15.9,Home,21,0,18.1,14,0.103735691791284,0,24,0.110998013094036,0
ORD502636,CUST101875,560072,2025-03-11 00:13:52,3797.86,14.1,Fashion,21,0,6.8,9,0.2121878837494883,0,33,0.1675947450937989,0
ORD500135,CUST100516,560065,2025-03-11 00:31:53,263.09,15.8,Home,17,0,16.9,1,0.1617138083303496,0,27,0.167683646806987,0
ORD504097,CUST100774,560031,2025-03-11 01:25:09,543.6,15.4,Other,9,0,14.5,6,0.1790850523849808,0,34,0.1829581908322065,0
ORD506474,CUST101013,560029,2025-03-11 02:21:32,471.65,4.6,Home,1,1,11.7,11,0.1230992844364937,0,20,0.1469588550983899,0
ORD504861,CUST101295,560090,2025-03-11 02:46:35,286.96,34.5,Home,15,0,19.3,0,0.1938483547925608,1,27,0.1250418531032173,0
ORD505976,CUST100227,560034,2025-03-11 02:52:10,1003.81,24.8,Fashion,5,0,20.6,2,0.1384136064150365,0,21,0.1920873409663664,1
ORD503044,CUST101430,560004,2025-03-11 03:25:20,948.72,11.4,Other,2,1,31.7,7,0.1641946628544198,0,25,0.1751409737113811,0
ORD502571,CUST100616,560002,2025-03-11 03:28:33,456.52,15.8,Electronics,20,0,19.5,1,0.161664880314398,0,26,0.149564285381425,0
ORD500879,CUST100299,560017,2025-03-11 04:00:35,1434.11,12.8,Other,11,0,19.6,0,0.1939285714285714,1,16,0.1632936507936507,0
ORD506403,CUST100089,560066,2025-03-11 04:06:49,800.02,16.0,Electronics,20,0,11.7,5,0.1969296679757229,0,15,0.3679196205436834,0
ORD502113,CUST101951,560101,2025-03-11 05:17:06,1226.05,23.1,Electronics,2,1,1.0,0,0.1937901498929336,1,29,0.1607306734256872,0
ORD507350,CUST100843,560006,2025-03-11 05:29:25,453.43,11.1,Home,22,1,16.8,0,0.1937210132001427,1,28,0.2057170888333928,0
ORD504656,CUST100424,560092,2025-03-11 05:39:43,256.61,12.9,Fashion,22,1,14.6,5,0.0968259629101283,0,23,0.252861360846631,1
ORD504626,CUST101335,560088,2025-03-11 06:54:41,1228.17,5.5,Home,2,1,28.7,9,0.1406926406926407,0,17,0.1859131859131859,0
ORD505011,CUST100705,560045,2025-03-11 07:13:04,955.32,17.3,Home,9,0,11.4,0,0.1938702779757662,1,22,0.1637477514170315,1
ORD504194,CUST101642,560068,2025-03-11 07:13:33,708.76,22.7,Beauty,2,1,14.0,0,0.1941574634841467,1,24,0.1564352106746121,0
ORD505732,CUST100747,560069,2025-03-11 08:01:05,222.51,13.0,Grocery,15,0,9.6,2,0.2814916564916565,0,24,0.1336765086765086,0
ORD500689,CUST100318,560087,2025-03-11 08:21:12,428.78,46.5,Grocery,4,1,1.6,2,0.1385851599450745,0,20,0.1970096119615521,0
ORD506901,CUST101730,560027,2025-03-11 08:48:32,195.42,1.6,Electronics,13,0,9.5,7,0.1641459074733096,0,21,0.2653415502126551,0
ORD507255,CUST100547,560033,2025-03-11 09:05:16,451.16,22.6,Home,6,0,11.9,0,0.1938811810743507,1,21,0.1677469175972442,1
ORD500998,CUST101628,560068,2025-03-11 09:16:49,333.33,4.1,Beauty,8,0,2.4,8,0.5362184046394572,0,25,0.152963489805595,0
ORD505109,CUST100380,560000,2025-03-11 10:26:41,1131.23,20.6,Electronics,8,0,15.5,3,0.1213117667970138,0,19,0.1764609368590882,0
ORD501111,CUST100114,560005,2025-03-11 10:36:18,569.57,37.6,Fashion,5,0,5.3,4,0.1077943615257048,0,23,0.2530371398819854,0
ORD506712,CUST100651,560119,2025-03-11 11:07:17,840.2,22.0,Home,12,0,21.3,3,0.2462255772646536,0,24,0.201800419828839,0
ORD501325,CUST101579,560078,2025-03-11 11:32:13,657.08,7.3,Beauty,5,0,12.4,9,0.2835328733766233,0,20,0.1719460227272727,0
ORD502577,CUST100566,560041,2025-03-11 11:39:55,967.79,0.5,Fashion,12,0,6.1,7,0.2474263400780972,0,17,0.1047693060472613,1
ORD505888,CUST100520,560026,2025-03-11 11:50:01,753.41,1.7,Electronics,4,1,6.7,3,0.121318310858765,0,26,0.1713518684234887,1
ORD505733,CUST101553,560052,2025-03-11 13:01:42,557.93,49.4,Fashion,20,0,4.2,6,0.088361443451901,0,26,0.1062587719974706,0
ORD502088,CUST101730,560008,2025-03-11 13:15:14,1955.59,10.6,Home,19,0,8.0,8,0.1516639388979814,0,25,0.3085894405043341,0
ORD501279,CUST101823,560113,2025-03-11 14:04:46,1960.86,25.3,Grocery,10,0,3.0,3,0.1214108472172988,0,23,0.160119700254734,0
ORD506203,CUST101167,560117,2025-03-11 14:36:27,1412.9,6.4,Other,19,0,10.3,2,0.138706084843576,0,25,0.1751948972360028,0
ORD507778,CUST101412,560019,2025-03-11 15:00:28,216.46,9.8,Fashion,19,0,2.7,0,0.1941197307828551,1,36,0.1586141895653054,0
ORD502467,CUST100844,560100,2025-03-11 15:32:27,1029.74,26.7,Fashion,18,0,13.7,1,0.3283758262511804,0,30,0.2976203966005666,0
ORD507306,CUST101786,560092,2025-03-11 15:39:24,887.29,7.3,Other,17,0,1.8,5,0.1969911504424778,0,24,0.2699919549477071,0
ORD506657,CUST101794,560106,2025-03-11 16:10:59,318.39,3.2,Fashion,2,1,4.0,3,0.2461960368011323,0,21,0.2165432482350301,0
ORD500370,CUST100872,560081,2025-03-11 16:30:51,557.98,3.9,Electronics,22,1,7.6,19,0.4153843886334158,0,24,0.1790204842910891,0
ORD500907,CUST100365,560063,2025-03-11 17:13:28,517.61,16.7,Home,5,0,8.7,0,0.1937765205091937,1,26,0.1494680523953016,0
ORD507826,CUST101187,560063,2025-03-11 17:33:25,1163.38,8.1,Home,21,0,6.3,1,0.1614233533639684,0,27,0.1462587336326647,0
ORD507379,CUST100274,560106,2025-03-11 18:44:42,401.01,29.0,Grocery,16,0,16.0,4,0.1075775422065174,0,22,0.2112569409389197,0
ORD505346,CUST101498,560026,2025-03-11 19:03:49,1560.83,15.9,Fashion,15,0,8.6,2,0.1382651259020033,0,27,0.1887536920267253,0
ORD505907,CUST100707,560059,2025-03-11 20:00:00,1191.14,21.7,Grocery,12,0,14.1,2,0.1382163034705407,0,25,0.197112366603892,0
ORD505334,CUST100906,560047,2025-03-11 20:27:22,548.19,16.8,Fashion,2,1,12.7,18,0.2159640264583557,0,30,0.1373738086833745,0
ORD503194,CUST101160,560012,2025-03-11 20:35:18,528.82,26.3,Fashion,3,1,9.8,9,0.0690593809859864,0,24,0.1333483030730737,0
ORD504778,CUST101138,560118,2025-03-11 21:20:09,459.48,38.6,Fashion,8,0,5.9,3,0.2458112874779541,0,28,0.2472075249853027,0
ORD504532,CUST100620,560076,2025-03-11 21:23:54,1110.73,44.8,Other,23,1,4.8,3,0.1207686882933709,0,30,0.1372919605077574,0
ORD504732,CUST100444,560102,2025-03-11 21:42:00,396.08,26.7,Electronics,12,0,10.5,5,0.2965808953119492,0,24,0.2696189957381357,1
ORD503394,CUST101674,560010,2025-03-11 22:19:49,724.71,8.3,Fashion,6,0,11.8,3,0.2459038054968287,0,25,0.2859760394644116,0
ORD505231,CUST101207,560074,2025-03-11 23:53:40,767.03,15.7,Grocery,10,0,7.7,4,0.4407655277679934,0,25,0.085945755547728,0
ORD500129,CUST100095,560017,2025-03-12 00:05:32,307.49,27.0,Electronics,1,1,17.3,2,0.2809356136820926,0,17,0.1585458698134754,1
ORD501432,CUST101038,560074,2025-03-12 00:28:48,512.83,6.0,Electronics,2,1,12.0,0,0.19359380499824,1,26,0.0841712195644522,0
ORD501728,CUST100557,560040,2025-03-12 00:33:52,496.21,18.1,Electronics,8,0,13.6,15,0.1983814215341309,0,26,0.1493589939724015,0
ORD507954,CUST101298,560071,2025-03-12 01:41:04,763.94,33.9,Home,4,1,20.5,4,0.2185875639973424,0,23,0.2760267977652169,1
ORD504198,CUST101048,560013,2025-03-12 02:49:39,204.35,8.5,Electronics,5,0,11.4,5,0.0968706047819971,0,23,0.1598796323553462,0
ORD506915,CUST101674,560108,2025-03-12 03:01:26,951.0,5.5,Other,13,0,15.5,4,0.2187072837336457,0,22,0.2350824336764582,0
ORD504638,CUST101904,560092,2025-03-12 03:41:17,444.15,0.4,Grocery,7,0,14.6,2,0.2811464712378275,0,25,0.263824470992426,1
ORD502069,CUST101836,560061,2025-03-12 05:34:24,487.9,27.6,Home,8,0,29.0,2,0.1384916453409604,0,13,0.1175080627135421,0
ORD504680,CUST100657,560032,2025-03-12 05:48:04,830.85,23.4,Electronics,18,0,12.3,0,0.1938202247191011,1,24,0.1790091930541368,0
ORD505371,CUST101790,560092,2025-03-12 06:14:48,539.22,23.4,Fashion,1,1,4.7,2,0.1383944241087098,0,26,0.2798922581531277,1
ORD504361,CUST100435,560022,2025-03-12 06:16:46,647.01,15.7,Fashion,4,1,1.0,1,0.1616959064327485,0,19,0.150787224471435,0
ORD505203,CUST101258,560033,2025-03-12 07:49:12,655.71,9.9,Fashion,20,0,22.3,1,0.16163919092716,0,22,0.1876033471964724,1
ORD505290,CUST101229,560097,2025-03-12 07:52:48,358.07,14.7,Grocery,5,0,18.0,0,0.1942496493688639,1,33,0.2242451507052316,0
ORD502814,CUST100116,560101,2025-03-12 07:57:51,531.91,29.9,Fashion,12,0,14.5,9,0.1407791297381202,0,30,0.1576726253066947,0
ORD501947,CUST100924,560000,2025-03-12 08:42:32,638.42,15.5,Other,3,1,12.3,3,0.1213209530483531,0,20,0.1720567624386825,0
ORD502403,CUST100007,560046,2025-03-12 08:51:47,1299.79,25.8,Grocery,7,0,12.8,8,0.0746328977502357,0,8,0.2457468101075806,0
ORD505536,CUST100538,560060,2025-03-12 10:03:51,452.07,30.6,Fashion,6,0,14.1,2,0.1385554221688675,0,23,0.1367337632727509,0
ORD500225,CUST101356,560035,2025-03-12 10:18:59,1503.55,29.3,Electronics,17,0,11.4,0,0.1939096954847742,1,25,0.2861820868821219,0
ORD501399,CUST101482,560073,2025-03-12 10:25:05,683.16,44.6,Home,2,1,1.0,1,0.1615348728714719,0,21,0.1921179743637884,0
ORD507931,CUST101105,560075,2025-03-12 10:43:42,775.24,42.0,Fashion,3,1,5.3,0,0.1937740468695348,1,21,0.1676946570095291,0
ORD500582,CUST100692,560068,2025-03-12 11:40:56,906.28,1.7,Beauty,1,1,21.2,2,0.1383616383616383,0,26,0.1494375190027363,1
ORD507574,CUST101183,560101,2025-03-12 12:14:36,684.52,20.4,Beauty,23,1,5.1,18,0.5204321991398568,0,31,0.1545051435464084,0
ORD504116,CUST101698,560086,2025-03-12 12:42:10,743.84,7.9,Home,4,1,15.0,1,0.1616002795248078,0,33,0.1675171077093469,0
ORD501192,CUST101564,560030,2025-03-12 12:49:47,929.36,8.5,Home,18,0,15.6,1,0.1615438351379672,0,23,0.2064430707746793,0
ORD505504,CUST101724,560098,2025-03-12 14:18:52,1696.09,11.7,Electronics,0,1,3.9,2,0.1384177972865123,0,23,0.2296674028842406,0
ORD500173,CUST101181,560023,2025-03-12 14:26:48,818.74,40.2,Fashion,15,0,2.9,0,0.193717277486911,1,22,0.1160558464223385,0
ORD506559,CUST100782,560028,2025-03-12 15:12:26,1127.9,38.5,Home,8,0,18.3,0,0.1936496859734822,1,22,0.1636427076064201,0
ORD502104,CUST101858,560009,2025-03-12 15:20:31,180.69,38.5,Other,11,0,12.1,11,0.3104944192535752,0,31,0.232777310435859,0
ORD500669,CUST100733,560112,2025-03-12 17:10:56,652.2,9.9,Fashion,0,1,19.8,0,0.1935146443514644,1,28,0.1847977684797768,0
ORD501918,CUST100398,560101,2025-03-12 17:12:42,3014.69,5.6,Fashion,20,0,18.2,6,0.0879305427928641,0,32,0.1513258439016543,0
ORD500880,CUST100555,560097,2025-03-12 17:41:54,250.19,7.2,Fashion,19,0,11.6,0,0.1933797909407665,1,34,0.2197702929410246,0
ORD503266,CUST100063,560032,2025-03-12 17:42:58,1068.57,9.8,Grocery,0,1,24.1,0,0.193312434691745,1,25,0.1748055265296644,0
ORD503487,CUST101954,560038,2025-03-12 18:34:12,184.01,19.6,Fashion,8,0,15.4,0,0.1932451253481894,1,29,0.262549030754363,1
ORD505422,CUST100364,560070,2025-03-12 18:47:00,1406.89,29.6,Other,12,0,20.3,8,0.0744330504163431,0,19,0.1761671441448677,0
ORD504464,CUST101225,560057,2025-03-12 19:11:12,496.77,29.9,Fashion,2,1,10.1,2,0.1381847102097624,0,29,0.0789626915484356,0
ORD504439,CUST100070,560054,2025-03-12 20:32:48,263.13,24.9,Fashion,0,1,4.0,2,0.1381366459627329,0,18,0.15441647597254,0
ORD503962,CUST101951,560015,2025-03-12 22:44:57,720.93,3.1,Electronics,12,0,15.5,1,0.161103384330088,0,20,0.1716620305980528,0
ORD500795,CUST101437,560095,2025-03-12 23:22:45,1038.13,28.6,Beauty,6,0,11.5,2,0.1380406177069368,0,17,0.1855442512376819,0
ORD505126,CUST101268,560031,2025-03-13 00:31:36,481.35,13.5,Electronics,13,0,18.8,12,0.2921146220823284,0,35,0.1793417145745151,1
ORD502190,CUST100150,560093,2025-03-13 00:58:11,236.68,4.4,Beauty,2,1,1.3,3,0.2459187217783952,0,25,0.1082088688201921,0
ORD503260,CUST100495,560043,2025-03-13 01:01:07,718.26,36.8,Beauty,22,1,3.0,4,0.3296682098765432,0,28,0.101417824074074,0
ORD505411,CUST100228,560093,2025-03-13 01:04:45,1244.43,20.6,Fashion,4,1,27.2,5,0.396667823672336,0,26,0.1057981075411617,1
ORD506117,CUST100772,560100,2025-03-13 01:14:55,1200.78,1.2,Other,13,0,16.2,5,0.1968077723802914,0,31,0.2916139391217972,0
ORD506694,CUST100364,560039,2025-03-13 01:18:14,2089.56,27.8,Home,3,1,9.1,9,0.0691244239631336,0,18,0.1808149405772496,0
ORD506282,CUST101214,560061,2025-03-13 01:24:04,438.92,29.8,Electronics,15,0,6.8,0,0.1934812760055478,1,14,0.1138125152973811,0
ORD502517,CUST100034,560063,2025-03-13 01:39:00,2021.26,5.4,Home,14,0,30.2,4,0.3296745619102638,0,28,0.1430892547660312,1
ORD502299,CUST101216,560077,2025-03-13 01:58:04,1324.45,13.9,Fashion,0,1,3.1,2,0.1383526383526383,0,21,0.3139969237530213,1
ORD503297,CUST101350,560114,2025-03-13 02:29:32,273.3,40.8,Fashion,13,0,3.4,0,0.1939729823346034,1,20,0.0969864911673017,0
ORD507302,CUST100192,560064,2025-03-13 02:31:29,150.0,3.1,Grocery,18,0,9.0,2,0.1385041551246537,0,20,0.1969529085872576,0
ORD502587,CUST101167,560060,2025-03-13 03:35:39,663.61,9.5,Home,18,0,22.9,3,0.1211491865697473,0,24,0.133563044777998,1
ORD500053,CUST101620,560051,2025-03-13 04:07:37,633.73,15.6,Beauty,4,1,10.7,8,0.2285067873303167,0,22,0.1400560224089636,1
ORD500442,CUST100451,560057,2025-03-13 04:33:13,1556.06,25.8,Home,21,0,16.6,1,0.1619970021907067,0,30,0.0777585610515392,0
ORD501333,CUST100315,560065,2025-03-13 04:39:39,664.27,47.8,Other,10,0,13.4,5,0.19716459197787,0,28,0.164303826648225,0
ORD500037,CUST100668,560058,2025-03-13 05:48:06,462.62,25.9,Fashion,16,0,13.0,0,0.194262011752506,1,24,0.2246645507965936,0
ORD504231,CUST101924,560077,2025-03-13 05:51:11,479.1,5.6,Other,8,0,23.4,2,0.1387106328364103,0,22,0.3305689933195116,1
ORD506222,CUST101826,560043,2025-03-13 06:00:09,517.07,11.5,Beauty,8,0,19.2,4,0.2191517942813279,0,29,0.099784991716894,1
ORD503262,CUST101144,560030,2025-03-13 06:03:33,557.11,12.1,Beauty,14,0,7.0,2,0.1391081294396211,0,24,0.2021597187343043,1
ORD503493,CUST100432,560096,2025-03-13 06:51:27,1680.94,26.1,Electronics,10,0,20.9,2,0.1393066719266236,0,17,0.1324482922687962,0
ORD500660,CUST100302,560098,2025-03-13 06:59:17,675.64,2.3,Fashion,10,0,5.8,6,0.2704372921764226,0,24,0.2249827467218771,0
ORD507665,CUST100097,560058,2025-03-13 07:09:36,848.95,21.9,Electronics,17,0,1.3,0,0.1948947913073473,1,25,0.2199532405810432,1
ORD502739,CUST101261,560082,2025-03-13 07:56:51,513.48,21.6,Grocery,14,0,2.3,4,0.1084291187739463,0,21,0.192767031118587,0
ORD504238,CUST100713,560042,2025-03-13 08:33:56,644.79,10.4,Beauty,5,0,5.0,7,0.0812938067333103,0,20,0.2225525680799724,0
ORD504101,CUST100089,560117,2025-03-13 09:00:38,752.77,34.1,Electronics,18,0,6.2,6,0.1795626840423532,0,26,0.1717556108231205,0
ORD502128,CUST100524,560029,2025-03-13 09:20:44,3434.13,10.4,Fashion,18,0,12.1,8,0.1519118153634171,0,21,0.1438881560706754,0
ORD501105,CUST101062,560004,2025-03-13 09:26:47,533.43,34.5,Beauty,5,0,4.5,14,0.3670798898071625,0,26,0.1716972092466163,0
ORD501195,CUST101246,560018,2025-03-13 09:26:54,449.52,43.7,Electronics,16,0,30.2,16,0.1892467830505696,0,30,0.1579345955249569,0
ORD501557,CUST101514,560000,2025-03-13 09:32:41,2546.24,11.3,Fashion,23,1,14.0,2,0.1391210303804935,0,21,0.1681802158696053,0
ORD501280,CUST101161,560073,2025-03-13 09:56:19,1102.41,6.4,Beauty,11,0,1.2,9,0.0695365865644503,0,22,0.1879535439906957,0
ORD505892,CUST100034,560064,2025-03-13 10:09:49,753.42,20.2,Other,1,1,8.9,5,0.3973177441540578,0,21,0.1925051162478612,0
ORD503048,CUST101122,560034,2025-03-13 10:34:04,1188.33,20.1,Home,21,0,7.5,5,0.0972842901340666,0,22,0.2116993239372064,1
ORD505256,CUST100964,560100,2025-03-13 14:17:06,1170.09,29.0,Other,17,0,18.2,3,0.3717783505154639,0,32,0.2864789849325931,0
ORD504757,CUST101314,560055,2025-03-13 14:41:52,500.26,28.4,Home,5,0,21.2,0,0.194778426657506,1,24,0.1112629212079572,0
ORD506767,CUST101261,560106,2025-03-13 14:53:27,1815.71,0.7,Fashion,23,1,31.3,5,0.0973557692307692,0,23,0.2068425760286225,0
ORD504619,CUST100591,560064,2025-03-13 15:31:09,408.0,36.3,Beauty,15,0,12.2,0,0.1946446961894953,1,22,0.1879260458045216,1
ORD505878,CUST101239,560095,2025-03-13 15:34:08,617.3,20.2,Home,8,0,6.8,11,0.1859128345916266,0,18,0.1815374056280027,0
ORD500453,CUST100234,560058,2025-03-13 15:45:26,1760.13,7.5,Beauty,17,0,8.5,1,0.3290451686678102,0,26,0.2368931314788575,0
ORD506274,CUST101954,560051,2025-03-13 16:31:13,1019.57,1.4,Other,2,1,8.7,1,0.3289894833104709,0,23,0.1603662232430535,0
ORD504413,CUST101972,560105,2025-03-13 16:54:26,463.21,5.1,Beauty,7,0,11.1,3,0.37170037709976,0,23,0.2766142341207516,0
ORD500767,CUST100575,560025,2025-03-13 17:19:57,812.61,50.2,Beauty,1,1,30.9,2,0.1390384803681582,0,19,0.1767455756489341,1
ORD507975,CUST101067,560063,2025-03-13 17:38:42,486.27,6.4,Beauty,2,1,11.5,1,0.1624414753911156,0,29,0.1611958246813628,1
ORD507540,CUST100359,560104,2025-03-13 17:38:50,952.85,9.7,Electronics,8,0,7.7,4,0.219558599695586,0,30,0.1380821917808219,0
ORD505854,CUST100557,560085,2025-03-13 18:06:49,531.8,15.6,Fashion,3,1,3.3,16,0.1893187264635398,0,24,0.1796084777940307,0
ORD500747,CUST101044,560043,2025-03-13 18:14:30,604.72,6.8,Other,7,0,20.5,0,0.1950718685831622,1,30,0.1180287474332649,0
ORD507146,CUST100753,560058,2025-03-13 18:18:55,1047.29,29.1,Electronics,7,0,5.1,2,0.2821465226528518,0,27,0.2319170773251032,1
ORD503670,CUST100748,560092,2025-03-13 18:34:30,516.35,12.2,Home,1,1,3.1,0,0.1952804377564979,1,27,0.2958640160665949,0
ORD506182,CUST100325,560020,2025-03-13 19:27:15,1093.8,24.3,Fashion,4,1,10.6,0,0.1952136752136752,1,21,0.1683969147383781,1
ORD502607,CUST101675,560012,2025-03-13 20:53:50,740.94,10.1,Electronics,5,0,15.0,0,0.1954887218045112,1,25,0.131328320802005,0
ORD502212,CUST100760,560016,2025-03-13 20:55:37,858.42,26.4,Grocery,7,0,2.7,1,0.3295182781004441,0,33,0.2058195976303898,0
ORD507548,CUST100901,560000,2025-03-13 21:20:45,329.64,15.9,Beauty,4,1,23.6,7,0.164731329690346,0,22,0.1644548529794431,1
ORD501415,CUST101048,560066,2025-03-13 21:29:14,711.58,20.9,Beauty,20,0,1.3,6,0.0889226853719854,0,16,0.3586832821213155,0
ORD506442,CUST101435,560046,2025-03-13 21:34:26,827.84,25.4,Other,17,0,4.4,2,0.1396879570941004,0,9,0.2383194068494762,0
ORD504977,CUST100575,560061,2025-03-13 21:50:33,558.85,7.1,Fashion,3,1,14.8,3,0.2471852610030706,0,15,0.1117122386313788,0
ORD502285,CUST100229,560013,2025-03-13 22:09:02,509.07,4.3,Beauty,10,0,17.9,2,0.1395926719937634,0,24,0.1570135185414858,0
ORD507124,CUST100008,560082,2025-03-13 23:04:42,468.07,21.8,Electronics,11,0,19.5,4,0.219646171913475,0,22,0.1882681473544071,0
ORD500347,CUST101998,560041,2025-03-13 23:28:44,275.85,13.7,Other,9,0,11.9,6,0.0887711470533556,0,18,0.1291034334302012,0
ORD506653,CUST100685,560089,2025-03-13 23:45:03,768.54,22.1,Electronics,4,1,6.1,0,0.1952299829642248,1,10,0.1634866553094832,0
ORD506865,CUST100231,560113,2025-03-14 00:08:40,1353.58,24.8,Grocery,2,1,2.5,11,0.4984885899182561,0,24,0.1568924944265543,0
ORD507245,CUST101505,560061,2025-03-14 01:21:40,965.77,8.4,Fashion,0,1,8.4,7,0.2479570990806946,0,16,0.1083872432187038,0
ORD501021,CUST101157,560085,2025-03-14 01:45:19,927.73,30.1,Electronics,1,1,4.9,1,0.1625255275697753,0,25,0.1755691702594357,0
ORD506880,CUST101882,560114,2025-03-14 03:14:50,293.68,31.0,Electronics,23,1,1.3,0,0.1949642735624362,1,21,0.0951045236889932,0
ORD507233,CUST101217,560104,2025-03-14 03:14:52,2145.65,28.5,Other,21,0,10.4,0,0.1948979591836734,1,31,0.1352541016406562,0
ORD504611,CUST100543,560020,2025-03-14 03:22:15,942.34,15.5,Grocery,20,0,12.3,2,0.4248797785009958,0,22,0.1880150904292352,1
ORD502605,CUST100116,560105,2025-03-14 03:31:48,1301.86,18.2,Beauty,5,0,6.7,10,0.1317017901654203,0,24,0.2705024411346641,0
ORD502573,CUST101335,560102,2025-03-14 05:04:11,733.57,34.4,Other,4,1,25.2,10,0.1316796919243402,0,25,0.2866840336768981,0
ORD504127,CUST100258,560119,2025-03-14 05:10:52,347.54,3.1,Fashion,5,0,24.2,1,0.1624773550724637,0,25,0.1977657004830918,0
ORD503010,CUST100337,560096,2025-03-14 05:19:05,858.93,3.4,Other,11,0,7.2,1,0.1624221844934918,0,18,0.1288982217853632,0
ORD504053,CUST101550,560014,2025-03-14 05:30:37,822.94,7.9,Other,8,0,19.9,3,0.121775288526816,0,25,0.2643735385079581,0
ORD506242,CUST101631,560009,2025-03-14 07:38:47,378.65,10.0,Home,9,0,20.7,0,0.1947743467933491,1,32,0.2287593641512881,0
ORD500723,CUST100860,560032,2025-03-14 08:08:01,623.68,6.5,Fashion,8,0,2.6,3,0.1216926729986431,0,26,0.1716122942599256,1
ORD504076,CUST100194,560109,2025-03-14 08:15:14,1419.35,5.1,Electronics,10,0,26.0,14,0.2618371972657993,0,15,0.2257036283485927,0
ORD500857,CUST100540,560101,2025-03-14 08:46:33,1185.42,27.0,Beauty,22,1,2.8,2,0.1392251815980629,0,33,0.1490246242404861,1
ORD506647,CUST100087,560035,2025-03-14 08:51:19,775.57,5.8,Beauty,8,0,18.6,1,0.3293233932000451,0,26,0.2805165529739366,1
ORD502368,CUST101701,560098,2025-03-14 09:04:16,1618.21,25.1,Beauty,17,0,14.2,8,0.15210027100271,0,25,0.2202047576031315,0
ORD507549,CUST101628,560048,2025-03-14 09:49:08,861.07,21.8,Electronics,23,1,5.6,9,0.4983551835905375,0,29,0.2634263322667367,1
ORD501037,CUST100047,560038,2025-03-14 10:22:33,1007.83,15.2,Fashion,17,0,7.4,8,0.4598718816728295,0,30,0.2782667569397427,1
ORD506557,CUST101888,560008,2025-03-14 11:02:14,2000.99,5.1,Home,4,1,10.3,1,0.1632825719120135,0,26,0.3025822114323548,0
ORD507289,CUST100359,560056,2025-03-14 11:03:06,310.85,10.4,Home,23,1,12.0,5,0.1979364005412719,0,19,0.203011692862843,1
ORD502151,CUST100904,560010,2025-03-14 11:13:54,508.24,11.6,Fashion,23,1,18.7,0,0.1961447412918498,1,26,0.2809324962138478,1
ORD500539,CUST100256,560070,2025-03-14 11:55:07,430.81,12.0,Grocery,0,1,15.5,6,0.1801893171061528,0,20,0.173208248816768,0
ORD502373,CUST100194,560004,2025-03-14 11:57:27,850.97,4.9,Other,22,1,1.0,15,0.2490875295708009,0,27,0.1686596248013633,0
ORD507616,CUST100620,560098,2025-03-14 12:16:59,445.78,20.1,Home,2,1,3.1,4,0.1090465465465465,0,26,0.2157755581668625,0
ORD506792,CUST101327,560113,2025-03-14 12:46:13,310.42,11.5,Electronics,11,0,13.2,0,0.1962174940898345,1,25,0.1538744418177042,0
ORD501335,CUST100071,560101,2025-03-14 13:05:23,433.58,6.5,Grocery,12,0,5.7,1,0.1634593742966464,0,34,0.1652412033911021,0
ORD505819,CUST101062,560006,2025-03-14 13:24:32,1535.51,17.3,Electronics,23,1,13.8,15,0.3490212622342221,0,29,0.2024836934436278,0
ORD506248,CUST100225,560077,2025-03-14 14:33:14,360.05,12.7,Beauty,14,0,23.3,2,0.282870638133796,0,23,0.3469855318080532,0
ORD500761,CUST100774,560080,2025-03-14 16:16:13,464.29,19.7,Fashion,18,0,7.0,7,0.1649803260258572,0,21,0.2663184304692962,0
ORD507413,CUST100294,560053,2025-03-14 18:02:43,631.44,15.6,Fashion,14,0,11.0,1,0.1632389300966509,0,26,0.2590811809199918,0
ORD500289,CUST101637,560046,2025-03-14 18:22:37,858.43,28.6,Home,22,1,12.8,1,0.3298505785866756,0,10,0.2305471295360072,1
ORD503866,CUST101764,560029,2025-03-14 20:40:05,995.68,22.6,Home,7,0,9.5,2,0.1400654601463226,0,22,0.1409960210499294,0
ORD500441,CUST101183,560082,2025-03-14 20:51:40,403.75,18.9,Other,13,0,15.1,19,0.499171999550915,0,23,0.1841979524857637,1
ORD504131,CUST100570,560089,2025-03-14 21:12:51,1010.4,12.8,Fashion,17,0,2.6,3,0.1226851851851851,0,11,0.1589008363201911,0
ORD504733,CUST100794,560085,2025-03-14 21:18:15,150.0,22.0,Fashion,1,1,3.5,2,0.2830215896523537,0,26,0.172274011092737,0
ORD507412,CUST101429,560085,2025-03-14 21:52:32,253.56,23.9,Beauty,1,1,6.4,9,0.1414872139973082,0,27,0.1685805102946651,0
ORD507940,CUST101620,560060,2025-03-14 22:05:59,593.18,13.1,Grocery,4,1,8.3,9,0.2843207918889049,0,25,0.1538214299061927,0
ORD504170,CUST100844,560008,2025-03-14 22:36:41,1175.3,7.9,Electronics,0,1,4.0,2,0.2828801998270727,0,27,0.2961839488331497,1
ORD504084,CUST100753,560016,2025-03-14 23:35:03,923.1,11.2,Grocery,19,0,1.3,3,0.3726890756302521,0,34,0.2023342670401494,0
ORD504807,CUST100424,560113,2025-03-14 23:41:37,670.25,5.5,Other,14,0,15.1,6,0.1801075268817204,0,26,0.1505376344086021,0
ORD501580,CUST100933,560096,2025-03-15 00:57:17,290.16,27.4,Home,15,0,14.8,0,0.1961706415854887,1,19,0.1262413546592249,0
ORD507235,CUST101742,560037,2025-03-15 02:10:51,581.98,12.1,Fashion,9,0,15.5,0,0.196104768300873,1,13,0.1491544050308321,1
ORD507195,CUST101939,560049,2025-03-15 02:30:15,283.27,33.4,Fashion,13,0,18.2,1,0.1636455186304129,0,21,0.0957924987104856,0
ORD501008,CUST100557,560006,2025-03-15 02:53:35,730.49,36.4,Other,0,1,7.9,17,0.1809792556436851,0,30,0.1985234899328859,1
ORD502482,CUST101112,560002,2025-03-15 03:03:59,1108.46,18.4,Electronics,20,0,9.6,1,0.1638152745163815,0,27,0.1474801401785778,0
ORD503763,CUST101855,560059,2025-03-15 04:03:47,1670.6,25.0,Electronics,19,0,1.0,0,0.1965124077800134,1,26,0.194135829469571,0
ORD504782,CUST100180,560008,2025-03-15 04:12:58,619.82,21.9,Fashion,19,0,8.5,1,0.163705441948821,0,28,0.3110193876410772,0
ORD505758,CUST101430,560036,2025-03-15 04:24:29,877.39,10.0,Fashion,12,0,3.8,8,0.1524541142503608,0,22,0.1887527128813992,0
ORD503236,CUST100343,560112,2025-03-15 05:02:14,1000.07,26.9,Beauty,1,1,13.0,5,0.0981574539363484,0,29,0.1821693501521211,1
ORD504348,CUST100301,560010,2025-03-15 06:43:26,490.33,22.2,Grocery,10,0,9.7,4,0.2203244771898489,0,27,0.2964187484858417,0
ORD504810,CUST101479,560085,2025-03-15 07:17:47,875.7,3.4,Home,12,0,9.6,3,0.1228239035821894,0,28,0.1652159357214596,0
ORD500132,CUST100906,560045,2025-03-15 08:44:06,551.95,7.6,Fashion,1,1,8.5,19,0.2075942659526997,0,23,0.1843965007316086,0
ORD507471,CUST100054,560018,2025-03-15 09:21:11,231.1,19.6,Fashion,6,0,6.3,4,0.1091037507899334,0,31,0.1554457848713255,0
ORD500198,CUST101553,560000,2025-03-15 09:57:15,562.67,35.4,Grocery,9,0,23.2,7,0.0818004459308807,0,23,0.1843353815042389,0
ORD501525,CUST100401,560109,2025-03-15 11:40:46,380.02,19.4,Beauty,7,0,16.0,1,0.1635461941379694,0,16,0.2201419072030907,0
ORD504032,CUST100541,560102,2025-03-15 13:13:31,1437.38,16.6,Electronics,0,1,9.0,21,0.0761903537638831,0,26,0.2809521041618228,0
ORD504347,CUST101639,560086,2025-03-15 13:15:45,1056.73,7.7,Electronics,0,1,16.5,6,0.1800564954591015,0,34,0.1652312185222308,0
ORD500542,CUST100185,560093,2025-03-15 13:23:36,1683.05,14.4,Fashion,21,0,12.0,2,0.1400419887393835,0,27,0.125982461376654,0
ORD500375,CUST100860,560023,2025-03-15 13:58:26,673.14,25.1,Other,22,1,12.5,4,0.2199962901131515,0,23,0.1144154986993827,0
ORD505540,CUST101339,560034,2025-03-15 15:49:22,431.73,23.3,Fashion,11,0,9.4,2,0.2828056456227351,0,23,0.2306641413357344,0
ORD504458,CUST101878,560109,2025-03-15 15:52:23,1362.94,27.9,Fashion,14,0,1.0,4,0.3310347384421458,0,17,0.213979745511277,1
ORD504159,CUST100228,560110,2025-03-15 16:07:38,1424.25,8.4,Beauty,12,0,12.0,6,0.4527867062890411,0,26,0.3026655451460394,0
ORD505385,CUST100376,560087,2025-03-15 16:21:38,642.46,33.0,Home,4,1,13.1,3,0.1225408469489829,0,21,0.1932026122528647,0
ORD500096,CUST100654,560048,2025-03-15 16:57:27,1109.29,11.8,Home,0,1,25.5,3,0.1225,0,30,0.2784,0
ORD507480,CUST100757,560060,2025-03-15 18:47:12,871.13,7.3,Electronics,17,0,26.9,0,0.1959346884371876,1,26,0.1504063862770381,0
ORD501923,CUST100640,560074,2025-03-15 20:05:25,763.42,29.1,Fashion,23,1,13.9,3,0.1224183877415056,0,27,0.0833486895261315,0
ORD505624,CUST101762,560062,2025-03-15 20:26:08,1247.24,18.0,Fashion,17,0,15.0,7,0.2482517482517482,0,17,0.322056322056322,0
ORD506582,CUST100037,560076,2025-03-15 20:49:38,891.15,4.4,Grocery,14,0,12.1,6,0.361699552112335,0,31,0.1355839273126028,0
ORD505006,CUST100150,560032,2025-03-15 20:53:39,1696.9,5.3,Beauty,14,0,7.8,4,0.2198188204843779,0,27,0.1896484582433532,0
ORD506675,CUST100485,560056,2025-03-15 21:04:04,2232.53,56.7,Beauty,15,0,13.0,4,0.1086715457972943,0,20,0.2228043912175648,0
ORD504677,CUST100288,560042,2025-03-15 21:15:07,572.48,11.1,Electronics,12,0,2.9,0,0.1955437312936481,1,21,0.2173384055090966,0
ORD507145,CUST100001,560081,2025-03-15 21:28:15,669.4,37.9,Fashion,21,0,12.2,14,0.0514417693169092,0,25,0.1757683215130023,0
ORD505379,CUST101995,560096,2025-03-15 21:44:16,956.71,36.3,Fashion,11,0,24.3,5,0.1977068793619142,0,20,0.1227068793619142,0
ORD501043,CUST101061,560027,2025-03-15 22:56:00,714.42,26.5,Electronics,11,0,1.8,5,0.2976744186046511,0,22,0.2596899224806202,0
ORD506386,CUST100557,560047,2025-03-16 00:02:55,929.58,14.3,Other,0,1,15.9,18,0.2163660780038409,0,31,0.1354054740461445,0
ORD503880,CUST100808,560055,2025-03-16 00:28:19,643.0,29.8,Fashion,16,0,21.2,0,0.1952191235059761,1,25,0.1089862771137671,0
ORD500097,CUST100151,560083,2025-03-16 00:47:43,1135.54,33.0,Home,10,0,14.6,4,0.219530184017406,0,23,0.1605368982471306,0
ORD504346,CUST100617,560091,2025-03-16 01:07:01,223.76,26.7,Other,22,1,9.9,1,0.1625746516257465,0,19,0.228251067667126,1
ORD500021,CUST101787,560012,2025-03-16 01:36:01,1542.72,15.3,Other,9,0,27.1,0,0.1953565505804311,1,26,0.1284158915567092,0
ORD502181,CUST101244,560044,2025-03-16 01:42:16,442.49,37.7,Grocery,2,1,14.5,0,0.1952917771883289,1,24,0.134223535085604,1
ORD502038,CUST100657,560031,2025-03-16 02:56:33,203.35,29.2,Other,2,1,10.8,1,0.1629654181858358,0,36,0.1948423220796439,0
ORD500075,CUST101390,560050,2025-03-16 05:32:25,657.85,42.3,Home,7,0,19.0,12,0.1163216777764783,0,16,0.3586076135777925,0
ORD500448,CUST101884,560006,2025-03-16 05:33:17,385.38,23.6,Other,15,0,15.1,5,0.2977144749917191,0,31,0.2138937058758581,0
ORD507644,CUST100602,560084,2025-03-16 05:37:35,876.34,8.0,Electronics,10,0,4.6,4,0.2196467991169978,0,25,0.2423841059602648,0
ORD504042,CUST101115,560048,2025-03-16 06:42:54,890.3,7.2,Electronics,10,0,31.0,1,0.1627496413990952,0,31,0.2726664979132997,0
ORD503336,CUST100918,560083,2025-03-16 07:18:30,644.44,5.4,Fashion,23,1,16.0,7,0.0813478932274432,0,24,0.156924974429938,0
ORD500623,CUST100916,560068,2025-03-16 07:35:45,773.8,6.7,Electronics,17,0,16.3,0,0.1951703605689712,1,27,0.1681576002421154,0
ORD500687,CUST101369,560025,2025-03-16 08:37:49,352.33,8.3,Grocery,20,0,7.3,0,0.1951058201058201,1,20,0.19755291005291,0
ORD507973,CUST100901,560115,2025-03-16 09:40:00,1007.07,1.3,Home,13,0,25.5,8,0.2288620470438652,0,21,0.1683128401531949,0
ORD500202,CUST101280,560095,2025-03-16 09:48:44,471.67,1.9,Electronics,18,0,6.2,2,0.1392691908223964,0,19,0.1769112139237717,0
ORD503136,CUST101048,560012,2025-03-16 10:02:59,1202.53,30.7,Other,21,0,15.9,7,0.0812135227397863,0,27,0.1254946615214839,0
ORD501125,CUST101597,560086,2025-03-16 10:55:15,1533.09,4.7,Grocery,23,1,6.7,0,0.1948480845442536,1,35,0.161762939834274,0
ORD503300,CUST101667,560103,2025-03-16 11:17:36,389.54,3.0,Other,3,1,19.3,2,0.1391312550110833,0,29,0.1611362273532721,0
ORD506123,CUST101764,560038,2025-03-16 11:18:34,150.0,16.4,Home,15,0,23.3,3,0.1216996699669967,0,31,0.2920468517439979,0
ORD505276,CUST101052,560031,2025-03-16 11:34:10,1386.98,22.5,Fashion,3,1,22.4,1,0.1622126910810513,0,37,0.1911070979990391,0
ORD507512,CUST100520,560007,2025-03-16 11:39:55,531.42,36.5,Other,9,0,2.1,4,0.2192172383465259,0,22,0.2593290614398794,0
ORD506878,CUST101833,560015,2025-03-16 11:51:18,1061.16,27.0,Fashion,18,0,3.5,5,0.0972634355423673,0,21,0.1680618883340168,0
ORD504654,CUST101696,560111,2025-03-16 11:54:51,866.58,52.7,Electronics,22,1,20.1,1,0.1620522961986376,0,23,0.1834710490411001,0
ORD500253,CUST101417,560093,2025-03-16 12:13:06,236.91,30.8,Fashion,15,0,21.2,5,0.0971993410214168,0,28,0.1226661175178473,1
ORD507736,CUST101239,560067,2025-03-16 12:50:18,383.36,19.3,Home,18,0,19.7,12,0.1749011857707509,0,19,0.2793148880105401,0
ORD503055,CUST101246,560113,2025-03-16 13:03:04,1596.36,7.2,Electronics,4,1,15.3,17,0.180590894123986,0,27,0.1466382698491652,0
ORD500412,CUST100281,560026,2025-03-16 13:12:27,851.41,2.5,Home,15,0,22.2,2,0.1389541991911972,0,28,0.1852232828615317,0
ORD503677,CUST101183,560036,2025-03-16 13:34:33,871.71,34.0,Grocery,12,0,12.5,20,0.5188943731490622,0,23,0.1834752863931679,0
ORD507053,CUST100081,560079,2025-03-16 14:01:29,267.48,15.5,Fashion,11,0,8.0,0,0.1944078947368421,1,28,0.2060032894736842,0
ORD502351,CUST101639,560098,2025-03-16 17:17:01,732.95,34.0,Fashion,7,0,19.9,7,0.1643099857503014,0,27,0.2103591343832865,0
ORD506253,CUST100619,560082,2025-03-16 17:18:02,982.84,36.0,Beauty,22,1,9.7,1,0.3285667324128862,0,24,0.2019454904070288,1
ORD506180,CUST100001,560077,2025-03-16 17:18:46,269.31,15.9,Fashion,13,0,10.3,15,0.0486362142622412,0,24,0.3384294804768022,1
ORD501232,CUST101541,560030,2025-03-16 17:50:13,889.91,18.3,Beauty,22,1,24.2,3,0.2467559132720105,0,25,0.2199153161045408,0
ORD505329,CUST101642,560063,2025-03-16 17:52:04,559.81,14.5,Fashion,17,0,10.0,1,0.162287903667214,0,30,0.1778981937602627,0
ORD500902,CUST101437,560070,2025-03-16 19:19:08,437.37,8.5,Electronics,0,1,7.6,3,0.1216759684832567,0,21,0.1681373412552247,0
ORD507025,CUST100857,560069,2025-03-16 19:32:56,1193.35,0.7,Beauty,19,0,4.5,2,0.1390126119367996,0,25,0.1309411807606753,0
ORD506030,CUST100860,560065,2025-03-16 20:06:58,491.25,2.5,Home,11,0,11.4,5,0.1972769028871391,0,29,0.161042369703787,0
ORD500954,CUST100398,560006,2025-03-16 20:54:03,272.98,13.9,Home,13,0,14.0,7,0.0810374986334317,0,32,0.2094192295077831,0
ORD506593,CUST100633,560050,2025-03-16 22:12:59,368.82,8.8,Electronics,21,0,18.3,4,0.2191256830601092,0,17,0.3483385024368631,0
ORD501656,CUST100140,560010,2025-03-16 23:31:11,507.89,15.6,Other,6,0,12.8,2,0.1388303600692981,0,28,0.2893177100404239,1
ORD507079,CUST100463,560099,2025-03-17 00:43:03,691.07,7.3,Grocery,15,0,5.9,2,0.1390189103164201,0,25,0.1531673219746614,0
ORD503533,CUST101590,560093,2025-03-17 01:31:48,774.72,14.3,Beauty,10,0,1.3,0,0.1945627251883393,1,29,0.1406378470156487,1
ORD504057,CUST101265,560100,2025-03-17 01:46:31,554.46,5.9,Home,4,1,27.1,5,0.0974132285527177,0,33,0.2810665875869568,0
ORD506164,CUST101062,560016,2025-03-17 02:59:18,814.52,6.6,Beauty,15,0,2.8,16,0.3320863533629491,0,35,0.1980955214997768,1
ORD501243,CUST100460,560069,2025-03-17 03:11:10,636.09,28.2,Beauty,1,1,1.0,1,0.162521815008726,0,26,0.1282722513089005,0
ORD500338,CUST100162,560100,2025-03-17 03:29:18,645.0,9.5,Electronics,0,1,11.7,2,0.1392588438712089,0,34,0.2759119931184046,0
ORD502612,CUST101465,560095,2025-03-17 03:53:29,685.13,20.0,Grocery,18,0,2.2,5,0.3974493132766514,0,20,0.1724493132766514,0
ORD500878,CUST100671,560110,2025-03-17 04:14:26,1856.01,18.7,Beauty,1,1,4.3,2,0.1391677952645589,0,27,0.2956744312214394,0
ORD507526,CUST100901,560096,2025-03-17 04:56:22,450.4,16.6,Home,10,0,7.1,9,0.2124183006535947,0,21,0.1194006057707636,0
ORD502274,CUST101974,560032,2025-03-17 04:58:24,624.48,6.3,Electronics,5,0,5.7,7,0.4144615049548077,0,28,0.1852948382881411,0
ORD505162,CUST100276,560021,2025-03-17 05:08:30,477.34,23.5,Beauty,16,0,24.4,0,0.1946440235140431,1,17,0.1592670397373206,0
ORD502761,CUST101403,560049,2025-03-17 05:56:10,688.04,7.2,Fashion,23,1,3.4,2,0.4247003404691946,0,22,0.0926573698366058,0
ORD505645,CUST100173,560026,2025-03-17 06:05:25,798.73,31.1,Electronics,16,0,1.8,0,0.1945169712793733,1,29,0.1814354984813768,0
ORD501158,CUST100679,560105,2025-03-17 06:12:08,321.93,42.6,Fashion,0,1,21.5,2,0.1388953623863901,0,25,0.2642015588181983,0
ORD502134,CUST100045,560108,2025-03-17 06:45:16,374.7,14.4,Electronics,9,0,14.7,2,0.138850060572174,0,23,0.2299488766516482,0
ORD507492,CUST100154,560081,2025-03-17 07:03:36,409.98,19.8,Fashion,22,1,13.4,1,0.1619389196826432,0,26,0.1714463928779008,0
ORD504506,CUST101768,560102,2025-03-17 07:09:48,1218.51,25.5,Electronics,13,0,16.1,3,0.1214146023468057,0,27,0.2741546228744209,0
ORD505633,CUST101250,560018,2025-03-17 07:27:11,541.93,27.5,Other,13,0,16.0,4,0.1078889250932261,0,32,0.1516154096799258,0
ORD504285,CUST101302,560056,2025-03-17 08:44:53,513.85,5.2,Electronics,16,0,18.1,0,0.1941368078175895,1,21,0.2166521013744339,0
ORD503662,CUST100256,560038,2025-03-17 09:17:12,349.96,5.6,Fashion,8,0,2.8,7,0.1641973298599804,0,32,0.2861821506399819,0
ORD502341,CUST101989,560115,2025-03-17 09:45:23,300.41,25.8,Fashion,17,0,3.1,4,0.1077835648148148,0,22,0.1638144841269841,0
ORD503269,CUST101969,560026,2025-03-17 09:56:05,321.52,18.6,Other,14,0,39.8,3,0.1212170517409697,0,30,0.1775789131142206,1
ORD504222,CUST100461,560118,2025-03-17 10:49:09,1073.79,44.1,Fashion,4,1,11.6,1,0.1618412491867273,0,29,0.2425344893975807,0
ORD501891,CUST101463,560025,2025-03-17 10:56:11,908.3,11.3,Other,4,1,6.4,4,0.3300813008130081,0,21,0.1922665080309339,0
ORD507044,CUST100526,560024,2025-03-17 11:08:59,456.28,30.6,Electronics,11,0,8.1,0,0.1940832249674902,1,23,0.1600387092872047,1
ORD503983,CUST100447,560057,2025-03-17 13:36:42,346.78,10.0,Home,20,0,15.8,6,0.4519750642597571,0,31,0.0762137809299865,0
ORD500625,CUST100583,560050,2025-03-17 14:02:52,491.73,6.3,Electronics,2,1,3.1,3,0.2464262508122157,0,18,0.3390957901576553,1
ORD504984,CUST101701,560045,2025-03-17 14:24:44,316.29,19.4,Fashion,17,0,13.1,9,0.1409084582192734,0,24,0.1793380377336207,0
ORD501649,CUST101162,560000,2025-03-17 14:42:12,373.03,8.9,Fashion,20,0,14.9,0,0.1944805194805194,1,24,0.1793093270365997,0
ORD506698,CUST100988,560020,2025-03-17 15:07:01,923.63,17.3,Fashion,13,0,8.6,14,0.1564256307760638,0,23,0.2067057660228104,0
ORD505456,CUST100963,560103,2025-03-17 15:12:08,576.42,3.9,Electronics,10,0,2.7,4,0.1079746196553464,0,30,0.1577417261518494,0
ORD500695,CUST101674,560041,2025-03-17 15:32:13,722.53,28.0,Fashion,21,0,15.5,5,0.1971456373662017,0,19,0.1252775767858479,1
ORD507604,CUST100380,560062,2025-03-17 15:34:48,668.95,28.2,Electronics,10,0,5.5,4,0.1080847384349329,0,18,0.3129223837804628,0
ORD500308,CUST101762,560043,2025-03-17 16:02:04,468.54,45.8,Grocery,15,0,13.7,8,0.2286497942899887,0,31,0.115486064766263,0
ORD503986,CUST100324,560100,2025-03-17 18:14:00,696.7,18.9,Electronics,23,1,15.9,5,0.2972132209980557,0,35,0.2707005243622223,0
ORD504239,CUST101125,560024,2025-03-17 19:14:02,411.12,16.3,Fashion,8,0,23.1,5,0.197181729834791,0,24,0.1792561180316282,0
ORD507212,CUST101933,560016,2025-03-17 19:30:51,674.08,22.6,Grocery,23,1,1.9,2,0.1387860843819393,0,36,0.2122501850481125,0
ORD501844,CUST101187,560011,2025-03-17 19:35:48,891.47,35.9,Beauty,18,0,17.1,2,0.1387411552513527,0,30,0.2576950469407575,0
ORD502083,CUST100541,560020,2025-03-17 20:19:30,793.93,0.8,Fashion,6,0,9.2,22,0.0729953254225098,0,24,0.2018976169461606,0
ORD501688,CUST101266,560107,2025-03-17 21:10:57,943.04,21.4,Fashion,17,0,18.2,1,0.1617599482368165,0,25,0.308494194615191,0
ORD502957,CUST100660,560118,2025-03-17 21:22:41,476.71,6.6,Electronics,4,1,14.5,2,0.4243208279430789,0,30,0.2376196636481242,1
ORD503797,CUST101203,560021,2025-03-17 22:02:46,853.18,20.9,Electronics,10,0,5.3,13,0.2761971476811438,0,18,0.1548998587642724,0
ORD501453,CUST100274,560012,2025-03-17 23:16:43,1567.97,27.7,Electronics,16,0,5.1,5,0.0971234647705236,0,28,0.1226028873087696,0
ORD507414,CUST100095,560111,2025-03-17 23:32:11,411.68,0.9,Beauty,8,0,4.3,3,0.3713651050080775,0,24,0.1791746218240563,0
ORD505595,CUST101550,560040,2025-03-18 00:01:46,262.91,45.2,Home,15,0,18.4,4,0.1078452483491243,0,27,0.1464346583099675,0
ORD506828,CUST100500,560043,2025-03-18 00:49:11,600.48,8.7,Other,9,0,2.4,2,0.4243276903916232,0,32,0.1130995255954894,1
ORD506558,CUST100872,560073,2025-03-18 01:11:27,638.58,29.7,Beauty,9,0,10.0,20,0.3988637830858619,0,23,0.1834041467113066,1
ORD502892,CUST100324,560031,2025-03-18 01:21:33,375.58,1.9,Other,4,1,8.7,6,0.2702631347355452,0,38,0.1877858263511032,0
ORD507141,CUST100965,560112,2025-03-18 02:33:16,3162.22,11.2,Fashion,19,0,25.9,2,0.1389400921658986,0,30,0.1978064516129032,0
ORD503694,CUST101596,560109,2025-03-18 03:38:49,1754.34,25.6,Fashion,1,1,24.7,1,0.1620445017736214,0,18,0.2339228432254451,1
ORD500235,CUST100785,560059,2025-03-18 05:46:17,577.8,38.5,Fashion,9,0,8.9,1,0.162260906941758,0,27,0.1892396120553657,0
ORD500016,CUST101255,560022,2025-03-18 07:35:00,1189.54,1.3,Electronics,20,0,4.9,1,0.1622086153185089,0,20,0.1473251691911054,0
ORD501834,CUST101237,560079,2025-03-18 07:35:21,1195.25,12.9,Fashion,6,0,13.4,3,0.1216172680412371,0,29,0.2018725015779507,0
ORD507822,CUST100825,560116,2025-03-18 07:58:50,1087.74,5.3,Other,19,0,14.7,0,0.194524959742351,1,17,0.1321756539147843,0
ORD505800,CUST100785,560026,2025-03-18 08:19:10,256.72,42.4,Other,6,0,16.9,2,0.1389016649802226,0,31,0.19390679645973,0
ORD504128,CUST100888,560114,2025-03-18 08:28:43,698.86,14.6,Other,11,0,15.9,7,0.4143332260487072,0,22,0.0925713059604272,0
ORD502867,CUST101268,560115,2025-03-18 08:55:28,1119.69,19.0,Fashion,6,0,4.0,13,0.3317603317603317,0,23,0.1601568345754392,0
ORD500099,CUST101408,560000,2025-03-18 10:28:41,628.47,25.2,Electronics,15,0,12.8,7,0.3309477859976412,0,25,0.1752331939530395,1
ORD502139,CUST100364,560081,2025-03-18 10:51:29,495.23,9.8,Electronics,14,0,11.1,10,0.0648445873526259,0,27,0.1678867072586714,0
ORD505750,CUST101005,560062,2025-03-18 11:38:53,818.42,26.6,Fashion,5,0,5.9,2,0.1389080222252835,0,19,0.3048570415976395,0
ORD504882,CUST101767,560070,2025-03-18 12:14:54,434.86,30.1,Home,18,0,1.1,5,0.3972043701799486,0,22,0.1640041620761415,0
ORD506737,CUST101269,560061,2025-03-18 13:16:02,432.45,40.6,Home,13,0,16.7,2,0.1388187783947501,0,17,0.105052048514946,0
ORD500000,CUST101430,560020,2025-03-18 13:38:12,186.52,19.8,Fashion,2,1,19.1,9,0.1408156711624919,0,25,0.1974595018911011,0
ORD501321,CUST101014,560102,2025-03-18 13:50:05,727.61,37.4,Home,1,1,10.4,0,0.1942215088282504,1,28,0.2684256286784376,0
ORD504937,CUST100327,560025,2025-03-18 13:50:19,271.05,10.2,Other,15,0,8.9,0,0.1941591784338896,1,22,0.1876948468732807,1
ORD504304,CUST100203,560004,2025-03-18 15:13:20,1888.32,28.4,Other,20,0,12.0,1,0.1620147577799165,0,28,0.1643407122232916,0
ORD501770,CUST101699,560039,2025-03-18 16:03:55,810.8,50.5,Electronics,18,0,18.4,0,0.1943553559974342,1,19,0.1765924902550945,0
ORD503828,CUST101294,560075,2025-03-18 16:13:27,770.03,17.6,Electronics,23,1,13.6,5,0.0971465213209362,0,22,0.1639490679247011,0
ORD504388,CUST101661,560049,2025-03-18 16:40:27,577.27,38.1,Fashion,9,0,10.0,0,0.1942307692307692,1,23,0.090339892665474,0
ORD504471,CUST101481,560045,2025-03-18 16:45:52,1552.42,3.7,Home,10,0,12.4,1,0.3284737797714407,0,25,0.1751860158781017,0
ORD504886,CUST100060,560027,2025-03-18 17:49:51,989.4,17.0,Electronics,16,0,5.0,1,0.1617552850736707,0,23,0.2530727172504209,1
ORD505261,CUST100901,560051,2025-03-18 18:02:28,529.53,0.6,Electronics,16,0,4.2,10,0.1981214644038851,0,24,0.1565292696416615,0
ORD505985,CUST100315,560065,2025-03-18 18:02:35,921.8,12.5,Home,0,1,4.5,6,0.1792282621347922,0,30,0.1577208706786171,0
ORD503511,CUST100901,560113,2025-03-18 19:03:55,2713.87,14.3,Fashion,8,0,8.7,11,0.1857,0,28,0.1434333333333333,1
ORD501531,CUST100296,560117,2025-03-18 19:12:34,848.42,3.0,Beauty,17,0,5.7,5,0.0972488803582853,0,27,0.1678713875389662,0
ORD500343,CUST101350,560063,2025-03-18 20:08:55,507.81,20.2,Beauty,14,0,12.6,1,0.1620296343673382,0,31,0.1742884553885513,0
ORD505673,CUST101505,560091,2025-03-18 20:21:41,363.81,11.4,Grocery,9,0,19.0,8,0.2286051544363564,0,20,0.2471867007672634,0
ORD501579,CUST101062,560084,2025-03-18 20:41:42,708.49,38.4,Home,19,0,18.1,17,0.3623434730817281,0,26,0.2366570789389581,0
ORD502120,CUST101556,560047,2025-03-18 21:56:11,720.8,21.0,Electronics,16,0,14.8,4,0.2190273340433085,0,32,0.1324035389530597,0
ORD505895,CUST100267,560116,2025-03-18 22:02:12,372.81,17.6,Grocery,14,0,9.4,0,0.194187160651549,1,18,0.1285195582376573,0
ORD507613,CUST101543,560035,2025-03-18 22:12:02,657.02,4.8,Home,23,1,6.0,12,0.351213282247765,0,27,0.2953724083584685,0
ORD506845,CUST100668,560017,2025-03-18 22:24:49,1167.43,24.3,Fashion,10,0,18.3,1,0.1617193318438131,0,18,0.1810858937960925,0
ORD500817,CUST100872,560083,2025-03-18 23:37:49,505.59,16.1,Fashion,1,1,16.3,21,0.4219233223700358,0,25,0.1528894561440828,0
ORD505008,CUST101062,560005,2025-03-19 00:14:46,443.3,19.7,Fashion,12,0,34.2,18,0.3465085638998682,0,24,0.2472451790633608,1
ORD501339,CUST101982,560021,2025-03-19 01:11:53,808.97,7.8,Beauty,6,0,4.7,2,0.4244260204081632,0,19,0.1508699633699633,0
ORD503806,CUST100123,560020,2025-03-19 02:39:59,1511.3,9.2,Beauty,21,0,7.8,0,0.1941345234300286,1,26,0.1931019667087081,0
ORD503973,CUST101184,560064,2025-03-19 02:43:43,464.2,25.8,Electronics,15,0,13.5,3,0.1212954110898661,0,23,0.206545422206412,0
ORD505909,CUST100557,560097,2025-03-19 03:00:40,1075.89,7.1,Fashion,15,0,21.7,19,0.2070855898906233,0,35,0.2160039387181789,0
ORD500847,CUST101951,560093,2025-03-19 03:31:55,607.3,28.2,Electronics,13,0,9.8,2,0.1385350318471337,0,30,0.1575796178343949,0
ORD502504,CUST101987,560021,2025-03-19 03:39:24,532.63,4.1,Fashion,17,0,22.9,5,0.1969436485195797,0,20,0.1469436485195797,0
ORD501007,CUST101794,560100,2025-03-19 04:09:26,424.47,10.2,Beauty,19,0,23.0,4,0.2187919937760803,0,36,0.2656519959989088,0
ORD507381,CUST101390,560072,2025-03-19 04:54:41,724.07,32.4,Home,15,0,14.7,13,0.1093788666171739,0,34,0.1643570073414171,0
ORD500858,CUST100754,560013,2025-03-19 08:18:50,725.65,16.1,Electronics,8,0,1.0,2,0.1383587786259542,0,25,0.1527565733672604,0
ORD501412,CUST100059,560058,2025-03-19 09:15:43,276.18,20.2,Electronics,23,1,31.4,5,0.2968203497615262,0,28,0.2473502914679385,0
ORD504447,CUST100924,560034,2025-03-19 09:29:11,1126.95,15.0,Grocery,21,0,26.2,4,0.1075439711803348,0,24,0.2243541582384557,0
ORD506718,CUST101461,560054,2025-03-19 09:45:47,340.28,9.3,Other,22,1,4.2,2,0.1382268827454718,0,19,0.1505218645352105,0
ORD504180,CUST101620,560060,2025-03-19 11:30:56,572.48,55.8,Home,15,0,17.0,10,0.2644853875476493,0,27,0.1461515585714672,1
ORD500991,CUST100364,560106,2025-03-19 12:16:23,664.28,7.8,Home,4,1,15.7,11,0.0605350905049222,0,24,0.2016874043707959,0
ORD503347,CUST100665,560012,2025-03-19 12:28:42,966.55,22.1,Fashion,5,0,4.9,0,0.1936507936507936,1,29,0.1198574667962423,0
ORD505900,CUST100301,560079,2025-03-19 13:00:50,502.88,28.0,Home,19,0,9.1,5,0.196794668359251,0,30,0.1974357346874008,0
ORD506034,CUST101974,560099,2025-03-19 14:10:24,374.11,3.3,Home,1,1,26.5,8,0.3821261226083561,0,26,0.1493599646877069,0
ORD502438,CUST100995,560044,2025-03-19 14:17:08,953.52,14.3,Fashion,3,1,4.4,1,0.1612221165028015,0,25,0.1526517954681608,0
ORD506879,CUST100485,560016,2025-03-19 14:21:03,414.67,28.7,Beauty,15,0,19.4,5,0.0967025998731769,0,37,0.2082123507881943,0
ORD501654,CUST101511,560036,2025-03-19 16:47:27,926.37,17.5,Electronics,21,0,11.5,5,0.2966719492868462,0,24,0.1787926811698602,0
ORD500619,CUST101841,560034,2025-03-19 16:49:18,1023.48,21.5,Fashion,22,1,2.8,4,0.1073792423602309,0,25,0.219236727221518,0
ORD505770,CUST101096,560104,2025-03-19 17:43:22,335.43,25.8,Electronics,3,1,13.6,1,0.1610178439446732,0,32,0.1320082356667722,0
ORD505335,CUST100623,560005,2025-03-19 18:35:22,431.84,22.5,Beauty,15,0,5.2,0,0.1931602279924002,1,25,0.2636267679966223,1
ORD500142,CUST100216,560110,2025-03-19 18:58:08,423.83,13.6,Beauty,19,0,19.6,1,0.1611796982167352,0,28,0.2889231824417009,0
ORD504110,CUST100491,560094,2025-03-19 21:19:03,424.46,4.6,Grocery,22,1,14.9,0,0.1933544303797468,1,27,0.2950444384594667,0
ORD504253,CUST100301,560014,2025-03-19 22:16:32,2065.94,37.2,Fashion,0,1,16.1,6,0.1787696643754853,0,26,0.2579535920113338,0
ORD501946,CUST100237,560054,2025-03-19 22:32:05,2573.53,26.1,Fashion,19,0,10.0,0,0.1932321315623023,1,20,0.1466160657811512,0
ORD501974,CUST101272,560109,2025-03-19 23:54:10,959.88,37.0,Home,14,0,4.4,2,0.2808364572512533,0,19,0.2529082257188486,1
ORD506334,CUST100037,560044,2025-03-20 00:23:49,243.88,27.1,Fashion,22,1,1.9,7,0.3305941845764855,0,26,0.1493156708624196,1
ORD505419,CUST101763,560072,2025-03-20 01:33:50,876.93,8.0,Other,22,1,10.6,1,0.1614007372301211,0,35,0.1613385035185983,0
ORD501806,CUST100872,560051,2025-03-20 02:02:17,663.3,10.9,Fashion,1,1,4.3,22,0.4062258721134273,0,25,0.1527198708500035,1
ORD506049,CUST100048,560030,2025-03-20 03:27:02,1247.38,34.6,Grocery,22,1,1.3,4,0.1077079605655545,0,26,0.21472796913826,0
ORD503120,CUST101013,560047,2025-03-20 04:20:43,549.83,13.6,Electronics,16,0,5.3,12,0.1158273915626856,0,33,0.1297408042691061,0
ORD507856,CUST100120,560082,2025-03-20 04:58:38,796.28,11.7,Fashion,7,0,12.7,8,0.0745199893196106,0,25,0.2194453209915501,0
ORD500711,CUST101086,560085,2025-03-20 05:29:34,821.73,11.4,Fashion,2,1,8.1,1,0.1614090431125131,0,29,0.1606901435653125,0
ORD503846,CUST101564,560077,2025-03-20 06:53:53,2337.67,16.2,Fashion,22,1,15.9,2,0.1383069784205072,0,25,0.3527243421283156,1
ORD505634,CUST101767,560007,2025-03-20 07:22:33,911.04,48.0,Beauty,23,1,22.1,6,0.3608563567579961,0,23,0.2529692952872518,1
ORD505789,CUST100182,560093,2025-03-20 07:44:30,930.26,6.9,Beauty,5,0,11.0,5,0.0970690198550267,0,31,0.1545639371411974,0
ORD504374,CUST101982,560043,2025-03-20 08:04:55,2171.69,13.2,Home,2,1,16.2,3,0.3712980466288594,0,33,0.1298403300400661,0
ORD506501,CUST100009,560063,2025-03-20 08:15:55,3336.41,20.5,Beauty,4,1,12.1,3,0.496259842519685,0,32,0.1707752877044215,0
ORD505325,CUST100727,560067,2025-03-20 08:59:22,770.04,18.6,Other,17,0,15.6,5,0.2969773299748111,0,20,0.271977329974811,0
ORD502865,CUST100444,560081,2025-03-20 09:09:27,251.84,9.7,Fashion,22,1,17.6,6,0.3608607319655478,0,28,0.1641223376350855,1
ORD501351,CUST101203,560062,2025-03-20 09:10:33,659.26,10.9,Home,23,1,12.0,14,0.2616177006392634,0,20,0.2970736312146004,0
ORD505317,CUST101923,560009,2025-03-20 10:18:01,322.55,50.9,Beauty,20,0,18.2,6,0.0882209957390831,0,33,0.2241834681607483,0
ORD505706,CUST100388,560093,2025-03-20 11:08:45,243.01,5.4,Electronics,22,1,2.5,0,0.1940251572327044,1,32,0.151548137397194,0
ORD501175,CUST100532,560000,2025-03-20 12:06:56,1055.56,7.4,Fashion,12,0,17.3,9,0.0692729150761216,0,26,0.1930278966144089,0
ORD502230,CUST100108,560061,2025-03-20 12:13:30,547.19,9.9,Home,15,0,1.0,1,0.1615860046092604,0,18,0.1020543187005855,0
ORD503587,CUST101246,560035,2025-03-20 12:22:19,524.3,13.0,Fashion,10,0,24.5,18,0.1725744102501058,0,28,0.2891009529793695,1
ORD500479,CUST100744,560104,2025-03-20 15:23:02,897.66,14.7,Electronics,23,1,14.4,1,0.1617462311557788,0,33,0.1298473499573338,0
ORD504509,CUST100564,560017,2025-03-20 15:25:51,344.03,18.2,Beauty,21,0,18.1,0,0.1940345368916797,1,19,0.1764279676367588,0
ORD501117,CUST100621,560031,2025-03-20 16:04:33,489.22,9.6,Beauty,16,0,14.2,0,0.1939736346516007,1,39,0.1843978422547799,0
ORD505321,CUST100860,560105,2025-03-20 16:08:59,475.67,19.0,Electronics,1,1,18.6,6,0.179051259377585,0,26,0.2582229437524727,0
ORD502626,CUST100749,560107,2025-03-20 16:11:19,1034.49,19.7,Other,9,0,8.9,0,0.1938519447929736,1,26,0.3016747586056407,1
ORD507389,CUST100515,560107,2025-03-20 17:39:31,640.55,4.2,Home,3,1,17.9,15,0.0985261837566635,0,27,0.3166403127772996,0
ORD504805,CUST101080,560053,2025-03-20 18:36:58,758.43,35.2,Beauty,8,0,12.0,2,0.138602776533811,0,27,0.2527846328286534,1
ORD503860,CUST101048,560089,2025-03-20 18:42:21,433.64,21.8,Electronics,7,0,15.0,8,0.0747294072270568,0,12,0.1526852867439674,0
ORD500645,CUST101062,560053,2025-03-20 19:02:37,926.87,35.5,Electronics,11,0,25.2,19,0.3737990810359231,0,28,0.2684314954051796,1
ORD507765,CUST100235,560069,2025-03-20 19:09:17,970.7,0.3,Grocery,4,1,20.1,2,0.2817771016956735,0,27,0.1253140180314651,0
ORD502429,CUST100576,560058,2025-03-20 19:47:20,1223.65,10.0,Fashion,16,0,21.2,1,0.1620225422667501,0,29,0.2426232860082041,0
ORD504668,CUST100474,560009,2025-03-20 21:15:52,646.37,2.3,Other,14,0,10.6,5,0.0971830985915492,0,34,0.2201356285863328,0
ORD500515,CUST100398,560106,2025-03-20 21:39:15,356.76,6.0,Beauty,1,1,10.5,8,0.0747328391258303,0,25,0.197469058545404,1
ORD500381,CUST101300,560090,2025-03-20 22:34:24,440.02,16.3,Electronics,20,0,14.2,3,0.2465983734751329,0,28,0.1227322489834219,0
ORD502314,CUST100297,560050,2025-03-20 22:53:34,1758.18,4.3,Beauty,23,1,11.4,8,0.2286525232116226,0,19,0.3561520822308814,0
ORD502606,CUST100315,560040,2025-03-20 22:58:05,1008.22,9.2,Fashion,8,0,9.8,7,0.1643482338230697,0,28,0.1435149004897363,0
ORD500682,CUST101430,560110,2025-03-20 22:59:54,382.72,28.5,Beauty,10,0,8.7,10,0.1314583333333333,0,29,0.2834183673469387,1
ORD506902,CUST101480,560117,2025-03-20 23:06:48,542.53,8.9,Fashion,0,1,15.7,4,0.1081259328682009,0,28,0.164427782984484,0
ORD501323,CUST101463,560051,2025-03-20 23:38:10,613.5,18.4,Grocery,17,0,20.2,5,0.2972829481574016,0,26,0.1715503897020883,0
ORD505992,CUST100210,560070,2025-03-21 00:36:05,680.88,17.8,Home,20,0,22.9,1,0.3287542928504527,0,23,0.1602349541490898,0
ORD500339,CUST101045,560026,2025-03-21 02:36:28,844.03,15.8,Fashion,4,1,3.0,5,0.2972222222222222,0,32,0.1901709401709402,0
ORD504473,CUST100474,560118,2025-03-21 02:49:25,1017.78,31.3,Fashion,23,1,2.9,6,0.0883562615231881,0,31,0.2526995197454957,1
ORD505653,CUST101797,560088,2025-03-21 03:09:06,1075.37,5.3,Electronics,17,0,9.7,0,0.1946350592638802,1,18,0.181386873296779,0
ORD503369,CUST100444,560093,2025-03-21 04:06:32,413.67,7.0,Grocery,14,0,18.1,7,0.4144059869036482,0,33,0.1488959881391531,1
ORD502247,CUST101369,560060,2025-03-21 05:37:17,338.95,6.3,Fashion,19,0,3.7,1,0.1623545303408146,0,28,0.1645105985037406,0
ORD501234,CUST101884,560001,2025-03-21 06:05:58,411.91,17.7,Grocery,4,1,4.5,6,0.2703476019150684,0,31,0.3312802840051571,0
ORD507486,CUST100924,560055,2025-03-21 06:22:29,1206.16,10.5,Fashion,23,1,1.7,5,0.0973520249221183,0,26,0.1063930651496681,0
ORD503248,CUST100114,560066,2025-03-21 06:34:14,1045.3,16.1,Home,20,0,9.8,5,0.0973217066334475,0,17,0.3484558990631865,0
ORD503581,CUST101061,560046,2025-03-21 06:56:43,1137.43,2.9,Fashion,22,1,14.6,6,0.2702649156571946,0,11,0.2545695577069859,0
ORD504517,CUST100139,560109,2025-03-21 07:26:52,853.24,9.3,Electronics,16,0,1.0,5,0.1972611266728913,0,20,0.2722611266728914,0
ORD502719,CUST101580,560034,2025-03-21 07:56:32,433.01,49.9,Home,12,0,18.1,3,0.1215385812072184,0,26,0.2149833608398041,0
ORD505823,CUST100708,560104,2025-03-21 09:39:31,657.14,32.8,Other,22,1,19.9,6,0.2701823837127103,0,34,0.1275560163585047,1
ORD507794,CUST100169,560116,2025-03-21 09:39:46,981.69,7.3,Fashion,13,0,7.6,1,0.1622097844112769,0,19,0.1254624314325806,0
ORD504816,CUST101335,560093,2025-03-21 09:52:38,574.2,2.9,Other,19,0,6.9,11,0.1233097606465651,0,34,0.1646634200255586,0
ORD503062,CUST100613,560072,2025-03-21 10:09:47,417.11,23.2,Electronics,16,0,1.2,0,0.1945307644499689,1,36,0.1587609873035603,0
ORD507591,CUST100664,560001,2025-03-21 12:49:35,477.39,18.0,Electronics,8,0,14.4,1,0.1620586103344724,0,32,0.3247962816928335,0
ORD505949,CUST100532,560069,2025-03-21 13:13:56,590.92,43.8,Fashion,5,0,10.8,10,0.0648033126293995,0,28,0.1226708074534161,0
ORD504949,CUST100575,560030,2025-03-21 14:12:30,801.83,4.4,Electronics,5,0,3.9,4,0.2190831004863913,0,27,0.2103615237768104,0
ORD505662,CUST101783,560029,2025-03-21 14:16:15,621.1,25.5,Electronics,9,0,17.4,3,0.3714307883302297,0,23,0.1368787261992406,0
ORD505485,CUST101628,560082,2025-03-21 16:01:50,897.82,5.4,Beauty,19,0,13.3,10,0.5314096597373048,0,26,0.2148821648747454,1
ORD503389,CUST101161,560075,2025-03-21 16:15:37,1608.96,21.8,Beauty,9,0,26.9,10,0.0648263027295285,0,23,0.1602227479946909,0
ORD502874,CUST101203,560096,2025-03-21 16:22:18,462.09,23.6,Electronics,21,0,2.0,15,0.2486046511627907,0,22,0.1163898117386489,0
ORD506740,CUST101118,560109,2025-03-21 17:06:46,1009.29,10.3,Electronics,21,0,3.1,5,0.397179169249845,0,21,0.265540652926678,0
ORD503405,CUST101579,560105,2025-03-21 17:13:02,472.6,36.4,Electronics,2,1,12.2,10,0.2647660365664704,0,27,0.2528928126380473,0
ORD503096,CUST101465,560101,2025-03-21 18:03:39,445.13,21.2,Beauty,3,1,21.1,6,0.3610172355525515,0,35,0.1615410611693139,0
ORD502393,CUST101587,560086,2025-03-21 18:07:06,491.83,7.5,Fashion,18,0,25.8,7,0.0809074016723443,0,36,0.1586349157191523,0
ORD502152,CUST101405,560010,2025-03-21 18:14:24,2292.48,12.7,Grocery,8,0,26.9,9,0.1407563025210084,0,29,0.3037214885954382,0
ORD507551,CUST101714,560095,2025-03-21 18:26:06,1280.04,8.9,Beauty,18,0,19.2,6,0.0882079851439183,0,21,0.167832959666644,1
ORD503793,CUST100194,560034,2025-03-21 18:29:41,558.05,26.6,Fashion,14,0,7.3,16,0.2367397454031117,0,27,0.2103433747630082,0
ORD500671,CUST100376,560119,2025-03-21 18:35:35,366.27,30.5,Beauty,3,1,14.2,4,0.1079149053166993,0,26,0.1931507954652429,1
ORD502870,CUST100774,560010,2025-03-21 20:27:27,267.64,4.9,Beauty,21,0,19.1,8,0.1517292231577945,0,30,0.2977983920841063,0
ORD500501,CUST100275,560060,2025-03-21 20:49:46,822.8,38.8,Fashion,5,0,24.0,1,0.1620298815043791,0,29,0.1609942276756142,0
ORD503620,CUST100256,560072,2025-03-21 21:24:15,532.25,23.2,Beauty,0,1,19.0,8,0.1516829894456594,0,37,0.1559213237048121,0
ORD505766,CUST100898,560025,2025-03-22 00:05:08,249.05,42.4,Fashion,6,0,7.1,2,0.1387969460258617,0,23,0.2066584764819564,1
ORD503926,CUST100034,560104,2025-03-22 01:12:17,583.11,18.1,Beauty,9,0,34.3,6,0.3611657027345724,0,35,0.1434780167331124,1
ORD507353,CUST101239,560027,2025-03-22 01:24:28,236.97,3.9,Home,7,0,7.0,13,0.1652258927652567,0,24,0.2703696427067838,1
ORD502810,CUST100642,560021,2025-03-22 01:59:37,1186.65,9.2,Fashion,3,1,8.7,2,0.1393298059964726,0,21,0.1439325504366154,0
ORD506494,CUST101666,560030,2025-03-22 02:55:31,1878.86,33.5,Beauty,11,0,10.1,2,0.1392868162383744,0,28,0.2062506428057184,0
ORD502260,CUST101657,560014,2025-03-22 04:01:34,589.01,6.8,Electronics,0,1,16.5,15,0.1487353485502776,0,27,0.2531665507238768,0
ORD501110,CUST100359,560029,2025-03-22 04:40:30,741.77,20.1,Beauty,18,0,9.9,6,0.2704005830740336,0,24,0.1340369467103972,0
ORD507539,CUST101429,560097,2025-03-22 04:43:08,486.43,41.6,Electronics,18,0,10.8,10,0.13160706946157,0,36,0.2124361458516822,0
ORD506815,CUST100785,560030,2025-03-22 04:58:47,581.67,29.5,Fashion,6,0,5.4,3,0.1217257318952234,0,29,0.2019433351152479,0
ORD501703,CUST101250,560053,2025-03-22 05:12:18,1041.77,6.1,Fashion,22,1,20.3,5,0.0973505853357979,0,29,0.2835514982333044,0
ORD505543,CUST101606,560105,2025-03-22 06:16:17,899.54,7.4,Grocery,4,1,18.9,1,0.162201006056873,0,28,0.2477671696951031,0
ORD502057,CUST101239,560044,2025-03-22 06:27:16,436.2,12.8,Grocery,17,0,21.2,14,0.2091003370495203,0,27,0.1679069279949691,1
ORD502594,CUST100906,560072,2025-03-22 09:34:46,473.87,35.9,Fashion,19,0,19.7,20,0.1989658356417359,0,38,0.1533893717960964,0
ORD503723,CUST101202,560065,2025-03-22 09:47:15,1155.2,47.5,Other,15,0,19.2,0,0.1947692307692307,1,31,0.1548114630467572,0
ORD503154,CUST101762,560099,2025-03-22 10:56:03,1464.64,13.2,Other,20,0,6.0,9,0.212396185788988,0,27,0.1466848171102835,0
ORD505026,CUST100759,560090,2025-03-22 11:33:02,472.87,3.2,Electronics,5,0,7.8,10,0.331549815498155,0,29,0.1202650802018224,0
ORD505798,CUST100820,560106,2025-03-22 11:39:53,371.07,21.1,Fashion,10,0,17.0,1,0.1621580079926221,0,26,0.2150389606918029,1
ORD502235,CUST101666,560023,2025-03-22 11:59:33,891.38,37.5,Beauty,14,0,1.0,3,0.1217732022126613,0,24,0.1112896016092082,0
ORD502234,CUST101639,560034,2025-03-22 13:28:09,775.56,33.0,Beauty,0,1,12.0,8,0.151837409901926,0,28,0.2061571940604198,0
ORD502954,CUST100227,560007,2025-03-22 14:27:15,2008.45,28.8,Fashion,8,0,12.0,3,0.2466984029484029,0,24,0.2703261112352021,0
ORD504429,CUST101265,560114,2025-03-22 14:32:57,563.5,26.3,Electronics,6,0,11.8,6,0.0884807547380467,0,23,0.0905384467086989,0
ORD503949,CUST101161,560056,2025-03-22 14:46:44,490.53,13.0,Grocery,8,0,4.7,11,0.0608118477593615,0,22,0.211713291823789,0
ORD505428,CUST101193,560100,2025-03-22 15:25:36,1173.76,41.5,Other,22,1,5.1,4,0.10807677883468,0,37,0.2612414743517277,0
ORD503040,CUST100321,560053,2025-03-22 15:58:31,929.55,13.6,Fashion,20,0,5.5,8,0.228645587541293,0,30,0.2777914110429448,1
ORD502118,CUST100060,560015,2025-03-22 16:14:10,807.66,19.2,Electronics,19,0,22.1,2,0.2819468173654006,0,22,0.1641550211007432,1
ORD501815,CUST101008,560080,2025-03-22 16:28:07,776.26,7.9,Fashion,3,1,12.7,2,0.1392660068319173,0,22,0.2595106712212782,0
ORD506904,CUST101006,560045,2025-03-22 17:45:52,932.01,26.5,Electronics,5,0,15.2,0,0.1949126570640514,1,26,0.1717011552452398,0
ORD502882,CUST101203,560040,2025-03-22 17:54:11,438.38,9.2,Fashion,10,0,11.5,16,0.2368697478991596,0,29,0.1407563025210084,0
ORD500467,CUST100323,560017,2025-03-22 18:23:49,671.6,15.5,Beauty,20,0,6.0,1,0.1623277182235834,0,20,0.17239663093415,0
ORD502544,CUST101996,560052,2025-03-22 19:11:33,528.34,48.2,Fashion,4,1,6.8,0,0.1947336191059399,1,27,0.1041419655769957,0
ORD500378,CUST100330,560005,2025-03-22 19:44:52,150.0,9.2,Beauty,17,0,6.8,1,0.1622283440465258,0,26,0.2802930490677526,1
ORD507458,CUST100064,560117,2025-03-22 19:56:00,799.79,19.2,Home,14,0,7.7,6,0.0886002002893067,0,29,0.1611920165863163,0
ORD501516,CUST100095,560037,2025-03-22 20:16:17,323.84,8.0,Fashion,5,0,16.7,4,0.3304782298358315,0,14,0.1734475374732334,1
ORD503765,CUST101772,560041,2025-03-22 22:16:40,825.24,19.5,Electronics,22,1,12.7,1,0.1625891946992864,0,20,0.1475535168195718,0
ORD506397,CUST101836,560004,2025-03-22 22:26:14,3449.16,28.2,Electronics,14,0,19.2,3,0.1219046163252828,0,29,0.1612438310695724,0
ORD503190,CUST101397,560033,2025-03-22 23:12:40,418.92,39.0,Electronics,20,0,4.3,1,0.1624898125509372,0,23,0.2069710581679649,0
ORD501173,CUST101688,560115,2025-03-22 23:56:24,474.42,7.3,Fashion,4,1,25.6,1,0.1624401670231184,0,24,0.1567855456489737,0
ORD500123,CUST101508,560044,2025-03-22 23:56:24,326.37,24.7,Electronics,10,0,15.0,1,0.1623905518224394,0,28,0.1853619425778863,0
ORD506771,CUST100183,560010,2025-03-23 00:53:21,1014.42,3.1,Electronics,0,1,19.8,3,0.1217557251908396,0,31,0.2920820236491543,0
ORD503748,CUST100337,560015,2025-03-23 01:00:20,889.16,35.9,Fashion,5,0,16.1,2,0.1391069248212105,0,23,0.1836045091859045,0
ORD504640,CUST100696,560062,2025-03-23 01:00:32,329.61,48.0,Grocery,3,1,12.1,3,0.1216814159292035,0,21,0.2900928124325491,0
ORD502061,CUST101246,560093,2025-03-23 01:13:05,367.37,22.6,Other,1,1,16.5,19,0.2072147651006711,0,35,0.1616839536302623,1
ORD502813,CUST101562,560008,2025-03-23 01:20:29,1227.14,23.3,Home,23,1,14.6,0,0.1948764867337603,1,29,0.3040312190750042,0
ORD507280,CUST101266,560077,2025-03-23 01:25:01,1428.49,19.3,Electronics,5,0,14.5,2,0.1391550522648083,0,26,0.3673117709437964,0
ORD503057,CUST101246,560009,2025-03-23 01:42:01,1164.96,27.7,Electronics,6,0,19.4,20,0.2389515391648887,0,35,0.2162755257543432,1
ORD507944,CUST100037,560021,2025-03-23 02:06:30,585.98,38.0,Grocery,15,0,10.6,8,0.3826934795856185,0,22,0.1404776413917182,0
ORD505735,CUST101893,560096,2025-03-23 02:20:24,548.33,24.7,Electronics,7,0,21.7,12,0.2926304850298328,0,23,0.1139272786518286,0
ORD505529,CUST100355,560082,2025-03-23 03:25:22,237.99,14.1,Beauty,4,1,11.1,2,0.1392030624673742,0,27,0.2318656542358825,0
ORD502731,CUST100486,560111,2025-03-23 04:36:23,1136.09,21.9,Electronics,3,1,12.8,1,0.1623541349568746,0,25,0.1754777608658887,1
ORD501839,CUST101969,560018,2025-03-23 04:41:39,950.6,13.7,Fashion,4,1,1.0,4,0.2194833299519848,0,33,0.1490830165711595,0
ORD500905,CUST101200,560112,2025-03-23 04:45:30,626.4,14.6,Home,4,1,11.4,3,0.2468816550045634,0,31,0.1941218227479614,0
ORD503544,CUST101471,560063,2025-03-23 06:05:18,344.67,3.0,Home,14,0,17.0,1,0.1624594484995944,0,33,0.1679061653583069,0
ORD500945,CUST101929,560091,2025-03-23 06:29:36,590.93,13.3,Fashion,3,1,2.0,6,0.270405483844219,0,21,0.2414107631498935,0
ORD501188,CUST100771,560015,2025-03-23 07:31:31,653.91,7.2,Electronics,15,0,27.3,1,0.1623606889564336,0,24,0.1794694667035092,0
ORD501785,CUST100474,560087,2025-03-23 07:32:31,856.19,23.1,Other,19,0,27.2,7,0.1644890104324926,0,22,0.1879874404942773,1
ORD505053,CUST101765,560059,2025-03-23 07:40:34,169.17,18.4,Beauty,23,1,28.8,2,0.1392987328588786,0,28,0.1854242608343459,0
ORD506330,CUST100035,560004,2025-03-23 07:46:04,2308.46,21.0,Other,1,1,13.9,1,0.16246583662314,0,30,0.1579836015791072,0
ORD500322,CUST100834,560039,2025-03-23 07:55:48,492.69,3.7,Home,8,0,10.7,11,0.3109061930783242,0,20,0.1724499089253187,0
ORD502382,CUST100371,560114,2025-03-23 07:57:04,284.33,5.7,Fashion,3,1,21.6,1,0.329033889731917,0,24,0.0885639398537729,0
ORD501956,CUST101022,560078,2025-03-23 08:29:35,284.02,39.1,Home,12,0,12.3,5,0.1973907766990291,0,21,0.1681861236088089,0
ORD500633,CUST100877,560000,2025-03-23 08:31:06,2570.11,27.9,Fashion,9,0,1.0,5,0.197361237488626,0,27,0.1892436063732987,1
ORD500449,CUST101000,560092,2025-03-23 08:43:44,1690.27,22.8,Other,23,1,13.5,0,0.1949666464523954,1,28,0.2895694360218314,0
ORD506898,CUST100393,560019,2025-03-23 08:56:28,1425.53,20.9,Electronics,6,0,6.7,5,0.0974537738708699,0,37,0.1561079114883298,0
ORD504657,CUST101852,560001,2025-03-23 09:18:30,646.81,47.7,Beauty,22,1,16.5,5,0.0974242424242424,0,33,0.3188107489994283,1
ORD500417,CUST100057,560081,2025-03-23 09:37:52,739.24,20.4,Electronics,4,1,17.1,10,0.1983641320811875,0,29,0.181670365813699,1
ORD500790,CUST101530,560047,2025-03-23 10:38:23,1666.51,9.6,Electronics,17,0,16.4,1,0.3294467999192408,0,34,0.1279022814455885,0
ORD503857,CUST101268,560118,2025-03-23 10:54:42,637.57,7.9,Other,17,0,15.2,14,0.3145465844447631,0,32,0.2674142388038846,0
ORD500829,CUST101455,560015,2025-03-23 11:41:13,862.86,37.1,Fashion,10,0,17.5,0,0.1952179176755448,1,25,0.1756524078557977,0
ORD507119,CUST101250,560105,2025-03-23 12:47:01,1335.65,8.7,Beauty,14,0,9.5,6,0.0887085682849676,0,29,0.2429219796844607,0
ORD503582,CUST101149,560015,2025-03-23 13:17:13,226.61,26.1,Grocery,5,0,11.2,2,0.1393570132227119,0,26,0.1717825297877377,1
ORD500707,CUST100047,560065,2025-03-23 14:35:51,1058.77,20.1,Beauty,4,1,12.7,9,0.4983368612035077,0,32,0.1520550812960852,1
ORD507454,CUST100445,560011,2025-03-23 14:45:38,1450.36,27.2,Beauty,10,0,22.3,1,0.1629887142281338,0,31,0.2531711596367688,0
ORD500354,CUST101335,560036,2025-03-23 14:53:37,962.49,20.8,Other,1,1,23.3,12,0.116331573427195,0,25,0.1757899331788724,0
ORD502575,CUST101543,560039,2025-03-23 15:03:58,405.27,16.0,Grocery,9,0,10.4,13,0.3320745216515609,0,21,0.168521111192985,0
ORD502090,CUST101467,560091,2025-03-23 15:05:00,712.61,17.0,Electronics,14,0,19.3,9,0.0697890149717392,0,22,0.2359091628194618,0
ORD506995,CUST100324,560037,2025-03-23 16:09:42,447.28,12.5,Beauty,14,0,22.0,7,0.2480626006441223,0,15,0.1973429951690821,0
ORD501044,CUST101146,560062,2025-03-23 17:04:32,348.83,9.9,Home,13,0,12.8,0,0.1952912767884093,1,22,0.2834720365659092,0
ORD507506,CUST100361,560095,2025-03-23 17:15:39,848.75,45.2,Fashion,23,1,28.9,2,0.4251659625829813,0,22,0.1882058798172256,0
ORD507558,CUST100532,560038,2025-03-23 17:20:47,1145.18,22.6,Home,10,0,13.8,11,0.0609917043740573,0,33,0.2811975298101824,0
ORD506157,CUST101522,560024,2025-03-23 18:25:34,285.35,6.5,Grocery,1,1,19.5,1,0.1625954965822275,0,25,0.1756064870660769,0
ORD504548,CUST101875,560009,2025-03-23 18:47:35,480.86,7.4,Fashion,0,1,24.2,10,0.1983519244297055,0,36,0.2303770618889702,0
ORD507051,CUST100240,560093,2025-03-23 20:48:15,280.82,54.2,Fashion,3,1,14.1,1,0.1624974884468555,0,36,0.1767846379057952,0
ORD501993,CUST100199,560075,2025-03-23 21:50:16,567.79,29.1,Beauty,20,0,5.6,1,0.1624485286732951,0,24,0.1567901065490701,0
ORD505648,CUST100400,560063,2025-03-23 22:27:04,267.91,11.4,Home,19,0,20.0,1,0.3290662650602409,0,34,0.1647701918786256,0
ORD504702,CUST100605,560111,2025-03-23 23:04:55,1041.18,7.6,Electronics,3,1,2.0,0,0.1948208370972598,1,26,0.1934003639553303,0
ORD500936,CUST100006,560020,2025-03-23 23:52:40,873.89,22.0,Electronics,22,1,3.4,1,0.3289684928757777,0,27,0.1892605070003971,0
ORD503046,CUST101657,560019,2025-03-24 00:09:38,180.44,0.7,Electronics,0,1,2.6,16,0.141596090738432,0,38,0.1533460624487636,0
ORD501010,CUST100593,560070,2025-03-24 01:08:59,655.77,28.3,Home,23,1,10.0,4,0.3303583366760262,0,24,0.1566568209167487,1
ORD503972,CUST100364,560038,2025-03-24 01:31:54,1394.62,2.1,Fashion,17,0,12.7,12,0.0573197700132684,0,34,0.2758841548315232,1
ORD500849,CUST100428,560033,2025-03-24 01:35:16,1209.46,16.5,Home,15,0,14.4,0,0.1951292844257366,1,24,0.2023314929207894,0
ORD507845,CUST101995,560085,2025-03-24 01:41:11,815.25,2.2,Fashion,7,0,14.6,6,0.1795775610022679,0,30,0.1580282536819958,0
ORD500043,CUST101216,560026,2025-03-24 01:56:32,744.87,31.4,Home,6,0,7.7,3,0.2468825120192307,0,33,0.1867969883889695,0
ORD502437,CUST100236,560008,2025-03-24 02:15:15,2053.26,26.8,Home,19,0,19.3,7,0.414563933113047,0,30,0.297981375788525,0
ORD501905,CUST100545,560076,2025-03-24 06:16:10,375.8,7.8,Electronics,15,0,16.2,8,0.1518826518826518,0,32,0.1326518826518826,1
ORD503149,CUST101786,560057,2025-03-24 06:20:12,385.3,8.2,Fashion,23,1,15.3,6,0.1796075434622417,0,32,0.075052536775743,0
ORD505617,CUST100799,560113,2025-03-24 06:54:41,570.89,31.6,Electronics,15,0,13.3,0,0.195078031212485,1,29,0.161256339270402,0
ORD503142,CUST101374,560072,2025-03-24 07:39:23,627.55,38.0,Fashion,10,0,17.2,1,0.1625162516251625,0,39,0.1508540684576932,0
ORD506086,CUST100007,560003,2025-03-24 08:31:17,762.73,21.6,Electronics,12,0,20.7,9,0.0696289313565858,0,20,0.1974805038992201,0
ORD503095,CUST101658,560040,2025-03-24 08:39:07,614.94,39.2,Beauty,1,1,2.6,0,0.1949025487256371,1,30,0.1379610194902548,0
ORD502872,CUST101834,560088,2025-03-24 09:26:48,540.45,42.3,Beauty,17,0,1.0,5,0.0974220623501199,0,19,0.1768431408719178,0
ORD503283,CUST100502,560055,2025-03-24 09:44:11,518.7,35.4,Other,1,1,31.5,0,0.1947857356907401,1,27,0.1041641428471234,1
ORD503227,CUST101918,560058,2025-03-24 10:28:19,338.66,13.8,Fashion,16,0,14.7,2,0.1393049730377471,0,30,0.2380107849011384,0
ORD500738,CUST100307,560104,2025-03-24 11:01:30,357.38,18.4,Grocery,1,1,3.6,5,0.0974842767295597,0,36,0.1589173405211141,0
ORD507882,CUST100374,560074,2025-03-24 11:06:15,230.42,10.4,Beauty,8,0,27.8,6,0.1795046271094175,0,28,0.0812125748502994,0
ORD506926,CUST100416,560083,2025-03-24 11:27:31,820.05,33.0,Electronics,19,0,18.1,5,0.1974259203831188,0,26,0.1499355829418424,0
ORD506261,CUST101125,560036,2025-03-24 11:35:21,931.56,30.3,Home,10,0,10.2,6,0.1794516076383221,0,26,0.1716493638279603,0
ORD504867,CUST100860,560099,2025-03-24 11:55:34,673.85,24.9,Fashion,7,0,14.4,7,0.1644730282181673,0,28,0.143639694884834,0
ORD501218,CUST101498,560022,2025-03-24 12:56:18,1273.62,7.8,Electronics,19,0,10.8,3,0.1216731459330143,0,21,0.1437448943867429,0
ORD504812,CUST101388,560093,2025-03-24 15:05:23,478.28,2.7,Electronics,20,0,17.0,0,0.1946188340807174,1,37,0.1735504680984973,0
ORD505834,CUST101394,560004,2025-03-24 16:07:09,1687.97,0.1,Home,0,1,20.0,0,0.1945606694560669,1,31,0.1547296742964968,0
ORD504815,CUST101267,560010,2025-03-24 17:18:05,441.01,5.3,Beauty,20,0,12.7,9,0.1408937641384609,0,32,0.2863471306106502,0
ORD506373,CUST101453,560064,2025-03-24 17:35:55,396.59,16.8,Fashion,16,0,13.2,0,0.1944444444444444,1,24,0.202020202020202,1
ORD501024,CUST100134,560051,2025-03-24 20:26:02,1264.11,42.0,Beauty,12,0,12.6,0,0.1946849805912212,1,27,0.1679510555707324,0
ORD502610,CUST101203,560119,2025-03-24 20:33:34,846.52,15.3,Home,6,0,13.4,17,0.2260515603799185,0,27,0.2104795173070816,0
ORD502913,CUST100525,560063,2025-03-24 21:05:35,624.69,10.4,Fashion,16,0,8.1,0,0.1945687854371829,1,35,0.1616613765226119,1
ORD504664,CUST100325,560047,2025-03-24 22:20:45,409.28,23.8,Home,6,0,14.7,1,0.3290075576770088,0,35,0.1253851160772401,0
ORD503570,CUST100857,560105,2025-03-24 22:52:21,481.25,12.7,Home,9,0,9.6,3,0.1217193558007754,0,30,0.2379003877124962,0
ORD502987,CUST101987,560099,2025-03-24 23:24:09,466.59,11.4,Fashion,5,0,5.7,6,0.179405865452377,0,29,0.1406909812225426,0
ORD507478,CUST101305,560063,2025-03-25 00:26:21,153.54,2.6,Electronics,17,0,8.9,0,0.1946348733233979,1,36,0.1766553119012135,0
ORD503521,CUST101662,560025,2025-03-25 01:38:39,355.13,7.5,Grocery,13,0,21.3,2,0.1389834837391452,0,24,0.2248076714703651,0
ORD500233,CUST101762,560094,2025-03-25 01:47:10,799.23,11.8,Fashion,7,0,12.3,10,0.1981729718995134,0,28,0.2893828815410584,0
ORD500470,CUST101608,560026,2025-03-25 02:05:40,626.76,1.8,Beauty,22,1,15.7,11,0.1232690589636688,0,34,0.1831336995124964,0
ORD503282,CUST101390,560099,2025-03-25 02:21:06,441.79,23.1,Fashion,13,0,4.7,14,0.103790288463045,0,30,0.1377612384638285,0
ORD501786,CUST101294,560060,2025-03-25 02:36:59,516.16,10.3,Fashion,5,0,4.9,6,0.0883387445887445,0,30,0.1577380952380952,0
ORD507105,CUST101062,560013,2025-03-25 02:52:38,512.94,13.6,Beauty,23,1,9.1,20,0.3988574828919964,0,26,0.1496901801999922,1
ORD507615,CUST100901,560087,2025-03-25 03:48:16,720.65,30.3,Electronics,1,1,9.3,12,0.2336844315358505,0,23,0.2067567754520426,0
ORD505777,CUST101203,560050,2025-03-25 04:18:27,376.45,15.0,Fashion,17,0,19.2,18,0.2161889617189621,0,20,0.3472346119536128,0
ORD500779,CUST100872,560033,2025-03-25 04:38:45,1047.0,29.3,Grocery,16,0,9.6,23,0.4275734669611007,0,25,0.1975161844365173,1
ORD501773,CUST100407,560000,2025-03-25 04:39:56,553.45,23.6,Grocery,16,0,25.8,3,0.3716567607726597,0,28,0.2061045071817731,0
ORD501737,CUST101356,560114,2025-03-25 05:32:27,2305.93,6.1,Beauty,23,1,5.9,1,0.1621608239255298,0,25,0.0864857727602825,0
ORD507985,CUST101659,560013,2025-03-25 05:43:42,1518.99,17.6,Home,11,0,13.0,1,0.1621126621126621,0,27,0.167887316823487,0
ORD505232,CUST100568,560021,2025-03-25 06:06:07,1016.61,13.2,Fashion,9,0,9.4,0,0.1944774346793349,1,23,0.1369662486880627,0
ORD505071,CUST100395,560038,2025-03-25 07:16:33,533.79,25.7,Grocery,10,0,22.2,5,0.0972098545562481,0,35,0.2888798942227259,0
ORD503924,CUST101573,560050,2025-03-25 07:46:19,434.02,17.9,Home,8,0,19.5,1,0.1619683481701286,0,21,0.3387131794166607,0
ORD504528,CUST100720,560103,2025-03-25 08:12:12,544.08,17.0,Beauty,2,1,10.8,1,0.161920300603184,0,31,0.154629161068165,0
ORD505808,CUST100583,560040,2025-03-25 09:10:16,1064.04,18.4,Beauty,3,1,12.2,4,0.3301370765783578,0,31,0.134998720721978,0
ORD500680,CUST101618,560098,2025-03-25 09:11:15,2080.93,30.7,Home,8,0,19.1,0,0.1941891491254076,1,28,0.2059121454689198,0
ORD502462,CUST101639,560100,2025-03-25 12:30:06,398.85,17.5,Fashion,20,0,7.6,9,0.1407612837666187,0,38,0.2565971015677697,1
ORD503220,CUST101489,560029,2025-03-25 13:41:41,434.19,11.3,Fashion,21,0,6.0,1,0.1619753086419753,0,25,0.1308312757201646,0
ORD507386,CUST101005,560045,2025-03-25 14:16:24,372.97,32.2,Home,6,0,12.0,3,0.1214454976303317,0,27,0.1677926792376727,0
ORD504174,CUST101203,560101,2025-03-25 14:36:39,621.7,45.5,Beauty,22,1,26.0,19,0.2071365116967722,0,36,0.158662591480181,1
ORD504942,CUST101265,560082,2025-03-25 15:00:26,727.05,10.8,Home,5,0,7.5,7,0.0810390763765541,0,28,0.2268724097098875,0
ORD504622,CUST101659,560098,2025-03-25 15:46:49,723.44,12.3,Grocery,16,0,2.4,2,0.138883016953452,0,29,0.2018107035652378,0
ORD505328,CUST100325,560119,2025-03-25 15:49:24,674.1,17.8,Beauty,21,0,17.3,2,0.2816990701606086,0,28,0.205991124260355,0
ORD501087,CUST100551,560055,2025-03-25 16:43:27,1042.53,23.8,Other,4,1,20.4,3,0.3714507542147294,0,28,0.1226338361431529,0
ORD504826,CUST101125,560005,2025-03-25 17:27:35,684.26,4.2,Fashion,13,0,25.5,7,0.1642765621919968,0,27,0.2954313826641669,1
ORD504030,CUST100381,560028,2025-03-25 17:32:05,1264.44,0.5,Beauty,4,1,1.0,1,0.1620849344763031,0,23,0.1602334518007273,0
ORD502824,CUST101579,560025,2025-03-25 18:59:27,484.79,18.0,Other,11,0,18.7,11,0.2482638888888889,0,25,0.2197530864197531,0
ORD501305,CUST100098,560036,2025-03-25 19:02:22,663.22,3.2,Fashion,7,0,16.8,3,0.2464918759231905,0,27,0.1678242559477042,0
ORD506201,CUST100169,560070,2025-03-25 19:52:35,788.12,13.7,Fashion,20,0,14.9,2,0.1388068517424689,0,25,0.1752575966397584,0
ORD506167,CUST100395,560066,2025-03-25 20:46:18,1188.33,13.2,Fashion,1,1,3.2,6,0.0883055533188394,0,18,0.3390906406849719,1
ORD502371,CUST100257,560071,2025-03-25 21:12:42,242.26,8.0,Fashion,0,1,4.6,2,0.281792882442233,0,24,0.2929591070086937,0
ORD505361,CUST101951,560048,2025-03-25 22:13:12,1027.51,15.3,Electronics,2,1,4.4,3,0.1215329005606373,0,32,0.2670971695757768,0
ORD503056,CUST100495,560101,2025-03-25 23:16:35,1446.38,11.3,Grocery,7,0,10.0,5,0.2971976401179941,0,37,0.1734720281529783,0
ORD507090,CUST100995,560089,2025-03-26 01:11:29,183.99,52.0,Electronics,20,0,9.3,2,0.138812823861482,0,13,0.1480836081248938,0
ORD506450,CUST100222,560070,2025-03-26 01:31:46,1124.54,18.7,Beauty,19,0,19.6,3,0.246425412735849,0,26,0.1714263740771124,0
ORD502490,CUST100364,560061,2025-03-26 02:49:24,326.99,12.5,Electronics,11,0,17.0,13,0.109506500311098,0,19,0.0996017441640783,0
ORD506756,CUST101015,560052,2025-03-26 04:37:46,321.43,6.2,Grocery,6,0,15.2,2,0.1386901254314336,0,28,0.1017359065016696,0
ORD506957,CUST101832,560093,2025-03-26 04:57:34,360.87,8.7,Other,10,0,2.9,1,0.1617574864997545,0,38,0.1703824082067949,0
ORD502979,CUST100508,560095,2025-03-26 05:04:58,669.52,12.4,Beauty,4,1,1.3,4,0.3300287920429263,0,23,0.1832799189196592,0
ORD501419,CUST101417,560030,2025-03-26 05:20:41,539.18,1.8,Grocery,1,1,5.4,6,0.1790885005486124,0,30,0.1975978804827789,0
ORD502652,CUST101579,560082,2025-03-26 05:22:42,903.04,20.6,Electronics,5,0,22.9,12,0.2335110618703043,0,29,0.2220153511669529,1
ORD502240,CUST100303,560084,2025-03-26 05:23:03,533.93,34.8,Fashion,15,0,17.3,2,0.1386962552011095,0,27,0.2315637265027886,1
ORD506367,CUST101007,560032,2025-03-26 06:53:11,1385.53,1.2,Home,1,1,25.2,4,0.2191176470588235,0,29,0.1813925570228091,1
ORD505056,CUST100766,560106,2025-03-26 07:11:34,499.95,1.3,Other,13,0,9.0,2,0.1390347376821943,0,27,0.2317653756404562,0
ORD504883,CUST100809,560097,2025-03-26 07:32:07,478.03,35.0,Home,6,0,7.0,1,0.1621595140113658,0,37,0.2086285673030312,0
ORD504719,CUST100684,560054,2025-03-26 07:32:54,3417.49,26.4,Beauty,5,0,8.3,10,0.2648447448329905,0,21,0.1436752363409617,0
ORD504108,CUST100410,560027,2025-03-26 08:09:32,1654.34,28.9,Beauty,5,0,12.0,12,0.2924932605239511,0,25,0.2864342603473038,0
ORD506486,CUST101413,560090,2025-03-26 08:19:11,1628.64,31.2,Other,21,0,6.7,0,0.1944199706314243,1,30,0.1177679882525697,0
ORD500380,CUST100891,560029,2025-03-26 08:38:35,1435.83,28.0,Electronics,23,1,19.8,1,0.1619690741828146,0,26,0.1279838647910337,1
ORD505184,CUST100177,560101,2025-03-26 08:47:48,744.67,48.4,Fashion,21,0,1.0,2,0.138999538764728,0,38,0.1705515014726273,0
ORD507180,CUST101177,560004,2025-03-26 10:13:30,533.23,15.4,Home,8,0,5.2,2,0.1389587525150905,0,32,0.1517470205850487,0
ORD506681,CUST101087,560119,2025-03-26 10:14:34,2655.74,2.1,Electronics,5,0,14.0,5,0.0972425931358169,0,29,0.2018306882741363,0
ORD503562,CUST101916,560090,2025-03-26 10:20:53,319.56,6.1,Fashion,16,0,13.8,4,0.2191267513848159,0,31,0.1154620205853602,0
ORD507251,CUST101711,560095,2025-03-26 10:47:19,718.34,12.1,Grocery,3,1,9.0,1,0.1619759601289944,0,24,0.1792596146158151,0
ORD501658,CUST100444,560055,2025-03-26 11:17:57,847.2,19.6,Electronics,15,0,23.2,8,0.4593516097033095,0,29,0.1201282388688183,0
ORD503938,CUST101143,560101,2025-03-26 12:11:46,893.43,23.4,Fashion,8,0,15.4,1,0.1618810430706123,0,39,0.1675448310795711,1
ORD500052,CUST101878,560115,2025-03-26 13:51:37,700.92,29.5,Home,19,0,12.5,5,0.3972466315172818,0,25,0.1531081169042504,0
ORD506273,CUST100326,560023,2025-03-26 14:29:15,722.27,15.3,Beauty,3,1,15.7,1,0.1620302586627623,0,25,0.1086383601756954,0
ORD502667,CUST100975,560119,2025-03-26 14:48:23,462.59,24.7,Electronics,2,1,9.2,7,0.2476580796252927,0,30,0.197751756440281,1
ORD504176,CUST100054,560094,2025-03-26 14:49:32,333.45,2.3,Beauty,3,1,22.1,5,0.0973075797483172,0,29,0.2835163916312794,0
ORD506951,CUST100543,560094,2025-03-26 14:50:45,1454.68,1.7,Fashion,3,1,25.2,3,0.4965988882387361,0,30,0.2778232884727911,1
ORD503182,CUST101496,560046,2025-03-26 15:01:23,414.92,25.4,Fashion,4,1,7.9,1,0.1623281661304475,0,12,0.2467461245978356,0
ORD506031,CUST100302,560004,2025-03-26 15:24:08,704.8,26.8,Fashion,7,0,21.0,7,0.2478070175438596,0,33,0.1489572989076464,0
ORD501604,CUST100206,560103,2025-03-26 15:40:36,284.22,34.8,Home,16,0,7.4,3,0.1216749488453668,0,32,0.1517999685202257,0
ORD504092,CUST100860,560060,2025-03-26 16:04:51,377.85,7.9,Grocery,7,0,11.6,8,0.1517780874881985,0,31,0.1547541284193397,0
ORD501744,CUST100169,560107,2025-03-26 16:23:28,1110.72,36.8,Home,20,0,11.3,3,0.1216038562664329,0,28,0.310235904177622,1
ORD501631,CUST100461,560020,2025-03-26 16:40:02,1205.68,29.3,Other,22,1,11.9,2,0.1391438584779706,0,28,0.1853339174454828,0
ORD503984,CUST101431,560073,2025-03-26 16:41:58,754.67,11.3,Fashion,10,0,18.5,8,0.1518248175182481,0,24,0.202156602521566,0
ORD503071,CUST101929,560024,2025-03-26 17:22:00,747.36,37.0,Beauty,13,0,18.2,7,0.2477865343452033,0,26,0.1716033401862991,1
ORD501678,CUST101815,560047,2025-03-26 17:40:19,1519.0,13.2,Beauty,11,0,2.7,4,0.2194014849398567,0,36,0.1231866688899078,1
ORD500415,CUST101484,560099,2025-03-26 19:57:12,401.36,21.2,Grocery,5,0,37.5,1,0.1626312718786464,0,31,0.1353558926487748,1
ORD507270,CUST100205,560069,2025-03-26 21:20:06,583.57,11.1,Grocery,15,0,13.2,2,0.1395658875973836,0,29,0.1205682623005457,0
ORD506252,CUST100834,560068,2025-03-26 21:34:06,875.96,17.6,Fashion,21,0,4.8,12,0.29274566969645,0,28,0.1647230320699708,0
ORD503379,CUST100042,560102,2025-03-26 21:44:22,1409.05,6.2,Home,0,1,10.8,1,0.1627319537549791,0,29,0.2633789161248877,0
ORD505498,CUST101658,560019,2025-03-26 22:00:29,625.45,14.9,Fashion,2,1,20.1,1,0.1626845376845377,0,39,0.1509225238038797,0
ORD502197,CUST100541,560112,2025-03-26 23:00:14,736.5,1.8,Electronics,10,0,16.1,23,0.0705651034080978,0,32,0.1904479150328262,0
ORD502044,CUST101161,560066,2025-03-26 23:22:22,416.92,24.7,Electronics,2,1,9.1,12,0.0573846311966836,0,19,0.3564655108044741,0
ORD501301,CUST101147,560036,2025-03-26 23:34:52,297.34,10.0,Other,12,0,14.3,0,0.1950509461426492,1,28,0.1646045608927705,0
ORD505400,CUST100353,560024,2025-03-26 23:53:39,938.11,7.6,Beauty,9,0,27.3,1,0.1624951493985254,0,27,0.1893592252247789,0
ORD500283,CUST101872,560059,2025-03-27 00:23:44,506.92,12.0,Fashion,18,0,14.4,0,0.1949374454466104,1,29,0.1816071205904532,0
ORD505374,CUST101565,560087,2025-03-27 00:24:47,934.96,23.5,Grocery,5,0,7.2,0,0.1948807446189645,1,24,0.2022185202813475,0
ORD500410,CUST100225,560048,2025-03-27 00:42:53,1153.6,11.4,Fashion,13,0,12.3,3,0.2467650479790636,0,33,0.2621977648175478,0
ORD504175,CUST100795,560032,2025-03-27 02:35:04,1784.61,23.6,Grocery,19,0,12.2,1,0.1623062015503876,0,30,0.197906976744186,1
ORD507730,CUST101701,560045,2025-03-27 04:13:44,687.45,18.1,Beauty,12,0,9.9,10,0.1316671510219897,0,28,0.1645839387774871,0
ORD504741,CUST100573,560058,2025-03-27 04:30:21,449.96,34.0,Beauty,21,0,3.6,4,0.21941377751953,0,31,0.2333116860922172,0
ORD501056,CUST101300,560001,2025-03-27 05:18:06,1193.14,13.1,Grocery,0,1,1.0,4,0.2193823216187433,0,34,0.3314400662643474,1
ORD507424,CUST101979,560103,2025-03-27 05:22:03,805.21,22.6,Electronics,9,0,21.4,0,0.1951219512195122,1,33,0.1491026231017027,0
ORD506348,CUST100973,560058,2025-03-27 05:58:31,516.81,4.4,Beauty,16,0,20.0,5,0.197532656023222,0,32,0.2288712738640169,1
ORD500970,CUST100922,560000,2025-03-27 07:49:53,507.09,13.8,Fashion,8,0,6.6,1,0.1627490810601663,0,29,0.2021628152131427,0
ORD503050,CUST100303,560037,2025-03-27 08:14:22,382.3,19.5,Home,6,0,4.0,3,0.2470263997679141,0,16,0.1918012442381459,0
ORD506251,CUST101431,560025,2025-03-27 08:35:43,3707.19,16.4,Home,10,0,14.8,9,0.1411377195889957,0,26,0.2152980934126904,0
ORD502530,CUST100868,560003,2025-03-27 08:37:15,174.46,20.7,Grocery,12,0,1.0,2,0.139377873503707,0,21,0.1927458648317999,0
ORD506540,CUST100671,560013,2025-03-27 08:39:22,1841.02,3.6,Electronics,1,1,7.3,3,0.1219202898550724,0,28,0.1646135265700483,0
ORD505542,CUST101974,560067,2025-03-27 09:05:05,230.12,12.5,Beauty,6,0,11.8,9,0.355362834789088,0,21,0.2658614328826568,0
ORD506980,CUST100444,560053,2025-03-27 09:36:58,950.83,42.9,Beauty,4,1,22.8,9,0.4267712299288197,0,31,0.2921409583532138,1
ORD507169,CUST101268,560092,2025-03-27 09:54:51,1633.6,24.0,Electronics,18,0,16.3,15,0.2987981465392412,0,29,0.2837520759824347,1
ORD502273,CUST101190,560012,2025-03-27 10:36:24,302.05,6.1,Beauty,21,0,17.4,1,0.1628546612623045,0,30,0.1181702374059062,0
ORD507514,CUST101087,560116,2025-03-27 11:02:36,720.33,15.4,Grocery,17,0,3.6,6,0.0888041047230627,0,20,0.122684515195369,0
ORD503741,CUST100935,560007,2025-03-27 11:44:29,778.04,8.4,Home,5,0,9.0,7,0.498046875,0,25,0.2645833333333333,1
ORD502456,CUST100742,560088,2025-03-27 11:48:28,1549.58,28.2,Fashion,11,0,13.3,7,0.081477196027384,0,20,0.1727726352328608,0
ORD502581,CUST100066,560083,2025-03-27 12:02:24,408.32,19.3,Electronics,0,1,1.9,0,0.1954887218045112,1,27,0.1470164773636218,0
ORD501049,CUST100633,560077,2025-03-27 12:14:14,412.43,6.4,Fashion,20,0,31.7,5,0.197716102919919,0,27,0.3597583854637609,0
ORD501892,CUST100667,560115,2025-03-27 13:36:58,670.38,35.4,Home,7,0,19.7,5,0.1976878612716763,0,26,0.1501633576275446,0
ORD507890,CUST100370,560069,2025-03-27 13:59:22,1804.83,6.1,Beauty,17,0,19.4,7,0.2480496966194741,0,30,0.1181277087546951,0
ORD500048,CUST101465,560055,2025-03-27 14:05:51,675.33,20.2,Beauty,12,0,19.8,7,0.3313595224340458,0,30,0.118105141536684,0
ORD502187,CUST100194,560112,2025-03-27 14:31:09,545.65,40.9,Home,1,1,21.3,17,0.2261832882681857,0,33,0.1868703654264216,1
ORD505839,CUST100165,560055,2025-03-27 16:48:35,1048.03,23.5,Other,15,0,6.3,2,0.1395991421972946,0,31,0.1158583525789068,1
ORD504420,CUST101237,560045,2025-03-27 19:18:01,943.58,28.2,Other,11,0,7.1,4,0.1087061087061087,0,29,0.1614983655799982,1
ORD502795,CUST101810,560026,2025-03-27 19:54:26,520.71,31.7,Electronics,16,0,3.1,0,0.1959030582804385,1,35,0.1803283848292503,1
ORD507433,CUST101487,560015,2025-03-27 19:54:31,282.36,18.3,Electronics,10,0,13.0,2,0.140096419300342,0,27,0.1898446753278633,1
ORD507196,CUST100452,560044,2025-03-27 20:32:49,1481.09,16.4,Home,17,0,9.5,2,0.2831191300049431,0,29,0.1821905232681308,0
ORD506937,CUST100616,560049,2025-03-27 21:22:00,712.68,52.9,Grocery,13,0,1.5,2,0.1402215541737017,0,24,0.0892318981105374,0
ORD507722,CUST100534,560047,2025-03-27 22:17:37,1067.69,4.9,Fashion,17,0,15.8,3,0.4976585014409221,0,37,0.1390363516861317,1
ORD500648,CUST100286,560016,2025-03-27 22:51:06,866.86,27.2,Grocery,2,1,25.3,2,0.1403465448409268,0,38,0.2056845388887233,1
ORD507323,CUST100007,560032,2025-03-27 23:03:40,523.4,5.7,Electronics,14,0,6.0,10,0.0655721966205837,0,31,0.2143986626908828,0
ORD506506,CUST101622,560071,2025-03-27 23:10:13,898.02,21.8,Beauty,23,1,3.0,2,0.1404713915511496,0,25,0.2874044214096042,0
ORD503584,CUST101711,560004,2025-03-27 23:45:38,1227.21,29.2,Electronics,10,0,11.0,2,0.1404309564931326,0,34,0.1468901255890317,0
ORD502231,CUST100725,560101,2025-03-28 01:04:33,822.9,22.0,Fashion,6,0,10.8,9,0.2130524152106886,0,40,0.1821822541966427,0
ORD503889,CUST101106,560061,2025-03-28 01:52:26,687.98,3.0,Other,23,1,25.2,8,0.0755731610161989,0,20,0.0982451093210586,0
ORD505251,CUST100914,560076,2025-03-28 02:37:58,278.88,40.7,Beauty,11,0,3.3,0,0.1964337072188668,1,33,0.1495976253656101,0
ORD504600,CUST101786,560040,2025-03-28 02:56:58,827.31,12.8,Fashion,5,0,2.4,7,0.1651571784550508,0,32,0.1332220108815853,0
ORD507855,CUST100459,560104,2025-03-28 03:10:03,1307.52,7.4,Fashion,9,0,29.1,4,0.1090671010188112,0,37,0.1566037830996001,0
ORD505533,CUST101987,560044,2025-03-28 03:11:05,594.76,18.9,Fashion,5,0,6.9,7,0.165110153256705,0,30,0.1785057471264367,0
ORD506640,CUST101463,560103,2025-03-28 04:51:00,546.4,28.3,Fashion,17,0,13.9,6,0.271003630095845,0,34,0.1467436985966144,0
ORD506136,CUST101356,560087,2025-03-28 05:13:02,2832.53,6.0,Electronics,16,0,2.0,2,0.1401083121358825,0,25,0.1982896164401046,0
ORD503061,CUST101192,560009,2025-03-28 05:31:32,804.91,26.9,Electronics,4,1,16.1,1,0.1634127667719399,0,37,0.2267001123250273,1
ORD503215,CUST101651,560107,2025-03-28 05:35:54,800.97,10.0,Fashion,19,0,16.6,0,0.1963260619977037,1,29,0.3250310457133484,0
ORD507324,CUST101714,560019,2025-03-28 06:56:23,346.99,40.7,Beauty,8,0,13.0,7,0.1651123864179818,0,40,0.1487565758010521,0
ORD503618,CUST100297,560019,2025-03-28 07:04:44,1064.99,17.0,Electronics,16,0,40.8,9,0.2129333661175313,0,41,0.1462994836488812,0
ORD505093,CUST100671,560093,2025-03-28 07:36:26,833.01,22.1,Beauty,14,0,7.0,4,0.108976197304273,0,39,0.1681888661517598,0
ORD505772,CUST100542,560065,2025-03-28 08:20:33,1697.57,25.5,Fashion,22,1,27.8,7,0.3317087155963302,0,33,0.1683399688419594,0
ORD501851,CUST101529,560054,2025-03-28 08:34:22,677.34,4.3,Electronics,4,1,27.2,0,0.1960447119518486,1,22,0.1409736723580232,0
ORD505891,CUST100041,560102,2025-03-28 08:41:02,2695.58,29.9,Fashion,10,0,4.4,1,0.163323782234957,0,30,0.2583954154727794,0
ORD507188,CUST100759,560056,2025-03-28 09:31:20,816.23,14.9,Home,18,0,28.9,11,0.3112288742480664,0,23,0.2074104174854942,0
ORD507529,CUST100882,560010,2025-03-28 09:41:55,367.48,19.6,Home,19,0,8.1,0,0.1958762886597938,1,33,0.281462750437658,0
ORD507394,CUST100367,560036,2025-03-28 10:17:01,568.41,26.4,Fashion,21,0,11.6,3,0.1223876324076725,0,29,0.1615592701437861,0
ORD500282,CUST100872,560089,2025-03-28 10:52:42,4299.94,8.6,Fashion,21,0,2.9,24,0.4475455460592542,0,14,0.1445671571433381,0
ORD502214,CUST100474,560091,2025-03-28 11:26:44,2257.11,17.0,Fashion,5,0,10.1,8,0.2291185209640145,0,23,0.2305619323285757,0
ORD505901,CUST100835,560112,2025-03-28 11:49:59,862.14,21.9,Grocery,12,0,12.8,7,0.2481884057971014,0,34,0.2020933977455716,0
ORD501732,CUST101454,560092,2025-03-28 12:56:01,764.31,26.5,Fashion,15,0,17.8,2,0.2825687323828588,0,30,0.2982384901344009,1
ORD500606,CUST101380,560040,2025-03-28 14:56:02,389.3,35.5,Home,15,0,20.2,0,0.1958261863922241,1,33,0.1305004476951789,0
ORD505313,CUST100898,560045,2025-03-28 15:10:54,695.03,16.2,Fashion,23,1,2.8,3,0.2473563875392969,0,30,0.17830808802515,0
ORD505944,CUST100707,560112,2025-03-28 15:17:58,559.93,1.3,Grocery,9,0,6.8,3,0.1223214285714285,0,35,0.1984415584415584,0
ORD502028,CUST100222,560002,2025-03-28 15:48:10,1519.35,22.0,Electronics,1,1,15.1,4,0.2198102129550287,0,28,0.1440243263829382,0
ORD501521,CUST101511,560027,2025-03-28 16:15:40,440.99,19.5,Beauty,3,1,7.0,6,0.2707284149317273,0,26,0.2806967447173044,1
ORD502311,CUST100141,560056,2025-03-28 17:36:18,1135.1,14.0,Electronics,14,0,10.3,2,0.1398801027690551,0,24,0.2026509744893987,0
ORD502984,CUST101335,560097,2025-03-28 18:59:37,2300.33,26.0,Electronics,18,0,7.2,13,0.1099378488077118,0,38,0.2054400881750905,0
ORD506154,CUST100707,560071,2025-03-28 19:54:14,553.82,28.0,Beauty,16,0,12.9,4,0.1087335552385481,0,26,0.2807479997519072,0
ORD503094,CUST100869,560081,2025-03-28 20:24:24,1514.43,32.1,Grocery,17,0,2.6,1,0.1630538125118844,0,30,0.1982658300057045,0
ORD505155,CUST101335,560086,2025-03-28 20:34:07,1315.76,33.0,Grocery,17,0,9.3,14,0.1041075743250341,0,37,0.1563539587491683,0
ORD507895,CUST100057,560105,2025-03-28 21:05:49,262.24,33.0,Beauty,16,0,22.2,11,0.2486103192702394,0,31,0.2335502045744181,0
ORD505966,CUST100727,560032,2025-03-28 22:29:48,771.48,22.4,Electronics,20,0,7.8,6,0.2706805875799891,0,32,0.2098066510292215,1
ORD507602,CUST100723,560059,2025-03-28 23:09:12,466.7,12.3,Grocery,16,0,17.4,2,0.1398046398046398,0,30,0.1782905982905983,0
ORD506389,CUST101394,560091,2025-03-29 00:08:32,650.33,14.3,Fashion,19,0,15.1,1,0.1630589575619481,0,24,0.2253048859428808,1
ORD507004,CUST100332,560071,2025-03-29 00:12:26,1606.12,21.5,Electronics,19,0,11.5,0,0.1958997722095672,1,27,0.2748509668976882,0
ORD503648,CUST101062,560064,2025-03-29 00:34:14,552.46,31.6,Grocery,3,1,13.5,21,0.4222776938404606,0,25,0.2203751146535091,0
ORD502359,CUST100355,560111,2025-03-29 01:23:44,1573.4,39.1,Home,23,1,16.1,3,0.1223676721684689,0,27,0.189697138497681,0
ORD503404,CUST101251,560016,2025-03-29 02:29:19,481.26,8.5,Electronics,13,0,14.0,1,0.1631104788999526,0,39,0.2188923981965909,0
ORD504706,CUST101801,560097,2025-03-29 03:30:40,591.11,11.2,Other,3,1,16.4,2,0.1397692182675118,0,39,0.2019243747710225,1
ORD502418,CUST100834,560086,2025-03-29 03:31:53,2113.8,20.7,Electronics,13,0,19.4,13,0.2766404448235554,0,38,0.1537605521947584,0
ORD507564,CUST100407,560080,2025-03-29 03:38:42,646.75,3.9,Fashion,13,0,1.4,4,0.331027730402375,0,23,0.2538836812671047,0
ORD502291,CUST100689,560058,2025-03-29 03:43:41,187.94,16.6,Electronics,10,0,19.2,5,0.0978971298664393,0,33,0.2436959470690108,0
ORD506571,CUST101852,560114,2025-03-29 04:17:19,2075.98,41.9,Other,9,0,12.5,6,0.1798811983471074,0,26,0.0851037549407114,0
ORD500304,CUST101465,560063,2025-03-29 05:48:21,518.55,22.0,Electronics,15,0,19.4,8,0.3060319402267712,0,37,0.1739238752945983,1
ORD505031,CUST101429,560048,2025-03-29 07:25:56,589.67,20.9,Electronics,3,1,1.9,11,0.1237223168654173,0,34,0.257744968136791,0
ORD506783,CUST100990,560095,2025-03-29 07:32:44,230.6,28.9,Beauty,21,0,6.1,1,0.329879837259911,0,25,0.1759359132052859,0
ORD506190,CUST100297,560035,2025-03-29 07:58:30,660.32,7.1,Fashion,19,0,3.7,10,0.1986000756715853,0,29,0.3044082559243902,1
ORD505088,CUST100877,560032,2025-03-29 08:21:19,543.25,18.2,Electronics,2,1,6.1,6,0.2709219858156028,0,33,0.2249163655827646,0
ORD504366,CUST100872,560076,2025-03-29 08:59:53,730.16,17.8,Electronics,0,1,14.8,25,0.4326621289468708,0,34,0.1466565828448982,1
ORD503572,CUST100057,560098,2025-03-29 09:13:49,467.13,42.8,Home,13,0,26.1,12,0.2341766874030587,0,30,0.1984802948681598,0
ORD500318,CUST100424,560072,2025-03-29 09:19:47,219.76,32.0,Home,17,0,8.6,7,0.1650604686318972,0,40,0.1487150415721844,0
ORD507891,CUST101596,560016,2025-03-29 09:39:57,177.83,44.7,Fashion,13,0,2.2,2,0.2829211027000769,0,40,0.2153631812600359,0
ORD503808,CUST101003,560001,2025-03-29 09:47:57,718.79,16.9,Grocery,4,1,14.2,1,0.330028328611898,0,35,0.3440123615761009,0
ORD502532,CUST100573,560095,2025-03-29 09:53:51,636.41,27.9,Fashion,3,1,17.4,5,0.197989238176154,0,26,0.1721645549357861,1
ORD506080,CUST101796,560019,2025-03-29 10:27:37,766.55,29.6,Electronics,15,0,17.4,3,0.3726288221970555,0,42,0.1439374566178351,0
ORD507612,CUST100807,560071,2025-03-29 10:59:00,284.43,47.8,Beauty,15,0,11.3,6,0.1800684455651905,0,28,0.269229408434758,0
ORD502694,CUST100686,560044,2025-03-29 11:13:02,1168.22,30.1,Electronics,2,1,7.0,0,0.1960950764006791,1,31,0.1749392456473251,0
ORD504967,CUST100204,560033,2025-03-29 12:24:08,1036.89,34.8,Beauty,3,1,2.9,5,0.198019801980198,0,26,0.2156693930262591,0
ORD503078,CUST101000,560023,2025-03-29 12:29:06,695.2,32.7,Fashion,11,0,5.2,1,0.1633201357466063,0,26,0.1069496360417076,1
ORD507677,CUST100994,560052,2025-03-29 13:53:20,920.92,35.8,Beauty,23,1,10.5,1,0.1635095655451889,0,29,0.1004944810833578,0
ORD506398,CUST101276,560111,2025-03-29 14:09:28,791.97,4.4,Fashion,8,0,2.8,0,0.1961560203504805,1,28,0.1858983418127001,0
ORD505408,CUST100183,560116,2025-03-29 14:48:29,771.13,15.0,Fashion,7,0,13.3,4,0.1089447741044237,0,21,0.1200490699453476,0
ORD500823,CUST101087,560018,2025-03-29 15:09:54,1701.4,12.7,Electronics,0,1,19.9,7,0.0816854990583804,0,34,0.1466834065704122,0
ORD507979,CUST100315,560112,2025-03-29 15:36:05,407.23,20.3,Electronics,13,0,9.1,8,0.152303782069385,0,36,0.1949963690644289,0
ORD500752,CUST100212,560059,2025-03-29 16:20:54,447.56,22.9,Fashion,8,0,3.3,0,0.1959345002823263,1,31,0.1748762746205201,0
ORD505345,CUST101705,560117,2025-03-29 16:41:09,1005.04,7.9,Other,10,0,15.5,3,0.1224244990121366,0,30,0.1583516793677674,1
ORD506509,CUST100283,560080,2025-03-29 17:29:16,1115.29,1.1,Beauty,21,0,18.0,0,0.1961060948081264,1,24,0.2482300430946029,0
ORD505191,CUST100331,560113,2025-03-29 18:07:15,745.83,29.6,Home,0,1,16.9,0,0.1960507757404795,1,30,0.1584203102961918,1
ORD504349,CUST101525,560055,2025-03-29 18:09:26,899.46,13.8,Electronics,6,0,18.8,0,0.1962774957698815,1,32,0.1331836522191852,1
ORD501271,CUST100906,560081,2025-03-29 18:38:53,604.01,2.3,Other,16,0,10.1,21,0.191635401531088,0,31,0.1947074854751599,1
ORD507969,CUST100452,560020,2025-03-29 19:44:43,199.79,25.3,Fashion,18,0,21.4,3,0.247956595264938,0,29,0.1823390009893472,1
ORD503596,CUST100120,560043,2025-03-29 19:55:03,668.96,38.9,Fashion,21,0,22.2,9,0.070341746165922,0,34,0.1285025515794746,0
ORD501317,CUST101117,560050,2025-03-29 20:39:06,282.97,13.2,Electronics,10,0,4.1,1,0.3307511737089202,0,22,0.3318578135479544,0
ORD500953,CUST101474,560062,2025-03-29 20:51:00,360.86,15.9,Fashion,16,0,22.1,0,0.1968459588848211,1,23,0.2776027715743354,0
ORD502221,CUST101667,560086,2025-03-29 22:00:35,150.0,8.8,Electronics,22,1,19.1,3,0.1229940878378378,0,39,0.1514544205222171,0
ORD507811,CUST101397,560114,2025-03-29 22:03:05,265.68,18.7,Beauty,8,0,18.2,2,0.1405251095653572,0,27,0.0837170865495745,0
ORD500556,CUST100975,560069,2025-03-29 22:17:22,835.22,18.0,Grocery,20,0,11.3,8,0.3064153066966798,0,31,0.1163450185926931,0
ORD501561,CUST100297,560117,2025-03-29 22:20:18,582.78,18.3,Fashion,10,0,13.1,11,0.2489451476793249,0,31,0.175146851989741,0
ORD501723,CUST100693,560057,2025-03-29 22:54:56,353.4,27.7,Beauty,6,0,12.5,5,0.0982845894263217,0,33,0.074177048623639,0
ORD502352,CUST100692,560078,2025-03-29 22:58:56,515.07,26.0,Fashion,0,1,2.5,3,0.2478211976384594,0,22,0.1650066267721595,0
ORD505658,CUST100835,560110,2025-03-29 23:10:48,526.48,10.1,Beauty,12,0,9.5,8,0.2294071864055,0,30,0.2985834738617201,1
ORD505124,CUST100813,560083,2025-03-30 00:36:00,828.88,7.8,Electronics,1,1,1.7,0,0.1966844619275077,1,28,0.1444518591364615,0
ORD501694,CUST100231,560041,2025-03-30 02:00:44,695.53,21.3,Grocery,20,0,1.3,12,0.4695968274950429,0,21,0.1446971773088517,0
ORD506627,CUST100079,560038,2025-03-30 03:52:21,294.3,23.3,Electronics,12,0,6.9,1,0.1638116633904334,0,36,0.2844907128816143,1
ORD506287,CUST100029,560041,2025-03-30 03:57:49,1251.28,6.3,Other,1,1,14.4,0,0.1967995508141493,1,22,0.1413331194353092,0
ORD502604,CUST100120,560000,2025-03-30 04:29:33,328.44,18.8,Electronics,2,1,2.0,10,0.0655814388623819,0,30,0.1986977266348582,0
ORD503031,CUST100693,560020,2025-03-30 05:16:59,1564.04,12.9,Fashion,10,0,5.3,6,0.0894041424344454,0,30,0.198675645342312,0
ORD507803,CUST101405,560098,2025-03-30 05:21:40,1203.97,4.9,Fashion,22,1,5.5,10,0.1322113136979897,0,31,0.1947584082721447,0
ORD502523,CUST100328,560016,2025-03-30 06:10:06,430.23,32.5,Grocery,23,1,23.4,3,0.2478617498597868,0,41,0.2119930491067734,1
ORD502995,CUST101500,560073,2025-03-30 06:13:33,395.0,12.8,Other,20,0,22.0,0,0.1968040370058873,1,25,0.1985795720026165,0
ORD504064,CUST100547,560046,2025-03-30 06:14:47,373.03,42.0,Home,6,0,5.1,1,0.3306240657698057,0,13,0.2404538660144041,0
ORD502179,CUST101657,560022,2025-03-30 07:07:39,1142.27,31.4,Beauty,7,0,27.2,17,0.1356122163070888,0,22,0.1412827389291384,1
ORD500229,CUST101888,560077,2025-03-30 07:53:05,673.8,13.0,Fashion,18,0,6.5,2,0.140656262505002,0,28,0.3528828197945845,1
ORD502020,CUST100758,560001,2025-03-30 09:22:02,267.49,32.1,Grocery,11,0,1.0,4,0.1095242540215937,0,36,0.3382655918710245,0
ORD506534,CUST100882,560116,2025-03-30 10:26:55,341.06,27.3,Beauty,23,1,9.7,1,0.1642403882045539,0,22,0.117661174212126,1
ORD506158,CUST101579,560041,2025-03-30 12:00:02,566.41,13.0,Grocery,17,0,11.0,13,0.2770314394999533,0,23,0.1382852010231777,0
ORD504531,CUST100208,560094,2025-03-30 12:53:12,441.03,41.5,Home,21,0,6.4,7,0.0821908226077224,0,31,0.2930423428464839,0
ORD507753,CUST101779,560092,2025-03-30 13:14:25,844.81,6.2,Grocery,8,0,10.2,0,0.1972027972027972,1,31,0.3126285479226655,0
ORD504094,CUST101730,560014,2025-03-30 14:29:23,719.04,20.3,Electronics,21,0,15.9,9,0.1418384467881112,0,28,0.2488115212527964,0
ORD500603,CUST100364,560092,2025-03-30 15:04:59,654.05,1.6,Other,10,0,8.0,14,0.1044980356958933,0,32,0.306574052170921,0
ORD505964,CUST100204,560055,2025-03-30 16:03:38,2042.31,34.5,Home,10,0,7.1,6,0.1804715686772701,0,33,0.1498254532415073,0
ORD503893,CUST100081,560008,2025-03-30 16:10:23,407.68,23.3,Grocery,22,1,12.0,1,0.1641519977647387,0,31,0.2929342734579163,0
ORD501589,CUST100296,560067,2025-03-30 16:55:57,562.13,7.6,Home,17,0,19.9,6,0.0895124428643981,0,22,0.2604416068103218,1
ORD501575,CUST100967,560092,2025-03-30 17:47:04,718.72,17.6,Fashion,14,0,5.9,2,0.1408225954442095,0,33,0.3008119372158088,0
ORD504709,CUST100962,560064,2025-03-30 18:05:31,497.25,10.8,Electronics,3,1,2.9,4,0.1094981078230659,0,26,0.2161289539484863,0
ORD501381,CUST100679,560045,2025-03-30 18:47:32,380.35,31.4,Fashion,14,0,6.6,3,0.1231509907898409,0,31,0.1753104255936256,0
ORD504682,CUST101280,560064,2025-03-30 19:07:47,1126.04,9.9,Fashion,10,0,11.4,3,0.1231166294642857,0,27,0.2114836626139817,0
ORD506168,CUST100886,560031,2025-03-30 19:36:56,437.94,15.8,Grocery,13,0,1.0,1,0.1641097164109716,0,40,0.1823105532310553,0
ORD507376,CUST100455,560098,2025-03-30 20:27:21,453.5,2.1,Fashion,7,0,12.0,7,0.3320319762037553,0,32,0.1911064395726972,0
ORD506969,CUST100444,560005,2025-03-30 20:32:32,1295.53,6.1,Fashion,9,0,4.0,10,0.4656072855682557,0,28,0.3111757736269863,1
ORD501244,CUST100901,560080,2025-03-30 20:36:13,748.05,43.3,Fashion,12,0,17.4,13,0.2214015855320203,0,25,0.2431314257401214,1
ORD502583,CUST100040,560033,2025-03-30 20:52:04,2031.04,3.4,Other,8,0,22.9,3,0.2482933964892728,0,27,0.2116040146309942,0
ORD505318,CUST101781,560118,2025-03-30 20:57:15,993.44,52.6,Electronics,10,0,5.4,1,0.1643454038997214,0,33,0.2630998055394965,0
ORD500668,CUST101325,560005,2025-03-30 20:58:15,536.75,10.0,Beauty,19,0,8.5,0,0.1971595655806182,1,29,0.3253712512573952,0
ORD503756,CUST100542,560042,2025-03-30 21:26:39,609.43,25.4,Beauty,8,0,26.0,8,0.3065787219462053,0,22,0.2129069890762541,0
ORD501061,CUST100557,560069,2025-03-30 22:12:28,765.91,28.4,Fashion,3,1,35.0,20,0.199409963818536,0,32,0.1142499304202616,0
ORD501106,CUST100904,560097,2025-03-30 22:26:43,1560.53,20.0,Beauty,4,1,7.8,1,0.3308291597106288,0,40,0.2156649972175848,1
ORD503609,CUST101762,560106,2025-03-30 22:37:58,389.72,31.2,Beauty,12,0,7.9,11,0.1866307371349096,0,28,0.2280076495132128,0
ORD505612,CUST100037,560006,2025-03-30 23:48:46,641.91,6.7,Fashion,19,0,26.2,9,0.3561298267916733,0,33,0.2064767981195038,0
ORD504906,CUST101674,560100,2025-03-31 01:08:35,695.15,10.9,Electronics,22,1,8.8,6,0.2714130462253898,0,39,0.2702063395579178,0
ORD500333,CUST100234,560047,2025-03-31 01:21:19,1188.09,24.4,Beauty,12,0,13.8,2,0.2836099420312872,0,38,0.1541565237392421,0
ORD500521,CUST100532,560078,2025-03-31 02:05:09,1317.48,24.2,Fashion,11,0,1.0,12,0.0579409313044473,0,23,0.1613949611326143,0
ORD504736,CUST101048,560088,2025-03-31 02:53:55,1275.7,8.6,Fashion,11,0,22.1,9,0.0703373015873015,0,21,0.1692411924119241,0
ORD507563,CUST100262,560045,2025-03-31 02:56:07,660.95,7.6,Beauty,14,0,7.7,7,0.1653707303526798,0,32,0.1718806741717044,0
ORD502674,CUST101463,560114,2025-03-31 03:46:14,2010.26,32.7,Beauty,13,0,7.0,7,0.2486812881732371,0,28,0.0820146215065704,0
ORD503799,CUST101974,560012,2025-03-31 05:47:28,375.33,26.4,Other,23,1,13.7,10,0.3322601535757239,0,31,0.1163844944028124,0
ORD505218,CUST101429,560058,2025-03-31 06:55:28,569.93,30.7,Fashion,3,1,3.0,12,0.116684076516289,0,34,0.2395280963538455,0
ORD506425,CUST100111,560023,2025-03-31 08:04:48,1346.96,29.5,Grocery,13,0,9.5,1,0.1638927415626444,0,27,0.1262431020745418,0
ORD500220,CUST100982,560028,2025-03-31 08:39:07,506.07,9.5,Other,3,1,19.2,0,0.1966167498613422,1,24,0.1575530681187919,0
ORD501270,CUST101511,560020,2025-03-31 08:56:16,989.34,20.6,Fashion,4,1,2.3,7,0.3319009333702985,0,31,0.1947302902308691,1
ORD503013,CUST101048,560087,2025-03-31 09:16:09,559.34,8.8,Electronics,13,0,24.8,10,0.0655949741315595,0,26,0.1942543140846428,0
ORD503910,CUST101774,560076,2025-03-31 09:27:45,952.54,5.2,Fashion,1,1,4.3,2,0.2833788544511736,0,35,0.1624474168115066,0
ORD500017,CUST100928,560049,2025-03-31 09:37:10,1899.43,9.2,Beauty,3,1,2.8,1,0.1638965835641736,0,25,0.0874115112342259,0
ORD503939,CUST101430,560013,2025-03-31 09:55:05,999.06,29.2,Fashion,22,1,4.0,11,0.1864441982830241,0,29,0.1618862997982355,0
ORD500031,CUST101580,560002,2025-03-31 09:59:18,368.59,19.5,Electronics,19,0,15.8,4,0.1092038882736557,0,29,0.1414559179153388,0
ORD503912,CUST101183,560037,2025-03-31 10:10:34,280.73,54.4,Grocery,9,0,18.9,21,0.4993293448870531,0,17,0.1873041045473926,0
ORD502860,CUST100681,560071,2025-03-31 10:17:57,848.45,8.0,Fashion,12,0,19.5,1,0.1637151817007932,0,29,0.2638604971595721,0
ORD500463,CUST100240,560020,2025-03-31 11:04:32,874.33,17.0,Other,13,0,18.0,2,0.1402884805374432,0,32,0.2101553356740078,0
ORD503466,CUST101753,560004,2025-03-31 11:34:33,920.81,12.7,Fashion,11,0,8.1,1,0.1636246312684366,0,35,0.1441271118262268,0
ORD502912,CUST101586,560058,2025-03-31 11:42:10,1082.62,16.7,Beauty,17,0,12.7,9,0.3558197401161183,0,35,0.2350164626636841,0
ORD506562,CUST100524,560051,2025-03-31 12:19:41,340.33,17.9,Beauty,19,0,12.0,9,0.1415146489773355,0,28,0.1651004238068914,0
ORD502383,CUST101080,560116,2025-03-31 12:38:14,698.16,5.4,Home,4,1,7.4,3,0.2476167449571705,0,23,0.137761298572778,0
ORD507631,CUST100684,560092,2025-03-31 12:57:59,2001.86,17.7,Electronics,14,0,20.4,11,0.2487914364640884,0,34,0.2948639246981788,1
ORD507202,CUST101056,560091,2025-03-31 13:56:49,2002.83,5.7,Home,1,1,4.3,2,0.1402532844123565,0,25,0.2428242658565773,0
ORD505616,CUST101408,560011,2025-03-31 15:17:54,1049.87,20.2,Grocery,13,0,9.5,8,0.3831924563564541,0,32,0.2485770717410695,0
ORD507217,CUST100453,560086,2025-03-31 15:59:07,969.82,16.9,Fashion,10,0,7.3,4,0.1090256693348054,0,40,0.1487487349342165,0
ORD506731,CUST100416,560074,2025-03-31 17:10:27,443.98,0.4,Fashion,9,0,1.5,6,0.1800872968091511,0,29,0.0800783889714826,0
ORD507175,CUST101987,560119,2025-03-31 17:44:57,911.47,38.5,Fashion,17,0,19.8,8,0.1523607427055703,0,31,0.2141717376605814,0
ORD501906,CUST100834,560093,2025-03-31 17:58:19,562.53,31.2,Grocery,23,1,7.1,14,0.2621273260371005,0,40,0.1653612796469939,0
ORD502172,CUST101013,560116,2025-03-31 18:34:25,460.47,27.9,Beauty,1,1,21.3,13,0.1100082712985938,0,24,0.134558989397699,0
ORD505448,CUST101179,560015,2025-03-31 18:43:18,217.48,19.8,Electronics,18,0,24.2,1,0.1633131201764057,0,28,0.2066565600882028,0
ORD500280,CUST100274,560001,2025-03-31 19:59:47,1141.04,52.2,Fashion,16,0,1.4,6,0.0890553370575415,0,37,0.3319023654479268,0
ORD504476,CUST100541,560083,2025-03-31 20:47:17,852.76,20.3,Grocery,10,0,5.2,24,0.0682530635508691,0,29,0.1411705177938944,0
ORD507277,CUST101183,560049,2025-03-31 21:03:55,214.03,19.5,Other,22,1,23.6,22,0.4807062639615655,0,26,0.085136445822806,1
ORD503671,CUST101381,560094,2025-03-31 21:18:51,919.3,47.2,Fashion,5,0,13.7,0,0.1960352422907489,1,32,0.286936631650288,1
ORD504576,CUST100834,560073,2025-03-31 21:21:51,1267.37,3.2,Fashion,2,1,2.6,15,0.2490641343242499,0,26,0.1940245814334781,0
ORD501216,CUST101666,560056,2025-03-31 21:23:24,3284.29,13.2,Beauty,2,1,7.1,4,0.1090014064697608,0,25,0.1983122362869198,0
ORD501719,CUST100794,560029,2025-03-31 21:28:29,1563.3,15.0,Beauty,7,0,23.0,3,0.2475928473177441,0,27,0.1472972577482513,0
ORD500313,CUST100720,560108,2025-03-31 22:01:51,916.2,25.6,Home,5,0,3.4,2,0.14006757818639,0,24,0.2254975497549755,0
ORD503779,CUST100070,560116,2025-03-31 22:03:56,259.49,13.0,Electronics,23,1,26.5,3,0.1225254330492164,0,25,0.1315736412794427,0
ORD502586,CUST101280,560116,2025-03-31 22:13:30,779.2,41.3,Grocery,1,1,6.2,4,0.1088815588540712,0,26,0.1286899156249253,0
ORD505946,CUST100820,560108,2025-03-31 23:11:25,782.23,32.0,Beauty,2,1,17.0,2,0.2828092490087543,0,25,0.2204146438276694,0
ORD505709,CUST100213,560003,2025-03-31 23:50:30,759.1,10.1,Electronics,23,1,17.2,1,0.1632326007326007,0,22,0.1885138670852956,0
ORD500637,CUST100126,560069,2025-04-01 00:35:51,583.52,15.9,Fashion,5,0,6.4,1,0.1631877689279502,0,33,0.1116321972503925,0
ORD500639,CUST100573,560039,2025-04-01 00:47:38,453.8,13.7,Other,7,0,26.1,6,0.2708052518596175,0,22,0.1646531209957898,0
ORD507067,CUST101998,560026,2025-04-01 04:23:52,503.25,10.9,Home,2,1,11.3,7,0.0815490895781864,0,36,0.1948992196384455,0
ORD505429,CUST101596,560072,2025-04-01 04:59:04,1605.22,38.1,Home,6,0,9.2,3,0.2472900658616904,0,41,0.14611937881269,0
ORD506391,CUST100171,560029,2025-04-01 06:10:47,642.06,13.8,Home,15,0,1.1,0,0.1956104252400548,1,28,0.1440043438500228,0
ORD507097,CUST101642,560090,2025-04-01 06:21:10,283.62,33.5,Other,16,0,20.0,2,0.1396834103910351,0,32,0.1136756825182497,0
ORD507830,CUST101608,560080,2025-04-01 07:18:37,971.74,4.8,Fashion,9,0,14.4,12,0.1163244568460781,0,26,0.2589144144681155,1
ORD500169,CUST100043,560100,2025-04-01 08:48:55,1094.78,2.5,Beauty,18,0,12.3,2,0.1398026315789473,0,40,0.2652412280701754,0
ORD504266,CUST100986,560037,2025-04-01 09:12:13,1038.38,59.1,Beauty,1,1,7.6,1,0.1630583721567552,0,18,0.1819316034674243,0
ORD501774,CUST100515,560005,2025-04-01 09:23:57,651.92,11.4,Beauty,8,0,17.6,16,0.094194390084801,0,30,0.3182465753424657,0
ORD503461,CUST101183,560114,2025-04-01 09:35:37,438.11,44.1,Fashion,7,0,2.2,23,0.4992076534804554,0,29,0.0798215753022655,1
ORD505813,CUST101218,560010,2025-04-01 10:21:57,798.98,20.2,Other,12,0,14.3,0,0.1957831325301204,1,34,0.2762159750111557,0
ORD505247,CUST100310,560096,2025-04-01 11:28:19,833.7,14.4,Fashion,12,0,8.4,1,0.3297746144721233,0,24,0.1116952442575218,0
ORD506011,CUST101114,560095,2025-04-01 11:53:10,645.06,20.8,Electronics,20,0,8.0,3,0.1222974822112753,0,27,0.1896493495906555,0
ORD505338,CUST100143,560085,2025-04-01 12:27:11,2320.52,18.8,Beauty,9,0,2.6,2,0.4254445964432284,0,31,0.1551460529492234,1
ORD504743,CUST100421,560035,2025-04-01 13:22:17,261.88,31.1,Grocery,4,1,26.3,0,0.1958424507658643,1,30,0.3183369803063457,0
ORD502295,CUST100262,560011,2025-04-01 13:29:44,630.35,38.4,Fashion,7,0,1.0,8,0.1522264992322416,0,33,0.2436939237750295,1
ORD501269,CUST101804,560090,2025-04-01 13:30:16,445.28,31.4,Fashion,4,1,3.2,3,0.122505467468562,0,33,0.1117014143206412,0
ORD502864,CUST100855,560071,2025-04-01 13:35:33,921.89,15.9,Fashion,3,1,12.8,2,0.1399679850076133,0,30,0.2583820716042634,0
ORD500450,CUST100438,560073,2025-04-01 14:34:40,587.15,20.3,Electronics,5,0,8.2,1,0.1632513661202186,0,27,0.1897453784443669,0
ORD503958,CUST100364,560117,2025-04-01 15:14:47,253.77,43.8,Beauty,10,0,4.6,15,0.0989620322316307,0,32,0.1714800495871241,0
ORD505342,CUST100410,560112,2025-04-01 15:22:03,439.57,8.2,Electronics,8,0,32.3,13,0.2766096243704108,0,37,0.1915068939415715,0
ORD503252,CUST101434,560056,2025-04-01 16:08:15,217.15,25.3,Fashion,13,0,5.3,1,0.1631176631176631,0,26,0.1938005198874764,0
ORD507331,CUST100520,560076,2025-04-01 18:02:21,633.54,22.8,Electronics,10,0,19.8,5,0.1978438864628821,0,36,0.1591742046163443,0
ORD500809,CUST100684,560031,2025-04-01 18:42:20,561.11,40.4,Home,15,0,17.2,12,0.2928336409597946,0,41,0.1788965177912463,1
ORD501090,CUST100490,560000,2025-04-01 20:34:41,596.65,40.2,Grocery,13,0,7.6,0,0.1958537915984724,1,31,0.1944524672935186,0
ORD501259,CUST100801,560107,2025-04-01 20:54:46,843.38,18.8,Home,16,0,4.5,2,0.1398574155596244,0,30,0.3183201527133896,0
ORD503253,CUST100001,560034,2025-04-01 21:13:06,463.18,10.6,Electronics,16,0,24.3,16,0.094225476450122,0,29,0.2023457147308214,0
ORD500573,CUST101163,560100,2025-04-01 21:23:13,772.73,19.6,Electronics,14,0,17.0,0,0.1956936494957754,1,41,0.2608831637691067,0
ORD502468,CUST100770,560052,2025-04-01 21:42:35,1196.05,24.1,Grocery,18,0,9.9,1,0.1630336058128973,0,30,0.0982561307901907,0
ORD506793,CUST101496,560023,2025-04-01 22:12:53,505.88,19.9,Fashion,8,0,8.9,2,0.1397050239327548,0,28,0.1231612639607736,0
ORD506905,CUST101763,560081,2025-04-01 22:17:19,439.92,32.6,Fashion,22,1,11.7,2,0.139666977902272,0,32,0.2098206804089157,0
ORD503098,CUST101605,560091,2025-04-01 23:44:57,815.2,10.7,Other,9,0,17.4,3,0.372175333514838,0,26,0.2371654494016264,0
ORD505908,CUST101397,560022,2025-04-02 00:25:27,169.06,27.6,Beauty,2,1,10.7,3,0.1221420794774088,0,23,0.160663873099467,0
ORD503509,CUST100824,560043,2025-04-02 01:37:33,663.05,15.5,Grocery,21,0,18.4,1,0.1628117913832199,0,35,0.1255905998763141,0
ORD505258,CUST101916,560004,2025-04-02 02:16:18,539.7,21.6,Electronics,1,1,19.6,5,0.1976605005440696,0,36,0.1411860718171926,1
ORD502629,CUST100573,560098,2025-04-02 02:26:04,703.62,16.1,Home,22,1,19.2,7,0.2481416009427975,0,33,0.1869961668915902,0
ORD503838,CUST101263,560041,2025-04-02 02:26:56,620.82,8.2,Beauty,18,0,9.2,3,0.122179173463839,0,24,0.1343121261555193,0
ORD502031,CUST100272,560108,2025-04-02 03:20:47,1274.35,4.7,Home,19,0,20.6,0,0.1954335417232943,1,26,0.2154058877057801,0
ORD507094,CUST101044,560112,2025-04-02 04:31:30,1693.9,15.1,Home,9,0,10.6,1,0.1628170289855072,0,38,0.1880622188905547,0
ORD504894,CUST100270,560038,2025-04-02 05:00:16,2318.4,17.2,Fashion,23,1,20.8,2,0.1395195404975356,0,37,0.2966060900689648,0
ORD502414,CUST100774,560077,2025-04-02 05:43:24,558.57,25.3,Other,22,1,18.1,9,0.1411693955148599,0,29,0.365418084670044,0
ORD500061,CUST101719,560081,2025-04-02 06:22:40,1432.92,18.9,Beauty,7,0,6.3,1,0.1626844058285818,0,33,0.2057438818846408,0
ORD502538,CUST101061,560007,2025-04-02 06:34:42,743.79,36.8,Fashion,22,1,11.5,7,0.2479867897213174,0,26,0.2805079544918095,0
ORD501493,CUST101850,560038,2025-04-02 07:03:06,898.76,12.2,Grocery,16,0,24.9,2,0.1393680945919752,0,38,0.29141908014785,0
ORD506314,CUST101372,560025,2025-04-02 07:14:57,614.39,5.1,Other,22,1,8.1,1,0.1625519985530837,0,27,0.2106648503249789,1
ORD505602,CUST101062,560043,2025-04-02 07:40:35,671.14,12.0,Beauty,7,0,19.6,22,0.4065334659313503,0,36,0.1233145414390329,1
ORD504271,CUST100888,560027,2025-04-02 07:45:02,1045.31,19.0,Home,20,0,1.8,8,0.3828841982312698,0,27,0.2959569852771496,0
ORD504819,CUST100495,560042,2025-04-02 07:46:41,878.62,6.0,Beauty,18,0,26.8,6,0.2706572365016387,0,23,0.207184148978421,0
ORD505233,CUST101377,560004,2025-04-02 07:53:40,923.35,5.1,Electronics,23,1,16.9,2,0.1395663956639566,0,37,0.1562782294489611,0
ORD506645,CUST101592,560040,2025-04-02 09:22:50,1506.27,53.3,Electronics,1,1,11.9,6,0.1797000073889805,0,34,0.1279037097243545,0
ORD501437,CUST100664,560045,2025-04-02 09:24:17,399.42,3.6,Beauty,2,1,14.6,2,0.1394907908992416,0,33,0.1680328706637502,0
ORD505940,CUST101762,560002,2025-04-02 09:50:19,945.92,33.6,Beauty,18,0,1.7,12,0.175068890269349,0,30,0.1380936907663146,0
ORD501312,CUST101007,560080,2025-04-02 10:59:19,646.23,6.1,Beauty,1,1,11.9,5,0.2975906876015159,0,27,0.2745452660438434,0
ORD500890,CUST100622,560045,2025-04-02 11:11:56,197.97,8.8,Beauty,5,0,4.2,2,0.1393775372124492,0,34,0.1648624267027514,0
ORD507474,CUST100406,560118,2025-04-02 14:05:17,1473.96,18.9,Fashion,19,0,10.8,1,0.3292297979797979,0,34,0.2574354657687991,0
ORD503138,CUST100349,560118,2025-04-02 14:26:59,567.01,21.3,Home,19,0,3.1,1,0.162519159679019,0,35,0.252735633314481,0
ORD500925,CUST100759,560089,2025-04-02 15:03:04,150.0,25.4,Fashion,12,0,15.1,12,0.2926383100563102,0,15,0.139983002395117,1
ORD500914,CUST101123,560025,2025-04-02 15:33:09,607.47,23.6,Fashion,23,1,15.8,5,0.0975939443092727,0,28,0.2271616202577273,1
ORD507554,CUST101802,560110,2025-04-02 15:47:26,723.45,13.1,Grocery,21,0,6.0,1,0.1628378378378378,0,31,0.3119236883942766,1
ORD507937,CUST100042,560067,2025-04-02 15:58:51,884.53,20.3,Other,6,0,7.1,2,0.1397305747481375,0,23,0.2770338626266942,0
ORD506459,CUST100485,560027,2025-04-02 16:10:18,480.83,12.7,Fashion,13,0,20.6,6,0.088895437355729,0,28,0.289820817576085,0
ORD500255,CUST100364,560015,2025-04-02 16:32:55,279.06,6.7,Home,8,0,3.4,16,0.0941707495852783,0,29,0.2022518972482322,0
ORD505880,CUST101221,560066,2025-04-02 16:48:47,348.34,10.8,Grocery,23,1,17.3,2,0.2824745448935514,0,20,0.347732181425486,1
ORD503313,CUST101657,560113,2025-04-02 17:34:27,546.95,51.4,Home,16,0,6.5,18,0.1729742416241272,0,31,0.1747770633219549,0
ORD506300,CUST100297,560065,2025-04-02 18:13:46,295.35,38.6,Electronics,16,0,13.1,12,0.2340084441763753,0,34,0.1650476704443245,0
ORD504387,CUST101125,560106,2025-04-02 18:56:27,366.28,22.0,Home,23,1,4.3,8,0.2290676682368077,0,29,0.2226840560880408,0
ORD505672,CUST100310,560102,2025-04-02 19:43:17,270.01,4.6,Electronics,22,1,4.6,2,0.282516566497149,0,31,0.2531463502337289,0
ORD506622,CUST101892,560021,2025-04-02 20:41:36,512.73,5.3,Beauty,8,0,7.3,9,0.1412394561491353,0,24,0.1343047623716267,0
ORD501416,CUST101398,560118,2025-04-02 21:08:23,1164.13,4.6,Electronics,18,0,5.9,0,0.1954177897574124,1,36,0.248363496341933,0
ORD506333,CUST100496,560025,2025-04-02 21:28:26,822.0,8.3,Electronics,9,0,10.7,0,0.1953651306925357,1,29,0.2430061757928717,0
ORD500804,CUST100872,560026,2025-04-02 21:35:27,256.45,24.6,Fashion,14,0,19.1,26,0.4508568548387097,0,37,0.1913377192982456,0
ORD501549,CUST101529,560050,2025-04-02 21:49:38,390.92,3.1,Electronics,1,1,19.3,1,0.1627165813807343,0,23,0.3233766965845959,1
ORD507154,CUST101929,560054,2025-04-02 22:10:08,574.75,15.8,Grocery,1,1,3.5,8,0.305952528892755,0,23,0.137430965172634,1
ORD506153,CUST100654,560060,2025-04-02 22:52:45,602.87,24.8,Grocery,1,1,16.7,4,0.1087184088529983,0,32,0.1521896676674604,0
ORD503181,CUST101903,560095,2025-04-02 23:08:42,229.7,25.9,Home,12,0,6.7,0,0.1956404736275565,1,28,0.1856835306781485,0
ORD502167,CUST101767,560020,2025-04-02 23:41:53,725.13,23.1,Home,15,0,24.3,7,0.4148282665231818,0,33,0.2058822036436363,0
ORD503449,CUST100882,560085,2025-04-03 00:24:36,481.08,20.3,Fashion,2,1,3.4,2,0.2825251671405517,0,32,0.171359705383374,1
ORD505146,CUST101333,560000,2025-04-03 00:41:18,1633.03,6.7,Fashion,21,0,6.1,1,0.1631262884287891,0,32,0.190673671582518,0
ORD501457,CUST100297,560029,2025-04-03 01:17:45,487.27,26.9,Fashion,1,1,3.7,13,0.2210274790919952,0,29,0.141101601931095,0
ORD503680,CUST100834,560093,2025-04-03 02:21:44,235.79,19.9,Fashion,4,1,5.8,16,0.2370586503884004,0,41,0.1625069939774694,0
ORD500285,CUST101520,560040,2025-04-03 02:43:08,921.82,25.7,Electronics,9,0,3.1,2,0.2825669762800338,0,35,0.1256704606516535,1
ORD500620,CUST100398,560026,2025-04-03 03:03:51,1118.39,12.2,Beauty,22,1,10.2,9,0.1413606538505813,0,38,0.1882102864764233,0
ORD501691,CUST100901,560032,2025-04-03 03:11:37,725.28,34.3,Grocery,13,0,18.0,14,0.2620413816496127,0,34,0.2206508334327883,0
ORD502195,CUST101467,560091,2025-04-03 03:35:48,387.91,4.6,Fashion,16,0,11.4,10,0.065234899328859,0,27,0.2322147651006711,0
ORD500846,CUST101714,560037,2025-04-03 03:57:43,251.98,22.9,Home,5,0,21.1,8,0.1521739130434782,0,19,0.177257525083612,0
ORD507257,CUST100161,560050,2025-04-03 05:03:07,625.29,13.8,Beauty,9,0,26.8,2,0.4254283414465867,0,24,0.3389089445569188,0
ORD505905,CUST101303,560017,2025-04-03 06:17:21,411.14,4.3,Beauty,13,0,13.3,0,0.1955472103004291,1,21,0.1685596147806971,0
ORD501452,CUST101268,560045,2025-04-03 06:27:38,760.47,9.7,Home,7,0,10.4,16,0.332260659694288,0,35,0.1619980984421853,1
ORD507460,CUST101657,560095,2025-04-03 06:33:40,1123.03,2.8,Beauty,6,0,7.3,19,0.1657730116175156,0,29,0.1819226350057449,0
ORD506786,CUST101717,560066,2025-04-03 07:20:07,433.51,18.6,Fashion,18,0,16.0,6,0.1798445456982042,0,21,0.363735610017585,0
ORD501991,CUST101265,560114,2025-04-03 07:25:36,486.42,29.2,Beauty,19,0,22.8,8,0.0752329128534916,0,30,0.0982422293676313,0
ORD501612,CUST101735,560014,2025-04-03 07:33:06,383.1,44.9,Fashion,2,1,28.6,2,0.1396808388504075,0,29,0.2430829283226818,0
ORD507214,CUST100182,560021,2025-04-03 08:54:26,1698.29,26.3,Electronics,11,0,13.1,6,0.0888640015581633,0,25,0.1313336904124263,0
ORD500816,CUST101393,560030,2025-04-03 09:56:28,682.91,7.3,Fashion,22,1,21.7,0,0.1954484605087014,1,31,0.1942935139249809,1
ORD507070,CUST100416,560035,2025-04-03 12:50:22,1611.69,32.6,Beauty,2,1,6.3,7,0.1648599214846538,0,31,0.3120250241424193,0
ORD506811,CUST100321,560028,2025-04-03 13:06:33,357.0,6.1,Fashion,14,0,11.4,9,0.2841469475132841,0,25,0.1536050902387536,0
ORD503859,CUST100541,560115,2025-04-03 13:24:22,889.85,35.0,Electronics,15,0,3.1,25,0.0659265204209024,0,27,0.1470464351171977,0
ORD506986,CUST100534,560029,2025-04-03 13:31:57,1432.83,20.2,Fashion,5,0,2.7,4,0.5530593444474161,0,30,0.1382027280021396,1
ORD505547,CUST101326,560063,2025-04-03 13:42:33,1165.03,16.3,Fashion,5,0,8.9,0,0.1957219251336898,1,38,0.1881799741840309,0
ORD507153,CUST100792,560055,2025-04-03 14:00:38,687.24,12.3,Fashion,0,1,2.4,2,0.139764005040669,0,34,0.1465442989099765,0
ORD501284,CUST100633,560071,2025-04-03 14:26:47,376.41,36.3,Home,11,0,23.5,6,0.1798260531558233,0,31,0.2531832615462005,0
ORD500276,CUST101959,560013,2025-04-03 14:44:14,541.99,4.8,Beauty,6,0,24.0,3,0.2472281592305637,0,30,0.1582260219075608,0
ORD502578,CUST100630,560014,2025-04-03 15:23:15,1113.45,4.4,Fashion,8,0,10.0,0,0.1955128205128205,1,30,0.2382051282051282,1
ORD502489,CUST101095,560082,2025-04-03 15:40:22,311.4,5.9,Fashion,17,0,11.0,2,0.1398054548922372,0,30,0.2382910547396528,0
ORD504158,CUST100118,560064,2025-04-03 16:19:01,1740.04,20.0,Electronics,10,0,24.2,0,0.1956753870795515,1,28,0.2065314112831464,1
ORD502641,CUST101714,560080,2025-04-03 16:28:36,231.34,15.0,Home,23,1,12.1,9,0.1413893019177246,0,28,0.2691208522373454,0
ORD504450,CUST100440,560079,2025-04-03 19:26:01,640.12,6.2,Grocery,18,0,13.5,3,0.2473986125933831,0,31,0.1944461882938874,0
ORD505470,CUST101246,560069,2025-04-03 19:53:34,1594.38,8.0,Electronics,9,0,19.9,21,0.2684202966945031,0,34,0.1095502010412653,0
ORD500632,CUST100343,560057,2025-04-03 21:47:36,687.83,8.9,Beauty,21,0,12.0,6,0.1798787878787879,0,34,0.0724938271604938,0
ORD501642,CUST101553,560064,2025-04-03 21:48:46,642.66,40.5,Beauty,7,0,4.9,8,0.0752619814203391,0,29,0.2227270006909722,0
ORD507625,CUST101177,560091,2025-04-03 22:33:10,344.15,10.3,Electronics,23,1,16.4,3,0.1222681236673774,0,28,0.2273454157782516,0
ORD500118,CUST101239,560097,2025-04-03 22:42:23,353.63,8.4,Home,15,0,14.1,15,0.2488942179589661,0,41,0.2280579907658572,0
ORD505253,CUST101940,560076,2025-04-03 23:03:04,740.49,8.5,Electronics,23,1,8.0,3,0.2472029834842834,0,37,0.1563244819560889,0
ORD504279,CUST101714,560111,2025-04-03 23:10:41,1030.45,5.6,Grocery,18,0,18.5,10,0.1318242343541944,0,29,0.1818255930867686,0
ORD501752,CUST100000,560080,2025-04-03 23:14:08,1035.87,12.8,Electronics,2,1,12.9,2,0.2824433287692073,0,29,0.2634370041946491,0
ORD503831,CUST101974,560076,2025-04-04 00:06:23,1544.59,7.5,Grocery,1,1,10.9,11,0.3110527016236358,0,38,0.1535753948950464,0
ORD500678,CUST101523,560056,2025-04-04 00:08:13,501.17,35.0,Beauty,8,0,11.1,2,0.2823690412833574,0,27,0.1894964501262554,1
ORD504500,CUST101451,560025,2025-04-04 00:32:50,398.9,34.9,Beauty,3,1,10.9,0,0.1955307262569832,1,30,0.2382122905027932,0
ORD501690,CUST101997,560072,2025-04-04 00:43:40,208.45,10.8,Electronics,8,0,18.3,1,0.1628989361702127,0,42,0.1437028140013726,0
ORD500227,CUST100267,560055,2025-04-04 01:55:49,533.67,11.0,Home,19,0,15.1,1,0.1628556235043871,0,35,0.1437915448019144,0
ORD504419,CUST100696,560090,2025-04-04 02:38:02,483.75,3.6,Home,3,1,12.5,4,0.1085415559099769,0,34,0.109398074310355,0
ORD500428,CUST100008,560042,2025-04-04 02:38:54,1533.53,18.7,Fashion,16,0,12.8,5,0.1976614403401541,0,24,0.2024194912183219,1
ORD500181,CUST100001,560081,2025-04-04 02:52:51,1060.03,11.1,Beauty,2,1,15.5,17,0.0898946961646217,0,34,0.2020506159719762,0
ORD506613,CUST101097,560101,2025-04-04 03:02:59,468.93,25.0,Home,12,0,8.4,1,0.3295706064630367,0,41,0.178847451723162,0
ORD500628,CUST100349,560097,2025-04-04 06:48:21,379.1,16.9,Electronics,9,0,26.9,2,0.1395948714058113,0,42,0.2243331677316567,1
ORD505702,CUST100564,560114,2025-04-04 07:16:52,936.86,3.3,Beauty,8,0,8.6,1,0.1630386691443235,0,31,0.0963319227345836,0
ORD500111,CUST101008,560119,2025-04-04 09:06:28,609.71,7.7,Grocery,7,0,13.7,3,0.1222465498938429,0,32,0.2098440307039033,0
ORD507337,CUST101608,560092,2025-04-04 09:21:20,473.73,17.6,Home,5,0,19.4,13,0.1654284956221809,0,35,0.3074700306326732,0
ORD502952,CUST100003,560014,2025-04-04 09:28:55,983.25,2.4,Beauty,21,0,20.1,3,0.2471816976127321,0,31,0.2531336141883809,1
ORD502239,CUST100993,560090,2025-04-04 09:52:35,1490.16,6.8,Home,14,0,16.6,1,0.1630867143993636,0,35,0.1075287481015404,0
ORD504215,CUST100635,560082,2025-04-04 10:27:15,1804.44,11.7,Grocery,18,0,10.9,3,0.2472826086956521,0,31,0.2335890878090366,0
ORD501664,CUST101265,560093,2025-04-04 10:29:39,733.87,1.6,Fashion,13,0,22.7,9,0.0698572564461777,0,42,0.1598710703384831,0
ORD506956,CUST100975,560107,2025-04-04 11:55:21,652.01,12.3,Beauty,13,0,11.5,9,0.2841244605950488,0,31,0.3119797998690732,1
ORD502309,CUST101203,560099,2025-04-04 12:03:57,529.59,13.3,Electronics,13,0,12.6,20,0.2391523178807947,0,32,0.1522159959246052,0
ORD506561,CUST100047,560095,2025-04-04 13:34:04,496.35,35.4,Fashion,6,0,5.8,10,0.5319032485875705,0,30,0.1782838983050847,1
ORD502376,CUST100213,560048,2025-04-04 14:58:30,1307.83,6.8,Beauty,13,0,13.4,2,0.1399447785468436,0,35,0.2530627963511204,0
ORD504855,CUST100965,560050,2025-04-04 15:27:29,474.06,15.5,Electronics,10,0,8.6,3,0.1224192694547379,0,25,0.3314981471678137,0
ORD502476,CUST101639,560019,2025-04-04 16:30:08,362.37,15.4,Beauty,4,1,4.6,10,0.1986063332451265,0,43,0.1415298411858348,0
ORD507126,CUST101822,560106,2025-04-04 17:11:54,800.67,16.6,Fashion,6,0,12.6,0,0.1957671957671957,1,30,0.2183068783068782,0
ORD503051,CUST101237,560101,2025-04-04 17:55:16,320.53,15.4,Home,1,1,6.8,5,0.1978577096006347,0,42,0.1760372320004095,0
ORD501798,CUST100557,560029,2025-04-04 18:39:42,350.82,31.0,Electronics,13,0,15.1,21,0.1914737826953585,0,31,0.1551622235356332,1
ORD507726,CUST101551,560029,2025-04-04 18:39:56,785.87,7.8,Beauty,3,1,12.2,9,0.0699558173784977,0,32,0.1714908802537668,1
ORD503508,CUST101161,560044,2025-04-04 19:21:35,353.53,13.4,Fashion,9,0,1.0,13,0.0544691097016678,0,32,0.1715726134330785,0
ORD505747,CUST101892,560023,2025-04-04 22:03:51,1539.27,13.6,Grocery,18,0,10.4,10,0.1320123293703214,0,29,0.1208314237187609,0
ORD507485,CUST101785,560107,2025-04-04 22:30:56,793.63,30.2,Other,19,0,10.2,4,0.1088806714797206,0,32,0.3253789264090373,0
ORD503611,CUST101708,560094,2025-04-04 22:43:11,733.96,32.5,Grocery,21,0,11.3,0,0.1959334565619223,1,33,0.300352247759216,0
ORD507715,CUST101664,560022,2025-04-04 23:09:00,823.93,8.8,Grocery,3,1,20.8,1,0.3299014431538191,0,24,0.1572189689929922,1
ORD503599,CUST101640,560055,2025-04-04 23:51:50,1806.72,8.6,Grocery,17,0,6.7,2,0.1400671115635486,0,36,0.1414621272103457,1
ORD501659,CUST100742,560020,2025-04-05 00:18:52,661.24,9.8,Other,17,0,5.9,8,0.0755023340775319,0,34,0.2023355809635493,0
ORD504688,CUST101748,560055,2025-04-05 00:33:40,678.63,26.7,Home,8,0,3.5,0,0.1962542864679504,1,37,0.1565804513922633,0
ORD500159,CUST101506,560011,2025-04-05 02:29:04,543.21,8.4,Fashion,12,0,8.4,0,0.1962025316455696,1,34,0.2578527894983591,0
ORD503731,CUST101875,560108,2025-04-05 03:18:06,573.12,20.5,Home,20,0,10.9,11,0.1862971262852623,0,27,0.2111280017501444,0
ORD506553,CUST100386,560026,2025-04-05 04:18:37,817.61,10.7,Grocery,7,0,19.1,1,0.1634159198734844,0,39,0.185118340287519,0
ORD506763,CUST101929,560066,2025-04-05 05:22:08,1542.6,21.7,Home,21,0,1.6,9,0.3557312252964427,0,22,0.3552606813476379,0
ORD500334,CUST101730,560046,2025-04-05 06:33:28,1631.11,15.2,Fashion,11,0,6.8,10,0.1319985950122936,0,14,0.2329386970805182,0
ORD506062,CUST100902,560100,2025-04-05 07:13:46,365.15,52.0,Home,21,0,1.0,0,0.1959441664471951,1,42,0.2567561827249016,0
ORD506734,CUST101230,560005,2025-04-05 07:23:03,429.98,23.4,Home,20,0,13.2,3,0.247432859399684,0,31,0.3121147353096057,1
ORD507670,CUST100206,560068,2025-04-05 08:12:00,705.22,20.1,Beauty,1,1,3.7,4,0.1089467988651984,0,29,0.1616751991662682,0
ORD501677,CUST101937,560088,2025-04-05 09:18:37,703.32,12.5,Grocery,20,0,12.6,2,0.1400375939849624,0,22,0.1647869674185463,1
ORD502726,CUST101333,560101,2025-04-05 09:48:42,976.75,28.3,Grocery,10,0,4.2,2,0.1401886721539444,0,43,0.1734171876239753,0
ORD501121,CUST101062,560047,2025-04-05 11:02:24,1396.84,27.0,Grocery,21,0,14.3,23,0.4278950928082964,0,39,0.1512584812632067,1
ORD505239,CUST101742,560083,2025-04-05 11:21:56,580.93,17.5,Grocery,22,1,6.2,1,0.3303532299062144,0,30,0.1385695503549829,0
ORD507357,CUST100256,560104,2025-04-05 11:45:17,672.25,11.0,Fashion,8,0,31.4,9,0.1415615141955835,0,38,0.1539214619819428,0
ORD506689,CUST100037,560099,2025-04-05 12:07:45,262.41,30.3,Home,7,0,9.4,10,0.3321068769163381,0,33,0.1495549549996281,0
ORD502237,CUST100135,560086,2025-04-05 12:52:44,521.7,11.9,Fashion,3,1,4.1,0,0.1962690488702049,1,41,0.1463177209410508,0
ORD505564,CUST100879,560002,2025-04-05 12:53:17,1081.53,8.2,Fashion,13,0,6.8,5,0.0981087470449172,0,31,0.135771566309739,0
ORD507183,CUST101854,560055,2025-04-05 13:02:37,1280.2,7.7,Fashion,13,0,20.0,0,0.1961659663865546,1,38,0.153850333236743,1
ORD501172,CUST101774,560024,2025-04-05 13:26:22,812.38,14.9,Other,15,0,9.9,3,0.2477356261485954,0,28,0.1859904174323969,0
ORD500024,CUST100423,560100,2025-04-05 13:32:12,2107.5,28.1,Grocery,16,0,24.6,3,0.1227034120734908,0,43,0.2528017331166937,0
ORD505304,CUST100380,560115,2025-04-05 13:58:08,321.77,32.4,Beauty,7,0,26.5,5,0.0981369719233797,0,28,0.1442808099361497,0
ORD505186,CUST101214,560001,2025-04-05 14:12:20,833.4,21.2,Other,20,0,23.0,1,0.1635187128366561,0,38,0.3262836053117198,0
ORD505281,CUST101995,560054,2025-04-05 14:33:51,458.37,8.6,Electronics,19,0,19.4,7,0.1650712474866684,0,24,0.1573504518036382,0
ORD507734,CUST101684,560114,2025-04-05 14:54:07,1039.99,53.4,Other,1,1,14.5,4,0.1089553108430926,0,32,0.094661369045218,0
ORD503959,CUST101650,560092,2025-04-05 15:22:21,236.73,7.9,Fashion,23,1,2.9,2,0.1400486800224677,0,36,0.302167197154091,0
ORD504618,CUST100006,560015,2025-04-05 17:03:57,696.72,4.6,Fashion,11,0,21.9,2,0.282869122491764,0,30,0.1984067085953878,0
ORD504734,CUST101269,560092,2025-04-05 17:11:50,874.75,2.3,Grocery,22,1,9.5,3,0.1224783861671469,0,37,0.2968299711815562,1
ORD507674,CUST101974,560025,2025-04-05 17:31:16,458.59,8.2,Beauty,20,0,14.7,12,0.2929929436415739,0,31,0.233794513090726,0
ORD505743,CUST101628,560057,2025-04-05 18:24:50,992.31,52.8,Home,10,0,7.6,11,0.5612889499869076,0,35,0.071318050893856,0
ORD505038,CUST100139,560050,2025-04-05 19:05:02,628.75,8.6,Other,13,0,24.2,6,0.1800333174678724,0,26,0.3243796949692692,0
ORD504205,CUST100360,560053,2025-04-05 20:05:32,474.22,25.5,Electronics,19,0,18.7,3,0.4975137398586757,0,32,0.3061623014514927,1
ORD501841,CUST100935,560041,2025-04-05 20:31:13,413.05,19.6,Beauty,3,1,18.3,8,0.5370124381113393,0,25,0.1316588173731031,0
ORD502937,CUST101995,560116,2025-04-05 21:27:20,557.14,30.2,Grocery,5,0,10.0,8,0.1523773114147166,0,27,0.1260344722035162,0
ORD505990,CUST101740,560050,2025-04-05 21:46:29,464.03,0.8,Home,7,0,8.5,3,0.1225810669456066,0,27,0.317502003026796,0
ORD507804,CUST101467,560027,2025-04-05 22:16:20,1490.69,4.7,Fashion,21,0,11.0,11,0.0612745098039215,0,29,0.2841136454581833,1
ORD500567,CUST101145,560055,2025-04-05 22:25:12,947.88,38.3,Beauty,19,0,3.2,0,0.1962885520125457,1,39,0.1682334074618799,0
ORD505316,CUST100860,560101,2025-04-05 22:48:57,277.09,5.4,Electronics,13,0,9.2,9,0.141513307700922,0,44,0.1706991442383067,0
ORD502508,CUST101929,560114,2025-04-05 22:58:22,1133.21,41.2,Beauty,16,0,13.0,10,0.3320619993033786,0,33,0.0929003765698625,1
ORD507048,CUST100769,560108,2025-04-05 23:17:05,195.66,27.7,Fashion,21,0,15.3,0,0.1963959258291982,1,28,0.2068316357621659,0
ORD507179,CUST100774,560105,2025-04-05 23:24:15,1166.93,33.7,Electronics,22,1,20.2,10,0.1321148825065274,0,32,0.2293633259690701,0
ORD501540,CUST101062,560108,2025-04-05 23:25:18,1014.76,22.5,Electronics,19,0,19.0,24,0.4476367924103727,0,29,0.2025687330531272,1
ORD507510,CUST101850,560062,2025-04-05 23:46:45,411.16,2.0,Other,21,0,5.7,3,0.1228144572025052,0,24,0.2711377870563674,0
ORD507421,CUST100788,560014,2025-04-06 00:23:20,878.97,29.4,Home,20,0,16.4,0,0.1964518653795982,1,32,0.2678661020690762,1
ORD506376,CUST100547,560052,2025-04-06 01:02:00,1421.27,35.0,Electronics,10,0,16.2,2,0.2833296072732692,0,31,0.0967299804637556,0
ORD507170,CUST101494,560096,2025-04-06 01:49:51,524.98,40.1,Grocery,7,0,13.5,3,0.1228813559322034,0,25,0.1096045197740113,0
ORD500398,CUST101706,560043,2025-04-06 02:10:38,874.91,11.8,Other,23,1,12.7,1,0.1637990962808481,0,37,0.1391434791357957,0
ORD501240,CUST100503,560094,2025-04-06 02:11:15,1181.66,7.4,Electronics,11,0,13.7,4,0.1091709379434164,0,34,0.2950028475178332,0
ORD502009,CUST100680,560014,2025-04-06 02:21:44,758.81,13.8,Electronics,1,1,29.6,0,0.1964564877540385,1,33,0.28168169349209,0
ORD504591,CUST100524,560093,2025-04-06 02:28:31,1898.66,6.9,Fashion,14,0,19.6,10,0.1321351046279412,0,43,0.1575889885345472,0
ORD502464,CUST101062,560012,2025-04-06 02:48:14,1675.04,7.9,Fashion,19,0,19.9,25,0.4660590277777778,0,32,0.1139823717948717,1
ORD503764,CUST100973,560095,2025-04-06 04:03:09,590.51,10.3,Home,15,0,6.5,6,0.2711651795223782,0,31,0.1947307431173458,0
ORD500839,CUST100432,560095,2025-04-06 04:10:13,767.17,20.6,Fashion,2,1,3.7,3,0.122820145757418,0,32,0.1909662435430264,0
ORD506774,CUST101164,560049,2025-04-06 04:44:35,533.98,22.0,Beauty,14,0,20.0,4,0.1091450545002457,0,27,0.1048770630214648,0
ORD506331,CUST100343,560109,2025-04-06 04:46:31,537.63,33.0,Other,14,0,5.4,7,0.165170828997572,0,22,0.2601952331400822,0
ORD501155,CUST101586,560018,2025-04-06 05:26:16,1572.04,0.9,Grocery,21,0,3.0,10,0.3321196358907672,0,35,0.1441305118808369,0
ORD507530,CUST100324,560081,2025-04-06 06:03:03,763.37,32.8,Electronics,22,1,10.1,8,0.2293491739669586,0,35,0.1986574008414882,0
ORD504156,CUST100834,560058,2025-04-06 06:44:44,328.76,37.7,Beauty,5,0,16.9,17,0.2264220053406432,0,36,0.2308060083924394,0
ORD503802,CUST101578,560097,2025-04-06 06:47:09,898.27,2.6,Beauty,5,0,27.8,3,0.1226286382536382,0,43,0.2368907368907369,0
ORD506941,CUST101013,560003,2025-04-06 07:02:58,262.43,44.4,Fashion,20,0,3.1,14,0.1042512751090508,0,23,0.1842580676346015,0
ORD503532,CUST101823,560069,2025-04-06 07:07:42,955.79,27.5,Fashion,10,0,14.8,4,0.1089466089466089,0,35,0.1076741440377804,0
ORD501576,CUST101323,560017,2025-04-06 07:10:13,976.21,8.3,Electronics,11,0,22.2,2,0.2828949808955002,0,22,0.1647871301208096,0
ORD504567,CUST101312,560119,2025-04-06 07:28:02,759.89,44.1,Grocery,19,0,4.0,2,0.1400014834594274,0,33,0.206038519563471,0
ORD507968,CUST101092,560030,2025-04-06 08:00:45,1758.13,17.2,Fashion,21,0,23.8,2,0.1399651477512884,0,32,0.2099812334045399,0
ORD505601,CUST100204,560006,2025-04-06 08:08:44,643.76,13.3,Home,20,0,9.7,7,0.1649584846912299,0,34,0.2021853197255377,0
ORD505855,CUST100445,560022,2025-04-06 09:24:14,238.2,10.6,Grocery,11,0,12.8,2,0.1398925328886418,0,25,0.1759331315751549,0
ORD500811,CUST101268,560094,2025-04-06 10:23:36,1238.64,24.1,Home,11,0,13.6,17,0.3626815352697095,0,35,0.2893813655224443,0
ORD506800,CUST101067,560002,2025-04-06 11:24:06,969.38,4.7,Home,4,1,7.0,2,0.2826771361902293,0,32,0.1329799964101234,0
ORD504036,CUST101647,560081,2025-04-06 11:33:30,841.88,6.8,Fashion,2,1,11.2,0,0.1956972524624157,1,36,0.1948918758794342,0
ORD503794,CUST101160,560086,2025-04-06 12:21:39,856.4,33.3,Fashion,5,0,7.2,10,0.0652155135181826,0,42,0.1437569485659831,0
ORD504972,CUST101965,560017,2025-04-06 13:23:56,1028.52,35.6,Electronics,22,1,14.2,0,0.1955958549222798,1,23,0.1607422581033859,0
ORD500550,CUST100877,560052,2025-04-06 14:36:19,1365.63,17.1,Fashion,17,0,16.7,7,0.2481438314771648,0,32,0.0944404598250752,0
ORD507262,CUST100274,560045,2025-04-06 15:21:27,612.33,14.0,Electronics,19,0,3.3,7,0.081456067667875,0,36,0.1769623437153214,0
ORD507045,CUST101958,560061,2025-04-06 15:34:05,1608.02,7.3,Electronics,14,0,15.4,1,0.1628699628958495,0,21,0.0953385148658631,0
ORD507005,CUST101762,560053,2025-04-06 16:06:48,302.35,9.6,Beauty,11,0,18.3,13,0.1653870485392224,0,33,0.3190163678268682,1
ORD506323,CUST100292,560096,2025-04-06 16:12:57,1476.62,6.4,Beauty,20,0,17.3,2,0.1397153945666235,0,26,0.1067832836492491,0
ORD501040,CUST100713,560077,2025-04-06 16:16:35,472.79,44.2,Electronics,6,0,6.6,8,0.0752119065621393,0,30,0.3582203828246249,0
ORD507713,CUST101862,560046,2025-04-06 18:00:25,194.37,38.8,Electronics,18,0,13.0,0,0.195500387897595,1,15,0.2260002216557685,1
ORD507518,CUST100977,560098,2025-04-06 18:41:53,2333.2,53.0,Grocery,14,0,9.5,0,0.1957083764219234,1,34,0.1835956949710827,0
ORD507049,CUST100370,560091,2025-04-06 19:28:30,1016.42,15.3,Beauty,16,0,8.8,8,0.2290991510428057,0,29,0.2227174664127734,1
ORD501488,CUST100024,560069,2025-04-06 19:59:31,1064.76,7.6,Beauty,22,1,13.3,2,0.1399040236249538,0,36,0.1056662975267626,0
ORD501200,CUST100708,560016,2025-04-06 20:05:13,784.19,10.5,Electronics,14,0,17.6,7,0.3315895978644622,0,42,0.2244564628628094,0
ORD503755,CUST101768,560027,2025-04-06 20:43:52,962.18,9.2,Beauty,1,1,4.2,4,0.1087580348943985,0,30,0.2983057851239669,0
ORD506636,CUST100848,560033,2025-04-06 22:26:28,579.26,2.3,Home,14,0,9.6,0,0.195713916860315,1,28,0.2065474653584645,1
ORD507247,CUST100646,560105,2025-04-06 22:36:34,622.95,1.4,Fashion,3,1,6.9,0,0.1959215281362932,1,33,0.2248760483533182,0
ORD503118,CUST101820,560105,2025-04-06 22:39:22,493.54,11.1,Home,7,0,19.6,1,0.1632258064516129,0,34,0.2206929510155316,1
ORD503971,CUST101359,560003,2025-04-06 23:04:18,592.81,10.8,Fashion,5,0,4.0,1,0.1633986928104575,0,24,0.1800356506238859,0
ORD506643,CUST100972,560092,2025-04-06 23:04:46,787.29,8.6,Beauty,21,0,8.4,2,0.1400198975643907,0,38,0.3089751229621196,0
ORD506623,CUST100066,560111,2025-04-06 23:10:15,708.93,24.8,Fashion,21,0,16.1,1,0.163314423242221,0,30,0.1783909231562661,0
ORD501248,CUST100224,560013,2025-04-06 23:30:56,1221.56,18.7,Fashion,10,0,14.7,1,0.1632723210449428,0,31,0.1552654059819339,0
ORD501510,CUST101056,560097,2025-04-06 23:35:23,1066.34,38.1,Fashion,23,1,16.1,3,0.1224226804123711,0,44,0.2330863402061855,1
ORD503469,CUST101936,560037,2025-04-06 23:50:37,854.25,18.9,Fashion,14,0,11.0,0,0.1960834836382375,1,20,0.1730417418191188,0
ORD502094,CUST100089,560060,2025-04-07 00:55:02,701.94,33.4,Fashion,3,1,2.4,7,0.165013738622703,0,33,0.1494464047903726,0
ORD503898,CUST101465,560022,2025-04-07 01:01:25,545.06,11.3,Fashion,12,0,6.1,9,0.3557080313454251,0,26,0.1721662990292131,0
ORD504465,CUST101551,560113,2025-04-07 01:50:44,698.8,2.4,Fashion,0,1,2.5,10,0.1319773429454171,0,32,0.1715123187831735,0
ORD503543,CUST100364,560039,2025-04-07 02:10:16,382.41,27.1,Other,8,0,23.4,17,0.0899730899730899,0,23,0.1608751608751608,0
ORD504498,CUST101324,560100,2025-04-07 02:34:08,322.83,8.7,Grocery,5,0,16.2,1,0.1631926574026419,0,44,0.2486972465259907,0
ORD500937,CUST100425,560000,2025-04-07 03:46:35,543.28,23.0,Fashion,6,0,1.0,0,0.1957808078209416,1,33,0.1870870972909213,0
ORD500911,CUST101653,560100,2025-04-07 04:35:48,485.32,11.0,Fashion,17,0,9.0,0,0.1957304526748971,1,45,0.2448401392845837,0
ORD502457,CUST100994,560080,2025-04-07 05:15:55,577.19,17.7,Fashion,6,0,13.1,2,0.139771516732175,0,30,0.258272049370018,0
ORD500070,CUST100453,560111,2025-04-07 06:11:26,462.14,44.5,Electronics,0,1,17.2,5,0.0978149100257069,0,31,0.174756792177025,0
ORD503370,CUST100759,560063,2025-04-07 06:44:05,2279.78,17.5,Fashion,15,0,5.2,13,0.3321054284816813,0,39,0.1849422178081535,0
ORD506109,CUST100212,560091,2025-04-07 08:53:18,1176.61,40.5,Fashion,19,0,8.1,1,0.1629410757108599,0,30,0.2382117163412127,0
ORD505311,CUST101534,560017,2025-04-07 09:00:08,446.36,36.3,Beauty,0,1,15.4,1,0.1628992208237006,0,24,0.1570359386311094,1
ORD503830,CUST100532,560090,2025-04-07 09:27:31,743.3,13.6,Beauty,2,1,13.6,13,0.054357130628317,0,36,0.1056020250935505,0
ORD500754,CUST100048,560048,2025-04-07 09:31:53,1035.1,35.2,Fashion,23,1,9.8,5,0.0978177150192554,0,36,0.2484412250137539,0
ORD504738,CUST100621,560047,2025-04-07 09:42:54,866.05,27.8,Other,11,0,9.9,1,0.1629876796714579,0,40,0.1651950718685831,0
ORD505213,CUST100360,560101,2025-04-07 10:12:37,1500.38,20.8,Grocery,17,0,9.3,4,0.5530750149687793,0,45,0.167856931367324,0
ORD501328,CUST100337,560031,2025-04-07 10:17:12,1307.83,8.7,Other,8,0,5.4,3,0.1221780400205233,0,42,0.1920918916234959,0
ORD506118,CUST100485,560081,2025-04-07 10:37:29,905.39,19.3,Home,0,1,18.2,7,0.0814311361887663,0,37,0.1913806059133471,0
ORD507904,CUST101395,560001,2025-04-07 10:54:19,150.0,8.0,Beauty,12,0,13.8,0,0.1953846153846153,1,39,0.3204693611473272,0
ORD504829,CUST101048,560103,2025-04-07 11:47:10,800.44,41.6,Other,15,0,19.1,11,0.0610420405024352,0,35,0.1437580107664701,0
ORD503488,CUST100029,560089,2025-04-07 13:35:45,150.0,9.3,Other,1,1,23.4,1,0.1627370579190159,0,16,0.1640469275015661,1
ORD501832,CUST101335,560019,2025-04-07 13:43:29,696.13,26.7,Electronics,6,0,13.3,15,0.0988726620548296,0,44,0.139215827568537,0
ORD503849,CUST100552,560054,2025-04-07 13:50:19,716.95,9.6,Beauty,9,0,12.3,0,0.1954405737704918,1,25,0.1535291438979963,0
ORD506384,CUST101164,560070,2025-04-07 13:51:57,391.05,13.1,Home,16,0,18.0,5,0.0976952624839948,0,27,0.1682512872204211,1
ORD500330,CUST100836,560117,2025-04-07 14:14:25,790.54,6.7,Home,23,1,18.8,1,0.1629970984809694,0,33,0.1681496295008163,0
ORD506521,CUST101326,560062,2025-04-07 14:31:37,1364.06,7.5,Other,3,1,15.1,1,0.1629553792338537,0,25,0.2646873133691664,1
ORD505999,CUST101937,560013,2025-04-07 14:37:50,1220.6,19.4,Fashion,4,1,10.6,3,0.2473451893551688,0,32,0.1522124242185654,1
ORD507373,CUST101884,560094,2025-04-07 15:23:17,521.86,32.8,Home,20,0,10.4,7,0.2483158523066428,0,36,0.2842707305485509,1
ORD500143,CUST101701,560069,2025-04-07 15:40:50,846.25,6.1,Electronics,21,0,10.3,11,0.1238011508951406,0,37,0.1039170817068246,0
ORD502929,CUST101852,560109,2025-04-07 15:49:53,281.9,39.0,Home,0,1,9.6,7,0.1650473024801841,0,23,0.2540062911406706,1
ORD505790,CUST100145,560037,2025-04-07 16:09:21,605.8,26.7,Other,16,0,11.7,0,0.1963190184049079,1,21,0.1689361065389795,0
ORD505689,CUST100250,560119,2025-04-07 17:22:04,553.47,24.3,Fashion,17,0,16.5,1,0.3302240395263651,0,34,0.2023217953450511,0
ORD503291,CUST101493,560102,2025-04-07 17:25:33,488.02,7.8,Electronics,15,0,9.1,0,0.1962187020950434,1,32,0.2485456546519397,0
ORD506254,CUST101294,560108,2025-04-07 17:27:15,391.33,18.8,Fashion,10,0,23.9,7,0.0817369093231162,0,30,0.2184674329501915,0
ORD504597,CUST100034,560072,2025-04-07 17:27:57,1188.97,22.1,Electronics,10,0,21.1,7,0.4150493701055498,0,43,0.1416249169058157,1
ORD503575,CUST100965,560094,2025-04-07 18:17:27,553.84,29.0,Fashion,7,0,17.4,4,0.1090687317391427,0,37,0.296955690221213,1
ORD502207,CUST100954,560119,2025-04-07 19:14:54,697.52,31.7,Beauty,6,0,7.4,2,0.1403777437468096,0,35,0.1987377604529212,0
ORD504157,CUST101736,560095,2025-04-07 19:16:01,1291.97,6.5,Fashion,5,0,11.9,0,0.1964786935442715,1,33,0.1873504503940647,0
ORD500007,CUST101033,560003,2025-04-07 19:30:50,910.28,6.4,Fashion,16,0,14.7,2,0.1403061224489795,0,25,0.1761904761904762,0
ORD500406,CUST100292,560095,2025-04-07 19:56:07,778.35,29.9,Fashion,12,0,18.0,3,0.1227365467992858,0,34,0.183843879584762,0
ORD502681,CUST101066,560005,2025-04-07 20:02:16,921.07,9.0,Home,1,1,2.9,0,0.1963284038755736,1,32,0.3255109245675283,0
ORD501558,CUST101999,560079,2025-04-07 21:09:28,976.22,26.6,Fashion,3,1,24.3,0,0.1962783583991843,1,32,0.1908762916919939,0
ORD503538,CUST101355,560018,2025-04-07 21:20:13,1236.86,24.8,Electronics,0,1,12.8,1,0.3301902820251444,0,36,0.141510120867919,0
ORD501662,CUST101309,560071,2025-04-07 22:11:57,871.6,23.2,Other,1,1,10.0,0,0.1961783439490446,1,32,0.2485301322880941,0
ORD505936,CUST101033,560012,2025-04-07 22:23:12,804.01,8.0,Grocery,20,0,2.2,3,0.1225802343352012,0,33,0.130614481108046,0
ORD501583,CUST100834,560081,2025-04-07 22:58:58,213.73,21.6,Beauty,6,0,6.4,18,0.216538789428815,0,38,0.1883029073698445,0
ORD505275,CUST100452,560076,2025-04-08 00:49:17,1296.52,39.3,Fashion,3,1,9.9,4,0.3311269517990495,0,39,0.1511961061824709,1
ORD506960,CUST101430,560007,2025-04-08 04:00:23,1358.2,16.0,Home,4,1,14.6,12,0.1753626877067956,0,27,0.2749928247672787,1
ORD503576,CUST101908,560041,2025-04-08 05:20:52,1009.18,2.8,Electronics,17,0,19.0,1,0.330364715860899,0,26,0.1288859387100343,0
ORD507050,CUST101652,560055,2025-04-08 05:31:55,597.93,18.7,Electronics,8,0,8.0,2,0.1402769197223534,0,40,0.1654625625370983,0
ORD502395,CUST101026,560117,2025-04-08 07:15:00,3059.9,35.3,Electronics,2,1,16.9,3,0.2477110885045778,0,34,0.1653102746693794,0
ORD504320,CUST101747,560104,2025-04-08 07:16:01,1032.12,27.4,Electronics,22,1,12.4,5,0.0981439105008899,0,39,0.1512840071192474,0
ORD500555,CUST101106,560059,2025-04-08 07:47:17,1136.9,3.6,Home,9,0,7.5,9,0.0700849734911758,0,32,0.1716299714520355,0
ORD506847,CUST101997,560070,2025-04-08 08:35:18,599.95,22.8,Beauty,2,1,3.8,2,0.1401343256489381,0,28,0.1859116899618805,0
ORD500654,CUST101390,560067,2025-04-08 09:04:52,922.1,31.4,Fashion,7,0,9.7,15,0.0990345528455284,0,24,0.2709719142645971,1
ORD501541,CUST101272,560024,2025-04-08 11:00:07,380.23,28.1,Fashion,19,0,9.7,3,0.3727139954279909,0,29,0.1821805684427695,0
ORD505052,CUST101412,560111,2025-04-08 11:04:06,528.27,29.7,Fashion,0,1,9.6,1,0.1635771119011342,0,32,0.1716509747236004,0
ORD505970,CUST101251,560078,2025-04-08 11:13:17,1326.2,3.8,Other,5,0,9.3,2,0.1401733579951401,0,24,0.1573830459969074,0
ORD504314,CUST101035,560023,2025-04-08 11:13:25,286.64,11.9,Grocery,13,0,2.0,2,0.1401377810007251,0,30,0.1184771573604061,0
ORD505467,CUST101062,560077,2025-04-08 12:02:29,712.61,28.1,Beauty,1,1,13.8,26,0.48324888885251,0,31,0.3514286709355145,1
ORD504542,CUST101608,560112,2025-04-08 12:17:59,325.82,21.6,Beauty,22,1,13.6,14,0.1569334294640711,0,39,0.1852023837164306,1
ORD505799,CUST101751,560088,2025-04-08 13:46:18,434.43,14.3,Other,2,1,5.0,0,0.1965508496068983,1,23,0.1844422556311155,0
ORD506834,CUST101164,560086,2025-04-08 13:58:17,507.23,39.1,Beauty,15,0,4.1,6,0.1802277337267195,0,43,0.1417463537138993,0
ORD502322,CUST100577,560072,2025-04-08 14:32:49,457.61,14.9,Grocery,20,0,19.7,4,0.1091395578087593,0,44,0.1551410012674271,0
ORD507013,CUST100678,560097,2025-04-08 14:57:39,783.87,16.7,Home,6,0,11.8,2,0.2831438708276012,0,45,0.2450465905103512,0
ORD500894,CUST100453,560033,2025-04-08 15:14:51,659.3,11.6,Fashion,22,1,7.8,6,0.0892507543128267,0,29,0.2230006773421301,0
ORD502924,CUST101868,560058,2025-04-08 15:50:12,685.28,10.6,Electronics,16,0,12.0,0,0.1963019250253292,1,37,0.2267726052720453,0
ORD503415,CUST100091,560049,2025-04-08 17:56:01,2088.19,25.0,Electronics,9,0,8.4,0,0.196252215750823,1,28,0.1026050898961762,0
ORD505568,CUST101045,560091,2025-04-08 21:11:11,1486.21,10.2,Fashion,13,0,10.2,6,0.2710011507479862,0,31,0.2338049143708116,0
ORD507507,CUST101553,560000,2025-04-08 21:21:05,1005.96,16.1,Beauty,20,0,19.1,9,0.0700545973894493,0,34,0.1837603232186882,0
ORD505070,CUST100104,560041,2025-04-08 21:48:25,337.14,25.7,Other,1,1,14.9,2,0.1400737420474262,0,27,0.1260013782410199,0
ORD500204,CUST100953,560001,2025-04-08 22:53:54,774.47,19.2,Fashion,7,0,6.1,0,0.1960536301543131,1,40,0.3153512100514377,0
ORD502428,CUST100371,560013,2025-04-08 23:55:30,171.98,30.8,Electronics,7,0,1.7,2,0.2828600332393959,0,33,0.1683034137868506,0
ORD501267,CUST100514,560114,2025-04-09 00:59:11,1379.64,10.6,Electronics,21,0,15.8,2,0.1399674914213473,0,34,0.1096127733295874,0
ORD500728,CUST100872,560059,2025-04-09 02:02:30,432.95,43.1,Fashion,11,0,8.0,27,0.436860149140546,0,33,0.1682660205658469,1
ORD503607,CUST100760,560044,2025-04-09 02:58:20,440.39,14.6,Electronics,4,1,17.8,2,0.2829344019639698,0,33,0.1683427029243614,1
ORD504714,CUST101762,560019,2025-04-09 03:51:29,920.8,19.4,Electronics,7,0,10.4,14,0.2095555969256136,0,45,0.1373265440976405,0
ORD500459,CUST100355,560065,2025-04-09 04:14:33,758.76,19.5,Fashion,1,1,8.9,4,0.1090342679127725,0,35,0.1622769753610874,0
ORD504227,CUST101442,560098,2025-04-09 04:41:05,953.14,9.1,Home,4,1,6.0,0,0.1962121212121212,1,35,0.1804407713498622,0
ORD504869,CUST101045,560019,2025-04-09 04:43:44,421.23,15.0,Electronics,4,1,25.7,7,0.248401077169065,0,46,0.1352007833956836,0
ORD507547,CUST100918,560115,2025-04-09 06:17:16,1751.58,34.0,Beauty,11,0,2.1,8,0.0754281054634411,0,29,0.1412706425326314,0
ORD504874,CUST101018,560082,2025-04-09 06:40:56,241.51,28.7,Fashion,17,0,16.0,1,0.1633863234923038,0,32,0.2292552262272171,1
ORD500607,CUST101033,560036,2025-04-09 07:30:26,751.21,22.5,Other,11,0,1.2,4,0.1090368875434465,0,30,0.1585065590312815,0
ORD505295,CUST100576,560030,2025-04-09 07:49:37,783.72,23.7,Other,1,1,17.1,2,0.1401549270401729,0,33,0.2061195840966951,0
ORD502916,CUST100666,560072,2025-04-09 08:24:46,377.18,9.7,Other,13,0,4.6,1,0.1634728525802656,0,45,0.1526668994142519,0
ORD505123,CUST101751,560036,2025-04-09 08:30:10,407.34,59.2,Electronics,6,0,16.3,1,0.1634316443996303,0,31,0.1553403816782574,0
ORD503690,CUST100782,560086,2025-04-09 08:49:34,208.82,12.0,Fashion,10,0,10.6,1,0.1633904569892473,0,44,0.1393964213709677,0
ORD506909,CUST100664,560001,2025-04-09 09:06:53,252.37,37.2,Fashion,10,0,6.4,3,0.122511967750063,0,41,0.310170212590197,1
ORD507285,CUST101333,560047,2025-04-09 09:18:09,150.0,8.9,Beauty,10,0,27.1,3,0.1226385390428211,0,41,0.162695627038857,0
ORD503721,CUST100723,560093,2025-04-09 11:24:17,1026.25,15.5,Home,13,0,13.8,3,0.1226076555023923,0,44,0.1550538277511961,0
ORD504924,CUST101796,560111,2025-04-09 11:24:28,491.05,26.3,Grocery,19,0,1.8,4,0.3311793666778561,0,33,0.1683482490642041,0
ORD500163,CUST100602,560095,2025-04-09 11:38:54,806.84,23.3,Electronics,4,1,5.0,5,0.198036748049333,0,35,0.1803903622176967,0
ORD506923,CUST100398,560098,2025-04-09 12:10:11,1138.88,13.5,Other,2,1,5.9,10,0.1320080523402113,0,36,0.1771514846502264,0
ORD501002,CUST101153,560088,2025-04-09 12:22:33,704.17,49.2,Home,22,1,2.7,1,0.1633123689727463,0,24,0.1799885648942252,0
ORD502724,CUST101124,560031,2025-04-09 12:41:13,1688.87,35.1,Electronics,4,1,12.4,1,0.3299379610999329,0,43,0.189182715339657,1
ORD501963,CUST101429,560036,2025-04-09 14:30:30,844.81,5.5,Electronics,16,0,26.5,13,0.1100354817981169,0,32,0.1523568209512388,0
ORD506704,CUST101215,560011,2025-04-09 14:42:37,411.9,26.1,Electronics,19,0,14.5,1,0.1633986928104575,0,35,0.2531194295900178,0
ORD500051,CUST100356,560036,2025-04-09 14:43:13,387.53,30.7,Other,21,0,18.1,1,0.3300242942112758,0,33,0.1494449634164268,0
ORD503472,CUST101579,560102,2025-04-09 15:26:16,364.3,37.4,Beauty,6,0,13.1,14,0.2620999735519704,0,33,0.2437659998103726,1
ORD504282,CUST101701,560117,2025-04-09 15:27:22,746.75,16.7,Fashion,10,0,15.0,12,0.1165240776039127,0,35,0.1622479504921102,0
ORD501292,CUST100391,560020,2025-04-09 15:51:13,773.64,10.6,Home,6,0,13.7,0,0.1961325966850828,1,35,0.1985936715218483,0
ORD504403,CUST101888,560031,2025-04-09 15:51:21,784.29,14.1,Home,11,0,4.5,3,0.2475520964097414,0,44,0.2019010482048707,0
ORD504089,CUST100194,560119,2025-04-09 15:59:25,364.29,30.9,Fashion,19,0,9.2,18,0.260007420988301,0,36,0.1950121916236374,0
ORD503554,CUST101183,560054,2025-04-09 16:39:27,1295.82,20.3,Beauty,8,0,4.2,24,0.5165491281962532,0,26,0.1504282363209863,1
ORD504885,CUST101467,560070,2025-04-09 17:27:45,533.27,1.2,Home,8,0,15.4,12,0.1165254862607361,0,29,0.1821170013414297,0
ORD505221,CUST100250,560050,2025-04-09 18:11:49,276.66,25.6,Beauty,4,1,23.0,2,0.2829553190727005,0,28,0.3108906027924086,1
ORD506648,CUST101467,560075,2025-04-09 19:07:19,275.36,14.7,Electronics,12,0,10.1,13,0.1100941714030981,0,25,0.1539284520227348,0
ORD501934,CUST100289,560012,2025-04-09 19:11:25,653.19,29.9,Beauty,4,1,7.9,3,0.2476811230884933,0,34,0.1282554803487368,0
ORD504264,CUST100575,560073,2025-04-09 20:00:09,529.04,21.2,Home,2,1,20.7,5,0.1981203007518797,0,28,0.1859335839598997,1
ORD502227,CUST101448,560102,2025-04-09 20:48:49,547.39,8.1,Electronics,21,0,11.3,0,0.196441994487597,1,34,0.2579414794398507,0
ORD506408,CUST101645,560075,2025-04-09 21:57:46,319.68,3.2,Electronics,15,0,15.5,1,0.1636606546426185,0,26,0.1506055589439749,0
ORD507036,CUST101591,560032,2025-04-09 22:33:26,514.48,11.4,Beauty,22,1,5.5,0,0.1963436013022789,1,35,0.2168522186553741,1
ORD505875,CUST101281,560104,2025-04-09 22:35:44,1088.51,14.0,Home,3,1,15.5,2,0.1403891551613134,0,40,0.1488482724086129,0
ORD504054,CUST101764,560028,2025-04-09 23:05:32,781.36,9.8,Fashion,14,0,24.5,4,0.1091642330691141,0,26,0.1506502693584371,0
ORD501768,CUST101396,560078,2025-04-09 23:35:43,580.85,11.0,Other,6,0,12.5,1,0.1637053720387054,0,25,0.1539761984206428,0
ORD503397,CUST100963,560103,2025-04-09 23:41:49,802.58,2.2,Electronics,7,0,12.6,5,0.09819864898674,0,36,0.1415704635619571,0
ORD504779,CUST101133,560061,2025-04-10 00:11:45,693.39,18.4,Other,23,1,8.2,1,0.1636234784058696,0,22,0.0934991305176397,0
ORD506244,CUST100310,560108,2025-04-10 00:25:35,1239.87,31.3,Home,14,0,11.8,3,0.2476869217304326,0,31,0.21423493128184,0
ORD500191,CUST100708,560063,2025-04-10 00:40:30,1709.49,36.4,Fashion,8,0,19.3,8,0.30625,0,40,0.1820833333333333,0
ORD504818,CUST101717,560093,2025-04-10 00:52:00,925.61,27.7,Fashion,21,0,16.2,7,0.165083729067733,0,45,0.1526772153115567,0
ORD507842,CUST100447,560111,2025-04-10 00:55:47,535.24,1.3,Electronics,19,0,25.9,7,0.415063301682492,0,34,0.1652414533474003,1
ORD502363,CUST100335,560112,2025-04-10 01:02:18,636.98,30.1,Fashion,22,1,18.1,0,0.1963527354484137,1,40,0.1987842451494712,1
ORD500136,CUST101995,560109,2025-04-10 01:03:18,1210.47,28.9,Home,4,1,2.4,9,0.1416262309119452,0,24,0.2711606575242939,0
ORD506026,CUST101848,560114,2025-04-10 01:36:31,1390.55,47.0,Fashion,13,0,1.5,0,0.1965043695380774,1,35,0.107819770741119,0
ORD507637,CUST101080,560075,2025-04-10 01:36:56,316.05,21.0,Fashion,16,0,15.9,4,0.2202529539024796,0,27,0.147427794478495,1
ORD500393,CUST100545,560092,2025-04-10 02:01:51,679.48,15.0,Electronics,9,0,3.8,9,0.2130913758066241,0,39,0.3039511363588297,0
ORD505916,CUST100179,560022,2025-04-10 02:10:47,267.51,10.0,Fashion,23,1,23.0,0,0.1966067864271457,1,27,0.1687688452881471,0
ORD503518,CUST100001,560065,2025-04-10 04:06:48,988.62,14.3,Home,2,1,14.6,18,0.0862082054507792,0,36,0.1594849089548516,0
ORD500192,CUST100515,560009,2025-04-10 05:36:15,389.19,27.3,Beauty,18,0,12.9,17,0.090115620040807,0,38,0.24017542351019,0
ORD503385,CUST101092,560035,2025-04-10 05:43:18,776.58,28.4,Electronics,1,1,19.5,3,0.1227873348292196,0,32,0.3063306675872121,0
ORD504612,CUST100322,560033,2025-04-10 07:05:01,941.18,8.7,Grocery,2,1,10.5,1,0.1636756397474243,0,30,0.2185643070787637,0
ORD507274,CUST100906,560115,2025-04-10 07:26:20,377.81,5.1,Fashion,22,1,9.3,22,0.221548485939216,0,30,0.1385447296287067,0
ORD503088,CUST100678,560083,2025-04-10 07:36:19,371.46,21.0,Fashion,8,0,19.2,3,0.2476955655206776,0,31,0.135808982287484,0
ORD503589,CUST100361,560046,2025-04-10 07:48:38,934.48,18.3,Fashion,23,1,4.5,3,0.37266500622665,0,16,0.2479244499792444,1
ORD500060,CUST101884,560097,2025-04-10 09:33:19,881.28,11.0,Fashion,14,0,9.8,8,0.3063323628562672,0,46,0.2413527707352408,0
ORD504987,CUST100460,560026,2025-04-10 09:37:32,405.99,3.4,Beauty,8,0,9.5,2,0.1402965966072762,0,40,0.1821384117500622,1
ORD502244,CUST101480,560036,2025-04-10 10:00:35,407.76,48.3,Fashion,18,0,9.2,5,0.0983076157292185,0,34,0.1468945301697914,1
ORD504727,CUST100114,560050,2025-04-10 10:05:52,718.39,2.1,Grocery,23,1,19.1,6,0.0894614218824221,0,29,0.325230664547481,0
ORD502062,CUST101868,560026,2025-04-10 12:01:30,1595.81,1.6,Other,7,0,6.4,1,0.163971807628524,0,41,0.1956610390669602,0
ORD503705,CUST100343,560051,2025-04-10 12:42:11,735.28,40.0,Other,8,0,20.1,8,0.1525835517379909,0,29,0.1619254018443985,1
ORD503052,CUST100888,560108,2025-04-10 15:10:12,1670.45,4.8,Beauty,5,0,17.8,9,0.3560417702635505,0,32,0.210352675668439,0
ORD500712,CUST101657,560012,2025-04-10 15:45:18,365.52,5.4,Other,4,1,16.2,20,0.1593736017897091,0,35,0.1261338214358348,0
ORD503108,CUST101507,560060,2025-04-10 16:00:39,916.76,6.3,Home,20,0,23.7,0,0.1968190854870775,1,34,0.1469700316618805,0
ORD507687,CUST100194,560104,2025-04-10 16:28:47,333.14,19.3,Fashion,19,0,19.1,19,0.2493271221532091,0,41,0.1464820283066897,0
ORD504378,CUST100125,560003,2025-04-10 16:44:06,711.13,14.7,Electronics,19,0,1.0,1,0.1639344262295081,0,26,0.172487526728439,0
ORD507084,CUST100806,560010,2025-04-10 16:44:23,709.1,29.1,Electronics,13,0,21.1,1,0.330560384074166,0,35,0.2715172585050906,0
ORD500681,CUST101884,560008,2025-04-10 17:52:20,1792.69,16.0,Other,16,0,5.1,9,0.2845084409136048,0,32,0.2871629363684974,0
ORD501046,CUST101246,560103,2025-04-10 18:32:02,353.46,13.4,Home,18,0,11.4,22,0.2586249689749317,0,37,0.1391490640226776,0
ORD500657,CUST101335,560065,2025-04-10 18:33:02,1213.0,12.5,Electronics,9,0,7.9,16,0.0944109653787073,0,37,0.1566758086282704,0
ORD507125,CUST101078,560100,2025-04-10 19:10:18,308.72,11.4,Home,6,0,1.0,1,0.1637310840982386,0,46,0.2413567578539049,0
ORD501813,CUST100744,560004,2025-04-10 19:30:20,1725.86,27.0,Electronics,23,1,7.1,2,0.1403061224489795,0,38,0.1539408866995074,0
ORD500323,CUST101143,560070,2025-04-10 20:03:10,1191.18,2.1,Other,17,0,11.3,2,0.2831284757890263,0,30,0.1785519464418547,0
ORD507259,CUST101178,560008,2025-04-10 20:12:23,240.9,24.7,Grocery,18,0,1.4,0,0.196331184928111,1,33,0.2816344094068344,0
ORD501574,CUST100376,560040,2025-04-10 20:46:07,405.97,18.3,Grocery,1,1,22.1,5,0.1981412639405204,0,36,0.1415294742432289,0
ORD507260,CUST101701,560082,2025-04-10 21:20:30,807.27,12.3,Grocery,20,0,28.3,13,0.1100649708181918,0,33,0.2438618471492417,0
ORD502447,CUST100532,560021,2025-04-10 21:36:47,313.42,9.6,Fashion,5,0,11.2,14,0.0516277068693532,0,26,0.1287762113493662,0
ORD505711,CUST100545,560062,2025-04-10 23:44:56,505.28,32.1,Other,5,0,7.8,10,0.1987122337790985,0,26,0.2809290005814329,1
ORD506497,CUST100135,560003,2025-04-11 00:27:23,744.7,0.8,Other,4,1,13.5,1,0.16361310555418,0,27,0.1686535007085174,0
ORD503378,CUST101701,560023,2025-04-11 01:17:38,410.55,37.5,Grocery,15,0,2.5,14,0.1042860865033871,0,31,0.1161910308677926,0
ORD501143,CUST101646,560081,2025-04-11 01:28:24,439.41,16.0,Electronics,23,1,24.5,0,0.196238554813165,1,39,0.1851656118010729,1
ORD505586,CUST100290,560101,2025-04-11 02:00:02,675.1,40.2,Grocery,14,0,4.7,0,0.1964374072241464,1,46,0.1655870930982262,0
ORD500314,CUST101730,560045,2025-04-11 03:01:34,387.56,11.8,Fashion,5,0,16.3,11,0.1238715063071976,0,37,0.1741715158536955,1
ORD507059,CUST100723,560031,2025-04-11 03:05:57,201.59,22.2,Beauty,21,0,18.4,4,0.1092152983844378,0,45,0.1989500114129194,0
ORD503180,CUST100660,560070,2025-04-11 03:22:40,262.55,11.1,Fashion,21,0,24.3,3,0.4978368355995055,0,31,0.1751133086114544,1
ORD503597,CUST100247,560060,2025-04-11 04:22:15,387.8,15.6,Electronics,11,0,15.2,2,0.140526798954876,0,35,0.144268188558846,0
ORD503029,CUST100746,560037,2025-04-11 04:24:34,649.99,19.6,Grocery,13,0,18.4,2,0.1404920752585689,0,22,0.165089954934284,0
ORD502944,CUST100048,560117,2025-04-11 04:37:18,401.65,14.5,Fashion,18,0,10.6,6,0.0893819619116061,0,36,0.1595143986448334,0
ORD501624,CUST100349,560102,2025-04-11 04:39:03,928.88,7.3,Grocery,21,0,21.1,3,0.2478698444060261,0,35,0.2533060912907788,0
ORD506237,CUST100304,560110,2025-04-11 04:49:31,1146.52,27.0,Electronics,21,0,22.2,3,0.1228395061728395,0,32,0.325593542260209,0
ORD503861,CUST101467,560037,2025-04-11 05:34:26,767.14,26.8,Fashion,22,1,11.8,14,0.1043407085969676,0,23,0.1611603221713846,0
ORD506479,CUST101628,560009,2025-04-11 05:38:43,536.35,10.8,Home,3,1,18.7,12,0.5283665292375588,0,39,0.2360834574263389,1
ORD506146,CUST101062,560100,2025-04-11 06:53:10,712.94,27.5,Fashion,5,0,13.2,27,0.4994756970145571,0,47,0.237804316684527,0
ORD506212,CUST101733,560093,2025-04-11 09:35:53,2245.5,3.1,Beauty,4,1,7.7,2,0.1404256818662344,0,46,0.1504836226099176,0
ORD500640,CUST101183,560084,2025-04-11 10:10:02,503.27,19.8,Beauty,9,0,39.7,25,0.5327579120427456,0,28,0.2485614467735306,1
ORD500376,CUST101267,560083,2025-04-11 10:28:12,766.64,26.7,Electronics,6,0,1.2,10,0.1322485207100591,0,32,0.1333636777423759,0
ORD506396,CUST100530,560069,2025-04-11 12:37:35,556.24,40.5,Electronics,0,1,7.5,2,0.4262121905700904,0,38,0.1023093333786643,0
ORD504104,CUST100667,560040,2025-04-11 12:56:39,483.76,10.7,Home,19,0,24.2,6,0.180294816075989,0,37,0.1391749457428687,0
ORD502520,CUST100085,560028,2025-04-11 12:59:52,294.94,7.1,Beauty,19,0,1.5,1,0.1638334565163833,0,27,0.1474894246041106,0
ORD507475,CUST100455,560059,2025-04-11 13:03:17,2753.61,3.4,Home,2,1,21.8,8,0.3063660477453581,0,34,0.1839080459770115,0
ORD500258,CUST100689,560076,2025-04-11 13:13:19,418.9,12.9,Grocery,2,1,10.2,6,0.0893196928656175,0,40,0.1655011081014528,0
ORD503832,CUST101969,560100,2025-04-11 13:25:28,810.63,4.3,Electronics,14,0,11.1,5,0.1982274741506647,0,48,0.2342514553827439,0
ORD507741,CUST100231,560061,2025-04-11 13:45:59,472.38,19.0,Electronics,21,0,1.0,13,0.4434462766975688,0,23,0.0913519051680222,0
ORD502492,CUST100906,560068,2025-04-11 15:22:31,258.39,7.3,Electronics,20,0,1.6,23,0.2136354049493813,0,30,0.1585433070866141,0
ORD506233,CUST101942,560029,2025-04-11 15:35:47,457.26,36.5,Fashion,7,0,16.9,3,0.2476937269372693,0,33,0.1872867785281626,0
ORD503073,CUST101391,560093,2025-04-11 16:21:26,1273.67,30.1,Fashion,10,0,4.7,1,0.1635514018691588,0,47,0.1481378155949225,1
ORD504988,CUST100633,560096,2025-04-11 16:22:59,1133.47,32.3,Beauty,7,0,10.0,7,0.1651913777559216,0,27,0.1048763006868987,0
ORD503742,CUST101560,560100,2025-04-11 16:42:18,514.7,8.1,Fashion,8,0,2.6,1,0.1636758439855785,0,49,0.2308437718210707,0
ORD507447,CUST100285,560077,2025-04-11 16:56:50,1004.78,21.7,Electronics,8,0,26.9,0,0.1963627426886212,1,32,0.3639856702648543,1
ORD506116,CUST101579,560059,2025-04-11 17:00:36,880.88,7.3,Beauty,3,1,11.3,15,0.2991400491400491,0,35,0.1805673442037078,0
ORD501683,CUST100568,560034,2025-04-11 17:28:43,891.68,33.5,Grocery,23,1,9.5,1,0.1637599279456317,0,30,0.1986047654139032,0
ORD505821,CUST100030,560057,2025-04-11 17:30:17,1848.98,28.8,Fashion,19,0,10.8,0,0.1964636542239685,1,36,0.0701655907942745,0
ORD507459,CUST100129,560004,2025-04-11 17:37:09,363.44,21.2,Other,12,0,8.9,2,0.1402967275788292,0,39,0.151327260545885,0
ORD506139,CUST100116,560059,2025-04-11 18:21:22,382.98,24.7,Fashion,1,1,8.1,11,0.1238647520864015,0,36,0.1772740023844589,0
ORD503876,CUST101620,560051,2025-04-11 19:05:25,492.82,4.9,Electronics,12,0,10.5,11,0.3113496932515337,0,30,0.1785276073619632,0
ORD506390,CUST100758,560048,2025-04-11 19:10:57,828.03,13.3,Fashion,20,0,12.1,5,0.0981354268891069,0,37,0.2443055627291979,1
ORD501371,CUST100037,560114,2025-04-11 19:12:33,202.63,13.2,Home,19,0,8.0,11,0.3113962472406181,0,36,0.1058814254178492,0
ORD503718,CUST100522,560070,2025-04-11 19:43:16,635.72,14.4,Fashion,11,0,12.9,0,0.1964198136341343,1,32,0.1909306975515901,0
ORD504360,CUST101640,560070,2025-04-11 19:44:51,1181.32,16.0,Fashion,16,0,1.8,3,0.2477322873253248,0,33,0.1873100602718942,0
ORD501165,CUST100544,560029,2025-04-11 20:00:53,331.94,19.2,Electronics,21,0,29.6,0,0.1963235294117647,1,34,0.1838235294117647,0
ORD504021,CUST100855,560083,2025-04-11 20:07:39,1283.82,6.9,Beauty,9,0,20.8,3,0.1226721391815731,0,33,0.1306699708266102,0
ORD504535,CUST101335,560027,2025-04-11 20:34:15,913.87,8.6,Fashion,2,1,1.5,17,0.0900516680771457,0,31,0.2926381723684084,0
ORD507019,CUST101762,560039,2025-04-11 21:11:25,508.52,5.5,Fashion,5,0,11.0,15,0.1990448199853049,0,24,0.1573542181550998,0
ORD502591,CUST101015,560032,2025-04-11 22:18:18,360.61,24.3,Home,14,0,16.2,3,0.122582027424094,0,36,0.2307611585280537,1
ORD504629,CUST101126,560096,2025-04-11 22:44:13,837.88,5.2,Fashion,12,0,7.3,1,0.1636066911464708,0,28,0.1026366789065687,0
ORD507301,CUST101080,560010,2025-04-11 22:49:13,558.52,10.0,Beauty,13,0,1.0,5,0.2981399902104747,0,36,0.2665285644360534,0
ORD503204,CUST101401,560072,2025-04-11 22:56:36,1267.53,34.2,Fashion,4,1,3.0,0,0.1962319549792023,1,46,0.1503733196906673,0
ORD506023,CUST101504,560062,2025-04-11 23:17:55,712.55,51.1,Other,21,0,23.2,0,0.1961839530332681,1,27,0.2962484906524545,1
ORD507609,CUST101461,560072,2025-04-11 23:26:52,740.33,17.7,Electronics,13,0,3.0,3,0.122737833211054,0,47,0.1481732934739362,0
ORD502569,CUST100355,560028,2025-04-12 00:33:49,377.18,0.7,Home,22,1,17.5,5,0.0981662591687041,0,28,0.1443052159739201,0
ORD504683,CUST100398,560060,2025-04-12 02:05:01,389.97,11.2,Beauty,15,0,11.8,11,0.1238389146907846,0,36,0.1415301882180396,0
ORD502593,CUST100901,560086,2025-04-12 02:46:54,425.96,6.2,Other,0,1,15.1,15,0.2490591397849462,0,45,0.1373035566583954,0
ORD505036,CUST100906,560083,2025-04-12 03:38:32,785.7,18.7,Beauty,4,1,19.2,24,0.206239416328972,0,34,0.1282180054474215,0
ORD503074,CUST101369,560018,2025-04-12 04:26:47,1761.23,3.2,Grocery,19,0,8.5,2,0.1401004954986391,0,37,0.1389967346309104,0
ORD506922,CUST100696,560037,2025-04-12 04:48:59,1768.66,5.5,Fashion,18,0,21.9,5,0.098046398046398,0,24,0.1573149073149073,0
ORD503208,CUST101606,560103,2025-04-12 05:55:09,472.3,26.2,Beauty,9,0,18.8,2,0.1400320870535714,0,38,0.1365672144396551,0
ORD500309,CUST100901,560094,2025-04-12 06:05:50,4013.04,22.7,Other,22,1,9.3,16,0.2371421597684717,0,38,0.3089645072508901,0
ORD504451,CUST100359,560013,2025-04-12 06:50:14,285.53,17.0,Electronics,15,0,19.4,7,0.2483121848055962,0,34,0.1651663864938633,0
ORD503548,CUST101116,560101,2025-04-12 07:07:14,249.92,22.9,Fashion,22,1,1.6,2,0.1399295995538981,0,47,0.1629556535449126,1
ORD502989,CUST101306,560077,2025-04-12 07:26:11,276.36,3.1,Fashion,21,0,21.1,1,0.3300813008130081,0,33,0.3758858720662678,0
ORD504725,CUST100102,560012,2025-04-12 08:06:08,1085.2,8.5,Fashion,12,0,12.9,2,0.1400355314034904,0,36,0.1235891942731737,0
ORD504938,CUST101608,560083,2025-04-12 08:10:06,239.69,45.9,Beauty,3,1,16.9,15,0.1990004875670404,0,35,0.1258188910066043,0
ORD502592,CUST100515,560082,2025-04-12 08:15:09,325.99,36.1,Electronics,3,1,11.1,18,0.0860769956235628,0,34,0.2392422888401441,0
ORD505928,CUST101466,560075,2025-04-12 08:25:09,765.31,16.1,Beauty,13,0,3.0,1,0.1632553606237816,0,28,0.1649610136452241,0
ORD500457,CUST101203,560091,2025-04-12 09:32:25,707.61,25.1,Fashion,23,1,19.6,21,0.2299728286329991,0,32,0.2291764264967675,0
ORD507900,CUST101160,560030,2025-04-12 09:53:49,380.54,24.7,Home,22,1,10.6,11,0.0611909400876765,0,34,0.2021522252890981,0
ORD502585,CUST101974,560021,2025-04-12 10:32:19,448.73,21.0,Other,2,1,1.0,13,0.2766009252495739,0,27,0.1258567365525387,1
ORD506833,CUST100360,560038,2025-04-12 10:39:06,325.69,18.2,Electronics,21,0,28.6,5,0.4979795520934761,0,39,0.2867657980294753,1
ORD504270,CUST100872,560082,2025-04-12 11:00:34,289.24,20.6,Fashion,13,0,3.3,28,0.4539628457856737,0,35,0.2349653753401624,0
ORD506920,CUST100531,560035,2025-04-12 11:01:09,251.18,8.8,Beauty,14,0,4.2,1,0.1634225466342254,0,33,0.3004177569664417,1
ORD500073,CUST101162,560071,2025-04-12 11:03:58,236.24,31.6,Fashion,0,1,13.0,1,0.1635855023108732,0,33,0.2438877746313388,0
ORD503203,CUST100679,560007,2025-04-12 12:34:57,953.75,6.2,Fashion,0,1,16.4,4,0.1090304798962386,0,28,0.2901061932555123,0
ORD506633,CUST100889,560110,2025-04-12 14:01:25,387.77,1.5,Fashion,7,0,2.0,1,0.1635059567225869,0,33,0.319323452100794,0
ORD502700,CUST100646,560047,2025-04-12 14:39:11,710.21,22.0,Beauty,18,0,31.8,1,0.1634662129314535,0,42,0.1600514372637884,0
ORD502315,CUST100759,560099,2025-04-12 14:40:15,444.7,5.8,Home,6,0,17.3,14,0.3147662595126942,0,34,0.1467080689437919,1
ORD505028,CUST100007,560067,2025-04-12 15:01:00,657.52,45.9,Electronics,16,0,14.3,11,0.0613459669582118,0,25,0.287247597451679,0
ORD506052,CUST101255,560056,2025-04-12 15:08:52,950.6,18.9,Fashion,9,0,11.2,2,0.1401852944238176,0,28,0.2067747550805602,0
ORD500710,CUST101360,560059,2025-04-12 15:39:22,1012.95,20.0,Fashion,8,0,1.0,2,0.140151252341636,0,37,0.1741093871151896,0
ORD504790,CUST101015,560058,2025-04-12 17:09:10,272.13,22.2,Electronics,14,0,19.1,4,0.2200911763912492,0,38,0.2228152129324995,0
ORD500686,CUST100151,560053,2025-04-12 17:10:30,1403.04,8.8,Grocery,8,0,17.9,5,0.1980582524271844,0,34,0.3318950017979144,0
ORD500414,CUST100455,560110,2025-04-12 17:25:08,735.59,56.2,Home,11,0,2.0,9,0.2843103268970777,0,34,0.3133588575228953,0
ORD507199,CUST101261,560039,2025-04-12 18:40:07,475.37,9.7,Beauty,13,0,8.8,6,0.0891006131180803,0,25,0.1537872661599008,0
ORD502369,CUST100676,560099,2025-04-12 18:59:27,518.04,52.0,Fashion,13,0,24.3,0,0.1959738054814455,1,35,0.1621722929023438,0
ORD502516,CUST101394,560015,2025-04-12 19:53:26,212.38,30.3,Home,12,0,1.9,2,0.2828044894000277,0,31,0.1944808961411916,0
ORD500784,CUST101704,560090,2025-04-12 20:31:44,2608.97,10.9,Fashion,10,0,17.8,0,0.1958787878787878,1,37,0.1038171185539606,0
ORD501462,CUST101693,560011,2025-04-12 20:45:09,360.63,14.5,Grocery,9,0,12.9,2,0.1398795097292431,0,36,0.2485111834360501,0
ORD505492,CUST100277,560027,2025-04-12 20:57:31,648.39,48.0,Home,3,1,1.9,0,0.1957838623697601,1,32,0.2868399470652923,1
ORD505369,CUST101378,560026,2025-04-12 21:31:14,357.37,32.0,Fashion,2,1,15.7,0,0.1959786821705426,1,42,0.1922511877969492,0
ORD504495,CUST101008,560077,2025-04-12 22:59:04,1024.6,5.0,Electronics,23,1,17.8,4,0.1088506767848012,0,34,0.3688634141528304,0
ORD507742,CUST101246,560076,2025-04-13 00:36:35,489.53,38.4,Grocery,4,1,7.4,23,0.2492649602213767,0,41,0.162584844996626,0
ORD505357,CUST100583,560078,2025-04-13 00:38:36,1056.65,49.3,Grocery,3,1,14.7,5,0.297918179617526,0,26,0.1503636344500226,0
ORD503355,CUST101269,560083,2025-04-13 01:33:13,503.38,17.9,Grocery,22,1,14.1,4,0.2198827578788856,0,36,0.1234960586364265,0
ORD505287,CUST101990,560073,2025-04-13 02:19:39,1055.84,9.1,Fashion,2,1,18.3,1,0.3297846600532301,0,29,0.2023435069648473,0
ORD500824,CUST100888,560088,2025-04-13 02:32:23,1104.56,13.4,Home,21,0,22.0,10,0.3318980809546847,0,25,0.1758641079395796,1
ORD505412,CUST100453,560086,2025-04-13 03:56:54,2439.53,15.2,Fashion,22,1,10.9,7,0.0816203143893591,0,46,0.1351178044043824,0
ORD500871,CUST100003,560037,2025-04-13 04:15:56,333.6,6.7,Home,17,0,11.9,4,0.3310229959166129,0,25,0.1537072856221792,0
ORD500015,CUST100362,560109,2025-04-13 04:36:06,709.19,24.8,Fashion,13,0,20.5,0,0.1957940536620739,1,25,0.264797357183144,1
ORD501241,CUST101762,560093,2025-04-13 04:53:11,282.67,15.0,Fashion,12,0,18.6,16,0.1895210476650786,0,48,0.1605848235862735,0
ORD507189,CUST101829,560066,2025-04-13 05:01:13,407.39,31.0,Electronics,13,0,15.0,0,0.1959410485624547,1,23,0.3469493249127696,0
ORD503350,CUST100988,560015,2025-04-13 05:22:02,586.19,10.7,Fashion,6,0,14.8,15,0.1489734299516908,0,32,0.190728353771832,0
ORD504705,CUST100526,560107,2025-04-13 05:39:27,1339.22,56.2,Electronics,0,1,1.0,1,0.329872011591403,0,33,0.3191873260036542,0
ORD502940,CUST101070,560076,2025-04-13 05:48:38,1725.84,5.0,Beauty,18,0,1.8,0,0.1957991308546595,1,42,0.1599352035015031,0
ORD501771,CUST101335,560012,2025-04-13 07:26:07,377.86,22.8,Electronics,11,0,5.6,18,0.0860330153532936,0,37,0.1213164458333862,0
ORD502908,CUST101222,560084,2025-04-13 08:38:49,323.74,37.2,Grocery,13,0,3.2,0,0.1957046332046332,1,29,0.2635529115120952,0
ORD504491,CUST101531,560060,2025-04-13 10:12:57,416.14,17.1,Electronics,14,0,6.3,0,0.1956574185765983,1,37,0.1388271644128415,0
ORD500735,CUST100161,560014,2025-04-13 10:58:10,535.55,17.3,Fashion,9,0,5.9,3,0.3722563917028461,0,34,0.2761519358239088,0
ORD504490,CUST100267,560051,2025-04-13 12:26:20,2235.41,10.3,Electronics,10,0,6.0,2,0.1396878983085879,0,31,0.1747306108360875,0
ORD500054,CUST101048,560001,2025-04-13 12:55:53,538.87,33.3,Grocery,11,0,2.5,12,0.057504679788984,0,42,0.3211341649298534,0
ORD504943,CUST100820,560007,2025-04-13 17:10:10,812.84,15.0,Beauty,4,1,13.2,3,0.2471679922872981,0,29,0.283864811289664,1
ORD503693,CUST101357,560083,2025-04-13 17:35:23,455.29,14.2,Fashion,15,0,21.2,1,0.1630522088353413,0,37,0.121285140562249,0
ORD505870,CUST100047,560098,2025-04-13 18:19:43,570.75,24.7,Fashion,10,0,27.2,11,0.5611298482293423,0,37,0.1739001804680335,1
ORD506299,CUST100301,560074,2025-04-13 19:24:36,1127.41,25.5,Beauty,1,1,22.2,7,0.1649205202312138,0,30,0.0783236994219653,0
ORD506859,CUST101892,560112,2025-04-13 20:28:37,303.1,15.9,Other,16,0,18.1,11,0.1236756561521791,0,41,0.2117252785858928,0
ORD504001,CUST101559,560092,2025-04-13 20:28:43,534.72,5.3,Beauty,16,0,14.5,2,0.1397964096567852,0,40,0.2985716578398331,1
ORD504324,CUST101087,560010,2025-04-13 21:17:15,753.47,6.0,Beauty,23,1,10.8,8,0.0753494399703786,0,37,0.2617222961133278,0
ORD507204,CUST100012,560073,2025-04-13 21:37:39,1243.84,11.8,Electronics,5,0,8.9,0,0.1958614051973051,1,30,0.198344562078922,1
ORD503700,CUST100730,560117,2025-04-13 22:13:30,783.36,15.2,Fashion,10,0,13.7,1,0.1633790393713415,0,37,0.1565104727177578,0
ORD506928,CUST100674,560012,2025-04-13 23:13:05,304.29,10.6,Fashion,0,1,8.6,10,0.3320025653358987,0,38,0.1193129986233434,1
ORD506513,CUST101718,560116,2025-04-14 01:09:59,602.18,6.4,Other,0,1,7.0,1,0.1635008415484491,0,28,0.1234170874408912,1
ORD502932,CUST101740,560070,2025-04-14 01:40:30,585.45,18.2,Electronics,22,1,7.7,4,0.1091079059829059,0,34,0.1838497150997151,0
ORD504866,CUST101116,560021,2025-04-14 02:01:58,798.42,5.0,Other,7,0,7.1,3,0.2477168949771689,0,28,0.1443112633181126,0
ORD507724,CUST100573,560089,2025-04-14 02:07:50,332.61,50.8,Home,1,1,8.0,8,0.2293460983994381,0,17,0.1871891112640752,0
ORD500373,CUST101045,560022,2025-04-14 02:45:49,196.06,28.4,Home,3,1,26.9,8,0.2293279624531125,0,28,0.1651052926575386,1
ORD502264,CUST101559,560032,2025-04-14 03:48:56,306.58,36.4,Electronics,21,0,1.0,3,0.2477785782901056,0,37,0.2443669211453224,0
ORD503688,CUST100225,560012,2025-04-14 04:26:33,643.13,40.4,Fashion,18,0,23.5,4,0.2202214219020941,0,39,0.1343723930250066,0
ORD500155,CUST100924,560109,2025-04-14 04:28:28,1510.5,39.7,Grocery,7,0,14.4,6,0.0892506437393619,0,26,0.2810223548811288,0
ORD501347,CUST101519,560014,2025-04-14 05:21:12,320.83,2.9,Beauty,0,1,1.1,1,0.1635869130469562,0,35,0.2713833802386718,0
ORD501057,CUST101463,560114,2025-04-14 05:28:30,453.27,18.0,Home,3,1,14.5,8,0.2293296914218219,0,37,0.1039498939286796,0
ORD504340,CUST101230,560083,2025-04-14 05:51:09,1450.41,15.1,Fashion,11,0,17.1,4,0.3312278457397191,0,38,0.1193828008039635,0
ORD507949,CUST101429,560009,2025-04-14 06:03:36,1359.99,6.6,Beauty,23,1,12.2,14,0.1042534393537801,0,40,0.2487210231814548,0
ORD505115,CUST100854,560081,2025-04-14 06:13:36,164.57,23.5,Grocery,19,0,11.3,0,0.1961160393191081,1,40,0.1987053464397027,0
ORD507484,CUST100292,560116,2025-04-14 06:17:26,1656.27,8.4,Fashion,19,0,17.7,4,0.108927239799723,0,29,0.1412526659753067,0
ORD506078,CUST101739,560066,2025-04-14 06:28:19,584.6,1.8,Electronics,14,0,15.2,3,0.2475137790558351,0,24,0.3391009302224255,0
ORD505863,CUST100468,560058,2025-04-14 06:52:22,415.26,16.6,Fashion,3,1,21.1,0,0.1959750838524197,1,39,0.2189746046957355,0
ORD502153,CUST101638,560084,2025-04-14 07:15:09,614.35,33.2,Other,0,1,13.3,6,0.1799673380511704,0,30,0.2583712574850299,0
ORD506885,CUST101333,560114,2025-04-14 07:18:25,870.51,19.8,Electronics,18,0,16.2,4,0.1088229033631332,0,38,0.1020280089840137,1
ORD501571,CUST100692,560058,2025-04-14 08:25:42,390.27,33.2,Electronics,13,0,9.5,4,0.2200409650732849,0,40,0.2153579123773042,1
ORD506844,CUST100798,560011,2025-04-14 08:32:39,330.6,16.7,Electronics,18,0,13.0,4,0.1090367533641827,0,37,0.2443039144054487,1
ORD507982,CUST101878,560010,2025-04-14 09:21:37,473.26,28.2,Electronics,13,0,14.1,6,0.3620265831321108,0,38,0.2573994768588427,1
ORD502362,CUST100057,560110,2025-04-14 10:40:36,795.58,23.2,Grocery,23,1,21.5,13,0.2212918660287081,0,35,0.3078729882557633,0
ORD505640,CUST100091,560115,2025-04-14 11:10:15,1475.47,6.4,Home,5,0,3.1,1,0.1638364027744558,0,31,0.1359230130703321,0
ORD502570,CUST100306,560041,2025-04-14 11:28:57,531.23,13.2,Fashion,1,1,4.4,7,0.1652319464371114,0,28,0.1235652797704447,0
ORD502131,CUST100349,560081,2025-04-14 11:34:11,1262.46,16.1,Beauty,9,0,27.4,4,0.2202831566924323,0,41,0.1955769449332387,0
ORD505546,CUST101435,560015,2025-04-14 11:36:15,732.83,28.8,Fashion,11,0,4.4,3,0.1227891969407265,0,33,0.1873444207944009,0
ORD503556,CUST100862,560023,2025-04-14 11:54:37,511.13,32.2,Fashion,20,0,24.1,0,0.196415770609319,1,32,0.1140060656189688,0
ORD502228,CUST101161,560020,2025-04-14 11:55:06,404.9,27.4,Fashion,15,0,1.2,14,0.0516760127744109,0,36,0.1951317316224148,0
ORD505102,CUST101062,560048,2025-04-14 12:03:03,672.1,12.2,Fashion,8,0,28.8,28,0.4842912043771848,0,38,0.2573523961687654,0
ORD507562,CUST101448,560119,2025-04-14 12:04:50,833.9,44.6,Electronics,7,0,4.5,1,0.1635625596943648,0,37,0.1916754637309606,0
ORD505392,CUST100047,560076,2025-04-14 12:07:17,501.61,22.7,Fashion,21,0,6.9,12,0.587125946105346,0,43,0.1575327672248178,1
ORD502097,CUST100261,560047,2025-04-14 12:27:53,1663.78,29.5,Fashion,5,0,21.6,0,0.1964200477326969,1,43,0.1575936659468879,0
ORD501132,CUST100062,560083,2025-04-14 12:59:47,686.97,11.0,Home,1,1,2.0,1,0.1636443171876243,0,39,0.1174146375000505,0
ORD502209,CUST101032,560117,2025-04-14 13:01:55,2330.7,28.3,Other,20,0,10.8,0,0.1963263358778626,1,38,0.1539056330613319,0
ORD507828,CUST101233,560031,2025-04-14 13:28:12,630.75,48.3,Electronics,22,1,8.5,0,0.196279513474839,1,46,0.1958422768105572,0
ORD505797,CUST100324,560014,2025-04-14 14:15:46,594.14,12.4,Fashion,18,0,18.5,9,0.2129402547857483,0,36,0.2665116833571769,0
ORD503285,CUST100751,560074,2025-04-14 14:45:03,665.06,25.0,Beauty,12,0,2.5,0,0.1961859356376638,1,31,0.0769356610343779,0
ORD500105,CUST101597,560058,2025-04-14 14:45:53,650.83,0.3,Other,4,1,14.9,1,0.16344931680966,0,41,0.2282423541546203,0
ORD501626,CUST101981,560023,2025-04-14 14:54:14,482.73,11.7,Beauty,23,1,3.1,2,0.1400660335613874,0,33,0.1117329988626197,0
ORD500476,CUST100314,560082,2025-04-14 15:12:12,661.05,13.4,Home,16,0,4.0,3,0.1225285850404954,0,36,0.2307306200231402,0
ORD506649,CUST101348,560045,2025-04-14 15:23:40,485.34,22.7,Home,20,0,15.2,1,0.1633325394935302,0,38,0.1882755335835297,0
ORD503527,CUST101214,560009,2025-04-14 18:10:25,702.28,15.3,Electronics,5,0,4.3,2,0.1399659863945578,0,41,0.2445745511319282,0
ORD507282,CUST101767,560081,2025-04-14 20:53:30,332.57,35.4,Electronics,0,1,6.2,8,0.383040667972827,0,42,0.1922276570094678,1
ORD505655,CUST101973,560073,2025-04-14 21:16:26,368.32,10.6,Electronics,19,0,9.0,1,0.1634142471838806,0,31,0.2141557241649634,1
ORD507369,CUST100901,560023,2025-04-14 21:18:52,714.78,36.3,Beauty,8,0,20.3,17,0.2264291739666472,0,34,0.109736431649351,0
ORD506541,CUST100048,560056,2025-04-14 22:07:23,730.33,5.3,Fashion,13,0,9.6,7,0.081767364414843,0,29,0.2025476222839278,1
ORD507043,CUST101771,560012,2025-04-14 22:25:45,814.04,10.0,Electronics,18,0,12.6,1,0.1636940150614348,0,40,0.1321442726912406,0
ORD501388,CUST100571,560063,2025-04-14 23:14:03,1120.24,11.2,Home,5,0,18.9,4,0.2202145083742801,0,41,0.1791429885487555,0
ORD501480,CUST101974,560001,2025-04-15 00:54:13,1617.87,29.2,Electronics,2,1,6.1,14,0.3148261669147911,0,43,0.3162982331035576,0
ORD502265,CUST100965,560046,2025-04-15 01:06:27,441.19,5.9,Grocery,17,0,16.0,5,0.1981463878326996,0,17,0.2682663652245401,0
ORD506703,CUST100474,560096,2025-04-15 01:31:29,297.32,28.5,Electronics,21,0,12.5,9,0.2129450497233818,0,29,0.1005086282552935,0
ORD504877,CUST101481,560016,2025-04-15 01:35:45,741.09,16.6,Electronics,6,0,16.8,2,0.2829996606718697,0,43,0.2210157222033706,1
ORD501971,CUST100508,560046,2025-04-15 02:53:02,425.04,23.3,Home,20,0,3.9,5,0.298195203039658,0,18,0.2612581084627979,0
ORD506758,CUST101836,560073,2025-04-15 03:40:59,317.55,3.2,Fashion,14,0,14.1,4,0.1090798775983961,0,32,0.229362992183505,0
ORD503106,CUST101473,560035,2025-04-15 04:08:25,1599.5,27.1,Beauty,0,1,2.4,2,0.1402122681496049,0,34,0.3134433982997952,0
ORD506577,CUST101767,560044,2025-04-15 04:30:51,811.45,41.5,Grocery,16,0,10.8,9,0.4272323547359143,0,34,0.1837965160224296,0
ORD503941,CUST101246,560113,2025-04-15 05:01:21,1059.76,37.3,Beauty,9,0,8.1,24,0.2407248333128809,0,33,0.1683788804583809,0
ORD504781,CUST101482,560051,2025-04-15 05:04:07,1070.82,16.5,Grocery,9,0,11.2,2,0.1401124966115478,0,32,0.1715990366369873,0
ORD507560,CUST101608,560054,2025-04-15 05:23:51,2556.11,26.7,Fashion,19,0,18.5,16,0.1895502331831476,0,27,0.1685578635613701,0
ORD507705,CUST101123,560009,2025-04-15 05:25:12,467.03,14.2,Electronics,7,0,6.0,6,0.1800293116082589,0,42,0.2406659630768289,0
ORD506197,CUST101179,560068,2025-04-15 05:25:15,725.14,23.8,Electronics,12,0,10.1,2,0.140012866962381,0,31,0.1553011818616994,0
ORD504210,CUST101608,560008,2025-04-15 05:37:24,826.75,21.2,Home,2,1,11.3,17,0.1809026281775096,0,34,0.2762857644374232,0
ORD503789,CUST101758,560038,2025-04-15 06:56:22,443.94,29.1,Home,18,0,13.8,1,0.1632709468530364,0,40,0.2986417120745478,0
ORD507203,CUST100262,560052,2025-04-15 08:45:24,271.39,12.9,Beauty,4,1,21.3,9,0.2128138323069635,0,33,0.0927844265884897,0
ORD503674,CUST100192,560058,2025-04-15 09:25:28,783.65,23.3,Fashion,6,0,19.8,3,0.1223952166706133,0,42,0.2244620473138649,0
ORD505805,CUST101774,560092,2025-04-15 10:06:50,534.23,4.9,Home,1,1,2.7,4,0.2198811026936027,0,41,0.3100937655240933,0
ORD502711,CUST100120,560001,2025-04-15 10:07:11,302.69,5.9,Electronics,0,1,20.3,11,0.0611686390532544,0,44,0.3111686390532544,1
ORD501860,CUST101263,560080,2025-04-15 10:13:05,884.79,7.7,Grocery,22,1,19.4,4,0.1088499763369616,0,31,0.25330586564962,0
ORD505187,CUST101710,560011,2025-04-15 10:35:10,633.87,18.3,Home,1,1,2.5,1,0.1632363378282469,0,38,0.2572012432392746,0
ORD502305,CUST101430,560065,2025-04-15 10:45:07,470.2,8.1,Fashion,6,0,8.5,13,0.2210659098076316,0,38,0.1537369914853358,0
ORD504795,CUST101892,560062,2025-04-15 12:40:18,1940.18,13.7,Home,23,1,5.6,12,0.1164091079799145,0,28,0.310746236304879,0
ORD501401,CUST101515,560026,2025-04-15 12:42:14,838.22,7.3,Electronics,1,1,20.8,0,0.1957446808510638,1,43,0.1891252955082742,0
ORD505483,CUST101040,560011,2025-04-15 14:29:21,1313.63,23.3,Beauty,5,0,11.9,1,0.1630820137083432,0,39,0.252779124220343,1
ORD500445,CUST101714,560018,2025-04-15 14:49:12,326.79,38.8,Beauty,11,0,1.2,11,0.1237151465028355,0,38,0.1365132651065771,0
ORD506606,CUST100001,560027,2025-04-15 15:04:23,1199.25,10.6,Grocery,6,0,11.6,19,0.0824671233955429,0,33,0.3003178084145684,0
ORD505228,CUST101118,560111,2025-04-15 15:25:48,485.63,8.5,Electronics,4,1,27.3,6,0.3617254262034611,0,35,0.1802894318718598,0
ORD500793,CUST100089,560029,2025-04-15 15:52:30,212.71,31.9,Fashion,10,0,16.5,8,0.1522114249386977,0,35,0.1802726199420414,0
ORD501526,CUST101430,560014,2025-04-15 15:58:55,582.4,9.1,Home,16,0,11.9,14,0.2093956562795089,0,37,0.2616503487235558,1
ORD507948,CUST100162,560027,2025-04-15 16:06:13,1302.38,8.7,Home,23,1,21.4,3,0.1224333254661317,0,34,0.2947753039799299,0
ORD501028,CUST101167,560015,2025-04-15 17:27:11,890.23,31.8,Other,17,0,11.4,4,0.2199150542708824,0,34,0.1836470732176253,0
ORD506632,CUST100935,560105,2025-04-15 17:32:22,432.0,29.6,Home,15,0,8.0,9,0.4985003201563711,0,35,0.2348366896137596,0
ORD501073,CUST100928,560022,2025-04-15 17:40:08,808.06,22.9,Electronics,10,0,2.1,2,0.1398247978436657,0,29,0.1819407008086253,0
ORD503151,CUST100310,560045,2025-04-15 18:14:43,720.73,32.3,Beauty,0,1,15.3,4,0.2198380885011396,0,39,0.1849859523057801,0
ORD504526,CUST100343,560118,2025-04-15 19:33:58,595.31,6.5,Fashion,23,1,9.4,9,0.212736579780427,0,37,0.2440920783807704,1
ORD504220,CUST101742,560008,2025-04-15 20:37:48,2807.5,21.1,Fashion,1,1,12.3,2,0.2827514225110265,0,35,0.2712189060056135,0
ORD500295,CUST101062,560085,2025-04-15 20:52:26,839.89,27.9,Grocery,3,1,8.0,29,0.4699714475799745,0,33,0.1870965447335194,0
ORD501154,CUST101183,560044,2025-04-15 21:40:43,1111.1,51.8,Other,9,0,19.1,26,0.5477031802120141,0,35,0.1802762608416318,1
ORD503612,CUST100007,560065,2025-04-15 21:59:33,589.25,2.3,Beauty,21,0,18.3,12,0.0576320966445928,0,39,0.151169196132751,0
ORD500508,CUST100467,560039,2025-04-15 22:01:59,1286.62,25.1,Electronics,9,0,7.1,1,0.1632524919551055,0,26,0.1503926044983159,0
ORD501652,CUST100707,560017,2025-04-15 22:52:02,645.89,17.3,Fashion,18,0,11.1,5,0.0979284369114877,0,25,0.1759363883657669,0
ORD502683,CUST101573,560007,2025-04-15 23:12:38,780.18,42.4,Beauty,20,0,28.8,2,0.1398648421477322,0,30,0.29832431160273,1
ORD502448,CUST100374,560004,2025-04-15 23:34:04,1298.92,9.7,Fashion,4,1,5.1,7,0.165,0,40,0.1486666666666666,0
ORD505979,CUST100541,560114,2025-04-15 23:43:23,941.9,12.8,Fashion,1,1,11.5,26,0.0638635311615483,0,39,0.1172725061700337,0
ORD507065,CUST101465,560019,2025-04-16 00:23:13,905.6,11.8,Grocery,8,0,7.1,10,0.3319692693634368,0,47,0.1331068083851673,0
ORD501298,CUST101007,560082,2025-04-16 00:52:08,1225.36,46.2,Electronics,10,0,4.0,6,0.2708462475685612,0,37,0.2266181560178367,0
ORD506199,CUST101138,560102,2025-04-16 01:20:08,1227.3,4.4,Fashion,13,0,21.3,4,0.2198976127043828,0,36,0.2485056081671032,0
ORD504050,CUST100988,560086,2025-04-16 02:40:48,703.59,23.8,Electronics,5,0,15.4,16,0.1418499244586201,0,47,0.1330655769331953,0
ORD500391,CUST101571,560090,2025-04-16 02:48:03,434.81,22.1,Home,18,0,9.1,0,0.1957236842105263,1,38,0.1019736842105263,1
ORD504407,CUST100218,560070,2025-04-16 03:37:18,285.12,2.6,Grocery,7,0,30.2,0,0.1959126145172657,1,35,0.1803318598244602,0
ORD502387,CUST100395,560062,2025-04-16 03:54:00,1486.77,27.7,Grocery,6,0,12.9,7,0.1649444183497729,0,29,0.3044353485875327,0
ORD507156,CUST100355,560096,2025-04-16 03:58:35,1426.61,15.2,Home,5,0,27.0,6,0.0890093705308544,0,30,0.0983282460671519,0
ORD501873,CUST100393,560087,2025-04-16 03:59:48,738.11,14.9,Home,9,0,17.3,6,0.0889884763124199,0,27,0.1896913395265208,0
ORD503482,CUST100871,560020,2025-04-16 05:29:12,289.54,26.3,Beauty,1,1,11.4,1,0.1631072518188218,0,37,0.1914837551517846,0
ORD505085,CUST101193,560067,2025-04-16 05:51:34,212.5,15.3,Fashion,23,1,9.0,5,0.0978413890192397,0,26,0.2807316426254259,0
ORD506444,CUST101657,560109,2025-04-16 06:08:46,582.63,27.3,Beauty,23,1,12.0,21,0.1530070914307367,0,27,0.274739095931843,1
ORD505414,CUST100746,560020,2025-04-16 06:14:35,790.91,9.3,Home,1,1,20.2,3,0.1223909474671669,0,38,0.188215695154299,0
ORD504965,CUST101638,560008,2025-04-16 07:06:42,664.08,30.2,Fashion,22,1,6.3,7,0.1649081672528331,0,36,0.2663498576452855,0
ORD500326,CUST100443,560089,2025-04-16 07:11:52,397.01,5.4,Electronics,0,1,1.0,0,0.1957337083919362,1,18,0.1819651096799664,1
ORD505569,CUST100935,560054,2025-04-16 08:17:28,803.78,20.6,Electronics,15,0,12.9,10,0.4653073978595422,0,28,0.1649675806577611,0
ORD500306,CUST101203,560079,2025-04-16 08:18:47,316.41,8.6,Beauty,12,0,25.3,22,0.2214585719740359,0,33,0.1871231277961486,0
ORD504655,CUST101112,560087,2025-04-16 08:22:17,578.63,7.2,Beauty,8,0,16.0,2,0.1398788608908074,0,28,0.185762668852971,1
ORD500505,CUST101258,560065,2025-04-16 09:02:15,732.54,17.2,Beauty,3,1,11.9,2,0.282870525259284,0,40,0.1486729117876658,0
ORD504844,CUST101374,560012,2025-04-16 10:17:07,672.96,18.6,Beauty,6,0,8.2,2,0.1399806000602067,0,41,0.1298271606833735,0
ORD504594,CUST100003,560086,2025-04-16 10:37:05,1246.09,34.4,Fashion,16,0,11.1,5,0.2979634831460674,0,48,0.131154990085922,0
ORD500949,CUST100532,560117,2025-04-16 10:41:27,628.16,31.8,Fashion,23,1,13.2,15,0.0489702784928621,0,39,0.1511461403293046,0
ORD505806,CUST101852,560000,2025-04-16 11:27:59,1522.57,21.3,Electronics,23,1,8.8,8,0.2291674165796767,0,35,0.1803037393116943,0
ORD501772,CUST100005,560058,2025-04-16 11:35:54,618.13,21.2,Other,23,1,13.6,1,0.163157894736842,0,43,0.2208855472013366,1
ORD500005,CUST101620,560091,2025-04-16 11:55:53,1117.8,9.7,Home,19,0,8.4,12,0.292934573268035,0,33,0.2248971883438939,0
ORD503579,CUST101429,560000,2025-04-16 13:09:07,365.64,19.9,Home,0,1,1.5,15,0.0989829319616553,0,36,0.1771184742309362,0
ORD507610,CUST100234,560044,2025-04-16 13:12:29,209.29,10.4,Beauty,16,0,13.3,3,0.2474287050023375,0,36,0.1949592600013357,0
ORD502350,CUST101708,560038,2025-04-16 15:09:22,279.94,8.6,Grocery,3,1,13.3,1,0.1632001246397133,0,41,0.293718081825461,1
ORD504061,CUST101184,560010,2025-04-16 15:44:34,485.99,17.9,Electronics,6,0,9.1,4,0.1089044652128764,0,39,0.2698400126722636,0
ORD500844,CUST100666,560035,2025-04-16 15:57:38,1641.75,23.3,Beauty,23,1,24.8,2,0.1399873193846564,0,35,0.3076299080503706,0
ORD502108,CUST100870,560000,2025-04-16 16:27:27,414.6,26.8,Electronics,16,0,20.5,1,0.1632803985676475,0,37,0.1740127993969042,1
ORD507311,CUST101019,560018,2025-04-16 16:41:30,750.58,55.4,Electronics,22,1,11.7,5,0.2980621060004669,0,39,0.1342793938986216,1
ORD507445,CUST101650,560076,2025-04-16 17:06:29,463.87,22.6,Other,18,0,12.0,3,0.1226949112978524,0,44,0.1707224556489262,0
ORD506347,CUST100742,560076,2025-04-16 17:58:34,426.26,15.4,Other,19,0,12.9,9,0.0700950158359726,0,45,0.1680818597971456,0
ORD500041,CUST100969,560031,2025-04-16 18:37:12,525.92,20.2,Fashion,9,0,5.1,4,0.1090112511017784,0,47,0.1929015677561794,0
ORD501922,CUST101904,560074,2025-04-16 19:19:34,781.77,18.1,Other,10,0,17.4,3,0.3726090506181478,0,32,0.0754517234573217,1
ORD502013,CUST100264,560027,2025-04-16 20:12:03,807.31,6.4,Electronics,16,0,10.6,2,0.1402585287846482,0,35,0.2895861601085481,0
ORD506812,CUST100760,560033,2025-04-16 20:20:40,1080.16,24.7,Fashion,18,0,7.8,3,0.3726975985078107,0,31,0.2142416304362734,0
ORD505554,CUST100532,560065,2025-04-16 20:28:05,1106.6,18.2,Electronics,12,0,5.9,16,0.0467310467310467,0,41,0.1463181627116053,0
ORD503702,CUST100420,560084,2025-04-16 21:06:51,370.86,11.2,Beauty,8,0,25.4,1,0.1635205468810689,0,31,0.2534214338263854,0
ORD504487,CUST100610,560089,2025-04-16 21:12:58,1446.11,2.6,Other,5,0,8.6,4,0.2200994097545821,0,19,0.2031686859273066,0
ORD501495,CUST100144,560104,2025-04-16 21:29:35,992.93,25.2,Beauty,22,1,31.5,0,0.1961332401583974,1,42,0.1439139484381927,1
ORD500520,CUST100973,560012,2025-04-16 21:44:10,1084.94,5.3,Beauty,15,0,26.3,7,0.2484668529731408,0,42,0.1278453055275929,0
ORD503470,CUST100089,560060,2025-04-16 21:54:24,1680.96,20.9,Home,18,0,22.1,9,0.1415266921669715,0,38,0.1366464614025932,0
ORD501191,CUST101651,560048,2025-04-16 22:40:21,288.97,36.2,Electronics,15,0,6.9,1,0.163524208566108,0,39,0.252959000094688,0
ORD503033,CUST100774,560000,2025-04-16 23:24:56,1013.64,17.8,Grocery,21,0,6.4,11,0.123807307423784,0,38,0.1883390978469341,0
ORD506614,CUST101062,560051,2025-04-16 23:29:43,687.22,4.7,Beauty,3,1,17.1,30,0.4565911054975736,0,33,0.1683538635784963,1
ORD506574,CUST100393,560089,2025-04-16 23:59:08,771.56,25.6,Beauty,9,0,16.2,7,0.0818019694502597,0,20,0.1981623633403117,1
ORD501256,CUST100296,560014,2025-04-17 00:25:27,1559.87,19.0,Grocery,14,0,4.1,7,0.1652131782945736,0,38,0.2746591820368885,0
ORD506777,CUST100531,560009,2025-04-17 01:00:28,1577.12,44.9,Other,6,0,10.5,2,0.2831899558242269,0,43,0.2369733136996564,0
ORD502863,CUST100096,560046,2025-04-17 01:49:29,950.62,35.9,Fashion,4,1,8.6,1,0.1636835580350224,0,19,0.2545744972523215,0
ORD504209,CUST100973,560027,2025-04-17 02:11:51,851.6,13.7,Fashion,8,0,14.9,8,0.2293748547524982,0,36,0.2844195079844626,0
ORD502648,CUST100495,560085,2025-04-17 02:25:53,403.07,2.3,Grocery,1,1,1.1,7,0.2484704151177199,0,34,0.183825554178714,0
ORD507939,CUST100315,560033,2025-04-17 02:43:49,465.48,52.4,Beauty,14,0,6.9,9,0.1415297826447652,0,32,0.2101089966943625,1
ORD506668,CUST100490,560096,2025-04-17 03:30:16,237.88,44.3,Beauty,15,0,22.2,1,0.1637250348351138,0,31,0.096654918353779,1
ORD506522,CUST101214,560057,2025-04-17 03:40:10,475.63,4.7,Grocery,19,0,14.4,3,0.12291037845368,0,37,0.0690023177283817,0
ORD507867,CUST100088,560049,2025-04-17 05:19:13,341.33,9.9,Home,0,1,16.1,4,0.1092283090890333,0,29,0.1006575332082694,0
ORD507316,CUST100236,560071,2025-04-17 05:38:45,1837.9,35.4,Grocery,23,1,10.2,8,0.3832943570701751,0,34,0.2394686401416501,0
ORD501088,CUST100935,560114,2025-04-17 05:48:23,541.49,21.2,Other,10,0,7.1,11,0.4364124129930394,0,40,0.115506573859242,0
ORD502640,CUST101579,560013,2025-04-17 06:33:08,826.53,17.1,Other,14,0,15.6,16,0.2848747942693663,0,35,0.1623542312477594,0
ORD500931,CUST101301,560075,2025-04-17 07:24:41,965.3,23.4,Electronics,17,0,4.3,1,0.1636904761904762,0,29,0.1618075801749271,1
ORD506471,CUST101438,560023,2025-04-17 07:47:32,228.67,17.0,Fashion,3,1,12.2,0,0.1966148852306979,1,35,0.1078599582657083,0
ORD505803,CUST100992,560063,2025-04-17 08:32:51,713.68,18.8,Fashion,3,1,17.1,0,0.1965693092257765,1,42,0.1763126803954117,0
ORD500203,CUST101858,560063,2025-04-17 09:25:41,350.4,24.8,Fashion,8,0,8.3,12,0.2930952218662668,0,43,0.1734996045540657,0
ORD507439,CUST100900,560030,2025-04-17 10:13:50,549.07,27.3,Grocery,3,1,4.4,0,0.1964782205746061,1,35,0.1987193529362204,0
ORD501717,CUST101740,560054,2025-04-17 10:36:12,247.93,13.6,Fashion,4,1,21.9,5,0.0982163539495019,0,29,0.1618092685302057,0
ORD505432,CUST101579,560111,2025-04-17 10:45:42,793.2,47.2,Home,2,1,11.7,17,0.2719061855236009,0,36,0.1772811486799444,1
ORD501948,CUST101471,560020,2025-04-17 11:06:03,1267.5,25.5,Beauty,9,0,15.5,2,0.1404094863228922,0,39,0.1852790782549319,1
ORD503060,CUST100353,560010,2025-04-17 11:53:24,1302.84,13.6,Fashion,22,1,17.7,2,0.140542328042328,0,40,0.2655864197530864,0
ORD503026,CUST101269,560080,2025-04-17 12:19:13,384.1,18.4,Fashion,17,0,13.6,5,0.1983568618375376,0,32,0.2487360475673366,1
ORD504005,CUST101087,560058,2025-04-17 13:12:36,2124.5,24.3,Electronics,2,1,8.0,9,0.0703212798307661,0,44,0.2334061198519204,0
ORD500345,CUST101405,560009,2025-04-17 13:49:51,577.86,39.2,Fashion,6,0,11.2,11,0.1240168864214665,0,44,0.2333918864214665,0
ORD503315,CUST101648,560119,2025-04-17 14:01:23,405.95,2.3,Fashion,17,0,9.7,0,0.1968085106382978,1,38,0.1885546588407924,0
ORD503708,CUST101394,560008,2025-04-17 15:35:35,819.12,54.4,Electronics,7,0,14.3,3,0.2479768786127167,0,37,0.2620221072913498,0
ORD504724,CUST101543,560099,2025-04-17 17:22:53,769.85,27.0,Fashion,16,0,9.4,14,0.3149256636737474,0,36,0.1595419721286572,1
ORD501965,CUST101304,560054,2025-04-17 18:40:58,1121.75,4.6,Other,9,0,10.0,1,0.1640859718049457,0,30,0.1587612664663739,0
ORD503017,CUST101714,560024,2025-04-17 18:54:24,342.7,4.6,Other,3,1,1.4,12,0.1167228444057845,0,30,0.1787430683918669,0
ORD506924,CUST100274,560074,2025-04-17 19:10:42,462.09,31.8,Grocery,5,0,2.4,8,0.0756969987739218,0,33,0.0931366780423384,0
ORD502398,CUST100226,560051,2025-04-17 20:35:08,394.79,24.1,Fashion,13,0,7.0,0,0.1967667436489607,1,34,0.1839876828329484,0
ORD507436,CUST100751,560004,2025-04-17 21:04:22,467.79,16.2,Beauty,12,0,16.8,1,0.1639344262295081,0,41,0.1464660037624294,0
ORD504252,CUST101811,560059,2025-04-17 21:25:01,1595.94,11.0,Beauty,22,1,18.9,6,0.1803072273986401,0,38,0.171267551819658,0
ORD501900,CUST101049,560100,2025-04-17 21:28:31,1233.31,24.2,Beauty,9,0,12.0,0,0.1966305100392338,1,50,0.2276087171540668,1
ORD503411,CUST101592,560065,2025-04-17 21:48:15,936.56,13.7,Fashion,6,0,12.2,7,0.1653399477003538,0,42,0.1441341530583384,0
ORD500460,CUST100330,560096,2025-04-17 23:09:25,2664.05,28.2,Fashion,12,0,1.0,2,0.2834074806393145,0,32,0.1141424895750155,0
ORD504630,CUST100566,560039,2025-04-17 23:15:54,290.64,12.5,Home,16,0,3.3,8,0.3064327277888163,0,27,0.147542592447201,0
ORD502936,CUST101102,560017,2025-04-17 23:21:41,277.3,45.4,Beauty,2,1,3.6,1,0.1638997771116747,0,26,0.1724694489278302,0
ORD500383,CUST101102,560043,2025-04-17 23:23:03,1779.27,42.6,Other,21,0,4.5,2,0.1404531383784495,0,38,0.1367704805964929,0
ORD507835,CUST101335,560090,2025-04-17 23:30:18,798.31,25.7,Beauty,8,0,13.4,19,0.0826227241299838,0,39,0.1174878223131941,0
ORD507487,CUST101579,560047,2025-04-17 23:35:08,685.85,3.5,Home,11,0,10.5,18,0.3035964736525746,0,44,0.155169930875576,0
ORD505058,CUST100076,560082,2025-04-17 23:48:07,299.75,8.1,Home,18,0,6.1,1,0.3304154188742993,0,38,0.2229305181548824,1
ORD505701,CUST100749,560103,2025-04-18 00:00:11,158.42,35.2,Beauty,1,1,14.6,1,0.3305696299708275,0,39,0.1344690020220315,0
ORD507246,CUST101262,560003,2025-04-18 00:19:54,365.46,12.1,Other,6,0,11.4,1,0.1638652237316754,0,28,0.165265945199171,0
ORD504342,CUST100723,560097,2025-04-18 00:45:46,708.53,33.3,Grocery,0,1,15.5,5,0.0982965009208103,0,47,0.2377889557736181,0
ORD503644,CUST101404,560001,2025-04-18 01:13:30,601.68,36.6,Fashion,19,0,23.3,2,0.2832483971724478,0,45,0.3220146941665929,1
ORD501550,CUST101882,560041,2025-04-18 01:23:30,2030.41,22.3,Electronics,15,0,15.1,1,0.1639438564196962,0,29,0.1211153582463818,0
ORD502735,CUST100256,560067,2025-04-18 01:44:33,2077.93,7.9,Electronics,1,1,17.8,10,0.1322291235334713,0,27,0.2751861151491124,0
ORD503895,CUST101614,560040,2025-04-18 01:54:38,403.9,9.3,Electronics,14,0,19.2,2,0.2833158102247338,0,38,0.1367731497636646,0
ORD501315,CUST100886,560084,2025-04-18 01:55:56,364.72,23.7,Grocery,4,1,9.4,2,0.1404263705942252,0,32,0.2486911226276597,0
ORD501275,CUST100116,560058,2025-04-18 02:31:43,2293.27,2.5,Electronics,14,0,9.5,12,0.1166328600405679,0,45,0.229708222811671,0
ORD500390,CUST100169,560092,2025-04-18 03:06:53,877.99,9.4,Beauty,14,0,9.3,4,0.220281416787967,0,42,0.3053246936188196,0
ORD505597,CUST100655,560040,2025-04-18 03:47:00,366.3,33.3,Grocery,21,0,4.2,1,0.1637178308823529,0,39,0.1343936939182452,0
ORD502684,CUST101982,560041,2025-04-18 04:10:00,579.71,32.3,Home,5,0,5.0,4,0.3313423692472624,0,30,0.1185665058580289,0
ORD506468,CUST101779,560103,2025-04-18 04:28:24,575.7,24.4,Fashion,8,0,13.6,1,0.163642627468994,0,40,0.1321237176542642,0
ORD500756,CUST101375,560042,2025-04-18 04:32:27,550.85,36.5,Fashion,8,0,10.6,1,0.1636050516647531,0,25,0.2205893608878683,0
ORD505423,CUST100487,560061,2025-04-18 04:44:00,1102.39,12.9,Beauty,13,0,14.0,0,0.1962809917355372,1,24,0.0892186326070623,0
ORD507425,CUST101539,560027,2025-04-18 05:08:24,291.01,50.0,Home,14,0,10.3,1,0.1635299518016984,0,37,0.2793810323375572,0
ORD507680,CUST101579,560034,2025-04-18 05:32:20,532.3,16.8,Electronics,3,1,4.3,19,0.2908731069297843,0,31,0.1945846718678292,1
ORD504006,CUST101878,560074,2025-04-18 05:46:37,436.0,33.1,Electronics,1,1,1.1,7,0.4151563814330504,0,34,0.0912501168293781,0
ORD504244,CUST101858,560110,2025-04-18 06:09:56,852.79,19.1,Home,3,1,2.4,13,0.2767584097859327,0,36,0.3022608125819135,1
ORD503025,CUST100602,560057,2025-04-18 06:21:29,1304.63,19.2,Fashion,14,0,16.3,6,0.1802338913093327,0,38,0.067763641682942,0
ORD503484,CUST101692,560100,2025-04-18 07:58:30,461.34,1.0,Electronics,13,0,11.5,1,0.3303912578327984,0,51,0.2384421153237628,0
ORD505707,CUST101251,560047,2025-04-18 08:24:14,956.68,33.2,Fashion,2,1,2.8,3,0.1227652991061196,0,45,0.1527459934060897,0
ORD501206,CUST100374,560030,2025-04-18 09:12:12,859.84,11.6,Fashion,9,0,29.1,8,0.1524536416837058,0,36,0.195135524420584,0
ORD504671,CUST100297,560098,2025-04-18 10:15:01,1042.95,52.7,Other,13,0,5.5,14,0.2095617049496593,0,38,0.1883911995892088,0
ORD507201,CUST101520,560026,2025-04-18 10:26:38,1220.1,32.6,Home,14,0,22.1,3,0.3726809436555199,0,44,0.1863404718277599,0
ORD504991,CUST101987,560049,2025-04-18 11:23:48,318.78,17.4,Fashion,16,0,8.6,9,0.1415159148156629,0,30,0.0984978245935424,0
ORD505811,CUST100962,560052,2025-04-18 11:25:39,182.15,9.2,Fashion,20,0,15.6,5,0.0980998168498168,0,34,0.0911850495183828,0
ORD503475,CUST100532,560089,2025-04-18 11:39:15,200.49,6.6,Fashion,9,0,24.1,17,0.0445806196550073,0,21,0.2176364519424548,0
ORD503645,CUST100204,560118,2025-04-18 11:41:27,511.4,22.6,Fashion,14,0,15.4,8,0.1523499383911283,0,38,0.2572792551092874,0
ORD504916,CUST100057,560113,2025-04-18 11:54:41,942.63,32.4,Fashion,16,0,17.1,14,0.2094907825500608,0,34,0.1652092495149004,0
ORD501137,CUST100744,560025,2025-04-18 12:49:41,834.06,22.5,Grocery,22,1,1.7,3,0.1225125800548947,0,32,0.2292385108030122,1
ORD503966,CUST100396,560104,2025-04-18 13:37:50,637.67,7.8,Fashion,4,1,8.4,0,0.1962039789618111,1,43,0.1575250726862892,0
ORD506133,CUST101325,560026,2025-04-18 13:51:52,947.1,4.1,Fashion,5,0,5.3,1,0.1634659350708733,0,45,0.1834335760261686,0
ORD501126,CUST100723,560070,2025-04-18 14:40:19,170.3,18.3,Grocery,3,1,9.2,6,0.0891428571428571,0,36,0.1771836734693877,0
ORD506724,CUST101915,560036,2025-04-18 14:52:29,870.67,7.1,Beauty,6,0,6.8,0,0.1960694698354662,1,35,0.1622070799401695,0
ORD506320,CUST100796,560106,2025-04-18 15:36:22,408.82,11.5,Electronics,4,1,13.6,0,0.1960246744345442,1,31,0.2141273233076643,0
ORD500622,CUST101633,560100,2025-04-18 16:24:02,1235.56,15.1,Home,6,0,8.2,4,0.4422110552763819,0,52,0.2349944165270798,0
ORD503150,CUST101377,560068,2025-04-18 16:30:04,348.5,17.2,Home,19,0,34.9,3,0.1224594656314227,0,32,0.1522827480808755,0
ORD507031,CUST101102,560097,2025-04-18 19:09:51,408.24,7.3,Fashion,4,1,17.0,3,0.122431506849315,0,48,0.234085414987913,0
ORD507286,CUST101674,560042,2025-04-18 20:39:37,601.49,31.6,Other,16,0,15.6,7,0.248269040553907,0,26,0.2155850857953812,0
ORD507166,CUST101535,560090,2025-04-18 20:42:35,319.34,26.1,Fashion,16,0,24.1,1,0.3298341700897611,0,40,0.1152670013692377,0
ORD502527,CUST101018,560119,2025-04-18 21:01:38,607.71,29.6,Other,13,0,21.5,2,0.2826830937713894,0,39,0.1850021461965916,0
ORD507160,CUST101525,560103,2025-04-18 22:43:53,554.43,19.1,Home,20,0,1.0,1,0.3297597323600973,0,41,0.1297415340433169,0
ORD501855,CUST100722,560037,2025-04-18 23:03:18,807.52,19.6,Grocery,3,1,14.7,1,0.1630558722919042,0,26,0.1502900203262109,0
ORD501062,CUST101512,560102,2025-04-18 23:30:00,748.02,18.5,Electronics,18,0,20.1,0,0.1956224350205198,1,37,0.244078047375621,1
ORD501273,CUST100096,560052,2025-04-18 23:38:18,548.87,23.5,Electronics,5,0,8.3,2,0.1398612784525709,0,35,0.0893839235758542,0
ORD501711,CUST100901,560034,2025-04-18 23:45:14,726.39,21.0,Fashion,10,0,6.5,18,0.2164698188736078,0,32,0.2099081410840754,0
ORD505306,CUST101586,560092,2025-04-18 23:47:45,862.36,1.7,Beauty,6,0,24.5,11,0.3111614262930052,0,43,0.3002274806786085,0
ORD507134,CUST100674,560119,2025-04-19 00:30:16,554.79,24.3,Grocery,16,0,7.8,11,0.3736474943052392,0,40,0.1818906605922551,1
ORD501059,CUST100674,560052,2025-04-19 00:30:22,415.7,13.9,Electronics,6,0,1.0,12,0.4105456347877342,0,36,0.0878054136708201,1
ORD503610,CUST101966,560087,2025-04-19 02:05:32,368.7,16.4,Fashion,1,1,10.6,2,0.1400273224043715,0,29,0.2024645923943347,0
ORD503736,CUST100795,560105,2025-04-19 02:40:40,949.11,2.7,Electronics,18,0,9.4,2,0.2828525901596696,0,36,0.2307120093655491,0
ORD500774,CUST101161,560013,2025-04-19 03:58:15,1962.55,10.7,Fashion,2,1,14.2,15,0.048987255348202,0,36,0.1592675076402887,0
ORD504011,CUST101779,560017,2025-04-19 05:17:50,1652.56,25.0,Home,4,1,10.0,2,0.1399317406143344,0,27,0.1684699731319439,0
ORD505315,CUST101406,560022,2025-04-19 05:25:52,696.26,19.4,Fashion,17,0,19.0,0,0.1958598726114649,1,30,0.1783439490445859,0
ORD501908,CUST100272,560010,2025-04-19 05:39:41,565.08,15.5,Home,19,0,27.0,1,0.1631794405276324,0,41,0.2609230585682488,0
ORD503995,CUST101467,560078,2025-04-19 06:11:52,388.45,29.9,Fashion,23,1,12.5,15,0.0989427012278308,0,27,0.1471365127282227,0
ORD504915,CUST100620,560055,2025-04-19 07:06:03,1151.11,6.1,Fashion,20,0,16.3,5,0.0978631507160718,0,41,0.1625332135843094,1
ORD500704,CUST100532,560116,2025-04-19 07:39:35,553.11,11.7,Home,16,0,8.7,18,0.0425889328063241,0,30,0.1383636363636363,0
ORD503455,CUST101777,560084,2025-04-19 08:16:54,830.47,21.1,Electronics,8,0,15.6,4,0.219924764573708,0,33,0.2437224815972356,0
ORD504339,CUST101418,560103,2025-04-19 08:47:49,491.33,26.2,Fashion,3,1,13.5,0,0.1958200817810086,1,42,0.1276838973487124,0
ORD501359,CUST100231,560035,2025-04-19 09:14:20,685.05,13.6,Beauty,15,0,21.0,14,0.419940949352714,0,36,0.3020627169786833,1
ORD507780,CUST101268,560025,2025-04-19 09:20:05,212.8,12.0,Home,17,0,22.0,18,0.346947439086996,0,33,0.2437578187925214,0
ORD502161,CUST100689,560093,2025-04-19 09:21:21,1345.17,29.4,Fashion,13,0,11.9,7,0.0816307226636398,0,49,0.1582358650413726,0
ORD500455,CUST101170,560116,2025-04-19 09:28:12,708.85,32.8,Other,7,0,17.8,2,0.2827637636988522,0,31,0.1356350075209384,0
ORD506615,CUST100265,560009,2025-04-19 09:36:34,1014.51,25.7,Fashion,22,1,11.9,0,0.1958248241434082,1,45,0.2294845612748948,0
ORD504433,CUST101308,560032,2025-04-19 09:58:37,809.18,25.3,Electronics,7,0,2.9,1,0.1631503327283726,0,38,0.2399242756117404,0
ORD500593,CUST101916,560118,2025-04-19 10:51:10,544.81,19.8,Fashion,10,0,19.8,6,0.2707890884348131,0,39,0.2527918625615555,1
ORD505997,CUST101886,560003,2025-04-19 11:11:04,1062.62,29.2,Fashion,11,0,17.1,1,0.1632653061224489,0,29,0.1615993336109954,0
ORD506143,CUST100060,560040,2025-04-19 13:21:59,1204.66,7.0,Beauty,0,1,8.8,3,0.3724212196780775,0,40,0.131957983828308,1
ORD504749,CUST101199,560041,2025-04-19 13:44:21,732.3,38.8,Fashion,4,1,14.3,3,0.1225351314596555,0,31,0.1161004746413524,1
ORD504730,CUST100262,560105,2025-04-19 13:56:52,688.88,33.0,Other,20,0,2.2,10,0.1987461288616964,0,37,0.2267503110824875,0
ORD501504,CUST101022,560095,2025-04-19 14:44:17,871.61,13.2,Home,17,0,10.2,6,0.1800881492770935,0,36,0.1772121172891449,0
ORD501568,CUST100621,560042,2025-04-19 16:28:52,499.71,14.0,Beauty,17,0,14.5,2,0.1401067788383756,0,27,0.2111274427122238,0
ORD506084,CUST101351,560066,2025-04-19 17:00:03,515.77,24.3,Fashion,16,0,5.0,0,0.1961050724637681,1,25,0.3316022544283414,1
ORD505288,CUST101592,560081,2025-04-19 17:13:40,3521.58,14.2,Fashion,15,0,5.5,8,0.1524181048745232,0,43,0.2051704992615112,0
ORD504345,CUST101505,560000,2025-04-19 19:48:01,1514.89,10.7,Beauty,15,0,2.1,9,0.2129438013322123,0,39,0.1851669978746422,0
ORD501889,CUST100540,560068,2025-04-19 20:03:21,699.13,6.0,Fashion,14,0,21.7,3,0.2476238968092328,0,33,0.1495087678848198,0
ORD500210,CUST100921,560009,2025-04-19 21:24:46,501.58,35.2,Fashion,1,1,18.0,3,0.1225961538461538,0,46,0.2261072261072261,0
ORD501391,CUST101730,560004,2025-04-19 21:29:07,352.23,29.7,Other,4,1,1.0,12,0.1753263169099352,0,42,0.1439062830625095,0
ORD507919,CUST100132,560006,2025-04-19 21:40:06,547.11,58.3,Grocery,23,1,23.7,0,0.1960651289009498,1,35,0.1985691377821635,0
ORD505413,CUST100234,560088,2025-04-19 21:52:21,655.81,16.3,Electronics,0,1,10.8,4,0.2200115557565252,0,26,0.1939220871138023,0
ORD507402,CUST101246,560103,2025-04-19 22:40:24,389.95,15.5,Other,11,0,17.5,25,0.2326627486437613,0,43,0.1257068228135136,0
ORD506020,CUST100918,560037,2025-04-19 22:45:25,2335.27,43.1,Beauty,7,0,15.9,9,0.0699757869249394,0,27,0.1472051929318427,0
ORD507265,CUST100708,560014,2025-04-19 22:52:43,1038.44,3.6,Grocery,12,0,4.1,9,0.284245691046414,0,39,0.2697925203152404,0
ORD501140,CUST100088,560028,2025-04-19 22:59:39,766.35,18.7,Other,5,0,11.3,5,0.0979218432346961,0,29,0.141160688354854,0
ORD504862,CUST100542,560026,2025-04-19 23:35:33,995.49,12.3,Fashion,3,1,8.2,9,0.2842140921409214,0,46,0.1805452903013878,0
ORD503105,CUST101203,560098,2025-04-20 01:10:39,418.54,32.9,Beauty,15,0,24.9,23,0.2135277231235686,0,39,0.1850017794888083,1
ORD502964,CUST100194,560072,2025-04-20 02:42:49,2210.44,17.7,Home,11,0,24.8,20,0.2391873589164785,0,48,0.1458637631124684,0
ORD505537,CUST100256,560042,2025-04-20 02:56:22,382.41,5.0,Home,1,1,19.3,11,0.123716429699842,0,28,0.206621906266456,1
ORD506708,CUST100684,560085,2025-04-20 03:00:30,508.6,26.1,Fashion,0,1,1.7,13,0.3322427797833935,0,35,0.1803905480800788,0
ORD504533,CUST101484,560088,2025-04-20 03:53:54,681.95,16.7,Fashion,14,0,1.0,2,0.2828784119106699,0,27,0.1897999049680586,0
ORD501130,CUST100349,560107,2025-04-20 03:56:16,539.62,18.1,Beauty,11,0,20.9,5,0.1979927830401443,0,34,0.3133279874371439,0
ORD507635,CUST100861,560037,2025-04-20 04:17:22,912.84,27.6,Home,16,0,6.0,3,0.3724633596392334,0,28,0.1441422397594889,0
ORD506837,CUST101061,560000,2025-04-20 05:58:19,298.21,48.4,Beauty,6,0,6.2,8,0.2291912325726572,0,40,0.1819657348963029,0
ORD500618,CUST101040,560004,2025-04-20 06:20:20,599.12,20.0,Fashion,4,1,12.6,2,0.282752181332303,0,43,0.1415406520207061,0
ORD502433,CUST100324,560086,2025-04-20 06:48:47,1244.2,15.2,Beauty,9,0,18.7,10,0.1986029743127534,0,49,0.1292199776632639,0
ORD503167,CUST101875,560104,2025-04-20 07:01:21,592.78,46.7,Grocery,14,0,19.0,12,0.1752249446748737,0,44,0.1549265037170533,0
ORD504462,CUST100194,560034,2025-04-20 07:24:14,1014.78,3.2,Home,8,0,16.2,21,0.2299462924462924,0,33,0.2059323474417814,0
ORD507892,CUST100452,560102,2025-04-20 08:13:27,606.51,11.0,Fashion,5,0,17.9,5,0.3978383247016437,0,38,0.2571298791045819,1
ORD503500,CUST101246,560069,2025-04-20 08:21:38,2002.36,30.3,Other,1,1,25.3,26,0.2251383422172517,0,39,0.100290753134563,0
ORD500526,CUST100120,560072,2025-04-20 09:40:13,684.62,13.7,Home,10,0,25.5,12,0.1164157763037693,0,49,0.1437140983863233,0
ORD502193,CUST101139,560096,2025-04-20 10:34:23,666.12,29.4,Home,2,1,9.0,7,0.1649039903990398,0,33,0.1116111611161116,0
ORD504395,CUST100996,560078,2025-04-20 11:40:22,1422.56,9.1,Fashion,11,0,28.8,1,0.1631046119235095,0,28,0.1440523059617547,0
ORD502819,CUST101987,560057,2025-04-20 13:22:56,485.04,7.9,Fashion,1,1,19.7,10,0.131893837156995,0,39,0.0663327157528763,0
ORD507383,CUST100618,560100,2025-04-20 13:29:05,1591.93,6.3,Beauty,14,0,7.3,0,0.1956375084326512,1,53,0.2316815091596305,0
ORD500700,CUST101496,560033,2025-04-20 16:15:48,598.38,19.4,Fashion,11,0,1.0,3,0.12224595323741,0,33,0.2247522736527759,0
ORD503961,CUST101087,560119,2025-04-20 16:49:31,508.67,14.3,Fashion,14,0,9.2,10,0.0651831872330861,0,41,0.1952621513768059,0
ORD502096,CUST100534,560103,2025-04-20 16:51:51,383.38,1.5,Electronics,15,0,27.8,5,0.597752808988764,0,44,0.1235955056179775,1
ORD506304,CUST100289,560028,2025-04-20 17:40:01,852.6,12.5,Fashion,2,1,15.8,4,0.2198257570084126,0,30,0.138274545046057,1
ORD501904,CUST100638,560034,2025-04-20 18:32:23,270.24,8.8,Beauty,19,0,10.8,1,0.1632225217130877,0,34,0.2021729726132241,1
ORD502689,CUST100967,560081,2025-04-20 19:14:47,1676.2,6.1,Home,15,0,26.1,3,0.1225297552211991,0,44,0.2018898776105996,0
ORD500900,CUST101816,560091,2025-04-20 19:56:45,959.12,51.3,Fashion,7,0,8.3,0,0.1960035922766053,1,34,0.2207420712135575,1
ORD502117,CUST101239,560084,2025-04-20 20:01:03,150.0,27.7,Beauty,7,0,10.8,16,0.237186681631126,0,34,0.2393274306854553,0
ORD506989,CUST101927,560103,2025-04-20 20:38:17,900.3,19.8,Grocery,1,1,4.9,0,0.1961400359066427,1,45,0.1372738572020439,0
ORD505693,CUST100451,560010,2025-04-20 20:46:41,699.82,36.1,Fashion,20,0,15.0,2,0.1400685919420494,0,42,0.2568051705544739,0
ORD500090,CUST101203,560084,2025-04-20 21:29:42,677.92,33.8,Fashion,14,0,9.0,24,0.2406986278058817,0,35,0.2349280150087687,0
ORD503035,CUST101048,560014,2025-04-20 21:53:48,1822.46,23.9,Fashion,8,0,1.4,13,0.0544466870997483,0,40,0.265336024519698,0
ORD507024,CUST101869,560056,2025-04-20 22:12:01,1060.6,31.7,Electronics,11,0,16.6,5,0.097982062780269,0,30,0.2183856502242152,0
ORD502238,CUST101302,560085,2025-04-20 22:17:55,1559.13,3.3,Home,11,0,5.7,1,0.1632668310543226,0,36,0.1771143561661383,0
ORD502729,CUST101465,560037,2025-04-20 22:19:58,829.74,3.3,Other,23,1,7.9,11,0.3112113402061855,0,29,0.1411739953713444,0
ORD506073,CUST101875,560051,2025-04-21 01:37:22,245.92,7.3,Electronics,5,0,8.1,13,0.1655089999253118,0,35,0.1803026908113173,0
ORD500270,CUST100673,560090,2025-04-21 01:52:01,596.49,24.4,Beauty,8,0,5.7,0,0.1957885304659498,1,41,0.1133732886773606,0
ORD506550,CUST100708,560062,2025-04-21 02:25:10,447.41,28.2,Fashion,21,0,8.4,10,0.2652482269503546,0,30,0.2982978723404255,0
ORD506257,CUST100037,560100,2025-04-21 02:28:44,1337.06,24.1,Home,18,0,13.2,12,0.2928531914333132,0,54,0.2285677975333148,1
ORD502045,CUST101007,560092,2025-04-21 02:29:35,227.89,12.0,Beauty,21,0,3.6,7,0.2482837101708827,0,44,0.2955877826281621,0
ORD507140,CUST100307,560112,2025-04-21 03:14:11,930.36,3.2,Fashion,3,1,3.3,6,0.0890168470741434,0,42,0.208334536633263,0
ORD501909,CUST100639,560084,2025-04-21 03:40:15,546.86,11.5,Grocery,23,1,16.5,1,0.1631610352800775,0,36,0.2306404436914618,0
ORD506325,CUST101127,560015,2025-04-21 04:22:57,478.39,40.8,Home,16,0,17.3,3,0.3723434004474273,0,35,0.1802725238966849,1
ORD501085,CUST101268,560054,2025-04-21 05:01:51,1000.77,9.4,Home,19,0,8.2,19,0.3324852754790129,0,31,0.1552664009016713,1
ORD500254,CUST101121,560026,2025-04-21 05:11:17,1034.39,1.6,Home,4,1,1.0,2,0.1400779453105034,0,47,0.1779430219208074,0
ORD505359,CUST100159,560094,2025-04-21 05:22:11,1195.62,4.9,Fashion,4,1,9.9,0,0.1960652805723228,1,39,0.3037509425668891,0
ORD500098,CUST100684,560074,2025-04-21 06:21:28,712.02,9.9,Beauty,1,1,16.4,14,0.3147424887654989,0,35,0.0894623481123257,0
ORD503296,CUST101160,560030,2025-04-21 08:23:33,267.78,9.3,Grocery,23,1,14.5,12,0.0576404863621426,0,37,0.1915711065372929,0
ORD507420,CUST101951,560067,2025-04-21 08:53:11,501.56,3.0,Electronics,5,0,5.6,4,0.1088521497368682,0,28,0.2691391123026512,0
ORD506357,CUST101467,560059,2025-04-21 09:40:10,500.05,2.5,Other,17,0,2.1,16,0.0942595488050033,0,39,0.1680983406715302,0
ORD507328,CUST100360,560072,2025-04-21 09:42:48,1354.75,33.4,Fashion,18,0,18.7,6,0.5435665272646067,0,50,0.1416703885663242,0
ORD503821,CUST100576,560063,2025-04-21 10:13:21,781.18,16.1,Beauty,12,0,19.9,3,0.1223766465728957,0,44,0.1705633232864478,0
ORD507750,CUST101123,560102,2025-04-21 10:19:20,1137.21,20.0,Other,9,0,3.0,7,0.1648995535714285,0,39,0.2697487893462469,0
ORD503316,CUST100774,560080,2025-04-21 10:23:20,652.34,21.5,Other,8,0,3.9,12,0.1163868359216036,0,33,0.262534053635265,0
ORD506491,CUST101579,560095,2025-04-21 11:20:33,150.0,19.1,Fashion,12,0,29.8,20,0.3191343150379295,0,37,0.1739198509437359,0
ORD505773,CUST100331,560110,2025-04-21 12:07:46,368.86,22.1,Electronics,1,1,3.6,1,0.3296899397724738,0,37,0.3142554132375328,0
ORD507080,CUST100898,560009,2025-04-21 12:08:31,650.36,24.0,Beauty,22,1,9.8,4,0.2197690554068787,0,47,0.2225624775320542,1
ORD500267,CUST100240,560000,2025-04-21 13:14:12,354.23,29.4,Fashion,16,0,8.4,3,0.1223522853957636,0,41,0.1789389038141711,0
ORD500116,CUST101782,560102,2025-04-21 13:26:06,1760.93,13.4,Beauty,22,1,15.5,0,0.195720017833259,1,40,0.2652400059444196,0
ORD504519,CUST100374,560093,2025-04-21 14:04:11,641.29,16.2,Home,23,1,27.5,9,0.1413129994587538,0,50,0.1559075424241459,1
ORD506196,CUST101203,560062,2025-04-21 15:26:01,2130.07,31.2,Fashion,7,0,13.6,25,0.2326426024955436,0,31,0.2924923980287302,0
ORD502953,CUST101356,560090,2025-04-21 15:43:28,686.17,20.5,Other,11,0,15.8,3,0.1223824905324125,0,42,0.1115522531780194,0
ORD507473,CUST101516,560084,2025-04-21 17:04:34,496.62,38.9,Fashion,8,0,17.8,5,0.0978841870824053,0,37,0.2265853944437932,1
ORD502074,CUST100058,560057,2025-04-21 17:14:01,503.01,5.4,Electronics,6,0,20.6,0,0.1959474504564685,1,40,0.0653158168188228,0
ORD500335,CUST100650,560098,2025-04-21 17:33:10,487.91,24.1,Beauty,23,1,15.8,2,0.1399313064495611,0,40,0.1986346096764618,0
ORD504321,CUST100231,560075,2025-04-21 17:56:55,669.28,49.7,Home,17,0,12.5,15,0.4489650567549521,0,30,0.1783440908079234,0
ORD501032,CUST100745,560068,2025-04-21 18:10:08,836.66,5.9,Fashion,23,1,26.5,1,0.1631805370123127,0,34,0.1465987571906575,1
ORD505740,CUST101467,560057,2025-04-21 18:24:48,2358.58,8.3,Beauty,3,1,21.5,17,0.089998988775407,0,41,0.0642608362661609,0
ORD504672,CUST101892,560002,2025-04-21 20:01:01,505.89,16.1,Fashion,16,0,14.6,13,0.1099866548042704,0,33,0.1305479084133485,0
ORD503115,CUST100713,560030,2025-04-21 20:28:47,730.85,23.8,Electronics,19,0,11.7,9,0.0699672797738174,0,38,0.1882442701264444,0
ORD503754,CUST101757,560050,2025-04-21 21:32:02,888.02,15.1,Fashion,3,1,20.3,0,0.1958648288128057,1,30,0.3183459315251222,1
ORD502768,CUST100270,560056,2025-04-21 21:50:13,482.7,16.3,Other,21,0,23.8,3,0.1225272282729495,0,31,0.2141347314653801,0
ORD506801,CUST101514,560090,2025-04-21 22:20:48,1157.73,13.9,Electronics,17,0,5.2,3,0.1225,0,43,0.1098412698412698,0
ORD502790,CUST101192,560021,2025-04-21 23:05:21,438.8,5.1,Other,6,0,6.6,2,0.282826038658076,0,29,0.1412067159678801,0
ORD504926,CUST100367,560019,2025-04-21 23:53:02,326.02,2.3,Fashion,20,0,1.0,4,0.1088405153265215,0,48,0.1311508610552172,0
ORD506428,CUST100234,560087,2025-04-22 00:38:36,472.71,30.8,Beauty,7,0,9.9,5,0.1979347101932045,0,30,0.1983477681545636,0
ORD501527,CUST100208,560008,2025-04-22 01:12:57,302.24,24.5,Grocery,19,0,14.6,8,0.0753176663478617,0,38,0.2571813560360139,0
ORD504670,CUST100708,560046,2025-04-22 01:25:57,3448.82,9.7,Beauty,17,0,8.3,11,0.2486820199778024,0,20,0.2478912319644838,0
ORD504989,CUST101283,560039,2025-04-22 01:57:17,800.78,14.9,Grocery,3,1,22.2,0,0.1957390146471371,1,28,0.1440579227696404,0
ORD502119,CUST100151,560022,2025-04-22 03:05:15,348.6,24.9,Fashion,12,0,5.5,6,0.1798616293845936,0,31,0.1747825822141592,0
ORD503471,CUST100444,560109,2025-04-22 03:26:07,799.45,2.8,Beauty,2,1,12.5,11,0.4986413043478261,0,28,0.2898550724637681,1
ORD505323,CUST100381,560006,2025-04-22 03:33:46,458.71,17.7,Fashion,8,0,10.3,2,0.1398789722143015,0,36,0.1949394861071507,0
ORD502072,CUST101423,560017,2025-04-22 03:42:18,1389.45,16.1,Fashion,17,0,17.4,0,0.1957871396895787,1,28,0.1649113082039911,1
ORD502452,CUST100545,560108,2025-04-22 04:05:04,1524.87,25.2,Electronics,21,0,12.5,11,0.2487391930835734,0,33,0.2060246859877113,1
ORD505830,CUST101791,560104,2025-04-22 05:31:43,716.59,10.2,Grocery,23,1,2.0,0,0.1961436170212765,1,45,0.1526595744680851,0
ORD507398,CUST100577,560103,2025-04-22 06:31:50,524.1,32.3,Fashion,11,0,19.4,5,0.0980500775537336,0,46,0.135181865184081,0
ORD502657,CUST101826,560057,2025-04-22 07:44:22,540.89,50.7,Electronics,20,0,20.5,5,0.2980283562250775,0,42,0.0632441007903726,0
ORD500223,CUST100375,560012,2025-04-22 08:13:24,1148.76,10.7,Beauty,16,0,2.5,0,0.1960132890365448,1,43,0.125718504456046,1
ORD500433,CUST101405,560081,2025-04-22 08:17:08,372.17,1.5,Electronics,15,0,10.6,12,0.1165268587505861,0,45,0.1988280983852286,0
ORD502037,CUST100095,560014,2025-04-22 08:20:56,540.49,23.1,Electronics,6,0,15.4,5,0.3980739428824441,0,41,0.2610320936934059,1
ORD502959,CUST100684,560086,2025-04-22 08:58:36,858.06,19.0,Home,20,0,9.6,15,0.2990814519698982,0,50,0.1275216593941693,0
ORD501184,CUST101450,560007,2025-04-22 09:05:48,472.74,21.1,Home,11,0,8.1,3,0.2476764770967028,0,31,0.312267593472441,0
ORD501886,CUST101881,560109,2025-04-22 09:30:29,495.2,10.8,Fashion,17,0,14.0,0,0.1962389380530973,1,29,0.3045873216543254,1
ORD507135,CUST101187,560040,2025-04-22 10:02:50,828.7,5.6,Electronics,23,1,11.5,3,0.1227604512276045,0,41,0.1463661383489072,0
ORD501567,CUST100744,560115,2025-04-22 10:45:06,839.21,29.6,Fashion,5,0,19.9,4,0.2202073811980932,0,32,0.133220494675603,1
ORD506710,CUST101130,560079,2025-04-22 11:01:58,230.78,13.3,Electronics,21,0,11.5,1,0.3304591347925418,0,34,0.1839077636115,0
ORD505838,CUST100095,560004,2025-04-22 11:20:11,555.28,24.1,Fashion,21,0,15.4,6,0.4529579615786512,0,44,0.1395335985853227,1
ORD505926,CUST101297,560011,2025-04-22 12:13:52,243.76,18.2,Electronics,10,0,17.0,1,0.1639042357274401,0,40,0.265561694290976,0
ORD505874,CUST100236,560002,2025-04-22 12:52:55,150.0,13.3,Grocery,0,1,19.3,9,0.3559434379142731,0,34,0.1283857874666535,0
ORD506999,CUST101335,560016,2025-04-22 12:59:10,739.29,28.6,Beauty,23,1,7.3,20,0.0793196377291804,0,44,0.2333119339518445,1
ORD507086,CUST101091,560100,2025-04-22 13:03:12,1334.26,19.1,Electronics,22,1,3.6,0,0.1967756183745583,1,55,0.2391401648998822,1
ORD504552,CUST101431,560061,2025-04-22 13:51:09,1124.64,30.9,Beauty,2,1,2.0,10,0.1323176565834989,0,25,0.087534653222443,1
ORD503289,CUST101443,560016,2025-04-22 14:45:28,294.94,19.1,Electronics,11,0,8.2,0,0.197130242825607,1,45,0.2452708439463406,0
ORD507315,CUST100037,560018,2025-04-22 14:50:49,355.84,20.4,Fashion,11,0,24.8,13,0.3325240932833075,0,40,0.1490289119399691,0
ORD501940,CUST100459,560101,2025-04-22 14:52:22,658.05,46.6,Home,23,1,27.3,5,0.0985216240070609,0,48,0.1756009552982711,0
ORD502869,CUST101942,560079,2025-04-22 16:53:43,1027.81,34.2,Other,1,1,2.6,4,0.2205554329975243,0,35,0.1807271925074704,0
ORD505571,CUST101916,560118,2025-04-22 17:29:56,1453.72,12.6,Fashion,5,0,25.9,7,0.3320651374797824,0,40,0.2656521099838259,0
ORD502080,CUST100560,560052,2025-04-22 17:39:05,331.19,7.4,Electronics,12,0,5.2,0,0.1969128996692392,1,37,0.1041799647962243,0
ORD503502,CUST100110,560110,2025-04-22 17:59:08,336.61,30.2,Other,13,0,27.7,2,0.1406210632401108,0,38,0.3092653408745363,1
ORD507216,CUST101982,560102,2025-04-22 18:58:54,1117.19,8.3,Fashion,11,0,1.0,5,0.2985232532510469,0,41,0.2613267234433095,0
ORD500177,CUST101930,560070,2025-04-22 19:24:04,753.81,38.1,Fashion,4,1,17.0,5,0.0985015425297487,0,37,0.1743870473892974,1
ORD503528,CUST101650,560031,2025-04-22 20:49:38,413.67,8.3,Beauty,18,0,9.0,4,0.1095444419965239,0,48,0.1903470575275715,0
ORD504062,CUST100114,560106,2025-04-22 21:14:04,1428.12,13.4,Fashion,0,1,22.5,7,0.0821402349486049,0,32,0.2104371399525584,0
ORD503063,CUST101532,560040,2025-04-22 22:12:52,540.92,23.6,Electronics,12,0,11.5,1,0.1642442927402187,0,42,0.1442235971897621,0
ORD502511,CUST100281,560024,2025-04-22 22:23:11,2463.27,10.4,Fashion,18,0,15.7,3,0.1231560986349625,0,31,0.1753136305160549,0
ORD505718,CUST101579,560071,2025-04-22 22:49:03,922.93,2.5,Other,12,0,9.6,21,0.307116612201358,0,35,0.2352750485262041,0
ORD505676,CUST101060,560020,2025-04-22 23:02:53,1078.11,31.3,Fashion,17,0,12.6,1,0.1641358568075117,0,40,0.198987676056338,0
ORD505678,CUST100962,560031,2025-04-22 23:05:32,832.12,8.1,Fashion,10,0,3.3,6,0.0895089508950895,0,49,0.1875129541939701,0
ORD504575,CUST101462,560049,2025-04-22 23:26:51,1251.87,7.7,Electronics,3,1,3.7,3,0.1230477342718873,0,31,0.0968142646411842,0
ORD502471,CUST101796,560090,2025-04-23 00:17:58,709.54,7.4,Grocery,5,0,8.7,5,0.2984165383769518,0,44,0.1083853364855949,0
ORD503239,CUST101886,560116,2025-04-23 00:40:39,436.04,32.6,Electronics,14,0,16.0,2,0.1405641412237718,0,32,0.1333806914281848,0
ORD504355,CUST101579,560042,2025-04-23 00:42:40,640.14,16.8,Other,2,1,26.0,22,0.2956938032778877,0,29,0.2231618521226912,1
ORD502413,CUST101543,560005,2025-04-23 00:49:28,1397.8,7.6,Home,20,0,1.9,15,0.3492307692307692,0,33,0.3195936139332366,1
ORD502968,CUST100120,560094,2025-04-23 01:37:29,1788.35,28.5,Fashion,18,0,16.2,13,0.1103054273785981,0,40,0.2990331795209844,0
ORD502927,CUST100577,560016,2025-04-23 02:48:13,768.3,2.5,Beauty,0,1,7.0,6,0.0895710177344623,0,46,0.2415321936411567,0
ORD501334,CUST100722,560029,2025-04-23 03:30:40,311.68,46.8,Other,4,1,15.7,2,0.1407235417777917,0,36,0.177504628031753,0
ORD502109,CUST101583,560112,2025-04-23 03:37:47,477.89,25.5,Grocery,18,0,24.8,0,0.1969696969696969,1,43,0.2053872053872054,1
ORD501494,CUST100351,560093,2025-04-23 04:23:18,417.13,35.9,Grocery,4,1,12.5,0,0.1971459934138309,1,51,0.1682101389898115,0
ORD503776,CUST101106,560117,2025-04-23 04:24:08,1627.09,15.7,Electronics,18,0,11.9,10,0.065700907228563,0,40,0.1490342405618964,0
ORD506141,CUST101207,560065,2025-04-23 04:49:37,873.77,15.5,Other,23,1,18.6,5,0.3985297344744349,0,43,0.1419236409361491,1
ORD506671,CUST101441,560088,2025-04-23 05:17:27,230.73,2.0,Beauty,11,0,15.3,3,0.1232722685388328,0,28,0.1863481790258885,0
ORD505441,CUST101869,560083,2025-04-23 05:48:12,425.14,34.1,Home,9,0,14.2,6,0.0896328939759516,0,40,0.1157307889156979,0
ORD505503,CUST101748,560110,2025-04-23 05:54:17,1541.74,11.3,Electronics,7,0,13.1,1,0.1642909356725146,0,39,0.3210674992566161,1
ORD507678,CUST100527,560055,2025-04-23 06:24:18,520.38,16.4,Electronics,11,0,12.9,0,0.197325147993861,1,42,0.1765564993528584,0
ORD502945,CUST101430,560109,2025-04-23 06:57:35,733.09,8.8,Beauty,20,0,18.2,15,0.2493204734765453,0,30,0.3189127575624726,0
ORD500456,CUST101262,560112,2025-04-23 07:33:35,286.91,7.3,Grocery,10,0,10.2,2,0.1408847562693716,0,44,0.2178870808678501,0
ORD502522,CUST100713,560004,2025-04-23 08:12:23,394.66,2.1,Beauty,12,0,9.1,10,0.0657318141980718,0,45,0.1529832131059125,0
ORD506163,CUST100012,560118,2025-04-23 08:34:46,1616.4,14.8,Home,3,1,8.6,1,0.3309602044541803,0,41,0.2613613919163988,0
ORD501392,CUST101032,560096,2025-04-23 09:33:44,518.72,36.7,Home,23,1,6.9,1,0.164257555847569,0,34,0.1100403951915121,0
ORD504404,CUST100084,560076,2025-04-23 09:37:01,415.05,5.0,Home,15,0,11.1,0,0.1970659075979855,1,46,0.1657775477569653,0
ORD502110,CUST100068,560119,2025-04-23 09:38:52,1454.38,20.4,Electronics,23,1,2.8,2,0.1407305479109331,0,42,0.1925879893791311,0
ORD502975,CUST100759,560099,2025-04-23 11:12:51,444.32,31.6,Beauty,2,1,5.8,15,0.3492449113591595,0,37,0.1743788229602239,0
ORD503818,CUST100054,560061,2025-04-23 11:15:03,649.19,1.7,Electronics,3,1,6.9,6,0.0895166103043564,0,26,0.107363714204167,0
ORD504330,CUST100089,560079,2025-04-23 11:17:15,784.15,1.5,Other,17,0,1.4,10,0.1322978195872529,0,36,0.177461949557771,0
ORD507527,CUST101423,560024,2025-04-23 12:02:32,426.92,17.9,Electronics,2,1,1.1,1,0.3307086614173228,0,32,0.1718655360387644,0
ORD503844,CUST100936,560096,2025-04-23 12:35:16,703.72,25.8,Other,18,0,21.3,0,0.1968073474743057,1,35,0.1079299445361111,0
ORD503004,CUST101239,560098,2025-04-23 12:47:31,618.83,23.8,Home,12,0,8.7,17,0.2265373454704456,0,41,0.1956604328098231,0
ORD502466,CUST100832,560096,2025-04-23 13:50:06,893.97,27.3,Beauty,22,1,8.2,0,0.1967213114754098,1,36,0.1059718969555035,0
ORD503729,CUST100398,560000,2025-04-23 14:01:26,522.71,14.2,Fashion,11,0,3.0,12,0.116670094611271,0,42,0.1763478457026844,0
ORD505635,CUST101265,560075,2025-04-23 14:06:46,339.44,11.8,Beauty,2,1,7.5,10,0.0655451168887917,0,31,0.1751511179083824,0
ORD501729,CUST100232,560119,2025-04-23 14:23:17,173.83,35.3,Electronics,10,0,13.9,2,0.1404231417337577,0,43,0.1893944121991304,0
ORD501704,CUST100872,560042,2025-04-23 14:51:05,272.28,6.1,Beauty,14,0,11.0,29,0.440669038963041,0,30,0.2386197859794715,1
ORD506900,CUST101921,560108,2025-04-23 16:12:06,714.96,18.1,Home,2,1,10.8,4,0.1092916060164968,0,34,0.2210092188258127,0
ORD503499,CUST101162,560024,2025-04-23 17:54:45,1399.58,50.9,Beauty,15,0,12.1,2,0.1404871051236473,0,33,0.168559225348342,0
ORD503231,CUST101588,560006,2025-04-23 18:03:44,1511.68,5.4,Fashion,0,1,18.4,2,0.1404564444721581,0,37,0.1918031657056215,0
ORD500838,CUST100667,560065,2025-04-23 18:25:43,634.76,3.8,Fashion,12,0,9.0,7,0.1652483817004873,0,44,0.1551862862753655,0
ORD501730,CUST100493,560049,2025-04-23 18:27:36,330.24,34.1,Electronics,8,0,10.9,1,0.3304610238510762,0,32,0.0948281648543428,0
ORD500035,CUST101162,560077,2025-04-23 19:28:28,496.04,17.7,Fashion,10,0,16.3,3,0.1228189749182115,0,35,0.3623674035887776,1
ORD501202,CUST101078,560067,2025-04-23 19:42:18,882.09,18.8,Electronics,10,0,26.6,2,0.1404896891159429,0,29,0.2639532917397225,0
ORD504201,CUST100414,560107,2025-04-23 20:22:13,712.84,9.5,Grocery,22,1,4.3,4,0.2203570476951772,0,35,0.3078700675822978,1
ORD506575,CUST101805,560022,2025-04-23 20:44:28,1590.23,15.3,Fashion,7,0,11.9,0,0.1968177855274629,1,32,0.1718529944336396,0
ORD505001,CUST100988,560050,2025-04-23 22:36:40,720.08,0.9,Home,17,0,11.8,17,0.1356306582935478,0,31,0.332068586859455,0
ORD503477,CUST100624,560114,2025-04-23 22:40:17,639.13,3.9,Electronics,10,0,8.5,2,0.1405228758169934,0,41,0.1136826315225543,0
ORD503006,CUST101107,560085,2025-04-23 22:43:43,1231.9,25.0,Fashion,11,0,17.8,0,0.1966891744717926,1,37,0.174276903323436,0
ORD507806,CUST101620,560002,2025-04-24 01:09:32,1082.1,13.1,Grocery,17,0,9.7,13,0.2768462059620596,0,35,0.1260532150776053,0
ORD507523,CUST101505,560040,2025-04-24 01:39:18,360.89,13.8,Home,3,1,9.5,10,0.1988678423688221,0,43,0.1417788974941163,0
ORD505254,CUST100222,560042,2025-04-24 01:43:14,687.11,3.6,Grocery,9,0,9.9,5,0.1982803656943839,0,31,0.2535532279955952,0
ORD502834,CUST101920,560019,2025-04-24 01:57:25,544.9,11.1,Fashion,12,0,8.9,0,0.1965179542981501,1,49,0.1294254939994638,0
ORD500736,CUST100101,560052,2025-04-24 02:16:27,517.31,7.1,Electronics,17,0,9.9,1,0.1637293298520452,0,38,0.1022328261456738,0
ORD503130,CUST100272,560111,2025-04-24 02:23:28,907.19,9.0,Beauty,17,0,19.5,2,0.1403088971068087,0,37,0.1917306862980815,0
ORD502459,CUST101656,560000,2025-04-24 03:13:44,1078.24,23.7,Home,12,0,21.4,0,0.1963897346672466,1,43,0.1734570586245227,0
ORD501917,CUST100944,560080,2025-04-24 04:17:31,653.33,26.7,Beauty,18,0,5.8,0,0.1963470319634703,1,34,0.2579063081346187,0
ORD502439,CUST100696,560025,2025-04-24 04:51:42,301.84,18.7,Home,23,1,29.7,6,0.0892292490118577,0,34,0.2393719806763285,0
ORD500734,CUST100063,560081,2025-04-24 05:04:23,357.99,18.6,Beauty,2,1,4.6,1,0.1635514018691588,0,46,0.1958368734069668,0
ORD502898,CUST100007,560102,2025-04-24 06:17:24,567.6,14.6,Grocery,12,0,19.3,13,0.054505287556135,0,42,0.256844850065189,1
ORD503782,CUST100608,560003,2025-04-24 08:02:14,271.25,9.9,Beauty,16,0,15.0,2,0.283138325936501,0,30,0.1585574625244405,0
ORD507770,CUST100792,560094,2025-04-24 08:22:08,313.86,3.2,Electronics,13,0,16.0,3,0.1227193744569939,0,41,0.2938855734856361,0
ORD503991,CUST100982,560098,2025-04-24 08:57:52,765.11,23.8,Home,23,1,11.0,1,0.1635903003981179,0,42,0.1923575356379811,0
ORD504772,CUST100173,560114,2025-04-24 09:27:06,292.4,23.3,Other,21,0,12.0,1,0.1635547836155738,0,42,0.111698625915706,1
ORD504446,CUST101967,560021,2025-04-24 10:15:24,850.95,16.2,Fashion,0,1,15.1,2,0.1403144283543675,0,30,0.1385760798784458,1
ORD506074,CUST101669,560113,2025-04-24 11:32:27,1693.37,17.1,Other,21,0,3.5,6,0.4530066287878788,0,35,0.162405303030303,0
ORD503624,CUST101940,560118,2025-04-24 11:44:59,304.9,8.3,Electronics,13,0,7.7,4,0.2203177358308623,0,42,0.2569586853211458,0
ORD503613,CUST101484,560013,2025-04-24 12:11:25,1229.03,43.0,Grocery,11,0,17.3,3,0.2478308026030369,0,37,0.1566769418122312,0
ORD502050,CUST101543,560003,2025-04-24 12:11:50,1325.37,31.3,Fashion,15,0,3.3,16,0.3801158719831459,0,31,0.1554849656192991,0
ORD506702,CUST100105,560026,2025-04-24 12:52:30,583.44,41.6,Electronics,23,1,2.6,1,0.3303700491471523,0,48,0.1754247232284067,0
ORD503358,CUST101579,560007,2025-04-24 14:38:27,346.78,45.0,Fashion,5,0,20.1,23,0.3207859775169552,0,32,0.3063082592672881,1
ORD505574,CUST101786,560092,2025-04-24 15:36:27,890.73,9.1,Beauty,16,0,4.4,8,0.1525290920609516,0,45,0.2912540428795305,0
ORD505090,CUST101429,560095,2025-04-24 16:11:31,465.64,3.2,Beauty,1,1,24.2,16,0.0944126296238972,0,38,0.1712182911794373,0
ORD503709,CUST101344,560065,2025-04-24 16:17:28,1176.39,21.1,Beauty,19,0,14.4,1,0.1637420566146736,0,45,0.1527662978269564,0
ORD501695,CUST101958,560071,2025-04-24 16:26:23,527.55,22.3,Beauty,8,0,18.2,2,0.140319935641573,0,36,0.2308742535350722,0
ORD500019,CUST100969,560041,2025-04-24 18:56:48,1879.49,13.0,Other,9,0,6.4,5,0.0982026851450844,0,32,0.133232834726988,0
ORD503734,CUST100291,560032,2025-04-24 19:43:41,289.58,24.6,Other,23,1,8.4,2,0.1402591779296693,0,39,0.2360552030852668,0
ORD503788,CUST101892,560043,2025-04-24 20:38:10,591.79,29.6,Beauty,7,0,13.3,14,0.1042948279790385,0,39,0.1343458801085919,0
ORD503585,CUST100669,560070,2025-04-24 21:00:55,1776.49,15.3,Electronics,11,0,10.5,4,0.2201543677414701,0,38,0.1883716765291883,0
ORD505294,CUST100227,560091,2025-04-24 21:05:26,1284.38,15.1,Fashion,20,0,15.9,4,0.2201307755180537,0,35,0.2349946894299988,0
ORD503021,CUST100844,560007,2025-04-24 21:43:37,350.26,29.6,Other,8,0,16.4,3,0.3726205926887302,0,33,0.319318093698856,1
ORD506262,CUST101179,560039,2025-04-24 23:37:53,788.42,24.3,Beauty,21,0,14.2,3,0.1227292387543252,0,29,0.1413741967375185,0
ORD500454,CUST101281,560013,2025-04-25 01:13:38,511.43,20.4,Fashion,22,1,9.0,3,0.1227027027027027,0,38,0.1539049394221807,0
ORD505521,CUST101604,560087,2025-04-25 01:14:43,345.33,23.4,Beauty,16,0,22.2,2,0.1402013464270273,0,31,0.1946203470579758,0
ORD506475,CUST101892,560087,2025-04-25 01:28:30,454.41,11.9,Home,22,1,13.6,15,0.0990598660038902,0,32,0.1908613323136772,0
ORD502988,CUST100911,560080,2025-04-25 03:42:03,423.98,11.7,Beauty,13,0,14.1,1,0.1634975511380005,0,35,0.2531625677693093,0
ORD506835,CUST101579,560028,2025-04-25 05:36:47,1745.39,27.7,Grocery,6,0,5.4,24,0.3441645994889787,0,31,0.1553547753082654,0
ORD507137,CUST100192,560008,2025-04-25 05:50:21,205.14,12.5,Beauty,2,1,17.9,4,0.1089512838972882,0,39,0.2529194274627521,0
ORD506365,CUST101977,560030,2025-04-25 06:30:08,535.41,18.8,Fashion,22,1,15.8,1,0.3300583027423882,0,39,0.1851084621324969,0
ORD507740,CUST101429,560087,2025-04-25 06:54:52,415.3,11.0,Other,0,1,14.4,17,0.0900062804207881,0,33,0.1871802391892332,0
ORD500685,CUST100240,560069,2025-04-25 07:54:20,921.84,12.4,Beauty,12,0,15.7,4,0.1088807348250473,0,40,0.0986617742283617,0
ORD502030,CUST101186,560020,2025-04-25 08:31:33,488.03,6.3,Home,7,0,20.4,0,0.1959430297798877,1,41,0.1953911573048812,0
ORD504166,CUST100686,560071,2025-04-25 08:59:24,692.59,27.1,Beauty,19,0,15.4,1,0.1632506292700467,0,37,0.2266318439031776,0
ORD500411,CUST101362,560068,2025-04-25 09:59:47,917.98,5.5,Home,17,0,1.0,1,0.1632154155881507,0,35,0.1621303631657384,0
ORD507268,CUST101815,560008,2025-04-25 10:05:26,805.14,15.1,Fashion,4,1,16.8,5,0.2979081302566314,0,40,0.2486054201710876,1
ORD503777,CUST101197,560009,2025-04-25 10:20:44,356.43,32.0,Grocery,4,1,18.5,0,0.1959896507115135,1,48,0.2341146031504452,0
ORD500792,CUST101145,560116,2025-04-25 12:52:28,851.31,14.0,Grocery,15,0,1.4,1,0.1632895020478551,0,33,0.1305461896065759,0
ORD505127,CUST100194,560049,2025-04-25 13:41:01,1185.39,18.3,Fashion,7,0,12.5,22,0.2214639208173691,0,33,0.0927944046844502,0
ORD506419,CUST101832,560064,2025-04-25 14:53:40,2199.52,2.4,Other,4,1,1.9,2,0.1399021146920306,0,30,0.2183451842275371,0
ORD500832,CUST101650,560118,2025-04-25 15:15:45,410.05,7.4,Grocery,19,0,7.3,5,0.0979103834554071,0,43,0.2526415133050204,0
ORD500002,CUST101884,560047,2025-04-25 15:27:56,1483.47,7.0,Beauty,15,0,15.3,10,0.2652595304759854,0,46,0.1502359367963503,0
ORD504379,CUST101843,560066,2025-04-25 15:28:23,524.04,6.8,Fashion,5,0,11.7,2,0.1398117386489479,0,26,0.3459723626558814,0
ORD507697,CUST101203,560099,2025-04-25 18:28:10,618.16,25.1,Beauty,18,0,10.1,26,0.2251119830549671,0,38,0.1709290672209643,0
ORD502806,CUST100194,560066,2025-04-25 19:04:39,621.63,12.0,Fashion,1,1,19.1,23,0.2135093167701863,0,27,0.3385753931544866,1
ORD502812,CUST100311,560118,2025-04-25 19:41:20,1098.41,36.9,Electronics,14,0,28.2,0,0.1958252636109317,1,44,0.2486953948784162,1
ORD504211,CUST100872,560078,2025-04-25 21:11:30,690.46,24.4,Electronics,23,1,18.7,30,0.4565711826899434,0,29,0.1412237872773894,0
ORD505230,CUST100096,560009,2025-04-25 21:28:21,1219.5,1.7,Other,11,0,4.3,3,0.1224725747472574,0,49,0.2307119187233658,0
ORD504454,CUST100643,560035,2025-04-25 21:30:40,646.68,13.6,Grocery,4,1,8.6,2,0.2827956989247311,0,37,0.3143557819279381,1
ORD500532,CUST100621,560012,2025-04-25 23:50:44,601.54,1.8,Home,6,0,17.9,3,0.122554289400129,0,44,0.1394021447000645,0
ORD505138,CUST101786,560021,2025-04-26 00:15:35,390.84,15.8,Home,14,0,15.2,9,0.1414445399828031,0,31,0.155311651745823,0
ORD507798,CUST100583,560046,2025-04-26 00:43:17,965.03,8.8,Fashion,11,0,29.5,6,0.2709102631733193,0,21,0.2419524775518548,1
ORD500867,CUST100205,560086,2025-04-26 01:49:17,491.68,36.5,Electronics,6,0,18.5,3,0.1226095831542758,0,51,0.1256831924075609,0
ORD503574,CUST101608,560111,2025-04-26 01:58:28,1354.15,21.1,Home,8,0,13.1,18,0.173072432634381,0,38,0.1883217896959146,0
ORD502375,CUST100121,560074,2025-04-26 02:01:09,413.4,15.2,Other,23,1,17.8,0,0.1960910652920962,1,36,0.0878896661757486,1
ORD504260,CUST100577,560013,2025-04-26 02:06:40,1956.07,17.9,Beauty,21,0,20.0,7,0.0817765371125903,0,39,0.1512758268034633,0
ORD501403,CUST101250,560025,2025-04-26 02:30:41,676.79,4.9,Electronics,19,0,7.2,7,0.0817589809646486,0,35,0.2349896561146024,0
ORD501501,CUST101516,560016,2025-04-26 03:39:44,1687.95,1.4,Beauty,6,0,2.2,6,0.1800815625670744,0,47,0.2376655037753922,0
ORD502887,CUST101203,560089,2025-04-26 03:41:50,981.65,14.5,Home,12,0,23.1,27,0.2181464592274678,0,22,0.2124463519313304,1
ORD501916,CUST100532,560058,2025-04-26 04:46:22,646.43,30.7,Grocery,6,0,6.2,19,0.0408978759922763,0,46,0.2261544862917959,0
ORD504791,CUST100551,560072,2025-04-26 05:13:33,566.75,26.2,Other,0,1,15.5,4,0.3312598312598312,0,51,0.1397937172585059,0
ORD507339,CUST100971,560083,2025-04-26 05:22:07,2925.51,14.3,Fashion,9,0,5.5,2,0.2830182898808247,0,41,0.1135165920764441,0
ORD503024,CUST100541,560100,2025-04-26 05:54:37,852.59,25.3,Other,1,1,7.2,27,0.0619036771012006,0,56,0.248995666696759,1
ORD507375,CUST100687,560102,2025-04-26 06:08:35,786.98,13.7,Electronics,8,0,12.5,5,0.1981779206859592,0,43,0.2686843940863234,0
ORD500901,CUST101950,560077,2025-04-26 06:16:56,503.47,2.7,Beauty,7,0,12.2,1,0.1635947992570367,0,36,0.3736834853958728,0
ORD504930,CUST100482,560115,2025-04-26 07:23:40,534.57,3.5,Home,18,0,5.5,1,0.1635597457324477,0,33,0.1495364886335612,1
ORD500305,CUST100551,560007,2025-04-26 08:33:05,772.64,42.1,Electronics,8,0,11.3,5,0.2982219365895459,0,34,0.3320162493255895,1
ORD503113,CUST100973,560008,2025-04-26 11:35:09,2613.5,14.9,Fashion,13,0,13.0,9,0.2130771349019367,0,41,0.2611855664673518,0
ORD502122,CUST101125,560118,2025-04-26 13:39:09,1730.01,9.4,Electronics,11,0,19.6,9,0.2130620985010706,0,45,0.2604842694778455,0
ORD502440,CUST100461,560008,2025-04-26 14:04:51,474.19,18.1,Fashion,14,0,16.6,3,0.1228323699421965,0,42,0.2569457393250046,0
ORD500419,CUST101740,560025,2025-04-26 14:26:57,551.92,2.3,Grocery,16,0,8.6,6,0.0893135118306351,0,36,0.2308891878669276,0
ORD501929,CUST101381,560076,2025-04-26 14:49:22,185.19,34.1,Fashion,17,0,15.7,1,0.3303730651259005,0,47,0.1631187098958449,0
ORD504759,CUST100577,560036,2025-04-26 15:10:32,422.85,36.5,Electronics,23,1,6.1,8,0.0755406339488496,0,36,0.1594305886667889,0
ORD503199,CUST100648,560018,2025-04-26 16:52:57,1426.45,18.5,Home,9,0,30.2,0,0.1963636363636363,1,41,0.1463487332339791,0
ORD504811,CUST101390,560048,2025-04-26 17:09:46,676.64,5.7,Fashion,16,0,16.3,16,0.1419813434355778,0,40,0.2487738808098089,0
ORD500224,CUST101929,560014,2025-04-26 17:56:14,630.87,38.8,Fashion,0,1,5.1,11,0.373837395766517,0,42,0.2729934407912433,1
ORD505160,CUST100095,560093,2025-04-26 19:35:44,411.72,45.6,Electronics,8,0,9.0,7,0.4985214479122131,0,52,0.1656809652748088,1
ORD503143,CUST100393,560025,2025-04-26 19:59:51,923.93,37.2,Beauty,22,1,20.6,8,0.1525473884952406,0,37,0.226885336872851,1
ORD505579,CUST101173,560101,2025-04-26 20:28:38,2100.28,5.3,Grocery,11,0,4.3,1,0.1639957264957265,0,49,0.1729840208101077,0
ORD505826,CUST101966,560105,2025-04-26 20:47:50,632.94,10.6,Other,16,0,13.7,3,0.1229705191198461,0,38,0.2230182174454323,0
ORD501050,CUST101534,560068,2025-04-26 20:49:14,631.18,23.5,Other,4,1,8.7,2,0.2833648623909196,0,36,0.1595395740526027,0
ORD507508,CUST101395,560083,2025-04-26 21:12:30,1251.19,3.4,Grocery,8,0,3.5,1,0.1638906683749733,0,42,0.1118286458225703,0
ORD501159,CUST100514,560019,2025-04-26 21:23:16,2428.32,7.0,Fashion,18,0,9.3,3,0.1228917591801878,0,50,0.1276076613395144,0
ORD501915,CUST101294,560033,2025-04-26 21:58:06,544.6,0.7,Home,15,0,6.1,8,0.0756095558656924,0,34,0.220957350092889,0
ORD502616,CUST101596,560087,2025-04-26 23:56:22,445.01,10.8,Home,21,0,19.9,4,0.2203016076255513,0,34,0.1839047754540712,0
ORD501139,CUST100063,560019,2025-04-27 00:08:11,332.96,27.1,Home,1,1,8.1,2,0.1403578286445792,0,51,0.1257749183387073,0
ORD505344,CUST101377,560117,2025-04-27 00:32:41,364.25,22.6,Electronics,6,0,16.2,4,0.1091439135381115,0,41,0.1463800145470822,0
ORD500612,CUST100098,560052,2025-04-27 00:53:02,296.42,39.6,Grocery,6,0,6.7,4,0.2202317480628421,0,39,0.1004803886485138,1
ORD504698,CUST100689,560098,2025-04-27 01:40:11,881.38,5.8,Beauty,3,1,19.5,8,0.0756109562079711,0,43,0.1893931702034047,0
ORD505095,CUST101187,560015,2025-04-27 02:10:06,744.33,23.1,Home,6,0,21.0,4,0.1091925436414884,0,36,0.1951952066266711,0
ORD500935,CUST101543,560094,2025-04-27 02:23:08,891.6,26.4,Fashion,0,1,13.6,17,0.3628419747345578,0,42,0.2891950609135659,0
ORD506335,CUST100542,560055,2025-04-27 03:14:16,655.46,2.0,Electronics,6,0,10.6,10,0.2654876056538106,0,43,0.1734802593528355,0
ORD507253,CUST100410,560082,2025-04-27 05:58:06,420.57,19.3,Beauty,22,1,23.5,14,0.2622160428766847,0,39,0.2360749026886107,0
ORD503686,CUST100424,560086,2025-04-27 06:20:09,840.77,8.9,Fashion,1,1,1.0,8,0.1524535102809863,0,52,0.1239942018696012,0
ORD502220,CUST101940,560035,2025-04-27 06:56:00,520.32,6.3,Fashion,23,1,20.0,5,0.1981686541737649,0,38,0.3263232097750103,0
ORD505024,CUST100759,560094,2025-04-27 08:11:25,732.0,14.1,Other,23,1,20.0,16,0.332451311374028,0,43,0.2845382564352119,0
ORD502660,CUST101201,560085,2025-04-27 08:31:56,893.4,21.7,Fashion,5,0,6.9,6,0.2710244204497078,0,38,0.171121974134261,0
ORD502263,CUST101394,560068,2025-04-27 09:16:55,614.93,38.9,Other,14,0,19.9,4,0.2201177555508264,0,37,0.1565655999970131,1
ORD507978,CUST100998,560049,2025-04-27 10:01:49,812.35,12.1,Fashion,22,1,8.2,3,0.2477393617021276,0,34,0.0912529550827423,0
ORD505696,CUST100337,560053,2025-04-27 12:01:41,822.58,29.6,Beauty,23,1,19.6,4,0.1090784466661939,0,35,0.3259422559996905,0
ORD501801,CUST101294,560044,2025-04-27 12:46:14,572.23,10.6,Fashion,8,0,21.2,9,0.0701069453727896,0,37,0.1916840165066004,0
ORD502688,CUST101955,560019,2025-04-27 13:02:11,325.58,30.8,Grocery,19,0,18.6,3,0.3726610674037848,0,52,0.1239604744016821,1
ORD503036,CUST101740,560073,2025-04-27 13:03:59,605.73,23.6,Home,1,1,15.0,7,0.0818452380952381,0,33,0.2250673854447439,0
ORD500647,CUST100505,560097,2025-04-27 18:04:14,439.15,8.9,Electronics,8,0,10.3,2,0.1402763018065887,0,49,0.2308367601533983,0
ORD501239,CUST100935,560005,2025-04-27 18:28:29,846.75,20.8,Beauty,21,0,25.3,12,0.4106897327566811,0,34,0.3319796634713762,1
ORD501102,CUST101822,560038,2025-04-27 18:49:43,308.0,11.2,Fashion,17,0,18.6,1,0.163763189575809,0,42,0.3053276862874099,1
ORD500337,CUST100610,560006,2025-04-27 19:11:48,326.73,42.3,Other,18,0,11.7,5,0.1983432455395072,0,38,0.1885125831306946,0
ORD505370,CUST101725,560002,2025-04-27 19:19:06,554.83,18.1,Electronics,0,1,17.7,1,0.1638706023925815,0,36,0.1238016867396778,0
ORD507366,CUST100410,560004,2025-04-27 20:19:40,306.89,12.9,Home,17,0,6.7,15,0.2491507430997876,0,46,0.1504857492118638,0
ORD501827,CUST100393,560033,2025-04-27 21:10:23,974.82,21.2,Grocery,9,0,6.9,9,0.2130575855899566,0,35,0.2169313598734104,0
ORD502049,CUST101550,560068,2025-04-27 21:29:40,369.94,30.2,Electronics,7,0,17.1,5,0.0982597623089983,0,38,0.1712136291786195,0
ORD503330,CUST101259,560006,2025-04-27 22:03:06,339.22,11.1,Fashion,3,1,13.9,0,0.1964778272862296,1,39,0.1852467211139761,0
ORD501151,CUST100018,560075,2025-04-27 22:44:20,326.11,17.0,Other,21,0,22.1,0,0.1964361476453118,1,32,0.1717062106328122,0
ORD504137,CUST101384,560075,2025-04-28 01:28:57,495.86,30.3,Electronics,21,0,27.4,2,0.2831389183457052,0,33,0.1684507493147121,0
ORD501914,CUST100208,560047,2025-04-28 02:03:11,637.39,25.9,Beauty,6,0,7.5,9,0.0701260147825033,0,47,0.1481650272808983,0
ORD500635,CUST101922,560064,2025-04-28 02:39:52,947.04,31.6,Home,1,1,9.7,3,0.1226945092219631,0,31,0.2142396920608396,0
ORD504642,CUST100541,560006,2025-04-28 03:14:49,1363.12,24.7,Grocery,21,0,13.0,28,0.090343879661387,0,40,0.1820898685883848,0
ORD503902,CUST101250,560104,2025-04-28 03:21:37,636.78,17.2,Fashion,16,0,7.9,8,0.075472313234551,0,46,0.1503721255787371,0
ORD502246,CUST100774,560032,2025-04-28 04:17:07,784.07,39.5,Grocery,13,0,7.9,13,0.1100517890772128,0,40,0.2320621468926553,1
ORD500806,CUST100714,560061,2025-04-28 05:12:05,1121.55,37.9,Home,4,1,10.7,1,0.1636305867400974,0,27,0.1048326400374965,0
ORD501124,CUST101657,560060,2025-04-28 05:26:38,519.85,9.7,Fashion,12,0,1.4,22,0.1845028001317709,0,39,0.134344108715784,0
ORD503944,CUST101875,560067,2025-04-28 06:38:51,471.04,14.5,Fashion,23,1,13.7,14,0.1569140934062872,0,30,0.2585094219775566,0
ORD505726,CUST100608,560091,2025-04-28 06:51:09,724.42,26.9,Home,14,0,14.3,3,0.2476450042337002,0,36,0.2307971452764001,0
ORD503242,CUST101183,560087,2025-04-28 08:52:50,748.14,6.0,Electronics,20,0,16.2,27,0.5619047619047619,0,35,0.1804329004329004,0
ORD507630,CUST100057,560083,2025-04-28 10:09:05,171.56,3.4,Other,3,1,26.1,15,0.1990372407955988,0,43,0.1098885597404429,0
ORD504085,CUST101809,560081,2025-04-28 10:31:32,590.76,25.2,Fashion,21,0,27.8,2,0.1400767626703738,0,47,0.1928679008174696,0
ORD501903,CUST101033,560053,2025-04-28 11:06:52,1135.86,13.8,Grocery,19,0,7.7,5,0.0980329949238578,0,36,0.3200235678027556,0
ORD504316,CUST101701,560042,2025-04-28 11:11:42,316.79,21.9,Fashion,10,0,10.1,15,0.0990061323747092,0,32,0.248470972884168,0
ORD505881,CUST101550,560010,2025-04-28 11:52:41,706.72,19.5,Other,21,0,15.6,6,0.0890832212185277,0,43,0.2526930433907178,0
ORD504878,CUST101914,560030,2025-04-28 12:16:44,814.7,37.1,Fashion,14,0,22.4,0,0.1959416613823716,1,40,0.1819805537941238,0
ORD503183,CUST101013,560097,2025-04-28 12:17:37,986.75,11.3,Beauty,4,1,1.8,15,0.0989750633981403,0,50,0.2274000724550175,0
ORD501896,CUST100194,560012,2025-04-28 12:30:53,1120.29,10.0,Fashion,2,1,6.6,24,0.2406653212586607,0,45,0.1371873425539176,0
ORD507601,CUST100973,560092,2025-04-28 13:34:00,2067.77,7.5,Electronics,16,0,13.5,10,0.1986058301647655,0,46,0.2866113607558475,0
ORD501602,CUST100901,560044,2025-04-28 13:40:10,1469.63,13.3,Electronics,7,0,14.7,19,0.2074533614924322,0,38,0.1881986672978189,0
ORD507850,CUST100194,560118,2025-04-28 14:50:17,627.96,14.8,Fashion,15,0,1.0,25,0.2326224662162162,0,46,0.2562832719082719,0
ORD503034,CUST101193,560046,2025-04-28 15:10:34,443.83,18.9,Electronics,4,1,1.0,6,0.0889515804018653,0,22,0.259854036611478,1
ORD502006,CUST101665,560098,2025-04-28 15:34:32,1572.43,7.7,Fashion,18,0,24.6,2,0.1399023095941627,0,44,0.1862072604474461,0
ORD501463,CUST101487,560036,2025-04-28 15:47:02,1084.76,3.1,Home,19,0,5.0,3,0.2473886895969614,0,37,0.1564287380193467,0
ORD501572,CUST101823,560097,2025-04-28 15:49:54,450.77,4.6,Grocery,18,0,9.1,5,0.0978902953586497,0,51,0.2241635466809294,0
ORD501843,CUST100361,560013,2025-04-28 15:58:27,2015.33,24.2,Electronics,4,1,4.8,4,0.4420773863929316,0,40,0.1485797651690923,0
ORD502342,CUST100884,560056,2025-04-28 16:55:04,752.22,3.4,Electronics,1,1,18.6,2,0.1397842983671748,0,32,0.2098838529669402,1
ORD505889,CUST101084,560058,2025-04-28 17:04:50,973.5,11.1,Electronics,4,1,2.3,3,0.1224172464684798,0,47,0.2226470430894232,0
ORD505409,CUST100397,560003,2025-04-28 17:39:18,595.98,17.0,Beauty,15,0,8.6,1,0.1631885890949972,0,32,0.1522408872746141,0
ORD502997,CUST101606,560054,2025-04-28 18:32:33,1034.23,20.3,Other,22,1,2.0,3,0.1223656480505795,0,32,0.1714557834157412,0
ORD502356,CUST100763,560009,2025-04-28 18:34:28,1137.05,4.4,Grocery,7,0,1.5,1,0.1631198201994662,0,50,0.2273553669255312,0
ORD500706,CUST100545,560085,2025-04-28 19:06:17,237.34,18.0,Fashion,12,0,9.4,12,0.2928536908759712,0,39,0.1680347623655261,0
ORD504241,CUST101189,560016,2025-04-28 19:08:07,634.46,21.3,Other,9,0,21.6,2,0.4254723793476953,0,48,0.2340180385549333,0
ORD502405,CUST101481,560119,2025-04-28 19:46:34,326.24,16.8,Home,12,0,13.3,3,0.3722625815961255,0,44,0.1861312907980627,1
ORD501296,CUST100619,560088,2025-04-28 20:00:34,166.15,19.9,Electronics,18,0,3.1,2,0.4255639097744361,0,29,0.1819548872180451,0
ORD505690,CUST100256,560046,2025-04-28 21:02:22,803.13,7.8,Fashion,9,0,21.6,12,0.1752200775069025,0,23,0.277092215592311,0
ORD503800,CUST101904,560098,2025-04-28 21:32:07,1180.14,12.5,Fashion,1,1,28.9,4,0.4420594837261504,0,45,0.1832944832944833,0
ORD501171,CUST101193,560044,2025-04-28 23:15:56,1471.96,2.6,Electronics,10,0,22.5,7,0.1648607896766954,0,39,0.1849714899064641,0
ORD505959,CUST100393,560048,2025-04-29 00:05:56,700.75,6.0,Fashion,23,1,20.5,10,0.1985415790211751,0,41,0.2444671269060739,1
ORD500807,CUST101377,560113,2025-04-29 01:18:56,200.22,6.6,Home,3,1,16.4,5,0.0978969505783386,0,36,0.1592121075559561,0
ORD503059,CUST100770,560093,2025-04-29 01:28:55,312.6,18.1,Electronics,0,1,20.2,2,0.1398233809924306,0,53,0.1769185570929871,0
ORD502175,CUST101852,560069,2025-04-29 01:46:43,495.68,5.4,Fashion,10,0,13.9,9,0.2127541367608637,0,41,0.0969546173542355,0
ORD502453,CUST101968,560026,2025-04-29 02:23:38,879.58,27.6,Home,2,1,7.4,2,0.2826217498348646,0,49,0.1726581013822639,1
ORD500930,CUST100906,560035,2025-04-29 02:53:59,987.51,25.2,Grocery,21,0,11.7,25,0.1993065770119773,0,39,0.3206235464650386,0
ORD503192,CUST101677,560042,2025-04-29 03:10:31,543.61,19.0,Fashion,14,0,10.5,2,0.1398559423769508,0,33,0.2436974789915966,0
ORD500924,CUST100573,560073,2025-04-29 03:20:06,294.56,22.3,Fashion,5,0,5.9,9,0.2127704263810124,0,34,0.2206508125432721,1
ORD501254,CUST101701,560118,2025-04-29 04:20:19,582.43,8.5,Electronics,2,1,15.1,16,0.0942681146377072,0,47,0.2525152482024986,1
ORD502685,CUST101052,560086,2025-04-29 05:01:28,381.65,9.7,Fashion,5,0,12.7,2,0.1400677844095857,0,53,0.1222177803214849,0
ORD503955,CUST100405,560009,2025-04-29 07:00:55,458.49,25.1,Other,21,0,11.7,2,0.2828955259685738,0,51,0.2242404891143671,0
ORD507942,CUST101876,560059,2025-04-29 07:25:35,723.27,23.6,Electronics,3,1,19.6,1,0.1633438265127667,0,40,0.1653375306051066,0
ORD501830,CUST101982,560023,2025-04-29 07:52:17,1252.35,24.9,Beauty,9,0,4.6,6,0.2708961202456796,0,36,0.1057040944787482,0
ORD506176,CUST101495,560080,2025-04-29 07:59:41,1477.76,13.0,Home,2,1,16.9,4,0.1088501969559238,0,36,0.248546555185951,0
ORD504875,CUST100054,560110,2025-04-29 09:24:50,2246.82,27.5,Fashion,23,1,8.0,7,0.0816205257270693,0,40,0.3319630872483221,1
ORD505954,CUST101160,560062,2025-04-29 09:44:45,242.39,19.7,Electronics,18,0,6.7,13,0.0544605204911348,0,32,0.2869453360646483,0
ORD504019,CUST101763,560022,2025-04-29 10:15:50,1444.25,39.7,Fashion,1,1,15.3,3,0.1225104821802935,0,33,0.1683082156560262,0
ORD503354,CUST101869,560113,2025-04-29 10:20:01,1093.91,37.1,Other,18,0,23.4,7,0.081656536016209,0,37,0.1564826969961058,0
ORD506585,CUST100212,560093,2025-04-29 11:29:49,1528.3,8.3,Fashion,8,0,12.9,2,0.139953299006107,0,54,0.1745769239482567,0
ORD506263,CUST100256,560059,2025-04-29 12:33:47,1189.82,34.1,Grocery,20,0,12.5,13,0.1655259911073864,0,41,0.1625880550775709,0
ORD500964,CUST100407,560080,2025-04-29 12:51:57,1577.03,2.2,Electronics,11,0,3.6,5,0.297926267281106,0,37,0.2441587840569165,0
ORD506621,CUST101747,560089,2025-04-29 15:03:43,1300.06,27.4,Beauty,4,1,1.0,6,0.0890052356020942,0,23,0.2306100085230732,0
ORD502165,CUST101907,560110,2025-04-29 15:12:36,566.43,5.4,Other,10,0,10.6,0,0.1957705192629815,1,41,0.3428755800862235,0
ORD505932,CUST101908,560101,2025-04-29 16:08:33,1170.32,24.2,Fashion,9,0,8.4,2,0.28266395526182,0,50,0.1702084392475851,0
ORD506438,CUST101194,560063,2025-04-29 16:51:23,735.19,15.8,Beauty,6,0,5.7,1,0.1630738105204409,0,45,0.1679041761921628,1
ORD507003,CUST101431,560013,2025-04-29 17:53:20,401.05,24.3,Other,14,0,23.6,11,0.1862052730696798,0,41,0.1461825815813034,0
ORD503981,CUST100667,560118,2025-04-29 18:16:02,883.59,5.9,Beauty,19,0,7.7,8,0.1522368844544576,0,48,0.2634752645828206,0
ORD505760,CUST101974,560019,2025-04-29 20:19:46,624.38,6.1,Electronics,3,1,5.1,15,0.2989437356201631,0,53,0.1358287513645623,0
ORD502166,CUST100301,560062,2025-04-29 20:22:17,1143.66,12.5,Grocery,10,0,12.8,8,0.1522053855805424,0,33,0.2814090575507209,0
ORD504369,CUST100470,560069,2025-04-29 20:48:45,2177.43,18.0,Fashion,1,1,11.2,0,0.1956930796571189,1,42,0.0953848644055222,0
ORD505062,CUST101429,560111,2025-04-29 21:17:28,1240.08,9.9,Other,5,0,10.1,18,0.0860113421550094,0,39,0.184966838614591,0
ORD506584,CUST101968,560049,2025-04-29 21:50:29,1075.06,11.1,Home,13,0,18.2,3,0.372257053291536,0,35,0.0893131946423482,0
ORD507865,CUST101294,560039,2025-04-29 22:58:23,562.94,18.1,Grocery,3,1,14.8,10,0.0651901379022148,0,30,0.1382281654826577,0
ORD501761,CUST100431,560029,2025-04-30 00:58:30,708.93,36.0,Home,4,1,11.3,2,0.2825211137306395,0,37,0.1738700207799632,0
ORD502579,CUST100664,560019,2025-04-30 02:27:10,279.37,7.7,Fashion,13,0,4.8,4,0.2197159565580618,0,54,0.133915870757976,0
ORD504689,CUST101430,560035,2025-04-30 03:53:25,2051.88,8.1,Fashion,16,0,2.2,16,0.2370114051049528,0,40,0.3151493004802673,0
ORD507953,CUST100647,560080,2025-04-30 04:02:57,556.85,42.7,Fashion,2,1,17.7,2,0.2824336415150611,0,38,0.2397955510762364,0
ORD502093,CUST101030,560009,2025-04-30 06:22:36,850.26,13.6,Home,22,1,11.6,0,0.19536631183469,1,52,0.2209350866207472,0
ORD505906,CUST101250,560089,2025-04-30 06:51:18,1351.35,10.0,Electronics,23,1,17.3,9,0.0697591223467684,0,24,0.2251479738958871,0
ORD500421,CUST100524,560064,2025-04-30 07:05:03,1343.03,24.0,Other,13,0,4.0,11,0.1235264969747548,0,32,0.2097249193535444,0
ORD502201,CUST100685,560060,2025-04-30 08:30:01,1467.43,9.0,Beauty,14,0,8.1,1,0.16270337922403,0,40,0.1317480183562786,0
ORD504584,CUST100647,560080,2025-04-30 08:42:21,665.27,35.9,Electronics,1,1,2.6,3,0.2470020855057351,0,39,0.2356621480709072,0
ORD501288,CUST101796,560009,2025-04-30 08:44:17,474.77,9.6,Home,13,0,5.7,6,0.2705284706952763,0,53,0.2178527768574268,0
ORD504284,CUST101498,560088,2025-04-30 08:45:13,307.57,40.7,Electronics,18,0,7.0,4,0.1084010840108401,0,30,0.1780487804878048,0
ORD505694,CUST101649,560049,2025-04-30 08:46:38,987.49,32.3,Grocery,6,0,1.4,1,0.1625677365568987,0,36,0.0875290299529566,0
ORD500574,CUST101121,560069,2025-04-30 10:45:10,248.47,29.4,Home,18,0,8.8,3,0.1219003959158158,0,43,0.0936636931635889,0
ORD501699,CUST100037,560028,2025-04-30 11:01:56,658.3,14.5,Beauty,3,1,21.2,14,0.3144736842105263,0,32,0.1519230769230769,0
ORD502129,CUST101335,560074,2025-04-30 11:06:16,997.5,14.4,Other,21,0,19.7,21,0.114415266050342,0,37,0.1034945205129048,0
ORD505815,CUST101942,560058,2025-04-30 11:38:02,599.93,14.1,Home,16,0,29.4,5,0.1974593919200333,0,48,0.2190937599529607,0
ORD507148,CUST101592,560044,2025-04-30 12:04:33,1532.43,5.1,Beauty,5,0,9.3,9,0.1410279289729633,0,40,0.1816260670414324,0
ORD505824,CUST100129,560070,2025-04-30 12:12:49,550.98,33.7,Electronics,19,0,13.0,3,0.1217735220649458,0,39,0.184690723831835,1
ORD501565,CUST100901,560023,2025-04-30 12:18:55,403.93,31.8,Fashion,15,0,1.7,20,0.1990010405827263,0,37,0.1035105975135549,0
ORD502853,CUST101273,560060,2025-04-30 13:31:06,1104.88,25.1,Fashion,14,0,7.1,3,0.1218528922180607,0,41,0.1294965991963597,0
ORD507977,CUST101768,560028,2025-04-30 13:52:33,309.85,12.9,Other,3,1,4.4,5,0.0974620345329727,0,33,0.1490279505909228,0
ORD506492,CUST100374,560046,2025-04-30 15:23:39,326.87,9.3,Other,5,0,13.6,10,0.1982945091514142,0,24,0.2704016033882922,0
ORD503622,CUST100319,560060,2025-04-30 15:30:38,338.4,2.4,Beauty,1,1,17.9,1,0.3290358355860539,0,42,0.1273687105494402,0
ORD504034,CUST100906,560048,2025-04-30 15:38:33,1318.65,44.9,Electronics,9,0,2.6,26,0.192710079806854,0,42,0.2563879015491918,1
ORD500435,CUST101916,560093,2025-04-30 15:48:38,1021.21,32.0,Electronics,9,0,9.1,8,0.3057576387445437,0,55,0.1719919628628836,0
ORD502488,CUST101246,560081,2025-04-30 16:08:12,735.77,1.6,Home,2,1,2.1,27,0.2179577098919368,0,48,0.1896851009730575,1
ORD506538,CUST101892,560113,2025-04-30 16:26:09,492.74,23.1,Home,14,0,10.3,16,0.0940706222235413,0,38,0.1534815908065082,0
ORD502702,CUST101547,560095,2025-04-30 16:57:12,1736.72,15.9,Beauty,20,0,17.0,0,0.195056086414624,1,39,0.1678156225134318,1
ORD501733,CUST100424,560008,2025-04-30 17:13:37,537.33,3.8,Electronics,9,0,10.8,9,0.1411511645156505,0,43,0.2524518287758163,1
ORD506715,CUST100116,560069,2025-04-30 18:00:40,351.1,19.3,Home,8,0,10.8,13,0.1098306570690291,0,44,0.0923094892026578,0
ORD503766,CUST101215,560027,2025-04-30 18:58:07,547.47,34.6,Other,12,0,16.0,2,0.1395355734155817,0,38,0.2742585526833843,0
ORD504960,CUST101211,560060,2025-04-30 19:30:09,627.75,40.1,Grocery,1,1,6.3,4,0.108505142751718,0,43,0.1254950022073309,1
ORD501563,CUST100906,560052,2025-04-30 19:54:12,324.98,27.4,Home,4,1,25.6,27,0.2180431624818427,0,40,0.1151587466279311,0
ORD506770,CUST101556,560062,2025-04-30 19:56:09,1233.17,8.3,Fashion,12,0,22.5,5,0.1977178423236514,0,34,0.2760872906101121,1
ORD504566,CUST100444,560018,2025-04-30 19:59:49,1282.38,32.8,Fashion,22,1,15.9,12,0.5281184035530827,0,42,0.143742765187252,0
ORD507834,CUST100835,560090,2025-04-30 20:07:19,830.13,30.2,Electronics,9,0,21.8,9,0.2841292883806364,0,45,0.1063267715279328,0
ORD503885,CUST101480,560070,2025-04-30 20:25:54,852.51,30.6,Beauty,11,0,18.9,6,0.1797824816692741,0,40,0.1985071532241343,0
ORD506953,CUST100037,560016,2025-04-30 20:28:17,475.7,6.3,Fashion,3,1,7.7,15,0.298870232172471,0,49,0.2305741822289518,0
ORD504798,CUST101044,560017,2025-04-30 21:19:15,858.66,62.1,Grocery,8,0,29.7,2,0.13960029607698,0,29,0.1818124140848049,1
ORD506814,CUST100713,560074,2025-04-30 21:22:56,1074.49,9.8,Electronics,3,1,21.6,11,0.0611272275176129,0,38,0.101933492433228,0
ORD503657,CUST100434,560070,2025-04-30 21:32:12,629.52,10.6,Beauty,1,1,19.1,0,0.1955666045162626,1,41,0.1952677391856598,0
ORD504250,CUST100950,560108,2025-04-30 22:05:43,676.48,32.8,Electronics,20,0,12.1,0,0.1955260977630488,1,35,0.2165549446411086,0
ORD502215,CUST101062,560042,2025-04-30 22:36:34,905.29,25.5,Fashion,5,0,5.4,31,0.4715952233036515,0,34,0.2390687436245523,0
ORD501977,CUST100515,560079,2025-04-30 22:59:29,567.58,15.1,Beauty,11,0,5.2,19,0.0823844030365769,0,37,0.173840398096691,0
ORD502665,CUST101327,560027,2025-04-30 23:11:21,471.88,20.8,Home,14,0,21.1,1,0.1628372317670599,0,39,0.2696287044476176,1
ORD506114,CUST100098,560071,2025-04-30 23:23:13,487.25,27.5,Beauty,7,0,13.5,5,0.29778559602649,0,38,0.2226107558803379,0
ORD504957,CUST101496,560027,2025-05-01 00:34:18,645.61,24.7,Home,10,0,23.8,4,0.1086281812538795,0,40,0.2818435754189944,0
ORD505623,CUST100606,560063,2025-05-01 01:08:31,1174.0,15.7,Beauty,9,0,17.7,3,0.1221814232519652,0,46,0.180451599152468,0
ORD505105,CUST100168,560105,2025-05-01 01:23:45,2973.86,33.5,Beauty,2,1,18.8,2,0.139607032057911,0,39,0.2187965575868052,0
ORD503286,CUST101117,560069,2025-05-01 03:12:15,480.14,9.5,Home,13,0,3.1,2,0.282435306628855,0,45,0.0908952090093529,0
ORD504477,CUST100901,560011,2025-05-01 04:17:17,1232.18,30.7,Beauty,4,1,9.7,21,0.1914171212289881,0,41,0.2607767312756518,0
ORD507464,CUST100593,560081,2025-05-01 04:28:32,767.52,43.8,Beauty,11,0,8.0,5,0.3976643241008681,0,49,0.2015445357106481,1
ORD503992,CUST101472,560080,2025-05-01 05:00:29,635.57,24.0,Fashion,16,0,26.3,1,0.1629124474753737,0,40,0.2318316456568161,1
ORD505466,CUST101129,560019,2025-05-01 05:09:09,818.92,11.1,Fashion,1,1,12.8,1,0.1630509641873278,0,55,0.1321763085399449,0
ORD507240,CUST101737,560019,2025-05-01 05:10:29,1360.31,10.3,Fashion,0,1,17.1,1,0.1630172829305239,0,56,0.1304265103991128,0
ORD501818,CUST100161,560071,2025-05-01 06:26:23,556.28,29.4,Home,6,0,8.7,4,0.3308779659461196,0,39,0.2188407927806831,1
ORD507236,CUST101836,560088,2025-05-01 06:36:20,1233.56,11.2,Electronics,4,1,5.0,5,0.0978732190790832,0,31,0.1748025247679084,0
ORD502832,CUST100659,560095,2025-05-01 06:37:23,664.77,33.4,Electronics,17,0,13.4,0,0.1957060280759702,1,40,0.1819020093586567,0
ORD506169,CUST101774,560020,2025-05-01 07:16:59,636.76,13.9,Electronics,1,1,3.4,5,0.1978328173374613,0,42,0.1921502047338459,0
ORD505804,CUST100679,560083,2025-05-01 07:35:06,291.29,22.7,Fashion,19,0,12.8,5,0.0978126289723483,0,44,0.1080078931077177,1
ORD502568,CUST101885,560028,2025-05-01 08:07:23,781.68,29.1,Fashion,3,1,8.6,1,0.3298260092153222,0,34,0.146589337429032,0
ORD506012,CUST100395,560003,2025-05-01 09:25:36,790.09,30.5,Grocery,14,0,20.0,8,0.1522118558009647,0,33,0.1493399339933993,0
ORD504435,CUST101669,560108,2025-05-01 09:49:57,1255.01,23.5,Electronics,11,0,4.7,7,0.4148793565683646,0,36,0.2127537342014553,0
ORD501621,CUST101990,560068,2025-05-01 10:28:55,179.09,26.0,Fashion,13,0,17.1,2,0.282621502209131,0,39,0.1680237637602656,0
ORD500103,CUST101246,560102,2025-05-01 11:05:25,265.54,16.9,Fashion,12,0,15.9,28,0.24176208591793,0,44,0.2642593022057308,0
ORD502710,CUST101762,560001,2025-05-01 11:30:51,385.51,1.5,Electronics,3,1,14.2,17,0.1808157835569212,0,46,0.3319968023183192,1
ORD507974,CUST100064,560067,2025-05-01 11:33:19,501.56,25.2,Grocery,3,1,1.0,7,0.0815646679030153,0,31,0.2532373344969555,0
ORD503229,CUST101379,560041,2025-05-01 11:46:16,582.43,7.9,Fashion,1,1,10.2,0,0.1957148743304491,1,33,0.1304584431435657,0
ORD501814,CUST101237,560081,2025-05-01 12:18:09,413.15,36.7,Fashion,4,1,12.7,6,0.1798520737758636,0,50,0.2130498749448285,0
ORD507788,CUST100270,560031,2025-05-01 13:50:22,742.77,4.2,Electronics,16,0,21.1,4,0.1086857038257367,0,50,0.1844669333960931,0
ORD503361,CUST101060,560035,2025-05-01 14:19:07,352.09,27.1,Electronics,15,0,21.6,2,0.1397099914703373,0,41,0.3100308157568761,0
ORD507590,CUST100541,560091,2025-05-01 14:43:36,3726.32,5.6,Fashion,12,0,14.5,29,0.0875814302666311,0,37,0.2265100792326637,0
ORD502313,CUST101645,560085,2025-05-01 15:15:24,321.4,25.5,Grocery,14,0,8.8,2,0.1396524858142475,0,40,0.1651711600466488,0
ORD503440,CUST100918,560013,2025-05-01 15:19:34,178.48,24.9,Grocery,19,0,3.9,10,0.0651577503429355,0,42,0.1437010487189698,0
ORD503649,CUST100810,560064,2025-05-01 15:26:35,267.91,11.0,Electronics,23,1,24.4,1,0.1628608653912089,0,33,0.2058237881016795,0
ORD505788,CUST100395,560057,2025-05-01 15:51:37,382.4,4.1,Fashion,11,0,16.6,9,0.1412117294470235,0,43,0.0620294737941796,0
ORD505614,CUST100541,560103,2025-05-01 16:15:04,342.17,16.6,Fashion,0,1,8.5,30,0.0850503804236068,0,47,0.132941093422462,0
ORD501423,CUST101237,560119,2025-05-01 16:47:09,1038.34,19.4,Fashion,15,0,6.7,7,0.1647135416666666,0,45,0.1985576923076923,1
ORD507763,CUST101579,560072,2025-05-01 16:49:07,330.97,3.4,Home,11,0,16.4,25,0.332579650565262,0,52,0.1376327509421034,0
ORD500536,CUST100120,560062,2025-05-01 17:36:42,584.1,17.4,Electronics,0,1,2.4,14,0.1040625608410669,0,35,0.2892500840712925,0
ORD500559,CUST101740,560036,2025-05-01 19:05:20,723.13,36.0,Grocery,22,1,19.0,8,0.0751529136571257,0,38,0.1535853708650092,0
ORD507399,CUST101982,560015,2025-05-01 19:29:25,825.58,11.2,Home,13,0,8.9,7,0.2480655984661736,0,37,0.1913534864276549,0
ORD504351,CUST101056,560095,2025-05-01 21:50:51,1032.72,43.9,Electronics,23,1,14.4,4,0.2196207297870883,0,41,0.1787925618415603,0
ORD502469,CUST101768,560108,2025-05-01 22:36:37,1568.8,25.6,Beauty,12,0,4.9,6,0.0887623669964532,0,37,0.2088691955762095,0
ORD506024,CUST100621,560097,2025-05-01 22:53:00,566.76,7.6,Home,8,0,13.5,4,0.108465065352768,0,52,0.2208991993430507,0
ORD507131,CUST101531,560057,2025-05-01 22:56:05,803.3,18.2,Electronics,21,0,18.7,1,0.1626642036124794,0,44,0.0609990763546798,1
ORD505424,CUST101224,560083,2025-05-01 22:58:52,465.23,30.5,Fashion,5,0,12.6,3,0.2471013749230453,0,45,0.1216499076544223,0
ORD501756,CUST101251,560074,2025-05-01 23:40:07,410.8,26.4,Other,9,0,18.2,4,0.1085122874207814,0,39,0.1001091923245446,0
ORD500600,CUST101013,560040,2025-05-01 23:48:47,1001.07,18.4,Beauty,16,0,12.3,16,0.0941147741147741,0,44,0.139150641025641,0
ORD500512,CUST100921,560117,2025-05-02 00:44:17,225.19,14.0,Home,4,1,3.2,4,0.1084677786892717,0,42,0.1436264521421577,0
ORD503771,CUST101843,560082,2025-05-02 01:04:46,1428.24,9.5,Fashion,8,0,29.5,3,0.1220012302645068,0,40,0.2317339894744036,0
ORD506741,CUST101193,560095,2025-05-02 01:51:59,857.41,48.8,Grocery,10,0,31.6,8,0.1519853660075062,0,42,0.1758586940708116,0
ORD503270,CUST101922,560010,2025-05-02 02:42:59,956.24,28.9,Beauty,23,1,8.0,4,0.1084010840108401,0,44,0.2484756097560975,0
ORD503757,CUST101250,560059,2025-05-02 04:24:33,801.04,15.3,Electronics,17,0,16.7,10,0.0650273224043715,0,42,0.1597038603913273,0
ORD505807,CUST100988,560033,2025-05-02 06:02:36,958.91,11.9,Fashion,20,0,8.3,18,0.1293569564326626,0,36,0.2125149998536599,0
ORD501190,CUST101422,560039,2025-05-02 06:54:05,752.08,26.1,Fashion,4,1,8.5,2,0.139287177386317,0,31,0.1352949209179779,0
ORD506487,CUST100556,560047,2025-05-02 07:27:00,326.03,5.4,Electronics,16,0,17.8,2,0.1392586524677452,0,48,0.1455770921926009,0
ORD504119,CUST100416,560019,2025-05-02 07:30:05,1465.77,1.0,Beauty,1,1,5.3,8,0.1518931518931519,0,57,0.1285512194603103,1
ORD505224,CUST101221,560033,2025-05-02 08:42:07,874.04,44.2,Electronics,15,0,13.4,3,0.3719293756397134,0,37,0.2088024564994882,0
ORD506498,CUST101408,560098,2025-05-02 08:45:34,285.51,26.8,Electronics,11,0,13.8,9,0.3553739547394889,0,46,0.1803172949304754,0
ORD504675,CUST101479,560017,2025-05-02 08:59:34,688.67,39.0,Electronics,13,0,8.3,4,0.1083373121433281,0,30,0.1980028647431962,0
ORD504426,CUST101013,560031,2025-05-02 10:12:30,1713.0,9.1,Fashion,23,1,12.9,17,0.0897652879035857,0,51,0.1816809202185288,0
ORD502841,CUST100544,560039,2025-05-02 10:12:42,360.14,18.6,Grocery,6,0,12.1,1,0.1624394900115906,0,32,0.1326643800053495,0
ORD505629,CUST100995,560116,2025-05-02 10:35:22,828.08,44.4,Fashion,22,1,13.3,3,0.1218047034764826,0,34,0.1277361205786563,0
ORD504813,CUST100746,560096,2025-05-02 10:50:05,1338.97,11.2,Grocery,7,0,12.4,4,0.1082487107839796,0,37,0.1034553261091801,0
ORD501592,CUST100532,560017,2025-05-02 11:45:05,752.49,22.7,Fashion,13,0,6.9,20,0.0389615699100572,0,31,0.1940422939412887,0
ORD505474,CUST100410,560035,2025-05-02 11:45:55,847.21,20.7,Other,0,1,8.3,16,0.2368495323737506,0,42,0.304763882570888,0
ORD502272,CUST100905,560001,2025-05-02 12:50:25,659.89,20.3,Other,1,1,24.7,0,0.1947282386595831,1,47,0.3417099219879353,0
ORD501862,CUST101465,560072,2025-05-02 14:41:07,2017.95,33.9,Fashion,14,0,7.2,12,0.2925554287087664,0,53,0.1355310842766591,0
ORD501861,CUST100772,560087,2025-05-02 14:57:19,788.13,20.2,Electronics,7,0,1.7,6,0.1793857694592988,0,36,0.1766602474323062,0
ORD501366,CUST101200,560078,2025-05-02 15:56:13,330.69,17.0,Home,2,1,8.3,4,0.2192271912508792,0,30,0.137843577700633,0
ORD507490,CUST100032,560027,2025-05-02 16:05:24,170.0,14.2,Home,8,0,17.8,1,0.1621410099360283,0,41,0.2769079383354866,0
ORD504808,CUST101110,560044,2025-05-02 16:46:30,481.39,13.3,Other,19,0,1.0,0,0.1945294958154725,1,41,0.1785342609231057,0
ORD502474,CUST100987,560086,2025-05-02 16:56:54,717.89,20.4,Fashion,21,0,4.1,2,0.2817784256559766,0,54,0.1201323772752344,0
ORD504338,CUST101124,560074,2025-05-02 17:08:07,350.95,4.9,Electronics,13,0,1.5,2,0.4246072230157111,0,40,0.0981500374073318,1
ORD506602,CUST101131,560079,2025-05-02 18:37:37,519.55,21.7,Electronics,19,0,2.1,0,0.1946144430844553,1,38,0.1705567045118811,0
ORD507592,CUST100161,560028,2025-05-02 19:57:59,997.46,28.9,Electronics,8,0,29.4,5,0.3972873750764837,0,35,0.1434817273283518,0
ORD504766,CUST100359,560029,2025-05-02 22:33:50,387.87,20.9,Fashion,8,0,24.8,8,0.228667335926716,0,38,0.170529335658435,0
ORD505134,CUST100202,560087,2025-05-02 23:13:34,969.68,12.9,Electronics,21,0,21.4,0,0.1944954128440367,1,37,0.1735071624014164,0
ORD505814,CUST101505,560063,2025-05-02 23:54:26,672.66,9.0,Grocery,9,0,15.4,11,0.1857674276396249,0,47,0.1774494831184477,0
ORD504081,CUST100705,560041,2025-05-03 00:10:00,219.32,9.4,Beauty,22,1,14.1,1,0.3286801168398885,0,34,0.1275615334103208,0
ORD507102,CUST100145,560069,2025-05-03 00:23:06,1833.51,15.2,Beauty,6,0,10.6,1,0.1619804400977995,0,46,0.0892050085204119,1
ORD500744,CUST100249,560055,2025-05-03 01:45:19,2017.04,37.0,Electronics,20,0,6.2,0,0.1945406396414748,1,44,0.1701689498879608,0
ORD504828,CUST101430,560028,2025-05-03 02:35:24,722.8,17.4,Other,4,1,6.2,17,0.2260229587113497,0,36,0.140893220832121,0
ORD503950,CUST101516,560070,2025-05-03 02:55:09,275.62,8.5,Fashion,4,1,4.5,7,0.1643589221475599,0,42,0.191761746178756,0
ORD502566,CUST101212,560044,2025-05-03 03:12:14,810.28,26.6,Beauty,22,1,22.5,1,0.1620181867535287,0,42,0.1756199432594305,0
ORD504150,CUST101688,560097,2025-05-03 03:43:15,418.08,9.1,Grocery,14,0,5.4,2,0.1388444651216888,0,53,0.2176389729233875,0
ORD502816,CUST101852,560042,2025-05-03 04:15:54,569.48,33.4,Fashion,6,0,23.4,10,0.1981142314475647,0,35,0.2343064343064343,1
ORD500776,CUST100524,560041,2025-05-03 05:40:52,1004.51,5.3,Fashion,10,0,7.8,12,0.1160313565914667,0,35,0.1252751317858133,0
ORD505762,CUST101661,560085,2025-05-03 05:59:47,1661.65,8.4,Beauty,22,1,15.1,1,0.1620558719826417,0,41,0.1621203430751377,1
ORD503781,CUST101211,560089,2025-05-03 06:03:42,623.36,18.0,Other,2,1,13.1,5,0.1973154362416107,0,25,0.2198359433258762,0
ORD502423,CUST100407,560108,2025-05-03 06:05:53,1094.72,24.7,Beauty,12,0,1.7,6,0.2702687714887796,0,38,0.2050314818190741,0
ORD501316,CUST101841,560069,2025-05-03 06:20:24,611.84,15.7,Fashion,9,0,9.7,5,0.0972758690790811,0,47,0.1028512651218394,0
ORD506721,CUST100194,560111,2025-05-03 07:14:27,1249.48,6.0,Fashion,13,0,18.1,26,0.2249213217938631,0,40,0.1815040650406504,0
ORD502536,CUST101212,560057,2025-05-03 07:41:43,1148.14,28.6,Beauty,11,0,8.1,2,0.1389090486834847,0,45,0.0752223594328857,0
ORD504578,CUST101458,560053,2025-05-03 08:40:45,487.44,36.6,Fashion,22,1,1.7,1,0.1620276310442909,0,37,0.3138361955274207,0
ORD503638,CUST100547,560080,2025-05-03 09:45:59,616.03,16.9,Fashion,9,0,1.8,3,0.2464960390006094,0,41,0.2440634958691721,0
ORD500947,CUST101662,560028,2025-05-03 10:05:13,411.24,4.2,Fashion,12,0,14.8,3,0.1214713647441104,0,37,0.1383698889791497,0
ORD500372,CUST100759,560084,2025-05-03 10:09:48,1875.65,4.1,Grocery,11,0,16.7,17,0.3168897092754961,0,38,0.2394188692455802,0
ORD501506,CUST101702,560037,2025-05-03 10:11:36,606.09,22.7,Fashion,11,0,3.0,1,0.1618960617133577,0,30,0.1377101096224117,0
ORD502487,CUST100699,560062,2025-05-03 11:21:54,756.83,37.1,Beauty,17,0,2.2,1,0.1618632027603004,0,36,0.283655658325843,1
ORD500310,CUST100725,560042,2025-05-03 11:46:47,439.01,40.5,Home,23,1,11.3,10,0.1981331168831168,0,36,0.2479997680890538,1
ORD505978,CUST101061,560030,2025-05-03 11:47:39,914.96,26.1,Home,13,0,11.6,9,0.2123438541576094,0,41,0.1785451775873136,0
ORD503505,CUST100467,560021,2025-05-03 12:15:32,1124.17,8.3,Other,16,0,3.9,2,0.1389452332657201,0,32,0.1517397409892338,0
ORD502297,CUST101378,560037,2025-05-03 12:49:50,626.55,22.6,Fashion,15,0,5.6,1,0.1620698979246941,0,31,0.1350917166704442,0
ORD505846,CUST101972,560002,2025-05-03 12:58:27,452.57,33.5,Grocery,1,1,6.8,4,0.3302469135802469,0,37,0.1208576998050682,1
ORD503978,CUST101062,560092,2025-05-03 13:32:34,369.95,39.9,Fashion,0,1,19.6,32,0.4587307761846582,0,47,0.2819724608258121,1
ORD500564,CUST101920,560029,2025-05-03 14:13:17,523.66,4.0,Other,5,0,11.2,1,0.1623091474125118,0,39,0.1677189752186489,0
ORD505333,CUST100872,560002,2025-05-03 14:29:19,777.34,43.0,Fashion,1,1,22.2,31,0.4437127096701564,0,38,0.1361143136638367,0
ORD507618,CUST100037,560003,2025-05-03 15:23:49,592.33,23.5,Electronics,22,1,21.4,16,0.2844504900825808,0,34,0.1461822438321628,0
ORD507832,CUST101508,560068,2025-05-03 15:34:50,1582.79,20.8,Electronics,12,0,3.6,2,0.1390375878931682,0,40,0.1648842076834785,0
ORD505403,CUST100722,560056,2025-05-03 17:06:48,2401.85,16.0,Fashion,0,1,10.8,3,0.121633252328878,0,33,0.2243823410287566,0
ORD500540,CUST100810,560066,2025-05-03 18:36:54,286.41,36.7,Fashion,13,0,11.9,2,0.1389812859746044,0,28,0.3519057501518526,0
ORD500226,CUST101065,560112,2025-05-03 18:48:56,620.32,17.9,Other,23,1,1.0,1,0.1621120107962213,0,45,0.2137028962939894,0
ORD504959,CUST100036,560095,2025-05-03 20:05:01,607.96,8.8,Beauty,3,1,28.5,0,0.194495041489577,1,43,0.1728555687268498,0
ORD504186,CUST100213,560059,2025-05-03 20:12:34,385.28,0.4,Electronics,12,0,1.1,3,0.1215348037231889,0,43,0.1569700590340007,0
ORD502992,CUST101207,560027,2025-05-03 20:24:43,948.45,12.3,Beauty,20,0,6.2,6,0.4520074301583507,0,42,0.2723923697897972,1
ORD503593,CUST101211,560053,2025-05-03 20:28:35,1128.96,15.6,Fashion,20,0,16.1,6,0.1793542218299499,0,38,0.3084756165606517,1
ORD502630,CUST101317,560086,2025-05-03 21:39:31,265.68,19.3,Electronics,8,0,5.6,3,0.1217138523761375,0,55,0.118597910347152,0
ORD506432,CUST101363,560021,2025-05-03 21:43:08,367.04,8.3,Fashion,4,1,28.8,0,0.1947027901334411,1,33,0.1489444491069589,0
ORD504392,CUST101556,560063,2025-05-03 21:55:00,653.13,28.6,Beauty,10,0,1.0,6,0.2703015601742102,0,48,0.174901009524489,0
ORD506281,CUST100708,560088,2025-05-03 22:18:57,829.12,18.6,Electronics,8,0,3.2,12,0.2337129678063626,0,32,0.1710092655929357,0
ORD500721,CUST100006,560003,2025-05-03 22:23:17,1150.34,17.1,Home,22,1,6.3,3,0.246615477874318,0,35,0.1434853689450577,0
ORD503476,CUST100638,560112,2025-05-03 22:53:09,219.84,16.4,Home,11,0,4.1,2,0.2818181818181818,0,46,0.2104683195592286,0
ORD503070,CUST101200,560030,2025-05-03 22:59:09,1471.62,30.7,Fashion,20,0,1.0,5,0.197253080185821,0,42,0.1756471485069813,0
ORD501320,CUST100760,560009,2025-05-03 23:32:16,499.98,29.5,Home,21,0,10.6,4,0.3302593789265841,0,54,0.2147207789372571,1
ORD506148,CUST101349,560064,2025-05-03 23:48:14,2320.49,21.0,Beauty,10,0,18.4,1,0.1621912645534692,0,34,0.2017146360978381,1
ORD500885,CUST101317,560071,2025-05-04 00:09:56,671.37,17.1,Grocery,2,1,25.1,4,0.1082178262234782,0,40,0.2315973624007536,0
ORD506666,CUST100557,560041,2025-05-04 00:33:18,224.14,29.6,Electronics,15,0,1.0,22,0.2212505138842172,0,36,0.1231259910624189,0
ORD502366,CUST100715,560001,2025-05-04 00:52:01,1776.48,3.6,Other,3,1,17.5,0,0.1947134786117837,1,48,0.3366804348858188,1
ORD502676,CUST100461,560035,2025-05-04 02:14:49,406.5,3.4,Fashion,8,0,14.5,4,0.1082644072355591,0,43,0.2999606136584147,1
ORD502441,CUST101919,560003,2025-05-04 02:33:11,952.23,7.9,Home,13,0,11.9,1,0.3291986015866612,0,36,0.1410851149657119,0
ORD506149,CUST101781,560093,2025-05-04 02:40:27,376.34,28.2,Fashion,21,0,15.8,2,0.1392849940944314,0,56,0.1697365767716326,0
ORD504717,CUST101893,560114,2025-05-04 02:41:35,578.01,15.3,Beauty,6,0,12.4,13,0.276377688172043,0,43,0.1253840245775729,1
ORD507320,CUST101714,560026,2025-05-04 03:59:10,421.27,26.4,Other,14,0,9.8,13,0.1097560975609756,0,50,0.1843205574912892,0
ORD505111,CUST101884,560006,2025-05-04 04:06:14,869.13,35.7,Fashion,15,0,3.0,11,0.2484633212414349,0,41,0.1787156157287186,0
ORD506568,CUST100615,560016,2025-05-04 04:18:41,771.34,30.4,Electronics,8,0,16.8,1,0.1625361004768621,0,50,0.2271552344492098,1
ORD500079,CUST101435,560032,2025-05-04 04:36:30,280.18,16.5,Grocery,3,1,5.1,4,0.1084474885844749,0,41,0.2443296653941163,0
ORD503654,CUST100895,560093,2025-05-04 06:06:19,556.84,10.0,Fashion,4,1,17.1,1,0.1626384692849949,0,57,0.1675756267901283,0
ORD501341,CUST100772,560075,2025-05-04 07:28:42,365.18,30.5,Fashion,6,0,6.6,7,0.164636192777554,0,34,0.1648618009874554,0
ORD500655,CUST100872,560083,2025-05-04 08:21:37,280.66,37.4,Fashion,8,0,11.1,32,0.4317685916236349,0,46,0.1197235084893631,0
ORD507541,CUST100523,560088,2025-05-04 11:23:12,999.32,7.7,Grocery,10,0,7.9,1,0.32920692431562,0,33,0.1679427581806581,0
ORD500278,CUST101033,560026,2025-05-04 12:05:32,522.76,5.1,Fashion,9,0,6.1,6,0.0886404800673265,0,51,0.1816926918727094,0
ORD507650,CUST101596,560065,2025-05-04 12:53:04,657.11,54.0,Fashion,11,0,23.7,5,0.1974849094567404,0,46,0.1499908542162063,0
ORD500636,CUST100120,560072,2025-05-04 13:03:58,351.79,61.0,Fashion,18,0,15.9,15,0.0987326493663246,0,54,0.1337650263419726,0
ORD503534,CUST101754,560067,2025-05-04 13:32:28,322.11,31.5,Fashion,13,0,1.0,3,0.2468071198712791,0,32,0.2480351506900179,0
ORD507684,CUST101356,560035,2025-05-04 15:58:58,150.0,31.1,Home,4,1,4.3,4,0.1082512232723372,0,44,0.3108913130906897,0
ORD505962,CUST100747,560051,2025-05-04 16:16:26,754.24,10.2,Home,8,0,9.6,3,0.2467581423401688,0,36,0.1767189384800965,0
ORD506029,CUST101347,560107,2025-05-04 17:57:14,579.7,7.8,Fashion,1,1,14.6,0,0.1947738693467336,1,36,0.319562096195262,1
ORD505822,CUST101495,560058,2025-05-04 18:15:02,374.81,19.3,Fashion,4,1,4.5,5,0.0974678456591639,0,49,0.2159233887879211,0
ORD501176,CUST101974,560003,2025-05-04 19:12:33,1822.64,31.3,Electronics,10,0,11.8,16,0.28449917238344,0,37,0.1385601838633151,0
ORD502324,CUST101169,560119,2025-05-04 19:17:04,1837.7,16.2,Beauty,6,0,15.6,2,0.2820409803133789,0,46,0.2105628401329486,1
ORD502501,CUST100231,560068,2025-05-04 19:38:13,879.48,13.3,Electronics,8,0,9.9,16,0.4273854952706127,0,41,0.1623013377496962,1
ORD504859,CUST100688,560101,2025-05-04 20:04:15,446.75,11.0,Home,20,0,1.1,0,0.1951807228915662,1,51,0.1676565416595961,0
ORD505782,CUST101691,560062,2025-05-04 20:09:48,1379.82,31.6,Electronics,4,1,12.3,0,0.1951415378438064,1,37,0.296540890471511,0
ORD501949,CUST100566,560073,2025-05-04 20:22:55,796.18,28.0,Electronics,22,1,17.6,9,0.2839651316166772,0,35,0.2345826794642531,1
ORD504230,CUST101586,560066,2025-05-04 20:32:49,925.77,36.1,Home,4,1,13.5,12,0.2927246756619565,0,29,0.345005672347205,1
ORD505063,CUST101125,560033,2025-05-04 21:23:02,557.61,3.1,Grocery,18,0,11.4,10,0.1984751203852327,0,38,0.205319090053689,1
ORD506186,CUST101431,560004,2025-05-04 22:34:42,1016.81,60.9,Beauty,5,0,14.3,12,0.1751725765531889,0,47,0.1479363463524903,1
ORD502054,CUST100988,560046,2025-05-04 22:57:29,3000.04,16.6,Beauty,3,1,17.6,19,0.1241141863885546,0,25,0.2647769309622498,0
ORD501031,CUST100444,560046,2025-05-04 23:51:40,492.09,12.7,Electronics,19,0,14.6,13,0.4988080119421607,0,26,0.2590038447790342,0
ORD506897,CUST101294,560033,2025-05-04 23:52:42,815.61,10.9,Electronics,6,0,14.1,11,0.0611467522052927,0,39,0.2188710532396395,1
ORD506482,CUST101538,560038,2025-05-05 00:11:07,417.91,33.5,Electronics,23,1,19.5,1,0.1631923565176722,0,43,0.3161367707368909,1
ORD505200,CUST101454,560066,2025-05-05 00:23:07,403.54,19.8,Electronics,5,0,11.2,3,0.3724949899799599,0,30,0.3583967935871743,1
ORD501581,CUST101701,560074,2025-05-05 00:33:12,738.59,2.2,Fashion,0,1,17.6,17,0.1354893353490829,0,41,0.1134928116511359,1
ORD503166,CUST100101,560073,2025-05-05 01:00:34,646.09,6.4,Home,21,0,9.8,2,0.1402243589743589,0,36,0.248683608058608,0
ORD500596,CUST100217,560074,2025-05-05 01:26:16,770.19,11.2,Fashion,11,0,18.9,1,0.1635623205821483,0,42,0.1278305757092187,0
ORD505783,CUST100322,560014,2025-05-05 01:31:46,449.81,17.1,Home,15,0,11.2,2,0.1401682018422106,0,43,0.2845192008187603,0
ORD506407,CUST101875,560063,2025-05-05 01:45:33,506.01,0.8,Grocery,18,0,10.6,15,0.149049049049049,0,49,0.1728104916510713,1
ORD501421,CUST101971,560113,2025-05-05 02:42:25,815.77,7.8,Other,4,1,6.7,0,0.1963570856685348,1,39,0.1513074866672999,0
ORD506720,CUST101281,560010,2025-05-05 02:57:46,426.89,8.0,Electronics,16,0,18.0,4,0.1090654392635581,0,45,0.2450208586690476,0
ORD503217,CUST101237,560072,2025-05-05 03:28:14,1502.74,6.5,Electronics,22,1,6.7,8,0.2293378890017545,0,55,0.1323409363745498,0
ORD506328,CUST100566,560062,2025-05-05 03:44:09,454.72,5.3,Grocery,21,0,14.4,10,0.33207974928319,0,38,0.2918066371895069,0
ORD504315,CUST101124,560074,2025-05-05 05:14:36,591.54,11.0,Grocery,10,0,5.7,3,0.497625,0,43,0.1257777777777778,0
ORD505922,CUST100178,560103,2025-05-05 05:53:18,1011.58,9.2,Beauty,18,0,14.2,0,0.1961607678464307,1,48,0.1312237552489502,0
ORD506036,CUST100982,560029,2025-05-05 06:09:16,609.06,28.2,Electronics,20,0,9.3,2,0.1400868224138916,0,40,0.165373850459816,0
ORD501372,CUST100906,560007,2025-05-05 06:56:57,883.63,25.5,Electronics,15,0,8.9,28,0.2115276288772191,0,35,0.3440299456689623,1
ORD501633,CUST100380,560024,2025-05-05 07:31:09,915.66,0.7,Electronics,6,0,7.6,6,0.0892013661797834,0,34,0.1652751872576013,0
ORD504093,CUST101125,560074,2025-05-05 07:31:46,271.01,31.3,Electronics,3,1,7.0,11,0.2488136863136863,0,44,0.1238136863136863,0
ORD504978,CUST100202,560033,2025-05-05 08:39:37,928.06,25.8,Other,14,0,26.6,1,0.1634705020641896,0,40,0.2320548674923425,1
ORD505402,CUST101103,560049,2025-05-05 08:48:51,964.2,19.8,Fashion,2,1,27.2,0,0.1963251447972838,1,37,0.086429875367468,0
ORD505319,CUST101467,560037,2025-05-05 09:00:22,675.02,22.7,Fashion,1,1,6.7,18,0.0861491179330462,0,32,0.1331869009584664,0
ORD506249,CUST100924,560042,2025-05-05 09:36:39,228.94,9.9,Other,0,1,19.4,7,0.081769481599787,0,37,0.2618409669612242,0
ORD500491,CUST101476,560000,2025-05-05 09:55:19,823.34,7.4,Electronics,11,0,16.8,1,0.1635063206919494,0,44,0.170689870259481,0
ORD502281,CUST100405,560017,2025-05-05 10:06:35,571.04,25.3,Home,1,1,5.2,3,0.2476052684094991,0,32,0.1908340113289225,0
ORD501319,CUST101806,560010,2025-05-05 10:22:06,556.89,25.6,Beauty,1,1,13.2,0,0.1961292897047087,1,46,0.2412512999105177,0
ORD500392,CUST100474,560004,2025-05-05 11:15:44,469.95,4.9,Fashion,9,0,15.6,10,0.1986967218565064,0,48,0.1606147545792703,1
ORD501508,CUST101048,560116,2025-05-05 11:16:35,1122.32,7.6,Home,12,0,11.2,14,0.0516448680536602,0,35,0.1259092722196033,0
ORD505216,CUST100861,560116,2025-05-05 11:33:06,1129.46,13.9,Fashion,3,1,11.9,4,0.331228536612385,0,36,0.1236469163936761,0
ORD500820,CUST101429,560116,2025-05-05 12:06:06,265.04,18.0,Electronics,0,1,27.1,19,0.0825358851674641,0,37,0.1214639469487114,0
ORD503366,CUST101711,560102,2025-05-05 12:21:15,364.64,20.8,Grocery,3,1,12.5,3,0.1225832170619892,0,45,0.2603486607074409,1
ORD502302,CUST101960,560020,2025-05-05 12:57:23,405.43,2.3,Grocery,16,0,13.5,0,0.1962933439617377,1,43,0.1892994742735675,0
ORD501831,CUST100924,560109,2025-05-05 13:23:46,289.5,9.3,Electronics,15,0,3.9,8,0.0754823976581298,0,31,0.3122565623180932,0
ORD506624,CUST100406,560035,2025-05-05 13:47:28,242.43,22.5,Home,22,1,18.7,2,0.2830108138873079,0,45,0.3065277352129941,0
ORD506881,CUST100405,560021,2025-05-05 13:58:10,729.86,18.7,Other,6,0,1.0,4,0.2200978114142822,0,34,0.1467318742761881,0
ORD505297,CUST101701,560097,2025-05-05 14:02:07,242.03,10.8,Grocery,14,0,26.4,18,0.1730732602635361,0,54,0.2151721614087205,0
ORD504931,CUST100665,560065,2025-05-05 14:04:05,685.93,2.5,Fashion,14,0,8.5,1,0.1634149578605083,0,47,0.1480889401291373,0
ORD501864,CUST101833,560027,2025-05-05 14:28:30,531.14,35.6,Electronics,14,0,14.7,6,0.0891176896352055,0,43,0.2844631483166515,1
ORD502664,CUST100711,560093,2025-05-05 15:24:01,693.27,8.6,Home,7,0,18.0,0,0.1962189054726368,1,58,0.165697155249394,0
ORD501588,CUST101164,560021,2025-05-05 15:36:20,1095.16,11.6,Fashion,3,1,16.7,7,0.1650749436264756,0,35,0.1440654053467424,1
ORD504441,CUST100445,560040,2025-05-05 16:05:43,674.06,32.8,Electronics,6,0,13.0,3,0.1227123532922219,0,45,0.1373353123900169,0
ORD501705,CUST100448,560004,2025-05-05 17:34:46,314.45,8.5,Grocery,4,1,11.9,2,0.4259290828503239,0,49,0.1728407872436097,0
ORD506918,CUST101169,560039,2025-05-05 18:47:15,265.99,18.0,Grocery,4,1,1.1,3,0.3726635514018691,0,33,0.1306647857520719,0
ORD502512,CUST101508,560068,2025-05-05 19:11:40,1166.15,13.5,Electronics,10,0,5.2,3,0.1226391650099403,0,42,0.1762008593599692,0
ORD503198,CUST101692,560111,2025-05-05 19:44:20,443.21,37.9,Electronics,15,0,1.0,2,0.2829883294999574,0,41,0.1790766102622755,0
ORD507934,CUST100543,560006,2025-05-05 22:03:27,603.67,33.1,Fashion,23,1,16.9,4,0.5534137078254725,0,42,0.1761757013180163,1
ORD505642,CUST101998,560101,2025-05-05 22:52:21,850.29,12.0,Beauty,23,1,4.7,8,0.0755016888535664,0,52,0.1656401086164646,0
ORD500340,CUST100452,560044,2025-05-05 23:34:10,454.12,16.7,Fashion,19,0,17.0,6,0.4528479069599451,0,43,0.173417585813295,1
ORD507218,CUST101306,560030,2025-05-05 23:35:31,1133.75,18.4,Grocery,11,0,9.2,2,0.283160732018726,0,43,0.1734682618495925,0
ORD503380,CUST101337,560006,2025-05-05 23:52:58,420.12,11.2,Fashion,11,0,22.6,1,0.1636550172094254,0,43,0.1893288954448605,0
ORD505179,CUST100427,560093,2025-05-06 00:26:26,301.07,37.3,Electronics,11,0,29.2,1,0.3302891933028919,0,59,0.1636321599907519,0
ORD503762,CUST100208,560000,2025-05-06 00:41:42,571.19,8.3,Fashion,4,1,11.2,10,0.0654360195844912,0,45,0.1680947873087611,0
ORD500663,CUST101139,560061,2025-05-06 02:53:24,648.55,32.3,Grocery,20,0,10.6,8,0.1524111926969636,0,28,0.1026121254217106,0
ORD504555,CUST101020,560036,2025-05-06 03:12:06,283.97,10.8,Fashion,6,0,13.9,1,0.1635251322751322,0,39,0.1512644605864944,0
ORD507385,CUST100427,560050,2025-05-06 03:55:31,579.56,6.0,Beauty,18,0,15.5,2,0.2829937370703091,0,32,0.3254581661147818,0
ORD504115,CUST100541,560042,2025-05-06 04:03:13,494.44,46.7,Grocery,15,0,5.1,31,0.082798933403852,0,38,0.2572939036233569,0
ORD505007,CUST100364,560070,2025-05-06 04:40:28,1636.66,22.3,Fashion,23,1,2.9,18,0.0861116140323651,0,43,0.1892423569996443,1
ORD506591,CUST100258,560051,2025-05-06 05:05:31,323.83,17.3,Other,1,1,14.6,2,0.140194856689702,0,37,0.1741308067949413,0
ORD504489,CUST101472,560103,2025-05-06 05:27:29,1109.18,16.0,Grocery,9,0,21.7,2,0.2830242106753504,0,49,0.1293431579552146,0
ORD500972,CUST101203,560033,2025-05-06 05:50:29,469.78,11.0,Fashion,6,0,12.7,28,0.2418477281735307,0,41,0.2446541003099355,0
ORD507708,CUST100975,560016,2025-05-06 08:20:05,2748.14,35.9,Electronics,8,0,3.5,10,0.3320520441186183,0,51,0.2383538401002408,0
ORD502402,CUST101390,560102,2025-05-06 08:32:59,221.49,14.7,Beauty,21,0,4.0,17,0.1354811986745425,0,46,0.2715506891418143,0
ORD507213,CUST101491,560028,2025-05-06 08:47:21,624.16,16.9,Beauty,8,0,22.6,1,0.3300653594771242,0,38,0.13657876943881,1
ORD507627,CUST100746,560072,2025-05-06 10:38:20,1396.44,16.9,Beauty,18,0,4.9,5,0.0981188118811881,0,56,0.13058884835852,0
ORD503158,CUST100760,560075,2025-05-06 11:01:20,605.03,20.8,Home,1,1,6.2,5,0.3980993862601465,0,35,0.1622540990982883,0
ORD506095,CUST101628,560100,2025-05-06 12:10:36,832.5,11.1,Grocery,20,0,25.6,13,0.554488871294097,0,57,0.2587428406905842,1
ORD502695,CUST101335,560067,2025-05-06 12:17:05,1318.21,19.7,Home,5,0,20.6,22,0.1104294478527607,0,33,0.2438939692093992,0
ORD501338,CUST100872,560099,2025-05-06 12:28:43,981.91,27.6,Fashion,12,0,5.4,33,0.4205631808051986,0,39,0.1682305674981387,0
ORD502251,CUST100431,560116,2025-05-06 13:00:16,1689.46,39.7,Fashion,4,1,21.1,3,0.2476508407517309,0,38,0.1193935673112998,1
ORD505192,CUST101246,560007,2025-05-06 13:10:17,1741.68,26.0,Fashion,0,1,17.2,29,0.2347647524199553,0,36,0.3558572558770344,1
ORD506822,CUST100192,560028,2025-05-06 13:14:23,866.75,31.4,Electronics,21,0,9.8,5,0.0982796124184299,0,39,0.1513760084192745,0
ORD502292,CUST100007,560022,2025-05-06 13:25:24,816.7,6.4,Beauty,23,1,2.1,14,0.1043474641526711,0,34,0.1653779125111667,0
ORD504570,CUST101246,560037,2025-05-06 14:10:48,282.25,31.0,Other,23,1,12.9,30,0.2566402168695112,0,33,0.1307477426741805,1
ORD501686,CUST100463,560038,2025-05-06 14:35:43,285.7,5.0,Fashion,0,1,1.0,3,0.1229001976284585,0,44,0.3270750988142292,1
ORD503665,CUST101465,560059,2025-05-06 14:40:49,237.67,47.3,Beauty,14,0,11.7,13,0.2768886254363433,0,44,0.1552497036158862,0
ORD501512,CUST100172,560099,2025-05-06 15:03:22,841.32,12.5,Electronics,11,0,22.6,0,0.1967601738443303,1,40,0.1655867246147767,1
ORD504481,CUST100998,560058,2025-05-06 15:19:26,436.62,11.6,Fashion,13,0,6.3,4,0.2205104571290627,0,50,0.2134053779520894,0
ORD506278,CUST101516,560061,2025-05-06 16:22:12,388.79,13.3,Fashion,19,0,4.0,8,0.1526461295418641,0,29,0.100767321146468,0
ORD501322,CUST100233,560037,2025-05-06 17:53:21,635.24,22.7,Beauty,0,1,7.9,0,0.1968410661401776,1,34,0.1469781726445102,0
ORD506322,CUST101974,560118,2025-05-06 18:31:32,1388.26,2.9,Electronics,22,1,12.4,17,0.2720005024584574,0,49,0.2599426698020907,0
ORD504008,CUST100708,560040,2025-05-06 22:55:52,1595.15,28.5,Fashion,0,1,11.7,13,0.2213231585641295,0,46,0.1353828396457171,0
ORD504804,CUST100452,560002,2025-05-06 23:20:58,441.02,4.3,Home,21,0,20.2,7,0.4986352275716916,0,39,0.1344828970074779,0
ORD504968,CUST101185,560054,2025-05-07 00:06:33,400.73,33.6,Other,2,1,22.4,1,0.1639047806931018,0,33,0.1685606554081971,0
ORD500870,CUST100187,560082,2025-05-07 00:34:22,1282.13,9.4,Fashion,20,0,14.8,1,0.1638724523339908,0,41,0.2284088337051767,0
ORD506205,CUST101967,560087,2025-05-07 02:06:09,1697.91,8.7,Beauty,16,0,17.3,3,0.2478801025438769,0,38,0.1712441945069666,0
ORD506038,CUST101324,560099,2025-05-07 03:06:38,351.11,0.9,Electronics,20,0,7.5,2,0.1404067147363677,0,41,0.1792030821740704,0
ORD505560,CUST100445,560016,2025-05-07 03:12:02,532.34,28.1,Electronics,12,0,14.8,4,0.1091836958188229,0,52,0.235147403464967,1
ORD504708,CUST101032,560003,2025-05-07 04:09:23,551.33,29.6,Beauty,10,0,1.8,2,0.1404921448279745,0,38,0.1367893112962636,0
ORD503263,CUST101408,560048,2025-05-07 04:19:36,832.48,17.5,Fashion,19,0,13.3,10,0.3322167487684729,0,43,0.2687778559699742,1
ORD504994,CUST100343,560118,2025-05-07 04:21:00,670.98,6.5,Home,18,0,7.8,10,0.2656028368794326,0,50,0.2562310030395137,0
ORD503384,CUST100785,560087,2025-05-07 04:23:23,1232.09,42.5,Grocery,3,1,32.1,4,0.1093165255071892,0,39,0.168396524038285,1
ORD507293,CUST101954,560114,2025-05-07 05:19:34,596.04,34.5,Fashion,8,0,30.1,2,0.2835199459854836,0,44,0.139664976368649,0
ORD505153,CUST101239,560101,2025-05-07 05:47:26,923.01,13.2,Fashion,3,1,20.5,18,0.2167150329147298,0,53,0.1635312743582897,1
ORD502250,CUST101233,560071,2025-05-07 05:50:28,854.31,37.6,Fashion,0,1,31.7,1,0.1642060367454068,0,41,0.2285400800309797,1
ORD502177,CUST101869,560117,2025-05-07 06:46:00,544.15,12.7,Fashion,14,0,8.9,8,0.0758481825200974,0,43,0.1419699284292868,0
ORD502518,CUST100924,560099,2025-05-07 06:48:34,954.26,2.3,Grocery,21,0,2.4,9,0.0704165963906223,0,42,0.1765053128689492,0
ORD506788,CUST101884,560026,2025-05-07 06:50:09,1997.04,24.5,Grocery,3,1,9.4,12,0.2344493177951881,0,52,0.1797576890287887,0
ORD502678,CUST101749,560064,2025-05-07 07:30:34,432.69,5.2,Home,10,0,13.7,1,0.1642407553107789,0,35,0.2171232386810671,0
ORD504774,CUST101997,560003,2025-05-07 08:04:49,1242.03,1.5,Home,12,0,1.2,3,0.1231563421828908,0,39,0.1345932703364831,0
ORD501638,CUST100151,560112,2025-05-07 10:39:13,893.49,21.7,Electronics,9,0,14.9,7,0.1654214182723817,0,47,0.2080631056279749,0
ORD506507,CUST100618,560014,2025-05-07 10:59:40,724.19,13.1,Electronics,9,0,7.8,1,0.1641438962060153,0,44,0.2803039610772557,1
ORD500440,CUST101836,560067,2025-05-07 11:10:48,2151.41,53.5,Electronics,9,0,30.1,6,0.0896047741566609,0,34,0.2396779641276496,0
ORD505241,CUST101969,560013,2025-05-07 11:12:57,998.85,17.2,Grocery,0,1,12.1,6,0.1804962575251433,0,43,0.1419338941445445,0
ORD500986,CUST100087,560005,2025-05-07 12:06:58,1046.11,4.6,Beauty,12,0,26.8,2,0.4264664608476003,0,35,0.3443829255224147,0
ORD504850,CUST100275,560082,2025-05-07 12:16:54,764.92,43.4,Beauty,2,1,20.4,2,0.1407245278783287,0,42,0.2248433351708581,0
ORD504246,CUST101705,560048,2025-05-07 12:39:36,1160.82,9.9,Electronics,13,0,8.6,4,0.2205420267085624,0,44,0.2803048900235664,0
ORD503396,CUST101430,560108,2025-05-07 13:08:08,708.91,21.8,Home,8,0,12.3,18,0.2167254287641178,0,39,0.2023515160389634,0
ORD506360,CUST101701,560013,2025-05-07 13:15:28,318.64,13.4,Grocery,16,0,25.6,19,0.1660204816123544,0,44,0.1396557224185316,0
ORD503351,CUST100376,560112,2025-05-07 13:26:11,1554.29,13.6,Electronics,16,0,16.6,6,0.1803907574270675,0,48,0.2049587253939848,0
ORD500259,CUST101512,560081,2025-05-07 14:23:13,365.32,32.8,Electronics,5,0,17.2,1,0.3306841967556253,0,51,0.2103721228469719,0
ORD506578,CUST101430,560091,2025-05-07 15:06:13,589.45,6.6,Home,19,0,14.8,19,0.2076630043816624,0,38,0.2230284210455101,1
ORD504792,CUST101905,560102,2025-05-07 15:30:11,717.47,23.4,Home,19,0,9.9,0,0.1969399764613573,1,47,0.2677432765556291,0
ORD500851,CUST100410,560012,2025-05-07 16:14:17,419.28,13.3,Fashion,9,0,9.1,17,0.2265684893651161,0,46,0.1354246524868215,0
ORD500475,CUST100155,560023,2025-05-07 16:15:22,757.91,20.7,Grocery,10,0,9.0,0,0.1968627450980392,1,38,0.10236646382691,0
ORD500311,CUST100508,560013,2025-05-07 16:43:48,578.0,14.7,Other,22,1,20.3,6,0.2712837055122881,0,45,0.1374843545006258,0
ORD505094,CUST101875,560062,2025-05-07 17:11:11,634.56,17.9,Fashion,10,0,1.0,16,0.1897108510201415,0,39,0.2870459573846082,0
ORD501876,CUST100317,560082,2025-05-07 17:35:05,1904.84,30.6,Electronics,0,1,25.5,0,0.1967470115618264,1,43,0.2211895274799449,0
ORD506929,CUST100922,560019,2025-05-07 18:56:48,1464.22,18.6,Home,3,1,20.8,2,0.1405060456784594,0,58,0.1401816574230367,0
ORD501100,CUST101246,560099,2025-05-07 19:10:39,549.48,14.2,Fashion,5,0,2.5,31,0.2773152682555229,0,43,0.1735460099808777,0
ORD501237,CUST100474,560027,2025-05-07 19:11:47,824.14,32.5,Fashion,3,1,19.5,11,0.2489473168820994,0,44,0.2958223168820995,1
ORD504666,CUST101116,560046,2025-05-07 19:37:48,667.45,13.8,Beauty,23,1,1.0,4,0.2204381785349085,0,27,0.2539526473884406,0
ORD504694,CUST101858,560014,2025-05-07 19:54:45,248.2,29.7,Home,23,1,2.2,14,0.3149342620450892,0,45,0.2913077525450274,1
ORD500176,CUST101867,560098,2025-05-07 20:44:12,378.91,21.2,Grocery,19,0,16.5,1,0.1640895152345534,0,47,0.1781813188899892,0
ORD507909,CUST101774,560079,2025-05-07 20:53:26,652.12,3.4,Other,13,0,16.0,6,0.1803949475182351,0,39,0.1684301303525821,0
ORD504936,CUST100339,560010,2025-05-07 22:27:32,474.91,49.4,Other,14,0,18.2,2,0.1405931184839421,0,47,0.2378598107097072,0
ORD506405,CUST100120,560072,2025-05-07 22:54:34,2025.93,43.6,Electronics,2,1,14.6,16,0.0944742529249571,0,57,0.1290368473467065,0
ORD506286,CUST100250,560116,2025-05-08 00:07:30,684.61,52.3,Electronics,21,0,7.8,3,0.3729708585957363,0,39,0.1344926690688739,0
ORD500149,CUST101684,560108,2025-05-08 00:20:08,809.36,31.3,Beauty,11,0,19.3,5,0.0983574501368791,0,40,0.1989049667579194,0
ORD503835,CUST100453,560058,2025-05-08 00:22:50,1307.75,12.7,Home,17,0,18.0,8,0.0756447853222046,0,51,0.2103313920669668,0
ORD500486,CUST100194,560057,2025-05-08 00:45:32,1693.92,23.3,Fashion,20,0,4.2,27,0.2182246872556685,0,46,0.0747387874049328,1
ORD502168,CUST101516,560077,2025-05-08 01:18:22,334.04,18.5,Electronics,12,0,4.7,9,0.1417124989530696,0,37,0.3672964901995069,1
ORD506676,CUST101274,560045,2025-05-08 02:01:53,428.16,30.8,Fashion,19,0,7.9,3,0.123094958968347,0,40,0.182317311449785,0
ORD506090,CUST101509,560087,2025-05-08 02:07:31,680.58,12.5,Home,10,0,1.0,2,0.1406524711857784,0,40,0.1823044865533633,0
ORD507377,CUST100110,560090,2025-05-08 04:28:37,362.54,17.8,Other,16,0,11.5,3,0.248046875,0,46,0.1051136363636363,0
ORD502389,CUST101246,560011,2025-05-08 04:32:06,481.86,32.3,Electronics,8,0,1.9,32,0.2698427777513894,0,42,0.2570440501162197,0
ORD505890,CUST100228,560034,2025-05-08 04:53:51,1530.24,9.1,Home,0,1,11.3,7,0.4153325523883899,0,35,0.2170175002662312,0
ORD506045,CUST100321,560040,2025-05-08 05:17:58,2431.77,13.3,Grocery,20,0,11.2,10,0.2655865703689244,0,47,0.1333611077930667,0
ORD502016,CUST101858,560054,2025-05-08 06:20:40,430.68,2.9,Home,18,0,8.3,15,0.3491803278688524,0,34,0.1654523375834851,0
ORD501838,CUST100853,560078,2025-05-08 07:00:31,514.88,3.7,Other,20,0,4.1,0,0.1966829268292683,1,31,0.1359540889526542,0
ORD501003,CUST100860,560074,2025-05-08 07:17:51,380.42,16.8,Home,4,1,16.8,10,0.1322148523865262,0,45,0.1220444791260241,0
ORD504976,CUST101189,560048,2025-05-08 08:06:51,642.94,28.5,Beauty,12,0,3.7,3,0.3728788765359859,0,45,0.2758788315254085,1
ORD502461,CUST100818,560082,2025-05-08 08:16:14,1420.32,11.0,Home,20,0,6.4,1,0.3306357254290171,0,44,0.2177383970358814,0
ORD500180,CUST101592,560019,2025-05-08 08:17:21,691.94,22.6,Electronics,10,0,8.5,10,0.1322415025671021,0,59,0.1384112677724826,0
ORD507329,CUST101029,560079,2025-05-08 08:17:44,1206.31,31.5,Electronics,14,0,13.5,0,0.1966861598440545,1,40,0.1655620532813515,1
ORD500599,CUST100962,560012,2025-05-08 08:42:03,328.55,19.8,Home,1,1,10.5,7,0.0820178002988371,0,47,0.1333858867812564,0
ORD501884,CUST101523,560059,2025-05-08 08:58:00,798.48,2.1,Grocery,7,0,10.4,3,0.3730027279812938,0,45,0.1528628814677139,0
ORD505125,CUST101951,560008,2025-05-08 09:22:38,411.67,6.8,Other,18,0,20.6,5,0.0983830118838885,0,44,0.2646143824274303,1
ORD500082,CUST101916,560079,2025-05-08 09:28:30,308.07,5.4,Other,15,0,6.7,9,0.2846151705715399,0,41,0.1793188451148562,0
ORD503376,CUST100796,560110,2025-05-08 10:09:46,507.93,25.2,Electronics,7,0,17.7,1,0.1640701071080818,0,42,0.3377045575902252,0
ORD501089,CUST100367,560090,2025-05-08 10:19:26,714.0,6.1,Fashion,17,0,22.7,5,0.0984228971962616,0,47,0.1035360580276189,0
ORD504428,CUST100386,560085,2025-05-08 10:36:23,244.26,24.1,Fashion,22,1,24.1,2,0.1405767679857615,0,42,0.176389508122602,1
ORD503664,CUST101785,560028,2025-05-08 10:37:04,1509.07,11.1,Other,20,0,35.4,5,0.0984818995718178,0,40,0.1489879330478785,0
ORD502278,CUST101357,560035,2025-05-08 11:07:24,278.73,9.6,Fashion,8,0,3.1,2,0.1406610513440636,0,46,0.302098627842936,1
ORD502326,CUST100689,560037,2025-05-08 12:36:15,505.13,13.0,Electronics,11,0,2.9,9,0.0703863257365202,0,35,0.1443933498408206,0
ORD504394,CUST101579,560042,2025-05-08 12:59:46,327.9,8.8,Grocery,13,0,1.8,26,0.322103770447572,0,39,0.2532350429745582,0
ORD504523,CUST101884,560031,2025-05-08 13:04:36,635.37,17.7,Other,15,0,17.0,13,0.221390293443969,0,52,0.1797236267773024,1
ORD504543,CUST100248,560090,2025-05-08 13:12:08,401.9,3.9,Fashion,11,0,2.9,1,0.1643009916391211,0,48,0.1021062323432192,0
ORD506533,CUST100935,560080,2025-05-08 14:12:55,418.96,16.1,Beauty,6,0,6.9,13,0.4436452393295317,0,42,0.2410073747052626,1
ORD500242,CUST100672,560063,2025-05-08 15:18:28,1181.24,32.5,Grocery,19,0,18.0,2,0.140913508260447,0,50,0.1849368318756074,0
ORD506954,CUST101968,560020,2025-05-08 15:40:58,363.76,2.6,Beauty,9,0,13.6,4,0.3318003195578011,0,44,0.1866376797512631,0
ORD507077,CUST101153,560041,2025-05-08 15:55:18,613.01,32.9,Home,14,0,5.7,2,0.1408587526714591,0,37,0.1218253521894886,0
ORD503850,CUST101255,560117,2025-05-08 16:27:45,703.91,26.5,Grocery,12,0,1.3,3,0.1232274669774669,0,44,0.1397387334887335,0
ORD500095,CUST101341,560018,2025-05-08 16:37:55,1265.8,0.1,Other,18,0,16.6,0,0.197125655467081,1,43,0.141944652529232,0
ORD503015,CUST100191,560006,2025-05-08 16:46:35,1069.28,28.9,Fashion,22,1,1.2,1,0.1642394822006472,0,44,0.1865898058252427,0
ORD503345,CUST100742,560001,2025-05-08 16:53:46,421.81,7.5,Home,8,0,5.2,10,0.0656830388921245,0,49,0.3469707584569198,0
ORD502252,CUST100950,560066,2025-05-08 16:53:57,434.74,16.1,Other,15,0,14.5,1,0.1641757246376811,0,31,0.3713768115942029,0
ORD501628,CUST101847,560026,2025-05-08 17:13:40,416.8,10.2,Electronics,9,0,1.0,1,0.1641438644155508,0,53,0.1772527773420989,0
ORD506240,CUST101800,560007,2025-05-08 17:23:18,634.41,35.5,Fashion,21,0,20.9,4,0.1094080110378131,0,37,0.3673454104800223,0
ORD502963,CUST100582,560113,2025-05-08 18:13:07,571.75,12.5,Grocery,16,0,24.6,1,0.3307468477206595,0,40,0.1489654057549305,0
ORD502654,CUST101536,560077,2025-05-08 18:47:43,1739.37,8.3,Beauty,14,0,19.4,0,0.1968580294802172,1,38,0.3782269067173163,1
ORD504658,CUST101628,560096,2025-05-08 19:20:13,1273.18,16.5,Grocery,7,0,7.5,14,0.5781615178143147,0,38,0.1024185405842744,1
ORD500571,CUST100452,560061,2025-05-08 19:53:00,600.15,23.6,Beauty,7,0,13.5,8,0.4604497867390461,0,30,0.0988677782086079,0
ORD505898,CUST101972,560009,2025-05-08 20:14:13,907.63,32.5,Fashion,7,0,14.3,5,0.3985656134909866,0,55,0.2259016605285262,1
ORD504780,CUST100453,560074,2025-05-08 20:59:03,282.72,27.0,Grocery,22,1,10.2,9,0.0704595791805094,0,46,0.1203899459713413,0
ORD506174,CUST100888,560068,2025-05-09 00:11:08,804.14,4.8,Grocery,13,0,16.6,11,0.374140186010463,0,43,0.1737297127725339,0
ORD500150,CUST100746,560004,2025-05-09 01:03:22,757.62,15.8,Grocery,11,0,10.9,6,0.0896410834419358,0,50,0.1706315381635025,0
ORD503759,CUST100485,560112,2025-05-09 01:22:42,644.78,21.0,Home,15,0,19.3,8,0.0758354564281351,0,49,0.2020788946994641,0
ORD507757,CUST101377,560056,2025-05-09 01:42:06,404.58,35.9,Electronics,15,0,15.4,6,0.0896063657488909,0,34,0.2211607424620592,0
ORD503117,CUST101135,560035,2025-05-09 03:48:46,175.8,13.6,Electronics,15,0,12.2,1,0.1642465311390771,0,47,0.3125659216020574,0
ORD505720,CUST101762,560062,2025-05-09 03:54:48,670.86,48.6,Fashion,19,0,5.4,18,0.2167516706222963,0,40,0.2823525616208543,0
ORD502079,CUST101668,560035,2025-05-09 03:57:41,500.1,3.3,Grocery,15,0,17.9,0,0.1970195471259918,1,48,0.3079469256252917,0
ORD503049,CUST100464,560032,2025-05-09 03:59:04,1862.82,11.7,Grocery,7,0,10.0,1,0.1641511867905056,0,42,0.240961749725357,1
ORD503320,CUST100247,560067,2025-05-09 04:02:32,2472.35,3.5,Other,12,0,16.8,3,0.1232104855871542,0,35,0.235322464341617,0
ORD500014,CUST101335,560053,2025-05-09 04:19:44,678.56,2.4,Electronics,19,0,10.5,23,0.1066247582205029,0,39,0.3210503884863784,0
ORD506864,CUST100360,560036,2025-05-09 05:00:00,351.98,39.4,Grocery,18,0,1.0,7,0.4987752207825695,0,40,0.1490201766260555,1
ORD503318,CUST101035,560025,2025-05-09 05:53:49,649.88,23.1,Grocery,15,0,3.8,3,0.1232598607888631,0,38,0.240419233538683,0
ORD503439,CUST101620,560091,2025-05-09 06:54:01,703.5,52.2,Fashion,23,1,7.1,14,0.2624151718945537,0,39,0.2363314078641708,0
ORD503245,CUST101390,560002,2025-05-09 07:20:30,354.58,9.1,Home,23,1,1.0,18,0.1298129443202635,0,40,0.1323798479577374,0
ORD507533,CUST101982,560046,2025-05-09 07:42:06,403.43,0.9,Home,8,0,1.7,8,0.229654403567447,0,28,0.2487922705314009,0
ORD502449,CUST100193,560116,2025-05-09 07:51:26,509.04,4.2,Other,0,1,16.1,2,0.2836166924265842,0,40,0.1323544564657393,0
ORD505377,CUST100830,560010,2025-05-09 08:31:40,495.58,24.0,Grocery,16,0,25.5,2,0.2835895030216065,0,48,0.2344192071265438,0
ORD500516,CUST100950,560002,2025-05-09 09:18:47,3362.07,41.7,Grocery,4,1,11.3,2,0.1407051812613805,0,41,0.1301597553330927,0
ORD502675,CUST100539,560118,2025-05-09 09:33:33,968.73,9.2,Other,22,1,19.7,0,0.196949217995752,1,51,0.2526617515480991,0
ORD506526,CUST101465,560007,2025-05-09 10:06:15,581.59,28.0,Fashion,18,0,10.7,14,0.262345051818736,0,38,0.361003861003861,1
ORD502284,CUST101198,560091,2025-05-09 11:01:17,721.46,31.1,Grocery,23,1,6.8,1,0.1642218361963585,0,40,0.23235540114521,0
ORD505147,CUST101203,560105,2025-05-09 11:11:34,489.32,2.8,Fashion,3,1,13.1,29,0.234857084477944,0,40,0.2156760581500064,0
ORD504868,CUST100474,560112,2025-05-09 11:27:58,675.7,16.8,Other,8,0,16.6,12,0.2932324000408575,0,50,0.1991400457539759,1
ORD505415,CUST100971,560103,2025-05-09 12:40:41,771.38,8.8,Home,15,0,24.4,3,0.2482156635802469,0,50,0.1277557319223986,0
ORD500581,CUST100494,560001,2025-05-09 12:55:30,372.42,27.1,Fashion,19,0,18.7,1,0.1642558662809386,0,50,0.3420305827248932,0
ORD505255,CUST101183,560103,2025-05-09 14:49:42,742.97,40.5,Home,15,0,15.3,28,0.5450104593953418,0,51,0.1259349385941565,1
ORD504606,CUST101035,560074,2025-05-09 16:47:42,2081.09,4.1,Fashion,7,0,11.0,4,0.10956879377932,0,47,0.11857427725456,0
ORD502580,CUST101505,560119,2025-05-09 18:52:45,804.87,9.4,Fashion,5,0,9.5,12,0.1756428862986983,0,47,0.2230405413180819,1
ORD503214,CUST101789,560072,2025-05-09 19:06:41,722.18,30.4,Fashion,15,0,11.3,3,0.123337830025053,0,58,0.1275232123179704,0
ORD500371,CUST100713,560023,2025-05-09 20:17:27,1201.02,31.0,Beauty,9,0,1.0,12,0.0580301484755752,0,39,0.1007805101074426,0
ORD507725,CUST100928,560093,2025-05-09 20:27:55,718.24,17.6,Home,16,0,6.9,3,0.1232903101521864,0,60,0.1618161240608746,0
ORD507211,CUST101748,560100,2025-05-09 21:15:48,690.0,21.2,Other,2,1,14.1,2,0.2837332159366058,0,58,0.2685196159772431,0
ORD504497,CUST101819,560089,2025-05-09 22:58:44,528.82,14.5,Fashion,19,0,14.7,3,0.2482428268823416,0,26,0.2161689230485854,0
ORD503811,CUST100039,560064,2025-05-09 23:09:20,341.27,17.5,Beauty,18,0,13.0,0,0.1971505583365421,1,36,0.213268056548765,0
ORD500873,CUST101048,560107,2025-05-10 00:30:47,370.49,16.7,Home,15,0,7.5,15,0.0492781520692974,0,37,0.3323202134305928,0
ORD506856,CUST101811,560030,2025-05-10 00:34:10,1292.38,28.0,Electronics,17,0,5.3,7,0.1654477803438542,0,44,0.1709608352578907,0
ORD504416,CUST101183,560096,2025-05-10 02:33:43,840.36,13.0,Electronics,1,1,19.3,29,0.5583877576429841,0,39,0.1176395769397599,1
ORD500727,CUST101458,560049,2025-05-10 03:06:05,200.05,32.8,Fashion,11,0,9.9,2,0.1408508767108228,0,38,0.0852383542741903,0
ORD503375,CUST100436,560077,2025-05-10 03:52:16,332.25,5.1,Grocery,12,0,6.4,0,0.1971532987112906,1,39,0.3888655249868782,0
ORD504996,CUST101657,560093,2025-05-10 04:14:34,585.79,16.5,Fashion,11,0,10.9,23,0.1780563186813187,0,61,0.1597815764482431,0
ORD506351,CUST101335,560107,2025-05-10 04:16:48,731.45,47.4,Electronics,23,1,18.5,24,0.1029443939825895,0,38,0.3265784431375929,1
ORD504598,CUST101211,560018,2025-05-10 04:17:23,409.21,22.8,Grocery,8,0,26.9,7,0.2488465974625144,0,44,0.1397599480968858,0
ORD501788,CUST101413,560021,2025-05-10 05:13:17,745.04,32.1,Grocery,10,0,14.0,1,0.1643282721506822,0,36,0.1597121166360066,0
ORD507897,CUST101569,560055,2025-05-10 05:20:00,1181.8,7.0,Electronics,4,1,11.2,0,0.1971560338201383,1,45,0.1683557027138887,0
ORD501285,CUST100038,560004,2025-05-10 05:32:59,438.03,40.8,Fashion,0,1,9.0,1,0.1642651296829971,0,51,0.1682022973576328,0
ORD504245,CUST101250,560038,2025-05-10 06:43:25,1756.0,59.8,Fashion,14,0,11.5,11,0.0615875912408759,0,45,0.337563166760247,1
ORD503473,CUST101045,560099,2025-05-10 07:45:46,781.13,38.4,Other,22,1,1.9,9,0.2847266042964141,0,44,0.1710107787593623,0
ORD501476,CUST100988,560077,2025-05-10 08:05:03,2114.9,39.8,Beauty,8,0,5.7,20,0.1194393241167434,0,40,0.3823988735279057,0
ORD500248,CUST100235,560028,2025-05-10 08:11:06,271.28,18.0,Electronics,22,1,9.0,3,0.2482242272989057,0,41,0.14660943071418,0
ORD505971,CUST101082,560115,2025-05-10 08:18:54,272.98,18.6,Grocery,15,0,5.6,1,0.3309341010876519,0,34,0.1656003412241416,0
ORD505018,CUST100541,560101,2025-05-10 08:24:36,347.63,10.2,Home,1,1,11.9,32,0.0806869045211014,0,54,0.1748873225557163,1
ORD502320,CUST100792,560073,2025-05-10 08:47:31,540.36,34.2,Grocery,3,1,9.9,4,0.1095761916943804,0,37,0.2446446122982052,0
ORD505751,CUST100742,560022,2025-05-10 10:27:30,1491.78,37.8,Beauty,16,0,4.9,11,0.0616247841933627,0,35,0.1626179306977312,0
ORD504899,CUST100485,560102,2025-05-10 10:42:24,454.58,2.4,Other,18,0,11.4,9,0.0704148172502602,0,48,0.2638710259708026,0
ORD507801,CUST100472,560046,2025-05-10 11:02:24,409.69,19.7,Fashion,7,0,1.0,2,0.1408026297767429,0,29,0.2437239517091592,0
ORD507016,CUST100818,560040,2025-05-10 11:42:21,736.92,5.9,Other,9,0,19.3,2,0.2836327782646801,0,48,0.1314958498736918,0
ORD503099,CUST100731,560095,2025-05-10 12:36:59,1092.2,9.8,Other,7,0,16.4,1,0.3308734266181075,0,44,0.1709525349817903,0
ORD506687,CUST101858,560014,2025-05-10 13:09:54,369.71,32.3,Fashion,2,1,4.6,16,0.3326215116172954,0,46,0.3021243481189821,0
ORD503714,CUST100157,560091,2025-05-10 13:40:45,378.88,32.7,Fashion,13,0,2.2,0,0.1969726001149645,1,41,0.2285156065950703,0
ORD506554,CUST101990,560045,2025-05-10 14:31:23,518.84,18.6,Fashion,20,0,10.4,3,0.2480842911877394,0,41,0.1793229068525846,0
ORD504088,CUST101677,560012,2025-05-10 15:16:38,548.14,14.4,Grocery,3,1,15.1,3,0.1230607163378663,0,48,0.1314403371001724,0
ORD505030,CUST100948,560019,2025-05-10 20:04:09,1381.61,25.0,Fashion,10,0,11.1,3,0.3730371505170433,0,60,0.1367148602068173,0
ORD500561,CUST101250,560021,2025-05-10 20:26:29,732.93,9.6,Home,14,0,6.0,12,0.1167122793976867,0,37,0.1567795613867139,0
ORD506732,CUST101929,560119,2025-05-10 21:03:22,264.59,27.4,Grocery,19,0,17.7,12,0.4108188451490857,0,48,0.2343482569137915,1
ORD504644,CUST101786,560064,2025-05-10 21:12:07,600.91,16.1,Beauty,8,0,19.3,10,0.1323125996810207,0,37,0.2094518593133551,1
ORD503685,CUST101884,560015,2025-05-10 21:39:48,282.85,26.9,Home,20,0,18.6,14,0.2623924909863637,0,38,0.1886522295683386,0
ORD504842,CUST100150,560030,2025-05-10 22:10:11,848.09,50.6,Other,1,1,19.0,5,0.1985268796632867,0,45,0.1683242336389457,0
ORD502553,CUST101048,560002,2025-05-10 22:18:12,265.18,14.7,Beauty,19,0,11.2,16,0.0469085874594673,0,42,0.1280696991386331,0
ORD503913,CUST100225,560079,2025-05-10 23:15:41,773.33,23.8,Home,4,1,8.5,5,0.198489194874737,0,42,0.176444641854669,0
ORD500469,CUST101259,560010,2025-05-10 23:51:16,1370.68,23.6,Home,3,1,29.7,1,0.1641172721478649,0,49,0.2309973120514312,0
ORD505953,CUST101580,560092,2025-05-10 23:59:56,697.74,19.4,Electronics,1,1,4.8,5,0.0984515389026954,0,48,0.2932067875898209,1
ORD506103,CUST100795,560113,2025-05-11 00:13:22,1943.27,43.5,Home,9,0,11.9,3,0.2481603593272171,0,41,0.1465759262044417,0
ORD506555,CUST100405,560061,2025-05-11 00:35:14,757.79,31.2,Beauty,21,0,13.5,5,0.198509459201223,0,31,0.0968701640793905,0
ORD503082,CUST101995,560018,2025-05-11 03:01:30,338.29,43.5,Fashion,21,0,6.2,10,0.1323270920901796,0,45,0.137532700390935,0
ORD501466,CUST101045,560021,2025-05-11 03:47:58,777.39,58.0,Electronics,0,1,4.0,10,0.2656478828398599,0,38,0.1541184994895102,0
ORD502899,CUST100515,560057,2025-05-11 04:55:59,724.2,4.6,Home,22,1,21.8,20,0.0793812070282658,0,47,0.0886286672063669,0
ORD506437,CUST100708,560070,2025-05-11 05:23:56,866.64,13.8,Fashion,22,1,20.5,14,0.2097022200335668,0,44,0.2021463862898606,1
ORD507672,CUST101592,560110,2025-05-11 07:51:45,296.13,15.2,Fashion,22,1,4.6,11,0.1240693012600229,0,43,0.3323878615974835,0
ORD504623,CUST100962,560023,2025-05-11 08:41:10,948.74,4.8,Home,2,1,25.3,8,0.0757631374161246,0,40,0.0989947190939746,0
ORD507046,CUST100983,560113,2025-05-11 11:29:25,855.08,24.8,Fashion,18,0,10.4,3,0.1230916030534351,0,42,0.1441763112533858,0
ORD506280,CUST101294,560113,2025-05-11 12:17:04,3206.26,43.3,Home,21,0,10.3,12,0.1167379373042863,0,43,0.1418758688363725,0
ORD507851,CUST100006,560052,2025-05-11 12:28:50,423.72,31.6,Electronics,17,0,23.3,4,0.2204841239560812,0,41,0.1137283354494905,0
ORD505522,CUST100156,560084,2025-05-11 13:40:21,1518.89,14.7,Fashion,2,1,4.0,1,0.1640282281136753,0,39,0.2362148724530205,1
ORD503306,CUST101615,560006,2025-05-11 14:15:22,599.84,2.4,Home,2,1,22.4,0,0.1969870327993897,1,45,0.1836883177844276,0
ORD507047,CUST100440,560116,2025-05-11 15:15:30,1007.91,7.5,Fashion,4,1,16.4,4,0.2205274864950747,0,41,0.1301473690790604,1
ORD501833,CUST101823,560060,2025-05-11 16:22:19,1493.34,19.2,Electronics,11,0,15.7,6,0.0895920701486847,0,44,0.1397195482272207,0
ORD501727,CUST101547,560118,2025-05-11 17:22:35,1525.55,25.8,Fashion,8,0,11.8,1,0.3308874912648498,0,52,0.2491847193105054,1
ORD505175,CUST101251,560094,2025-05-11 17:42:04,414.16,36.5,Beauty,11,0,18.1,5,0.098608993902439,0,44,0.2803806211890244,0
ORD506430,CUST101450,560099,2025-05-11 19:27:30,683.9,50.4,Home,23,1,4.4,4,0.2206557862873351,0,45,0.1683632047129856,0
ORD502991,CUST101797,560073,2025-05-11 19:59:16,393.73,12.0,Fashion,20,0,10.6,1,0.1642857142857142,0,38,0.2403940886699507,0
ORD507279,CUST100785,560101,2025-05-11 20:30:12,714.83,24.0,Fashion,0,1,3.9,5,0.198552656636831,0,55,0.1858947502063099,0
ORD505064,CUST100872,560040,2025-05-11 20:31:01,309.47,12.8,Other,10,0,1.0,34,0.4098804850899291,0,49,0.1295848648409991,0
ORD502883,CUST101106,560089,2025-05-11 20:47:21,262.88,24.2,Other,22,1,12.0,11,0.0615719588806396,0,27,0.2115022418800199,0
ORD501921,CUST100442,560008,2025-05-11 20:57:28,349.41,23.7,Home,2,1,18.0,0,0.1969927674153026,1,45,0.2759977745893239,0
ORD502115,CUST100490,560021,2025-05-11 21:06:34,234.33,8.5,Fashion,13,0,25.2,2,0.2835394862036156,0,39,0.151510264639004,0
ORD504609,CUST100861,560105,2025-05-11 21:09:52,173.37,21.3,Fashion,16,0,18.1,5,0.298458904109589,0,41,0.2121041994161239,0
ORD504693,CUST101291,560078,2025-05-11 21:43:02,564.68,14.1,Fashion,13,0,6.2,0,0.1968803500095111,1,32,0.1334155192344273,0
ORD503153,CUST101771,560112,2025-05-11 22:15:35,720.77,13.3,Fashion,1,1,22.3,2,0.1406020757485192,0,51,0.2103782833937822,0
ORD505166,CUST101628,560056,2025-05-11 22:48:31,1003.21,5.8,Electronics,15,0,7.2,15,0.5992013690815744,0,35,0.2170201732095628,0
ORD504255,CUST100684,560032,2025-05-12 02:12:03,612.8,20.7,Beauty,9,0,23.4,16,0.2849447763896433,0,43,0.2529422415353974,0
ORD501554,CUST100440,560093,2025-05-12 02:16:59,1208.23,11.4,Home,20,0,6.2,5,0.2983653297852119,0,62,0.157739185261079,0
ORD501598,CUST100191,560016,2025-05-12 02:22:47,772.59,27.1,Home,11,0,28.7,2,0.1404951946571102,0,53,0.2456693897314943,0
ORD500252,CUST101200,560032,2025-05-12 03:03:08,275.36,35.1,Fashion,6,0,3.4,6,0.1802981362168138,0,44,0.2489549686490594,0
ORD500840,CUST101294,560115,2025-05-12 04:26:14,1881.75,30.2,Electronics,23,1,11.0,13,0.1101718169537318,0,35,0.1624067421939762,0
ORD505679,CUST101335,560088,2025-05-12 05:54:21,382.3,6.1,Grocery,8,0,15.8,25,0.1327635327635327,0,34,0.1654004431782209,0
ORD501893,CUST101439,560049,2025-05-12 06:59:56,883.89,19.9,Electronics,13,0,19.8,0,0.1965438663121914,1,39,0.0835741919702343,0
ORD502780,CUST100834,560048,2025-05-12 07:35:37,1865.56,24.6,Fashion,6,0,24.0,19,0.2076055312954876,0,46,0.2868201667328305,1
ORD503332,CUST101429,560067,2025-05-12 07:58:28,381.06,45.7,Fashion,21,0,4.5,20,0.079331814730448,0,36,0.2309496691615142,0
ORD502776,CUST100398,560007,2025-05-12 09:38:47,370.16,17.9,Other,9,0,14.1,13,0.1101727082937939,0,39,0.3717361863924264,0
ORD503653,CUST100849,560099,2025-05-12 10:12:51,468.9,18.1,Grocery,16,0,11.0,1,0.1638203668564199,0,46,0.1656316485538496,1
ORD503299,CUST100580,560003,2025-05-12 11:07:06,1013.28,12.5,Electronics,21,0,18.3,2,0.1405263300539339,0,40,0.1322456206918358,0
ORD507453,CUST100204,560017,2025-05-12 11:55:54,914.5,25.2,Home,1,1,23.2,9,0.1416784088445697,0,33,0.1874337904772811,0
ORD501828,CUST100844,560089,2025-05-12 13:44:19,1144.41,13.6,Beauty,23,1,16.3,4,0.4425901342267737,0,28,0.2069426006700803,0
ORD502914,CUST100339,560025,2025-05-12 14:20:07,1187.33,7.8,Fashion,14,0,1.4,3,0.1228905953735305,0,39,0.2361440517280165,0
ORD507477,CUST101739,560076,2025-05-12 14:57:56,683.57,27.8,Home,14,0,24.6,4,0.2203264876250658,0,48,0.1607610816838584,1
ORD501707,CUST100324,560119,2025-05-12 15:36:29,1256.47,11.5,Fashion,4,1,9.9,11,0.1864812357846853,0,49,0.2454318708727516,1
ORD506867,CUST101013,560073,2025-05-12 15:49:55,508.89,22.9,Grocery,13,0,19.2,18,0.0862809073007555,0,39,0.2362346351130425,1
ORD502879,CUST101989,560096,2025-05-12 15:51:31,592.12,13.6,Grocery,10,0,6.5,5,0.0985221674876847,0,40,0.1323481116584565,0
ORD506939,CUST101163,560083,2025-05-12 16:30:43,695.63,15.7,Electronics,14,0,21.7,1,0.1641725074193344,0,47,0.118509554896478,0
ORD506243,CUST100406,560114,2025-05-12 16:51:31,507.07,11.2,Beauty,1,1,16.4,3,0.2481060606060606,0,45,0.1375291375291375,0
ORD502095,CUST100315,560041,2025-05-12 17:59:22,1198.74,29.6,Electronics,13,0,7.6,10,0.1989774663889414,0,38,0.1196318617816636,0
ORD507871,CUST101878,560088,2025-05-12 18:00:15,448.06,18.5,Home,21,0,11.7,8,0.3834211982640608,0,35,0.1625073147223847,0
ORD502507,CUST101836,560006,2025-05-12 18:32:34,150.0,17.6,Fashion,19,0,17.4,7,0.0820241024670326,0,46,0.1808660139154176,0
ORD504357,CUST101916,560100,2025-05-12 18:44:33,2253.54,16.4,Home,3,1,17.8,10,0.2656068634872571,0,59,0.2650178710029801,0
ORD502158,CUST100532,560013,2025-05-12 20:37:20,539.49,19.2,Fashion,17,0,17.4,21,0.0378429517502365,0,46,0.1353888936670393,0
ORD501926,CUST100397,560095,2025-05-12 21:58:02,830.31,20.5,Fashion,9,0,5.3,2,0.1405329441651802,0,45,0.1682295759480776,0
ORD506998,CUST100247,560063,2025-05-12 23:42:12,774.01,7.4,Grocery,5,0,1.0,4,0.1092827270243574,0,51,0.182171523561646,0
ORD500821,CUST101174,560043,2025-05-12 23:45:35,422.04,13.6,Home,11,0,9.9,1,0.1638930912758447,0,40,0.1322239031770045,0
ORD506349,CUST100554,560054,2025-05-12 23:51:59,1044.56,1.7,Electronics,22,1,27.1,0,0.1966345244847797,1,35,0.1624125543581017,0
ORD500151,CUST100116,560011,2025-05-13 00:32:16,586.52,14.0,Beauty,11,0,13.6,14,0.1043677246045169,0,43,0.2528880487292586,1
ORD504648,CUST100444,560084,2025-05-13 01:38:06,671.42,19.1,Fashion,11,0,11.4,14,0.4728287359866307,0,40,0.2489163989163989,1
ORD505849,CUST101998,560071,2025-05-13 02:10:15,150.0,15.9,Fashion,16,0,11.3,9,0.0703217795054529,0,42,0.2409358008436349,0
ORD500146,CUST101779,560082,2025-05-13 03:04:18,895.66,18.4,Home,0,1,11.8,3,0.1230398639712828,0,45,0.2144196253397085,0
ORD500480,CUST101048,560093,2025-05-13 04:50:46,463.44,23.3,Home,1,1,4.8,17,0.0447333173060411,0,63,0.1558618303967665,0
ORD506826,CUST101203,560094,2025-05-13 05:08:43,724.61,50.6,Other,20,0,13.3,30,0.2281127748549845,0,45,0.2759352073799666,0
ORD507990,CUST100976,560047,2025-05-13 06:57:50,330.84,26.3,Fashion,2,1,25.9,1,0.163960221550856,0,49,0.143986164017689,0
ORD503740,CUST100088,560102,2025-05-13 07:08:17,1229.11,26.4,Fashion,22,1,9.8,6,0.0894159644395627,0,49,0.2599174265991414,0
ORD504722,CUST101317,560106,2025-05-13 07:23:53,768.77,38.7,Electronics,3,1,30.5,5,0.0983389958474896,0,33,0.2062935817716902,0
ORD505363,CUST100949,560114,2025-05-13 08:04:37,274.54,11.7,Beauty,0,1,21.3,1,0.1638673963640938,0,46,0.1353457198899735,0
ORD503352,CUST100988,560066,2025-05-13 09:56:27,290.59,20.9,Fashion,21,0,4.4,21,0.1147314949201741,0,32,0.3640783744557329,0
ORD503717,CUST100428,560110,2025-05-13 09:59:16,390.14,5.0,Beauty,4,1,4.4,1,0.1638055712758599,0,44,0.3270520892284475,0
ORD505817,CUST100173,560101,2025-05-13 10:36:37,415.44,39.9,Grocery,10,0,8.8,2,0.2832354367624077,0,56,0.1832972661756239,0
ORD506377,CUST101628,560042,2025-05-13 10:38:34,476.35,24.0,Fashion,11,0,19.7,16,0.5705934646157163,0,40,0.2488308504620026,0
ORD501382,CUST100768,560082,2025-05-13 11:00:51,746.83,7.7,Fashion,13,0,5.3,0,0.1964555052790347,1,46,0.2110471228118287,0
ORD507438,CUST100062,560106,2025-05-13 11:03:05,1055.2,3.9,Other,6,0,12.3,2,0.1402989093846775,0,34,0.2023772122735364,0
ORD506850,CUST101125,560040,2025-05-13 11:10:39,691.45,19.8,Fashion,0,1,5.8,12,0.2342298396931331,0,50,0.1275375585590436,0
ORD500642,CUST101265,560106,2025-05-13 11:13:45,865.97,15.1,Fashion,2,1,24.4,11,0.0613576408517052,0,35,0.1986707093547116,0
ORD501258,CUST100116,560054,2025-05-13 11:25:56,374.92,12.2,Fashion,16,0,14.6,15,0.149076865109269,0,36,0.15939552158467,0
ORD501386,CUST101997,560013,2025-05-13 11:28:22,1911.18,29.3,Electronics,20,0,19.2,4,0.1090391578242397,0,47,0.1332150698757109,0
ORD501324,CUST101390,560083,2025-05-13 12:06:13,581.43,20.9,Beauty,6,0,2.0,19,0.1242153170119271,0,48,0.1165392710756619,0
ORD502588,CUST101804,560039,2025-05-13 12:31:33,1168.87,38.0,Fashion,17,0,4.5,4,0.108998096194481,0,34,0.1282209530185429,0
ORD502823,CUST100132,560110,2025-05-13 12:45:46,213.09,47.9,Electronics,22,1,1.2,1,0.1634663654618473,0,45,0.3218952734012975,1
ORD507774,CUST101974,560107,2025-05-13 13:04:55,740.21,16.3,Other,1,1,29.3,18,0.2600675946611674,0,39,0.3377325204886001,1
ORD506383,CUST100532,560081,2025-05-13 13:14:29,935.43,37.5,Electronics,8,0,13.5,22,0.0363818843306987,0,52,0.2073506042738259,0
ORD506964,CUST100398,560072,2025-05-13 14:25:59,482.75,1.9,Beauty,10,0,32.3,14,0.1043224241223944,0,59,0.1256772687759743,0
ORD501857,CUST101477,560112,2025-05-13 15:43:17,684.96,10.1,Other,3,1,10.2,1,0.1636568848758464,0,52,0.2073300727363932,0
ORD505526,CUST101897,560067,2025-05-13 15:47:43,622.89,27.8,Fashion,19,0,6.4,0,0.196351325935678,1,37,0.2267899389247993,0
ORD500718,CUST100444,560006,2025-05-13 16:09:06,1471.26,20.6,Fashion,2,1,2.5,15,0.4990786009778112,0,47,0.1780042996749984,0
ORD500055,CUST101941,560063,2025-05-13 16:19:32,659.02,34.6,Beauty,16,0,15.7,0,0.1962774957698815,1,52,0.1795215266027449,1
ORD502033,CUST100532,560049,2025-05-13 17:02:05,1434.32,25.0,Beauty,14,0,3.8,23,0.0350765306122448,0,40,0.0821428571428571,0
ORD504982,CUST101703,560111,2025-05-13 17:03:23,447.71,3.0,Home,20,0,14.2,0,0.196391655703815,1,42,0.1762553728076822,0
ORD507938,CUST101230,560105,2025-05-13 17:26:54,513.94,0.7,Other,14,0,15.1,5,0.2981773769259677,0,42,0.2085015335006243,0
ORD503193,CUST101110,560013,2025-05-13 17:46:56,374.62,19.0,Fashion,8,0,16.6,1,0.1635982215542613,0,48,0.1312699605485628,0
ORD504678,CUST100872,560060,2025-05-13 18:05:15,319.9,40.8,Fashion,20,0,4.1,35,0.3995351239669421,0,45,0.1373172282263191,1
ORD505016,CUST100935,560049,2025-05-13 19:02:26,1071.65,3.1,Fashion,0,1,21.5,14,0.4727452433901656,0,41,0.0807973524205341,1
ORD503018,CUST101880,560008,2025-05-13 19:16:38,346.73,35.8,Fashion,10,0,15.8,0,0.1965828013518588,1,46,0.2716917579854117,1
ORD503559,CUST100720,560115,2025-05-13 19:19:30,299.88,43.3,Other,11,0,32.7,3,0.1229585132344659,0,36,0.1595477218482662,0
ORD503710,CUST101216,560040,2025-05-13 20:39:44,684.11,1.1,Home,13,0,9.0,4,0.220387053720387,0,51,0.1258300554075202,0
ORD503659,CUST100267,560069,2025-05-13 21:14:48,326.39,5.9,Home,2,1,20.9,3,0.1229123662976168,0,48,0.1019587606106432,0
ORD505717,CUST101420,560079,2025-05-13 22:04:13,460.45,2.6,Electronics,13,0,24.1,0,0.1966228893058161,1,43,0.1735310759701003,0
ORD507588,CUST100807,560031,2025-05-13 23:15:26,430.33,26.5,Fashion,13,0,20.0,7,0.1652441693240793,0,53,0.1908454811993946,0
ORD500898,CUST101536,560109,2025-05-13 23:20:29,554.09,8.3,Home,16,0,9.2,1,0.3304576144036009,0,32,0.3063650528016619,1
ORD504226,CUST101067,560118,2025-05-13 23:21:02,241.96,4.0,Grocery,7,0,6.8,3,0.2479373710856928,0,53,0.2593698065033174,0
ORD507194,CUST100165,560041,2025-05-13 23:27:05,519.03,2.7,Other,4,1,1.4,3,0.2479143232095988,0,39,0.117512853266223,0
ORD504195,CUST100194,560086,2025-05-14 00:58:41,279.62,6.7,Electronics,15,0,8.9,28,0.2419130385390928,0,56,0.1175331721994771,0
ORD500962,CUST100763,560036,2025-05-14 03:07:14,1491.1,33.5,Beauty,22,1,20.5,2,0.1404208609980723,0,41,0.1628161329171479,0
ORD507694,CUST101087,560050,2025-05-14 04:14:24,803.23,8.6,Fashion,12,0,21.9,11,0.061422615701705,0,33,0.3194537246209269,0
ORD505684,CUST101199,560112,2025-05-14 04:48:11,411.72,28.5,Electronics,8,0,9.3,4,0.2202864160526206,0,53,0.2045248079163608,0
ORD506127,CUST100954,560087,2025-05-14 05:54:05,614.98,48.2,Grocery,23,1,16.6,3,0.1227992133358306,0,41,0.1791733578155177,1
ORD503293,CUST101361,560058,2025-05-14 07:01:25,150.0,34.8,Home,9,0,2.3,0,0.196629213483146,1,52,0.2073970037453183,0
ORD502666,CUST100146,560052,2025-05-14 07:04:14,711.82,15.0,Electronics,10,0,4.6,2,0.1404231417337577,0,42,0.1118039994926647,0
ORD501468,CUST100828,560080,2025-05-14 07:12:26,851.16,14.3,Beauty,21,0,22.4,2,0.1403968551104455,0,43,0.2528747927474996,1
ORD501406,CUST100760,560108,2025-05-14 07:46:35,933.97,0.3,Beauty,20,0,4.3,6,0.3621390774675446,0,41,0.1956413017798682,0
ORD502015,CUST100301,560076,2025-05-14 08:32:07,578.31,18.6,Home,21,0,11.0,9,0.1416675577416595,0,49,0.1729475830946802,0
ORD504918,CUST100447,560116,2025-05-14 09:46:35,1320.08,15.3,Fashion,22,1,20.0,8,0.4602432179607109,0,42,0.1440749569993059,1
ORD503854,CUST101540,560109,2025-05-14 09:49:21,1045.76,14.2,Home,16,0,5.3,0,0.1967826412270856,1,33,0.3195406193309757,0
ORD503506,CUST100653,560039,2025-05-14 10:00:07,451.13,1.3,Grocery,17,0,13.3,1,0.1639548656567545,0,35,0.1260893959229474,0
ORD505578,CUST101391,560060,2025-05-14 10:04:55,690.06,8.3,Home,21,0,15.9,2,0.2833636072229939,0,46,0.1505178939733913,0
ORD507248,CUST100047,560033,2025-05-14 10:11:55,551.12,4.6,Fashion,1,1,5.5,13,0.6101867431087846,0,42,0.2408620242553627,0
ORD500920,CUST100297,560020,2025-05-14 11:16:40,779.26,7.3,Electronics,9,0,14.0,15,0.1991588785046729,0,45,0.1835801581595974,0
ORD503445,CUST100620,560093,2025-05-14 11:48:25,1660.28,9.7,Electronics,20,0,11.2,6,0.1802721666298568,0,64,0.1539520872823059,0
ORD505049,CUST100663,560011,2025-05-14 12:19:47,1444.86,21.3,Fashion,15,0,14.0,1,0.1638016940707523,0,44,0.2645506352765321,0
ORD503616,CUST101869,560051,2025-05-14 12:35:27,422.7,17.3,Grocery,3,1,3.8,9,0.070187611753089,0,38,0.1712156251409135,0
ORD503668,CUST100602,560048,2025-05-14 13:33:34,1339.84,16.3,Fashion,8,0,14.0,7,0.1652035861038475,0,47,0.2974592855669355,0
ORD503290,CUST101447,560049,2025-05-14 13:37:26,718.77,32.8,Fashion,3,1,11.6,1,0.1637099284158107,0,42,0.0956296497093461,1
ORD503125,CUST100888,560113,2025-05-14 13:55:04,622.56,34.3,Fashion,2,1,1.0,12,0.3519417475728155,0,44,0.1395631067961165,0
ORD503770,CUST101233,560054,2025-05-14 14:01:35,487.72,15.9,Fashion,0,1,17.3,2,0.2832608869569855,0,37,0.1566895585051858,0
ORD506974,CUST101964,560040,2025-05-14 14:54:52,860.43,12.7,Electronics,16,0,18.5,1,0.1637737961926091,0,52,0.1240357098419808,0
ORD500238,CUST100901,560116,2025-05-14 15:25:59,1129.52,20.7,Electronics,11,0,7.9,22,0.1845355338544366,0,43,0.1576164707345898,0
ORD504390,CUST100355,560077,2025-05-14 15:46:20,1414.33,25.2,Fashion,7,0,12.6,7,0.081856343283582,0,41,0.375886958649376,0
ORD500167,CUST100129,560075,2025-05-14 15:49:04,589.77,13.9,Fashion,13,0,20.5,4,0.2202325436796617,0,36,0.1594352066512111,0
ORD502136,CUST100713,560075,2025-05-14 16:36:29,346.86,23.0,Fashion,5,0,17.7,13,0.054550540842969,0,37,0.1566252445735749,0
ORD502358,CUST100113,560036,2025-05-14 16:54:20,382.5,37.6,Fashion,11,0,7.7,0,0.1963453291068431,1,42,0.1601113964860784,0
ORD500788,CUST100147,560100,2025-05-14 16:56:00,368.54,28.8,Fashion,2,1,7.5,2,0.2830776605944391,0,60,0.2615771812080537,1
ORD505246,CUST100520,560105,2025-05-14 17:49:08,1762.67,38.3,Beauty,16,0,25.2,6,0.1802084215877319,0,43,0.2052249293628604,1
ORD501854,CUST101553,560075,2025-05-14 17:59:01,745.0,16.0,Beauty,18,0,1.0,10,0.0655360914399304,0,38,0.1540028532137211,0
ORD507868,CUST101564,560074,2025-05-14 18:14:28,495.73,25.0,Home,6,0,19.1,3,0.2478572759455934,0,48,0.1166387180920439,0
ORD503998,CUST101474,560061,2025-05-14 18:41:27,844.22,13.7,Fashion,13,0,7.2,1,0.1637791852955787,0,32,0.0948211624441132,0
ORD500312,CUST100270,560014,2025-05-14 18:53:05,278.05,23.4,Other,3,1,18.8,5,0.0982492084186999,0,47,0.2974622139813134,0
ORD507836,CUST101141,560033,2025-05-14 20:03:51,1150.57,3.6,Other,8,0,17.3,2,0.2831870178238893,0,43,0.2369720079217286,0
ORD507338,CUST100888,560029,2025-05-14 20:12:28,404.74,21.2,Other,4,1,11.4,13,0.3323403463042264,0,41,0.1627623759656442,0
ORD507821,CUST101495,560027,2025-05-14 20:31:54,588.52,22.3,Grocery,17,0,27.6,6,0.0892675827523184,0,45,0.3065811329400309,0
ORD500063,CUST100500,560104,2025-05-14 21:36:25,294.03,2.2,Grocery,11,0,27.9,3,0.4977200818909362,0,47,0.1481648152314919,1
ORD505206,CUST100460,560064,2025-05-14 21:38:10,191.41,18.7,Beauty,9,0,20.1,3,0.2478135467063639,0,38,0.2229316119759249,1
ORD507463,CUST100583,560065,2025-05-14 22:10:21,342.97,4.8,Electronics,12,0,7.7,7,0.331937984496124,0,48,0.1460738714090287,0
ORD506667,CUST101203,560014,2025-05-14 22:49:57,2007.14,6.4,Electronics,15,0,6.2,31,0.2217520254629629,0,48,0.2931219362745098,0
ORD506193,CUST100206,560052,2025-05-14 23:03:13,413.31,10.4,Grocery,9,0,20.3,5,0.0982890087409336,0,43,0.110024767454561,0
ORD500219,CUST101113,560107,2025-05-14 23:24:51,662.89,2.7,Beauty,2,1,10.2,0,0.1965414652287095,1,40,0.3488471550762365,0
ORD503144,CUST100962,560103,2025-05-15 02:18:36,547.3,1.3,Other,20,0,5.4,9,0.0701803309165272,0,52,0.1379180351572989,0
ORD502973,CUST101183,560105,2025-05-15 02:29:50,1368.58,26.4,Home,9,0,3.3,30,0.5709240573552842,0,44,0.217646375464684,1
ORD501741,CUST100947,560025,2025-05-15 02:49:09,736.13,17.7,Fashion,19,0,21.4,0,0.1966177290466456,1,40,0.2322059096822152,0
ORD500083,CUST100213,560038,2025-05-15 02:52:19,1340.79,7.9,Fashion,16,0,8.7,4,0.1092117758784425,0,46,0.3474488474488474,1
ORD502915,CUST100758,560084,2025-05-15 03:27:35,835.14,9.3,Fashion,3,1,13.4,6,0.1803320216844274,0,41,0.2612230976084394,0
ORD502391,CUST100249,560016,2025-05-15 04:09:06,818.49,9.5,Grocery,0,1,2.6,1,0.1639115898959881,0,54,0.2423497048311312,0
ORD500102,CUST101542,560063,2025-05-15 04:47:31,1296.28,11.7,Other,10,0,22.7,3,0.2479108635097493,0,53,0.1908650360590682,0
ORD505600,CUST100997,560034,2025-05-15 04:49:12,1007.91,17.9,Other,23,1,9.1,1,0.1638507240995172,0,36,0.2130788817569359,0
ORD507717,CUST101858,560002,2025-05-15 05:05:00,597.48,19.2,Beauty,3,1,5.8,17,0.3174055385861586,0,43,0.1258997999298723,1
ORD501637,CUST100377,560001,2025-05-15 05:18:34,526.42,15.0,Electronics,14,0,8.7,2,0.1405239155795948,0,51,0.337108023045474,1
ORD500510,CUST100503,560092,2025-05-15 05:32:22,153.17,34.7,Grocery,22,1,7.9,5,0.0984412692521803,0,49,0.303444214059235,0
ORD505784,CUST101611,560078,2025-05-15 05:51:45,825.44,12.7,Fashion,1,1,22.4,0,0.1968460111317254,1,33,0.130885287219519,0
ORD505027,CUST100557,560060,2025-05-15 07:13:11,230.26,15.6,Fashion,12,0,9.6,23,0.2137159816625592,0,47,0.1483013424806961,0
ORD505459,CUST100510,560101,2025-05-15 07:59:01,1237.8,19.1,Other,13,0,16.2,0,0.1967729970326409,1,57,0.1809799992292574,0
ORD503184,CUST100872,560108,2025-05-15 08:12:24,724.83,20.9,Beauty,17,0,4.9,36,0.4142361597915998,0,42,0.1924956484810058,0
ORD507653,CUST100459,560073,2025-05-15 08:22:38,985.13,11.9,Grocery,21,0,31.8,6,0.0894091077628341,0,40,0.2489000123594117,0
ORD507009,CUST101465,560018,2025-05-15 08:56:33,1053.74,27.4,Beauty,13,0,5.2,15,0.2991658943466172,0,46,0.1353525992080209,0
ORD504449,CUST101620,560062,2025-05-15 09:35:17,395.93,8.0,Beauty,18,0,11.3,15,0.2491567828020756,0,41,0.2775826659699352,0
ORD501875,CUST101390,560020,2025-05-15 09:35:40,1426.09,18.9,Electronics,2,1,15.4,20,0.1193181397072447,0,46,0.180785060162492,0
ORD500558,CUST101441,560089,2025-05-15 10:02:42,1138.32,22.9,Electronics,18,0,22.9,4,0.1091968218681816,0,29,0.2026752160664191,0
ORD506747,CUST100047,560087,2025-05-15 10:04:13,1214.46,32.1,Electronics,23,1,25.1,14,0.5780310193895556,0,42,0.1924251205420358,0
ORD500213,CUST101878,560036,2025-05-15 10:06:19,515.22,22.1,Electronics,20,0,8.0,9,0.3558862433862434,0,43,0.1576131687242798,0
ORD507406,CUST101573,560110,2025-05-15 11:44:38,899.71,23.8,Home,7,0,20.2,3,0.2477781892242177,0,46,0.3322560917450752,0
ORD500708,CUST101564,560100,2025-05-15 12:35:52,1402.07,16.6,Fashion,5,0,10.9,4,0.2202270763914599,0,61,0.2707182067912662,1
ORD501189,CUST101479,560087,2025-05-15 12:49:01,262.08,19.4,Electronics,12,0,16.6,5,0.0982787340366463,0,43,0.1893833231978706,0
ORD501671,CUST101169,560071,2025-05-15 12:54:24,704.98,20.0,Beauty,14,0,8.6,4,0.3314006086026811,0,43,0.2369908239634368,1
ORD500260,CUST101086,560004,2025-05-15 12:55:28,752.78,15.7,Other,19,0,13.7,2,0.1404783930223338,0,52,0.1657415972864631,0
ORD500147,CUST100453,560090,2025-05-15 13:25:13,783.21,13.8,Fashion,6,0,6.3,10,0.0655444567764212,0,49,0.1004734406751489,0
ORD502741,CUST101893,560082,2025-05-15 13:27:10,418.48,7.9,Other,8,0,19.1,14,0.3148939483904879,0,47,0.2079394041444341,1
ORD502354,CUST100983,560000,2025-05-15 13:53:37,1390.11,8.1,Home,11,0,3.7,4,0.1093030900723208,0,46,0.165680473372781,0
ORD505646,CUST100913,560116,2025-05-15 14:23:15,467.0,2.0,Fashion,2,1,10.8,1,0.1639243236581007,0,44,0.1552216213717877,0
ORD503715,CUST101138,560069,2025-05-15 15:02:39,556.19,8.6,Home,16,0,20.8,5,0.1983364140480591,0,49,0.1004848777090198,0
ORD504568,CUST100783,560084,2025-05-15 15:38:58,371.56,11.1,Home,23,1,12.0,1,0.1638637343682621,0,42,0.2569795100780369,1
ORD505307,CUST101244,560092,2025-05-15 15:50:09,1013.82,6.7,Fashion,6,0,6.7,1,0.3306541019955654,0,50,0.2990814063984796,0
ORD506544,CUST101960,560064,2025-05-15 17:57:59,1657.12,29.0,Beauty,6,0,20.5,1,0.1639571402179937,0,39,0.2361859553429127,0
ORD507898,CUST101580,560067,2025-05-15 18:02:18,1527.22,21.6,Home,19,0,17.7,6,0.1803237397991738,0,38,0.2230042163993732,0
ORD500927,CUST101269,560063,2025-05-15 18:34:34,950.47,36.7,Fashion,6,0,13.7,6,0.2712163183077311,0,54,0.1882907838586509,1
ORD500209,CUST101620,560050,2025-05-15 19:08:25,704.12,14.7,Electronics,3,1,6.3,16,0.2373391010761764,0,34,0.3136386016740522,0
ORD507805,CUST101080,560101,2025-05-15 19:53:38,620.46,8.7,Beauty,4,1,5.0,6,0.2712672227163643,0,58,0.178663561532308,0
ORD502540,CUST100593,560026,2025-05-15 20:36:46,650.62,12.9,Fashion,18,0,21.8,6,0.45306889492936,0,54,0.1747977213093492,1
ORD502756,CUST101211,560024,2025-05-15 21:11:52,1157.85,1.3,Beauty,9,0,26.7,8,0.2295768450040456,0,35,0.162509017094734,0
ORD507288,CUST101166,560094,2025-05-15 21:20:29,571.67,12.2,Electronics,4,1,1.0,0,0.1968634686346863,1,46,0.2717768086771777,0
ORD501972,CUST101290,560049,2025-05-15 22:43:04,2669.06,20.2,Beauty,20,0,4.6,1,0.3306892947180717,0,43,0.1101038583052971,0
ORD503001,CUST101246,560103,2025-05-15 22:53:47,1316.08,11.5,Beauty,11,0,11.5,33,0.2627356384321186,0,53,0.1361070827627676,0
ORD503684,CUST100805,560050,2025-05-15 23:35:23,369.85,36.9,Electronics,12,0,18.8,2,0.1405389742103738,0,35,0.3079107505070994,0
ORD505833,CUST101430,560018,2025-05-16 01:02:04,1001.42,14.4,Fashion,7,0,20.9,20,0.2393436578171091,0,47,0.1333487430106106,1
ORD501306,CUST100243,560056,2025-05-16 01:24:40,501.83,6.7,Grocery,10,0,6.7,1,0.1640552995391705,0,36,0.2131665569453587,0
ORD504589,CUST100205,560008,2025-05-16 01:34:59,306.15,16.7,Electronics,2,1,1.0,4,0.1093500430028259,0,47,0.2826358440015184,0
ORD506530,CUST101547,560042,2025-05-16 02:01:14,1321.49,16.3,Beauty,7,0,20.9,2,0.4262812919529337,0,41,0.2448504290931499,0
ORD505879,CUST101747,560012,2025-05-16 02:05:46,1665.88,18.3,Electronics,12,0,20.9,7,0.0819823139277818,0,49,0.129494943022225,0
ORD501214,CUST100162,560034,2025-05-16 02:17:53,260.27,25.2,Other,11,0,4.9,4,0.1092896174863388,0,37,0.2093758987633017,0
ORD500206,CUST101877,560109,2025-05-16 02:43:26,744.6,14.6,Electronics,16,0,15.2,0,0.1966850828729281,1,34,0.3135870677307141,1
ORD504512,CUST101494,560108,2025-05-16 02:55:15,756.93,1.7,Electronics,14,0,7.8,4,0.109351664313918,0,43,0.1894707923063658,0
ORD503525,CUST100150,560116,2025-05-16 03:17:28,677.8,34.4,Other,22,1,11.3,6,0.1803621636095863,0,45,0.1528605415203353,1
ORD503430,CUST101087,560081,2025-05-16 05:04:45,592.68,13.7,Fashion,19,0,14.0,12,0.0579248817141434,0,53,0.204642355569339,0
ORD505097,CUST101458,560087,2025-05-16 05:36:59,410.54,20.9,Fashion,17,0,24.8,3,0.1230677217519322,0,44,0.1865338608759661,0
ORD501300,CUST101430,560082,2025-05-16 06:06:59,525.96,31.2,Beauty,20,0,16.9,21,0.2686292548298068,0,48,0.2196682720926457,0
ORD502058,CUST101735,560087,2025-05-16 06:13:57,492.47,13.4,Beauty,22,1,16.2,3,0.1230224429727741,0,45,0.1836418180789041,0
ORD500487,CUST100495,560069,2025-05-16 06:21:45,1320.31,14.9,Fashion,19,0,21.6,8,0.2295383483538716,0,50,0.0990856302057332,0
ORD504541,CUST101964,560066,2025-05-16 07:19:02,502.32,39.0,Home,1,1,14.4,2,0.1405453685703777,0,33,0.3572692513201995,1
ORD507230,CUST100593,560080,2025-05-16 07:30:24,508.09,11.4,Home,3,1,15.8,7,0.4987129987129987,0,44,0.264659749034749,1
ORD501369,CUST100208,560109,2025-05-16 08:55:50,483.65,24.6,Fashion,13,0,12.2,11,0.0615808823529411,0,35,0.3262032085561497,1
ORD505293,CUST101645,560044,2025-05-16 08:57:54,296.6,26.4,Fashion,18,0,6.6,3,0.1232539974269435,0,44,0.1866269987134718,0
ORD500215,CUST101499,560053,2025-05-16 09:31:28,1250.29,9.0,Fashion,9,0,15.1,2,0.1408358271643828,0,40,0.3157233860100453,0
ORD505972,CUST100324,560045,2025-05-16 09:34:02,400.94,7.7,Fashion,21,0,27.6,12,0.2344511569095762,0,42,0.1764948172556642,0
ORD501107,CUST100964,560102,2025-05-16 09:58:14,817.05,32.4,Grocery,18,0,13.3,4,0.331720956812801,0,50,0.2563136349322977,0
ORD505507,CUST100671,560067,2025-05-16 10:09:51,501.22,16.4,Other,8,0,5.9,5,0.0985307621671258,0,39,0.219342889604831,0
ORD500040,CUST101467,560057,2025-05-16 10:31:55,1821.67,3.5,Home,14,0,13.9,19,0.0827136124372628,0,48,0.0873603940290769,0
ORD500261,CUST101808,560012,2025-05-16 10:46:28,423.06,7.3,Fashion,13,0,16.6,0,0.1969891683495502,1,50,0.1277111909570143,0
ORD500232,CUST101104,560088,2025-05-16 11:34:25,1603.57,0.5,Home,11,0,15.5,1,0.3307941752325012,0,36,0.1596260750996433,0
ORD500077,CUST100139,560017,2025-05-16 12:25:04,198.16,12.3,Home,16,0,25.2,7,0.1653820272832935,0,34,0.1840432835110757,0
ORD506644,CUST101858,560077,2025-05-16 12:47:35,714.85,4.8,Electronics,21,0,9.7,18,0.3471479856402074,0,42,0.3699615270790174,0
ORD506853,CUST100969,560034,2025-05-16 13:04:22,350.88,11.2,Electronics,7,0,9.3,6,0.0894748253031137,0,38,0.2058084881609828,0
ORD502978,CUST101250,560058,2025-05-16 14:50:53,2093.38,2.6,Fashion,4,1,13.5,13,0.110224586288416,0,53,0.2046050714077528,0
ORD502956,CUST100380,560098,2025-05-16 14:51:55,1119.94,9.7,Other,4,1,17.3,7,0.0819885078550033,0,48,0.1755212996623553,0
ORD505435,CUST100131,560100,2025-05-16 14:53:22,803.36,13.3,Beauty,12,0,17.9,4,0.3315201890559426,0,62,0.2796917903172431,1
ORD507407,CUST100542,560105,2025-05-16 14:59:33,1428.74,45.0,Beauty,16,0,8.7,11,0.249026122823098,0,45,0.2298103363181273,0
ORD504300,CUST100770,560117,2025-05-16 15:06:46,209.12,18.8,Home,5,0,10.6,3,0.1230296920821114,0,45,0.1374915407173471,1
ORD504751,CUST101783,560074,2025-05-16 15:28:59,400.61,9.5,Grocery,15,0,4.8,4,0.3316637142915317,0,49,0.1150709233984803,0
ORD506195,CUST101061,560058,2025-05-16 15:29:29,4518.25,44.7,Home,13,0,1.8,10,0.1989861976303896,0,54,0.201880700781397,0
ORD504267,CUST100347,560025,2025-05-16 16:09:24,620.13,27.4,Fashion,22,1,3.3,0,0.1969225132808206,1,41,0.2284991846822363,0
ORD505376,CUST100042,560097,2025-05-16 17:41:37,1751.15,15.5,Beauty,14,0,12.7,3,0.1230540293040293,0,55,0.2125030525030525,0
ORD501790,CUST101270,560029,2025-05-16 18:05:17,680.86,18.7,Fashion,9,0,6.0,6,0.180386542591267,0,42,0.1602743205486411,0
ORD503953,CUST100171,560093,2025-05-16 18:48:10,614.97,17.2,Grocery,17,0,1.5,1,0.1640119614304894,0,65,0.152191612639197,0
ORD506075,CUST101129,560007,2025-05-16 19:36:37,562.91,2.7,Fashion,4,1,13.8,2,0.1405559478047122,0,40,0.365592775642199,0
ORD502242,CUST100427,560108,2025-05-16 20:53:56,1056.91,38.3,Electronics,13,0,14.2,3,0.2479639458272328,0,44,0.1864819729136164,0
ORD506883,CUST100381,560070,2025-05-16 21:04:28,566.66,18.0,Grocery,22,1,6.8,3,0.1229414455626715,0,45,0.2143711732000844,0
ORD507997,CUST100006,560031,2025-05-16 22:20:05,2489.29,10.7,Beauty,19,0,20.4,5,0.1983351628247347,0,54,0.1882892772025593,0
ORD503388,CUST100663,560070,2025-05-16 22:58:24,544.58,14.3,Electronics,11,0,5.7,2,0.1404531082599493,0,46,0.2111013186557361,0
ORD505615,CUST101771,560005,2025-05-17 00:42:54,556.0,17.1,Electronics,8,0,3.8,3,0.1228739941477688,0,36,0.338070853798725,1
ORD500122,CUST100767,560113,2025-05-17 00:47:49,1787.56,32.5,Electronics,0,1,14.3,4,0.1093029398021169,0,45,0.1374600897365571,0
ORD503513,CUST100461,560030,2025-05-17 01:47:40,182.87,18.1,Other,9,0,15.8,5,0.1983546617915905,0,46,0.1656694919949033,0
ORD507933,CUST101294,560088,2025-05-17 01:55:05,609.12,15.0,Home,8,0,9.8,14,0.1043877285976777,0,37,0.1567274977793597,0
ORD505549,CUST101022,560105,2025-05-17 02:05:55,692.3,20.9,Home,11,0,16.5,7,0.1652655945419103,0,46,0.2262537657274499,1
ORD507281,CUST101084,560051,2025-05-17 03:14:14,1208.9,3.5,Fashion,13,0,2.9,4,0.1093245630062732,0,39,0.1684014282750141,0
ORD504934,CUST101240,560070,2025-05-17 03:37:06,1855.93,25.6,Fashion,8,0,12.0,0,0.1967482645232005,1,47,0.2079845565740897,0
ORD505301,CUST100148,560100,2025-05-17 04:04:57,605.29,17.6,Beauty,12,0,1.1,2,0.1405088062622309,0,63,0.2883644165703912,0
ORD503698,CUST100301,560105,2025-05-17 04:54:23,527.85,13.7,Home,23,1,10.7,10,0.1322254687119552,0,47,0.2378138525778703,0
ORD501619,CUST100471,560061,2025-05-17 04:55:42,545.49,24.4,Home,12,0,17.2,0,0.1966404966222384,1,33,0.0930718855178258,1
ORD500127,CUST100532,560007,2025-05-17 07:41:10,1849.71,8.9,Fashion,23,1,5.1,24,0.0339288187231685,0,41,0.3596023438014352,0
ORD503750,CUST100601,560015,2025-05-17 07:45:43,630.07,5.2,Fashion,3,1,13.0,1,0.1639593599805317,0,39,0.1853394006700468,1
ORD501047,CUST100008,560067,2025-05-17 07:55:22,523.04,32.5,Home,12,0,4.2,6,0.2713171864631719,0,40,0.215632603406326,0
ORD507581,CUST100007,560007,2025-05-17 08:20:17,973.88,10.4,Fashion,14,0,11.3,15,0.0992154716292647,0,42,0.3538264150055029,0
ORD502709,CUST100256,560058,2025-05-17 08:53:19,809.62,8.7,Beauty,12,0,15.0,14,0.1570594673476833,0,55,0.1991535935789857,0
ORD501330,CUST100173,560099,2025-05-17 09:05:45,767.3,21.5,Grocery,14,0,7.1,3,0.2479937990151376,0,47,0.1781462920669314,1
ORD505786,CUST100964,560064,2025-05-17 09:06:43,622.4,26.4,Fashion,10,0,17.6,5,0.2984682713347921,0,40,0.2323121808898614,0
ORD506413,CUST100160,560023,2025-05-17 10:15:21,1064.64,37.3,Fashion,21,0,11.6,1,0.1640838650865998,0,41,0.0973444715094818,1
ORD506780,CUST100742,560055,2025-05-17 11:30:25,660.65,6.4,Fashion,15,0,9.5,12,0.0579550084707597,0,46,0.1657718269092676,0
ORD502266,CUST100861,560048,2025-05-17 13:14:51,1067.61,28.1,Electronics,2,1,14.5,6,0.2713686896300346,0,48,0.2932385638782577,1
ORD502894,CUST101884,560040,2025-05-17 13:20:29,405.86,7.2,Electronics,2,1,4.3,15,0.2492893586005831,0,53,0.1225088861376253,0
ORD506552,CUST101233,560116,2025-05-17 13:56:46,509.59,9.1,Fashion,4,1,16.3,3,0.2482009473492439,0,46,0.1657943987147849,0
ORD504043,CUST101218,560010,2025-05-17 14:25:44,1451.56,33.8,Other,4,1,1.5,1,0.1642380085003036,0,50,0.2277387457715326,0
ORD502420,CUST101762,560004,2025-05-17 14:33:58,355.4,5.4,Beauty,8,0,22.6,19,0.2077186911916469,0,53,0.1635752651287411,0
ORD507422,CUST101556,560090,2025-05-17 14:51:34,426.42,11.4,Other,8,0,2.6,7,0.2487557659626122,0,50,0.0991468109457912,0
ORD504684,CUST101085,560113,2025-05-17 15:01:25,344.2,18.8,Fashion,13,0,9.6,0,0.1969779719643182,1,46,0.1354478702922176,0
ORD502609,CUST101553,560114,2025-05-17 15:24:54,600.55,16.1,Home,9,0,3.5,11,0.0615444120859119,0,47,0.1334155578134084,0
ORD504468,CUST101260,560100,2025-05-17 15:27:10,1273.91,15.3,Fashion,4,1,5.8,2,0.1406473417392434,0,64,0.2849776853416526,0
ORD506680,CUST100088,560077,2025-05-17 16:02:08,250.62,3.8,Fashion,12,0,18.7,7,0.0820293546821931,0,43,0.3640858575356391,1
ORD503615,CUST100192,560059,2025-05-17 16:36:40,320.99,44.1,Fashion,20,0,16.6,6,0.0895529793110291,0,46,0.1506110771164437,0
ORD500342,CUST101273,560018,2025-05-17 16:48:03,735.68,26.9,Grocery,0,1,11.4,4,0.1094337334788407,0,48,0.1461708000770333,0
ORD502759,CUST100863,560007,2025-05-17 17:08:48,799.53,20.7,Other,10,0,18.4,1,0.3307874158937989,0,43,0.3482364758960504,0
ORD507060,CUST100064,560088,2025-05-17 17:11:41,1152.75,12.4,Fashion,14,0,4.2,8,0.0757342657342657,0,38,0.1541065830721003,0
ORD500413,CUST100297,560046,2025-05-17 18:13:46,1782.21,25.7,Beauty,23,1,7.1,16,0.1897317370867634,0,30,0.2387493183057626,0
ORD507419,CUST101431,560102,2025-05-17 19:10:20,615.61,26.3,Beauty,10,0,17.6,13,0.2213437537865018,0,51,0.2526302855299737,0
ORD500027,CUST100563,560101,2025-05-17 19:25:15,313.05,18.4,Home,13,0,9.8,1,0.1640014537524986,0,59,0.1764055049374679,0
ORD505969,CUST100926,560034,2025-05-17 19:28:49,359.91,7.3,Fashion,11,0,18.9,0,0.196765988372093,1,39,0.2022935553803705,0
ORD503390,CUST101791,560006,2025-05-17 21:09:07,456.63,17.5,Other,22,1,1.0,1,0.1639418710263397,0,48,0.1755088956563552,0
ORD502208,CUST100530,560012,2025-05-17 21:11:46,309.9,41.2,Fashion,13,0,5.3,3,0.3729340719215401,0,51,0.1258294408660462,1
ORD507011,CUST100794,560026,2025-05-17 21:23:47,1089.33,28.6,Fashion,19,0,15.4,4,0.2204668805358836,0,55,0.1858241026572241,0
ORD505767,CUST101579,560017,2025-05-17 22:05:07,969.03,28.5,Beauty,0,1,12.9,27,0.3120007262164125,0,35,0.1806562355581963,1
ORD506065,CUST101431,560119,2025-05-17 22:24:18,685.91,6.4,Fashion,15,0,5.8,14,0.2097238012438975,0,50,0.2562715556362316,0
ORD501297,CUST101717,560079,2025-05-17 23:03:04,978.41,36.6,Grocery,22,1,15.1,8,0.1526595002094094,0,44,0.1709108439201452,0
ORD506520,CUST100679,560087,2025-05-17 23:20:50,172.39,10.5,Grocery,6,0,1.3,6,0.1803995315154814,0,46,0.1808724149497149,0
ORD505925,CUST101019,560019,2025-05-17 23:51:03,831.43,8.4,Fashion,9,0,6.3,6,0.3622014777675155,0,61,0.1350230249601318,0
ORD501849,CUST100935,560057,2025-05-17 23:53:25,483.79,37.6,Other,14,0,26.4,15,0.4992018864502086,0,49,0.086031172695894,1
ORD503068,CUST100059,560015,2025-05-18 01:19:02,563.8,36.9,Other,7,0,4.4,6,0.2713423681867642,0,40,0.1989844033369604,1
ORD501848,CUST100116,560112,2025-05-18 02:25:14,753.88,7.2,Home,18,0,2.0,16,0.1421663860467124,0,54,0.2019186003773492,0
ORD506906,CUST100324,560041,2025-05-18 02:49:54,1332.51,2.1,Beauty,17,0,16.1,13,0.2214064136652969,0,40,0.1156876963983563,0
ORD504833,CUST101900,560063,2025-05-18 03:15:13,865.68,38.8,Fashion,1,1,3.1,3,0.123142106217147,0,55,0.1992072986526493,0
ORD501532,CUST101724,560013,2025-05-18 03:38:32,951.0,17.0,Home,1,1,5.0,3,0.1231197897789054,0,49,0.1295628010568836,0
ORD506410,CUST100467,560085,2025-05-18 05:04:26,314.94,19.9,Home,9,0,20.9,3,0.1230974814277948,0,43,0.1895098318363402,0
ORD503888,CUST101508,560024,2025-05-18 05:18:28,273.1,28.6,Electronics,13,0,11.6,4,0.1094001610305958,0,36,0.1596143892339544,0
ORD507739,CUST101129,560110,2025-05-18 05:19:55,198.79,31.8,Grocery,20,0,14.8,3,0.1230528889693896,0,47,0.3274282454779174,1
ORD507343,CUST101183,560056,2025-05-18 05:21:18,552.83,39.9,Fashion,4,1,24.8,31,0.5829208418849853,0,37,0.2094842321304892,1
ORD505169,CUST100332,560077,2025-05-18 05:46:00,1335.98,10.5,Electronics,4,1,23.0,1,0.1643128734383487,0,44,0.3741173275393807,0
ORD506945,CUST101772,560027,2025-05-18 06:03:05,810.36,12.5,Home,21,0,8.9,2,0.1408141098582807,0,46,0.3021635617580585,0
ORD504900,CUST100872,560012,2025-05-18 06:48:29,319.12,17.6,Grocery,22,1,8.5,37,0.404417151475975,0,52,0.1380844645550528,0
ORD500196,CUST100761,560003,2025-05-18 09:13:31,409.68,15.5,Electronics,5,0,16.9,0,0.1970684039087948,1,41,0.1301863619373097,0
ORD507341,CUST101978,560032,2025-05-18 10:06:00,562.75,13.7,Electronics,23,1,8.8,0,0.1970327483263977,1,45,0.2452408456388916,0
ORD507792,CUST101937,560011,2025-05-18 10:24:23,1239.64,4.5,Fashion,3,1,18.2,4,0.3316650586911078,0,45,0.2606144940443059,1
ORD505080,CUST100047,560037,2025-05-18 10:31:19,909.9,11.9,Fashion,16,0,23.5,15,0.5492855850967625,0,36,0.1418365501382321,1
ORD501523,CUST100935,560105,2025-05-18 10:37:02,695.05,25.4,Other,18,0,5.0,16,0.5231636958580901,0,48,0.2344963301776406,0
ORD502254,CUST100763,560096,2025-05-18 10:38:21,730.21,14.3,Fashion,12,0,20.4,3,0.1232824082444404,0,41,0.1302465092429851,0
ORD507727,CUST100969,560075,2025-05-18 12:27:11,569.73,4.8,Fashion,14,0,18.5,7,0.0821734152807905,0,39,0.1515987107369143,1
ORD500791,CUST101184,560063,2025-05-18 13:28:24,2493.9,5.3,Electronics,8,0,10.1,5,0.0986806434122537,0,56,0.1966740228485546,0
ORD500401,CUST100343,560031,2025-05-18 13:43:40,520.66,10.6,Fashion,2,1,14.7,11,0.2491642573183953,0,55,0.185953499578364,0
ORD506439,CUST101467,560071,2025-05-18 14:32:50,1950.89,23.0,Home,17,0,19.3,20,0.0794579945799458,0,44,0.2491531165311653,0
ORD502677,CUST100571,560027,2025-05-18 15:29:40,1333.89,40.4,Fashion,11,0,1.1,5,0.1986271676300578,0,47,0.2976878612716763,1
ORD502808,CUST101974,560099,2025-05-18 15:43:35,307.3,21.2,Home,14,0,16.9,19,0.291124857022455,0,48,0.1904115628552306,1
ORD506565,CUST100906,560003,2025-05-18 15:50:30,309.62,3.5,Fashion,18,0,19.8,29,0.2349329764408472,0,42,0.1282400773541164,1
ORD500541,CUST100583,560002,2025-05-18 16:00:08,912.09,14.7,Beauty,23,1,14.6,8,0.3068035052147708,0,44,0.1399028479870012,0
ORD501585,CUST100713,560031,2025-05-18 16:47:31,461.13,28.2,Other,10,0,11.4,14,0.0520140604218126,0,56,0.1835930077902337,0
ORD507340,CUST100444,560002,2025-05-18 16:49:13,950.21,5.7,Home,21,0,12.2,16,0.4756232758398432,0,45,0.1377285410853359,0
ORD506790,CUST100847,560004,2025-05-18 17:57:22,601.16,18.1,Grocery,11,0,2.3,0,0.1975821003247924,1,54,0.1615086757634574,0
ORD507499,CUST101250,560070,2025-05-18 18:07:04,681.75,17.5,Fashion,0,1,8.8,14,0.1046174881548088,0,48,0.2051607220553745,0
ORD506096,CUST101717,560102,2025-05-18 18:37:32,411.3,35.7,Grocery,8,0,8.0,9,0.1419681508967223,0,52,0.2493085618085618,0
ORD504922,CUST101939,560118,2025-05-18 19:01:26,406.06,12.8,Other,10,0,18.5,2,0.1410537163467731,0,54,0.2560743791582385,0
ORD500211,CUST100413,560014,2025-05-18 19:56:29,337.05,22.6,Home,18,0,9.2,1,0.1645329967544176,0,49,0.2891129264073336,1
ORD504846,CUST101589,560037,2025-05-18 20:00:03,1126.8,36.0,Grocery,22,1,4.3,2,0.2839887712791985,0,37,0.1570471157160975,0
ORD504980,CUST100967,560085,2025-05-18 20:10:08,423.35,7.6,Fashion,11,0,12.1,4,0.1097492589922294,0,44,0.186733958183129,0
ORD505576,CUST100161,560107,2025-05-18 20:11:52,1843.51,26.1,Grocery,1,1,12.1,6,0.3625059388259965,0,41,0.3434469066941614,0
ORD500610,CUST100861,560015,2025-05-18 20:17:28,743.24,20.0,Fashion,1,1,1.2,7,0.3322822822822823,0,41,0.2122876975335992,0
ORD500859,CUST100955,560057,2025-05-18 20:48:25,887.11,23.6,Other,23,1,20.0,2,0.1410299302570965,0,50,0.0992691149599814,0
ORD503079,CUST101657,560022,2025-05-18 20:48:40,496.14,33.0,Fashion,23,1,12.8,24,0.171966610354765,0,36,0.1597879785920131,0
ORD501042,CUST100076,560067,2025-05-18 21:33:08,354.06,6.5,Fashion,13,0,16.3,2,0.4266934218311852,0,41,0.2122527182175932,0
ORD503678,CUST101701,560056,2025-05-18 21:47:58,397.08,11.8,Home,4,1,21.6,20,0.1594670507742168,0,38,0.2232190530589944,0
ORD501740,CUST101938,560068,2025-05-18 23:28:34,232.22,13.7,Fashion,14,0,28.8,0,0.1972997299729973,1,44,0.1710311656165616,0
ORD504595,CUST101125,560010,2025-05-18 23:33:30,882.02,10.7,Grocery,20,0,24.4,13,0.2214622830173586,0,51,0.2245814701021101,0
ORD504750,CUST100693,560028,2025-05-19 00:34:10,1548.17,9.0,Electronics,9,0,8.8,7,0.0821786335552756,0,42,0.1442673292040843,0
ORD505022,CUST100570,560024,2025-05-19 01:12:30,1338.89,46.2,Fashion,12,0,18.6,4,0.1095517972092279,0,37,0.1569099070093369,1
ORD502455,CUST100699,560077,2025-05-19 01:35:00,483.85,23.8,Electronics,3,1,2.2,2,0.283812607611852,0,45,0.3684115848174132,0
ORD501888,CUST101045,560056,2025-05-19 02:43:07,176.28,10.1,Fashion,15,0,6.1,11,0.2491569244604316,0,39,0.2194244604316546,1
ORD502828,CUST100852,560033,2025-05-19 03:05:22,439.85,8.9,Beauty,16,0,3.7,2,0.1410332160197292,0,44,0.2335770320086315,0
ORD505721,CUST100672,560068,2025-05-19 03:32:04,357.68,39.3,Fashion,6,0,1.6,3,0.1233818770226537,0,45,0.1684341548419218,0
ORD506488,CUST100794,560061,2025-05-19 03:45:42,1657.64,52.0,Beauty,11,0,19.2,5,0.1986877584037389,0,34,0.1101390802990659,0
ORD502397,CUST101859,560052,2025-05-19 04:00:03,1262.95,19.7,Electronics,4,1,17.5,0,0.1973400431344356,1,44,0.1085437634795111,0
ORD507536,CUST100469,560036,2025-05-19 05:16:36,1100.63,42.0,Fashion,20,0,24.0,0,0.1973045822102425,1,44,0.1554076819407008,1
ORD504624,CUST101300,560049,2025-05-19 05:34:57,482.67,3.5,Other,11,0,7.1,5,0.2987243981315127,0,44,0.1085777488321954,0
ORD500604,CUST100643,560102,2025-05-19 06:21:47,645.29,22.4,Electronics,14,0,5.3,3,0.3733833303395006,0,53,0.2458666653543016,0
ORD500987,CUST100095,560091,2025-05-19 06:27:49,1215.67,9.5,Grocery,20,0,7.0,8,0.5374530282935456,0,42,0.2249606043752317,0
ORD507104,CUST101556,560038,2025-05-19 06:46:58,365.78,10.8,Home,13,0,11.1,8,0.2297470889677749,0,47,0.3574156511391686,1
ORD502222,CUST100304,560068,2025-05-19 07:03:27,1596.25,27.2,Electronics,2,1,5.6,4,0.1097147416716537,0,46,0.1659050106087808,0
ORD500112,CUST100903,560039,2025-05-19 07:31:30,549.14,20.1,Electronics,4,1,7.2,1,0.3312092383174774,0,36,0.1240896735646331,0
ORD505041,CUST100774,560021,2025-05-19 07:52:35,180.17,39.0,Home,7,0,16.9,14,0.1572146446518305,0,40,0.1491385498923187,0
ORD504309,CUST100672,560005,2025-05-19 08:13:55,297.14,34.7,Home,8,0,4.5,4,0.1096556811611539,0,37,0.3499579740666937,1
ORD507537,CUST100557,560058,2025-05-19 08:29:39,272.6,26.4,Home,1,1,7.3,24,0.2064696930329237,0,56,0.1967168998923573,0
ORD505685,CUST100964,560053,2025-05-19 09:58:31,430.87,13.5,Grocery,21,0,9.2,6,0.2715858132898491,0,41,0.3106520620451371,0
ORD503020,CUST100381,560105,2025-05-19 10:35:34,803.65,32.9,Other,11,0,16.8,4,0.1096963175514108,0,49,0.2311459048094317,0
ORD506002,CUST101434,560071,2025-05-19 10:53:53,1145.05,17.6,Beauty,7,0,34.2,2,0.1410128333205256,0,45,0.2453593743534572,0
ORD506546,CUST101789,560006,2025-05-19 11:17:57,487.24,23.8,Electronics,3,1,14.5,4,0.109656985777459,0,49,0.173154369391138,1
ORD505761,CUST100508,560077,2025-05-19 11:35:19,606.92,5.6,Beauty,17,0,10.9,7,0.2489693493457609,0,46,0.3628867995241897,1
ORD500408,CUST100247,560039,2025-05-19 11:53:47,367.99,5.8,Other,1,1,12.1,5,0.0988351254480286,0,37,0.1219895617179148,0
ORD504206,CUST101582,560084,2025-05-19 12:03:09,301.24,19.3,Home,5,0,6.6,1,0.1646956937227498,0,43,0.2690904230054919,0
ORD501290,CUST100684,560089,2025-05-19 12:18:02,721.6,31.5,Fashion,23,1,20.0,17,0.2721816878929025,0,30,0.1990397706915084,1
ORD500848,CUST101543,560107,2025-05-19 13:35:12,881.16,11.1,Grocery,20,0,32.2,18,0.3473354671401537,0,42,0.3379816609176474,0
ORD501225,CUST100487,560027,2025-05-19 14:57:56,453.89,36.7,Beauty,12,0,2.9,1,0.164756446991404,0,48,0.3081493342322602,1
ORD506206,CUST101881,560012,2025-05-19 15:10:35,780.24,3.7,Grocery,18,0,13.5,1,0.3315428230378991,0,53,0.1363976404508161,0
ORD500222,CUST100431,560016,2025-05-19 16:02:33,539.0,14.9,Fashion,0,1,4.4,4,0.3321199824959223,0,55,0.2394175915980427,0
ORD506942,CUST101857,560006,2025-05-19 17:36:01,1210.61,22.1,Electronics,11,0,15.8,0,0.1977805620189726,1,50,0.1850801605768493,0
ORD500789,CUST101431,560089,2025-05-19 17:44:47,1075.99,25.1,Fashion,5,0,4.0,15,0.1994362920544023,0,31,0.2148020267520036,0
ORD501995,CUST101702,560071,2025-05-19 18:39:53,466.22,14.3,Other,16,0,20.1,2,0.1412212764869769,0,46,0.2417302385096266,1
ORD506414,CUST101237,560087,2025-05-19 18:57:08,468.41,24.1,Fashion,8,0,15.0,9,0.2135190391004344,0,47,0.1784636744720049,1
ORD506183,CUST101359,560054,2025-05-19 19:33:13,678.8,23.5,Home,11,0,1.0,2,0.1414262718143955,0,38,0.1544816484621219,0
ORD501962,CUST101064,560038,2025-05-19 19:45:01,1092.1,20.3,Other,9,0,13.1,1,0.1649678111587983,0,48,0.3670474627619288,0
ORD507599,CUST101373,560032,2025-05-19 20:08:09,554.2,47.6,Electronics,7,0,17.9,1,0.1649383157518326,0,46,0.2417957511824846,0
ORD501877,CUST101579,560073,2025-05-19 20:08:49,2047.52,20.4,Other,8,0,8.9,28,0.3330137268285283,0,41,0.245210031825668,0
ORD500389,CUST100444,560071,2025-05-19 20:22:08,567.36,36.3,Fashion,11,0,1.0,17,0.4540580063368267,0,47,0.2530911128006082,0
ORD506517,CUST100929,560040,2025-05-19 21:50:36,285.55,3.3,Electronics,5,0,11.3,2,0.1412999080976207,0,54,0.1210323976585592,0
ORD506033,CUST101869,560078,2025-05-19 22:23:23,1344.74,22.6,Other,12,0,16.4,10,0.0659281758084688,0,34,0.128809084231632,0
ORD502023,CUST101125,560090,2025-05-19 22:44:48,223.61,35.6,Electronics,8,0,6.5,14,0.2099339989845997,0,51,0.0979575200398532,1
ORD507432,CUST101461,560116,2025-05-19 23:08:44,836.35,12.7,Home,19,0,1.0,4,0.1099402671111904,0,47,0.1635499942686993,0
